Time,Battery_SOC
0,65.2261
0.1,97.4093
0.2,97.2856
0.3,97.1534
0.4,97.0187
0.5,96.8869
0.6,96.762
0.7,96.6464
0.8,96.5418
0.9,96.4485
1,96.3662
1.1,96.2942
1.2,96.2317
1.3,96.1775
1.4,96.1305
1.5,96.0899
1.6,96.0546
1.7,96.0239
1.8,95.997
1.9,95.9735
2,95.9527
2.1,95.9342
2.2,95.9178
2.3,95.903
2.4,95.8896
2.5,95.8775
2.6,95.8664
2.7,95.8562
2.8,95.8468
2.9,95.8381
3,95.8299
3.1,95.8223
3.2,95.8152
3.3,95.8084
3.4,95.8021
3.5,95.7961
3.6,95.7904
3.7,95.7849
3.8,95.7798
3.9,95.7749
4,95.7702
4.1,95.7657
4.2,95.7614
4.3,95.7573
4.4,95.7534
4.5,95.7496
4.6,95.746
4.7,95.7425
4.8,95.7392
4.9,95.736
5,95.7329
5.1,95.7299
5.2,95.727
5.3,95.7243
5.4,95.7216
5.5,95.719
5.6,95.7165
5.7,95.714
5.8,95.7117
5.9,95.7094
6,95.7072
6.1,95.705
6.2,95.7029
6.3,95.7009
6.4,95.6989
6.5,95.6969
6.6,95.695
6.7,95.6932
6.8,95.6914
6.9,95.6896
7,95.6878
7.1,95.6861
7.2,95.6845
7.3,95.6828
7.4,95.6812
7.5,95.6796
7.6,95.678
7.7,95.6765
7.8,95.675
7.9,95.6735
8,95.672
8.1,95.6706
8.2,95.6691
8.3,95.6677
8.4,95.6663
8.5,95.6649
8.6,95.6635
8.7,95.6621
8.8,95.6608
8.9,95.6595
9,95.6581
9.1,95.6568
9.2,95.6555
9.3,95.6542
9.4,95.6529
9.5,95.6516
9.6,95.6503
9.7,95.6491
9.8,95.6478
9.9,95.6466
10,95.6453
10.1,95.6441
10.2,95.6428
10.3,95.6416
10.4,95.6404
10.5,95.6392
10.6,95.638
10.7,95.6367
10.8,95.6355
10.9,95.6343
11,95.6331
11.1,95.6653
11.2,95.7342
11.3,95.8457
11.4,96.0093
11.5,96.2351
11.6,96.5288
11.7,96.8849
11.8,97.2821
11.9,97.686
12,98.0604
12.1,98.3807
12.2,98.6385
12.3,98.8376
12.4,98.988
12.5,99.1006
12.6,99.1849
12.7,99.2486
12.8,99.2973
12.9,99.3348
13,99.3642
13.1,99.3875
13.2,99.4063
13.3,99.4215
13.4,99.434
13.5,99.4444
13.6,99.4532
13.7,99.4606
13.8,99.467
13.9,99.4725
14,99.4774
14.1,99.4816
14.2,99.4854
14.3,99.4887
14.4,99.4917
14.5,99.4944
14.6,99.4969
14.7,99.4992
14.8,99.5012
14.9,99.5031
15,99.5048
15.1,99.5064
15.2,99.5079
15.3,99.5093
15.4,99.5106
15.5,99.5117
15.6,99.5128
15.7,99.5138
15.8,99.5148
15.9,99.5156
16,99.5164
16.1,99.5171
16.2,99.5178
16.3,99.5184
16.4,99.519
16.5,99.5195
16.6,99.5199
16.7,99.5203
16.8,99.5206
16.9,99.5209
17,99.5212
17.1,99.5214
17.2,99.5216
17.3,99.5217
17.4,99.5218
17.5,99.5218
17.6,99.5218
17.7,99.5218
17.8,99.5217
17.9,99.5216
18,99.5214
18.1,99.5213
18.2,99.5211
18.3,99.5208
18.4,99.5206
18.5,99.5203
18.6,99.5199
18.7,99.5196
18.8,99.5192
18.9,99.5188
19,99.5183
19.1,99.5178
19.2,99.5173
19.3,99.5168
19.4,99.5163
19.5,99.5157
19.6,99.5151
19.7,99.5145
19.8,99.5139
19.9,99.5132
20,99.5125
20.1,99.5118
20.2,99.5111
20.3,99.5103
20.4,99.5096
20.5,99.5088
20.6,99.508
20.7,99.5072
20.8,99.5063
20.9,99.5055
21,99.5046
21.1,99.5037
21.2,99.5028
21.3,99.5019
21.4,99.501
21.5,99.5
21.6,99.4991
21.7,99.4981
21.8,99.4971
21.9,99.4961
22,99.4951
22.1,99.494
22.2,99.493
22.3,99.4919
22.4,99.4909
22.5,99.4898
22.6,99.4887
22.7,99.4876
22.8,99.4865
22.9,99.4853
23,99.4842
23.1,99.483
23.2,99.4819
23.3,99.4807
23.4,99.4795
23.5,99.4784
23.6,99.4772
23.7,99.476
23.8,99.4747
23.9,99.4735
24,99.4723
24.1,99.471
24.2,99.4698
24.3,99.4685
24.4,99.4673
24.5,99.466
24.6,99.4647
24.7,99.4635
24.8,99.4622
24.9,99.4609
25,99.4596
25.1,99.4582
25.2,99.4569
25.3,99.4556
25.4,99.4543
25.5,99.4529
25.6,99.4516
25.7,99.4503
25.8,99.4489
25.9,99.4475
26,99.4462
26.1,99.4448
26.2,99.4434
26.3,99.4421
26.4,99.4407
26.5,99.4393
26.6,99.4379
26.7,99.4365
26.8,99.4351
26.9,99.4337
27,99.4323
27.1,99.4309
27.2,99.4295
27.3,99.4281
27.4,99.4266
27.5,99.4252
27.6,99.4238
27.7,99.4224
27.8,99.4209
27.9,99.4195
28,99.418
28.1,99.4166
28.2,99.4151
28.3,99.4137
28.4,99.4122
28.5,99.4108
28.6,99.4093
28.7,99.4079
28.8,99.4064
28.9,99.4049
29,99.4034
29.1,99.402
29.2,99.4005
29.3,99.399
29.4,99.3975
29.5,99.3961
29.6,99.3946
29.7,99.3931
29.8,99.3916
29.9,99.3901
30,99.3886
30.1,99.3871
30.2,99.3856
30.3,99.3841
30.4,99.3826
30.5,99.3811
30.6,99.3796
30.7,99.3781
30.8,99.3766
30.9,99.3751
31,99.3736
31.1,99.3721
31.2,99.3705
31.3,99.369
31.4,99.3675
31.5,99.366
31.6,99.3645
31.7,99.363
31.8,99.3614
31.9,99.3599
32,99.3584
32.1,99.3569
32.2,99.3553
32.3,99.3538
32.4,99.3523
32.5,99.3507
32.6,99.3492
32.7,99.3477
32.8,99.3461
32.9,99.3446
33,99.3431
33.1,99.3415
33.2,99.34
33.3,99.3385
33.4,99.3369
33.5,99.3354
33.6,99.3338
33.7,99.3323
33.8,99.3308
33.9,99.3292
34,99.3277
34.1,99.3261
34.2,99.3246
34.3,99.323
34.4,99.3215
34.5,99.3199
34.6,99.3184
34.7,99.3168
34.8,99.3153
34.9,99.3137
35,99.3122
35.1,99.3106
35.2,99.3091
35.3,99.3075
35.4,99.306
35.5,99.3044
35.6,99.3029
35.7,99.3013
35.8,99.2997
35.9,99.2982
36,99.2966
36.1,99.2951
36.2,99.2935
36.3,99.292
36.4,99.2904
36.5,99.2888
36.6,99.2873
36.7,99.2857
36.8,99.2841
36.9,99.2826
37,99.281
37.1,99.2795
37.2,99.2779
37.3,99.2763
37.4,99.2748
37.5,99.2732
37.6,99.2716
37.7,99.2701
37.8,99.2685
37.9,99.2669
38,99.2654
38.1,99.2638
38.2,99.2622
38.3,99.2607
38.4,99.2591
38.5,99.2575
38.6,99.256
38.7,99.2544
38.8,99.2528
38.9,99.2513
39,99.2497
39.1,99.2481
39.2,99.2466
39.3,99.245
39.4,99.2434
39.5,99.2418
39.6,99.2403
39.7,99.2387
39.8,99.2371
39.9,99.2356
40,99.234
40.1,99.2324
40.2,99.2308
40.3,99.2293
40.4,99.2277
40.5,99.2261
40.6,99.2245
40.7,99.223
40.8,99.2214
40.9,99.2198
41,99.2182
41.1,99.2167
41.2,99.2151
41.3,99.2135
41.4,99.2119
41.5,99.2104
41.6,99.2088
41.7,99.2072
41.8,99.2056
41.9,99.204
42,99.2025
42.1,99.2009
42.2,99.1993
42.3,99.1977
42.4,99.1962
42.5,99.1946
42.6,99.193
42.7,99.1914
42.8,99.1898
42.9,99.1883
43,99.1867
43.1,99.1851
43.2,99.1835
43.3,99.1819
43.4,99.1804
43.5,99.1788
43.6,99.1772
43.7,99.1756
43.8,99.174
43.9,99.1725
44,99.1709
44.1,99.1693
44.2,99.1677
44.3,99.1661
44.4,99.1646
44.5,99.163
44.6,99.1614
44.7,99.1598
44.8,99.1582
44.9,99.1567
45,99.1551
45.1,99.1535
45.2,99.1519
45.3,99.1503
45.4,99.1487
45.5,99.1472
45.6,99.1456
45.7,99.144
45.8,99.1424
45.9,99.1408
46,99.1392
46.1,99.1376
46.2,99.1361
46.3,99.1345
46.4,99.1329
46.5,99.1313
46.6,99.1297
46.7,99.1281
46.8,99.1266
46.9,99.125
47,99.1234
47.1,99.1218
47.2,99.1202
47.3,99.1186
47.4,99.117
47.5,99.1155
47.6,99.1139
47.7,99.1123
47.8,99.1107
47.9,99.1091
48,99.1075
48.1,99.1059
48.2,99.1044
48.3,99.1028
48.4,99.1012
48.5,99.0996
48.6,99.098
48.7,99.0964
48.8,99.0948
48.9,99.0932
49,99.0917
49.1,99.0901
49.2,99.0885
49.3,99.0869
49.4,99.0853
49.5,99.0837
49.6,99.0821
49.7,99.0805
49.8,99.0789
49.9,99.0774
50,99.0758
50.1,99.0742
50.2,99.0726
50.3,99.071
50.4,99.0694
50.5,99.0678
50.6,99.0662
50.7,99.0646
50.8,99.063
50.9,99.0615
51,99.0599
51.1,99.0583
51.2,99.0567
51.3,99.0551
51.4,99.0535
51.5,99.0519
51.6,99.0503
51.7,99.0487
51.8,99.0471
51.9,99.0456
52,99.044
52.1,99.0424
52.2,99.0408
52.3,99.0392
52.4,99.0376
52.5,99.036
52.6,99.0344
52.7,99.0328
52.8,99.0312
52.9,99.0296
53,99.028
53.1,99.0265
53.2,99.0249
53.3,99.0233
53.4,99.0217
53.5,99.0201
53.6,99.0185
53.7,99.0169
53.8,99.0153
53.9,99.0137
54,99.0121
54.1,99.0105
54.2,99.0089
54.3,99.0073
54.4,99.0057
54.5,99.0042
54.6,99.0026
54.7,99.001
54.8,98.9994
54.9,98.9978
55,98.9962
55.1,98.9946
55.2,98.993
55.3,98.9914
55.4,98.9898
55.5,98.9882
55.6,98.9866
55.7,98.985
55.8,98.9834
55.9,98.9818
56,98.9802
56.1,98.9787
56.2,98.9771
56.3,98.9755
56.4,98.9739
56.5,98.9723
56.6,98.9707
56.7,98.9691
56.8,98.9675
56.9,98.9659
57,98.9643
57.1,98.9627
57.2,98.9612
57.3,98.9596
57.4,98.958
57.5,98.9564
57.6,98.9548
57.7,98.9532
57.8,98.9516
57.9,98.95
58,98.9484
58.1,98.9468
58.2,98.9452
58.3,98.9437
58.4,98.9421
58.5,98.9405
58.6,98.9389
58.7,98.9373
58.8,98.9357
58.9,98.9341
59,98.9325
59.1,98.9309
59.2,98.9294
59.3,98.9278
59.4,98.9262
59.5,98.9246
59.6,98.923
59.7,98.9214
59.8,98.9198
59.9,98.9182
60,98.9166
60.1,98.9151
60.2,98.9135
60.3,98.9119
60.4,98.9103
60.5,98.9087
60.6,98.9071
60.7,98.9055
60.8,98.9039
60.9,98.9023
61,98.9008
61.1,98.8992
61.2,98.8976
61.3,98.896
61.4,98.8944
61.5,98.8928
61.6,98.8912
61.7,98.8896
61.8,98.888
61.9,98.8865
62,98.8849
62.1,98.8833
62.2,98.8817
62.3,98.8801
62.4,98.8785
62.5,98.8769
62.6,98.8753
62.7,98.8738
62.8,98.8722
62.9,98.8706
63,98.869
63.1,98.8674
63.2,98.8658
63.3,98.8642
63.4,98.8626
63.5,98.861
63.6,98.8595
63.7,98.8579
63.8,98.8563
63.9,98.8547
64,98.8531
64.1,98.8515
64.2,98.8499
64.3,98.8483
64.4,98.8467
64.5,98.8452
64.6,98.8436
64.7,98.842
64.8,98.8404
64.9,98.8388
65,98.8372
65.1,98.8356
65.2,98.834
65.3,98.8324
65.4,98.8309
65.5,98.8293
65.6,98.8277
65.7,98.8261
65.8,98.8245
65.9,98.8229
66,98.8213
66.1,98.8197
66.2,98.8181
66.3,98.8165
66.4,98.815
66.5,98.8134
66.6,98.8118
66.7,98.8102
66.8,98.8086
66.9,98.807
67,98.8054
67.1,98.8038
67.2,98.8022
67.3,98.8007
67.4,98.7991
67.5,98.7975
67.6,98.7959
67.7,98.7943
67.8,98.7927
67.9,98.7911
68,98.7895
68.1,98.7879
68.2,98.7863
68.3,98.7848
68.4,98.7832
68.5,98.7816
68.6,98.78
68.7,98.7784
68.8,98.7768
68.9,98.7752
69,98.7736
69.1,98.772
69.2,98.7704
69.3,98.7689
69.4,98.7673
69.5,98.7657
69.6,98.7641
69.7,98.7625
69.8,98.7609
69.9,98.7593
70,98.7577
70.1,98.7561
70.2,98.7545
70.3,98.753
70.4,98.7514
70.5,98.7498
70.6,98.7482
70.7,98.7466
70.8,98.745
70.9,98.7434
71,98.7418
71.1,98.7402
71.2,98.7386
71.3,98.737
71.4,98.7355
71.5,98.7339
71.6,98.7323
71.7,98.7307
71.8,98.7291
71.9,98.7275
72,98.7259
72.1,98.7243
72.2,98.7227
72.3,98.7211
72.4,98.7195
72.5,98.718
72.6,98.7164
72.7,98.7148
72.8,98.7132
72.9,98.7116
73,98.71
73.1,98.7084
73.2,98.7068
73.3,98.7052
73.4,98.7036
73.5,98.702
73.6,98.7004
73.7,98.6989
73.8,98.6973
73.9,98.6957
74,98.6941
74.1,98.6925
74.2,98.6909
74.3,98.6893
74.4,98.6877
74.5,98.6861
74.6,98.6845
74.7,98.6829
74.8,98.6813
74.9,98.6798
75,98.6782
75.1,98.6766
75.2,98.675
75.3,98.6734
75.4,98.6718
75.5,98.6702
75.6,98.6686
75.7,98.667
75.8,98.6654
75.9,98.6638
76,98.6622
76.1,98.6606
76.2,98.659
76.3,98.6575
76.4,98.6559
76.5,98.6543
76.6,98.6527
76.7,98.6511
76.8,98.6495
76.9,98.6479
77,98.6463
77.1,98.6447
77.2,98.6431
77.3,98.6415
77.4,98.6399
77.5,98.6383
77.6,98.6367
77.7,98.6352
77.8,98.6336
77.9,98.632
78,98.6304
78.1,98.6288
78.2,98.6272
78.3,98.6256
78.4,98.624
78.5,98.6224
78.6,98.6208
78.7,98.6192
78.8,98.6176
78.9,98.616
79,98.6144
79.1,98.6128
79.2,98.6113
79.3,98.6097
79.4,98.6081
79.5,98.6065
79.6,98.6049
79.7,98.6033
79.8,98.6017
79.9,98.6001
80,98.5985
80.1,98.5969
80.2,98.5953
80.3,98.5937
80.4,98.5921
80.5,98.5905
80.6,98.5889
80.7,98.5873
80.8,98.5857
80.9,98.5842
81,98.5826
81.1,98.581
81.2,98.5794
81.3,98.5778
81.4,98.5762
81.5,98.5746
81.6,98.573
81.7,98.5714
81.8,98.5698
81.9,98.5682
82,98.5666
82.1,98.565
82.2,98.5634
82.3,98.5618
82.4,98.5602
82.5,98.5586
82.6,98.557
82.7,98.5555
82.8,98.5539
82.9,98.5523
83,98.5507
83.1,98.5491
83.2,98.5475
83.3,98.5459
83.4,98.5443
83.5,98.5427
83.6,98.5411
83.7,98.5395
83.8,98.5379
83.9,98.5363
84,98.5347
84.1,98.5331
84.2,98.5315
84.3,98.5299
84.4,98.5283
84.5,98.5267
84.6,98.5251
84.7,98.5235
84.8,98.5219
84.9,98.5204
85,98.5188
85.1,98.5172
85.2,98.5156
85.3,98.514
85.4,98.5124
85.5,98.5108
85.6,98.5092
85.7,98.5076
85.8,98.506
85.9,98.5044
86,98.5028
86.1,98.5012
86.2,98.4996
86.3,98.498
86.4,98.4964
86.5,98.4948
86.6,98.4932
86.7,98.4916
86.8,98.49
86.9,98.4884
87,98.4868
87.1,98.4852
87.2,98.4836
87.3,98.482
87.4,98.4804
87.5,98.4788
87.6,98.4772
87.7,98.4757
87.8,98.4741
87.9,98.4725
88,98.4709
88.1,98.4693
88.2,98.4677
88.3,98.4661
88.4,98.4645
88.5,98.4629
88.6,98.4613
88.7,98.4597
88.8,98.4581
88.9,98.4565
89,98.4549
89.1,98.4533
89.2,98.4517
89.3,98.4501
89.4,98.4485
89.5,98.4469
89.6,98.4453
89.7,98.4437
89.8,98.4421
89.9,98.4405
90,98.4389
90.1,98.4373
90.2,98.4357
90.3,98.4341
90.4,98.4325
90.5,98.4309
90.6,98.4293
90.7,98.4277
90.8,98.4261
90.9,98.4245
91,98.4229
91.1,98.4213
91.2,98.4197
91.3,98.4181
91.4,98.4165
91.5,98.4149
91.6,98.4133
91.7,98.4117
91.8,98.4101
91.9,98.4085
92,98.4069
92.1,98.4053
92.2,98.4037
92.3,98.4022
92.4,98.4006
92.5,98.399
92.6,98.3974
92.7,98.3958
92.8,98.3942
92.9,98.3926
93,98.391
93.1,98.3894
93.2,98.3878
93.3,98.3862
93.4,98.3846
93.5,98.383
93.6,98.3814
93.7,98.3798
93.8,98.3782
93.9,98.3766
94,98.375
94.1,98.3734
94.2,98.3718
94.3,98.3702
94.4,98.3686
94.5,98.367
94.6,98.3654
94.7,98.3638
94.8,98.3622
94.9,98.3606
95,98.359
95.1,98.3574
95.2,98.3558
95.3,98.3542
95.4,98.3526
95.5,98.351
95.6,98.3494
95.7,98.3478
95.8,98.3462
95.9,98.3446
96,98.343
96.1,98.3414
96.2,98.3398
96.3,98.3382
96.4,98.3366
96.5,98.335
96.6,98.3334
96.7,98.3318
96.8,98.3302
96.9,98.3286
97,98.327
97.1,98.3254
97.2,98.3238
97.3,98.3222
97.4,98.3206
97.5,98.319
97.6,98.3174
97.7,98.3158
97.8,98.3142
97.9,98.3126
98,98.311
98.1,98.3094
98.2,98.3077
98.3,98.3061
98.4,98.3045
98.5,98.3029
98.6,98.3013
98.7,98.2997
98.8,98.2981
98.9,98.2965
99,98.2949
99.1,98.2933
99.2,98.2917
99.3,98.2901
99.4,98.2885
99.5,98.2869
99.6,98.2853
99.7,98.2837
99.8,98.2821
99.9,98.2805
100,98.2789
100.1,98.2773
100.2,98.2757
100.3,98.2741
100.4,98.2725
100.5,98.2709
100.6,98.2693
100.7,98.2677
100.8,98.2661
100.9,98.2645
101,98.2629
101.1,98.2613
101.2,98.2597
101.3,98.2581
101.4,98.2565
101.5,98.2549
101.6,98.2533
101.7,98.2517
101.8,98.2501
101.9,98.2485
102,98.2469
102.1,98.2453
102.2,98.2437
102.3,98.2421
102.4,98.2405
102.5,98.2389
102.6,98.2372
102.7,98.2356
102.8,98.234
102.9,98.2324
103,98.2308
103.1,98.2292
103.2,98.2276
103.3,98.226
103.4,98.2244
103.5,98.2228
103.6,98.2212
103.7,98.2196
103.8,98.218
103.9,98.2164
104,98.2148
104.1,98.2132
104.2,98.2116
104.3,98.21
104.4,98.2084
104.5,98.2068
104.6,98.2052
104.7,98.2036
104.8,98.202
104.9,98.2004
105,98.1988
105.1,98.1972
105.2,98.1955
105.3,98.1939
105.4,98.1923
105.5,98.1907
105.6,98.1891
105.7,98.1875
105.8,98.1859
105.9,98.1843
106,98.1827
106.1,98.1811
106.2,98.1795
106.3,98.1779
106.4,98.1763
106.5,98.1747
106.6,98.1731
106.7,98.1715
106.8,98.1699
106.9,98.1683
107,98.1667
107.1,98.1651
107.2,98.1634
107.3,98.1618
107.4,98.1602
107.5,98.1586
107.6,98.157
107.7,98.1554
107.8,98.1538
107.9,98.1522
108,98.1506
108.1,98.149
108.2,98.1474
108.3,98.1458
108.4,98.1442
108.5,98.1426
108.6,98.141
108.7,98.1394
108.8,98.1378
108.9,98.1361
109,98.1345
109.1,98.1329
109.2,98.1313
109.3,98.1297
109.4,98.1281
109.5,98.1265
109.6,98.1249
109.7,98.1233
109.8,98.1217
109.9,98.1201
110,98.1185
110.1,98.1169
110.2,98.1153
110.3,98.1137
110.4,98.112
110.5,98.1104
110.6,98.1088
110.7,98.1072
110.8,98.1056
110.9,98.104
111,98.1024
111.1,98.1008
111.2,98.0992
111.3,98.0976
111.4,98.096
111.5,98.0944
111.6,98.0928
111.7,98.0912
111.8,98.0895
111.9,98.0879
112,98.0863
112.1,98.0847
112.2,98.0831
112.3,98.0815
112.4,98.0799
112.5,98.0783
112.6,98.0767
112.7,98.0751
112.8,98.0735
112.9,98.0719
113,98.0702
113.1,98.0686
113.2,98.067
113.3,98.0654
113.4,98.0638
113.5,98.0622
113.6,98.0606
113.7,98.059
113.8,98.0574
113.9,98.0558
114,98.0542
114.1,98.0525
114.2,98.0509
114.3,98.0493
114.4,98.0477
114.5,98.0461
114.6,98.0445
114.7,98.0429
114.8,98.0413
114.9,98.0397
115,98.0381
115.1,98.0365
115.2,98.0348
115.3,98.0332
115.4,98.0316
115.5,98.03
115.6,98.0284
115.7,98.0268
115.8,98.0252
115.9,98.0236
116,98.022
116.1,98.0204
116.2,98.0187
116.3,98.0171
116.4,98.0155
116.5,98.0139
116.6,98.0123
116.7,98.0107
116.8,98.0091
116.9,98.0075
117,98.0059
117.1,98.0042
117.2,98.0026
117.3,98.001
117.4,97.9994
117.5,97.9978
117.6,97.9962
117.7,97.9946
117.8,97.993
117.9,97.9914
118,97.9898
118.1,97.9882
118.2,97.9865
118.3,97.9849
118.4,97.9833
118.5,97.9817
118.6,97.9801
118.7,97.9785
118.8,97.977
118.9,97.9754
119,97.9738
119.1,97.9722
119.2,97.9706
119.3,97.969
119.4,97.9674
119.5,97.9658
119.6,97.9642
119.7,97.9626
119.8,97.9611
119.9,97.9595
120,97.9579
120.1,97.9563
120.2,97.9547
120.3,97.9531
120.4,97.9516
120.5,97.95
120.6,97.9484
120.7,97.9468
120.8,97.9453
120.9,97.9437
121,97.9421
121.1,97.9405
121.2,97.939
121.3,97.9374
121.4,97.9358
121.5,97.9343
121.6,97.9327
121.7,97.9311
121.8,97.9295
121.9,97.928
122,97.9264
122.1,97.9248
122.2,97.9233
122.3,97.9217
122.4,97.9201
122.5,97.9186
122.6,97.917
122.7,97.9155
122.8,97.9139
122.9,97.9123
123,97.9108
123.1,97.9092
123.2,97.9076
123.3,97.9061
123.4,97.9045
123.5,97.903
123.6,97.9014
123.7,97.8998
123.8,97.8983
123.9,97.8967
124,97.8952
124.1,97.8936
124.2,97.892
124.3,97.8905
124.4,97.8889
124.5,97.8874
124.6,97.8858
124.7,97.8843
124.8,97.8827
124.9,97.8811
125,97.8796
125.1,97.878
125.2,97.8765
125.3,97.8749
125.4,97.8734
125.5,97.8718
125.6,97.8703
125.7,97.8687
125.8,97.8672
125.9,97.8656
126,97.8641
126.1,97.8625
126.2,97.861
126.3,97.8594
126.4,97.8579
126.5,97.8563
126.6,97.8548
126.7,97.8532
126.8,97.8517
126.9,97.8501
127,97.8486
127.1,97.847
127.2,97.8455
127.3,97.8439
127.4,97.8424
127.5,97.8409
127.6,97.8393
127.7,97.8378
127.8,97.8362
127.9,97.8347
128,97.8332
128.1,97.8316
128.2,97.8301
128.3,97.8285
128.4,97.827
128.5,97.8255
128.6,97.8239
128.7,97.8224
128.8,97.8209
128.9,97.8194
129,97.8178
129.1,97.8163
129.2,97.8148
129.3,97.8132
129.4,97.8117
129.5,97.8102
129.6,97.8087
129.7,97.8071
129.8,97.8056
129.9,97.8041
130,97.8026
130.1,97.8011
130.2,97.7995
130.3,97.798
130.4,97.7965
130.5,97.795
130.6,97.7935
130.7,97.792
130.8,97.7904
130.9,97.7889
131,97.7874
131.1,97.7859
131.2,97.7844
131.3,97.7829
131.4,97.7814
131.5,97.7799
131.6,97.7784
131.7,97.7769
131.8,97.7754
131.9,97.7739
132,97.7724
132.1,97.7709
132.2,97.7694
132.3,97.7679
132.4,97.7664
132.5,97.7649
132.6,97.7634
132.7,97.7619
132.8,97.7604
132.9,97.7589
133,97.7574
133.1,97.7559
133.2,97.7544
133.3,97.7529
133.4,97.7514
133.5,97.7499
133.6,97.7484
133.7,97.7469
133.8,97.7454
133.9,97.7439
134,97.7424
134.1,97.7409
134.2,97.7394
134.3,97.7379
134.4,97.7364
134.5,97.7349
134.6,97.7334
134.7,97.7319
134.8,97.7304
134.9,97.7289
135,97.7274
135.1,97.7259
135.2,97.7245
135.3,97.723
135.4,97.7215
135.5,97.72
135.6,97.7185
135.7,97.717
135.8,97.7155
135.9,97.714
136,97.7125
136.1,97.711
136.2,97.7095
136.3,97.708
136.4,97.7065
136.5,97.705
136.6,97.7035
136.7,97.702
136.8,97.7005
136.9,97.699
137,97.6975
137.1,97.696
137.2,97.6945
137.3,97.693
137.4,97.6915
137.5,97.69
137.6,97.6885
137.7,97.687
137.8,97.6855
137.9,97.684
138,97.6825
138.1,97.681
138.2,97.6795
138.3,97.678
138.4,97.6765
138.5,97.675
138.6,97.6735
138.7,97.672
138.8,97.6705
138.9,97.669
139,97.6675
139.1,97.666
139.2,97.6645
139.3,97.663
139.4,97.6615
139.5,97.66
139.6,97.6585
139.7,97.657
139.8,97.6555
139.9,97.654
140,97.6525
140.1,97.651
140.2,97.6495
140.3,97.648
140.4,97.6465
140.5,97.645
140.6,97.6435
140.7,97.642
140.8,97.6405
140.9,97.639
141,97.6375
141.1,97.636
141.2,97.6345
141.3,97.6329
141.4,97.6314
141.5,97.6299
141.6,97.6284
141.7,97.6269
141.8,97.6254
141.9,97.6239
142,97.6224
142.1,97.6209
142.2,97.6194
142.3,97.6179
142.4,97.6164
142.5,97.6149
142.6,97.6134
142.7,97.6119
142.8,97.6104
142.9,97.6089
143,97.6074
143.1,97.6059
143.2,97.6043
143.3,97.6028
143.4,97.6013
143.5,97.5998
143.6,97.5983
143.7,97.5968
143.8,97.5953
143.9,97.5938
144,97.5923
144.1,97.5908
144.2,97.5893
144.3,97.5878
144.4,97.5863
144.5,97.5848
144.6,97.5833
144.7,97.5818
144.8,97.5803
144.9,97.5788
145,97.5773
145.1,97.5758
145.2,97.5743
145.3,97.5728
145.4,97.5713
145.5,97.5698
145.6,97.5683
145.7,97.5668
145.8,97.5653
145.9,97.5638
146,97.5623
146.1,97.5608
146.2,97.5593
146.3,97.5578
146.4,97.5563
146.5,97.5549
146.6,97.5534
146.7,97.5519
146.8,97.5504
146.9,97.5489
147,97.5474
147.1,97.5459
147.2,97.5444
147.3,97.5429
147.4,97.5415
147.5,97.54
147.6,97.5385
147.7,97.537
147.8,97.5355
147.9,97.534
148,97.5326
148.1,97.5311
148.2,97.5296
148.3,97.5281
148.4,97.5266
148.5,97.5252
148.6,97.5237
148.7,97.5222
148.8,97.5207
148.9,97.5193
149,97.5178
149.1,97.5163
149.2,97.5148
149.3,97.5133
149.4,97.5119
149.5,97.5104
149.6,97.5089
149.7,97.5074
149.8,97.5059
149.9,97.5045
150,97.503
150.1,97.5015
150.2,97.5
150.3,97.4985
150.4,97.497
150.5,97.4956
150.6,97.4941
150.7,97.4926
150.8,97.4911
150.9,97.4896
151,97.4881
151.1,97.4866
151.2,97.4852
151.3,97.4837
151.4,97.4822
151.5,97.4807
151.6,97.4792
151.7,97.4777
151.8,97.4762
151.9,97.4747
152,97.4732
152.1,97.4717
152.2,97.4702
152.3,97.4687
152.4,97.4672
152.5,97.4657
152.6,97.4642
152.7,97.4627
152.8,97.4612
152.9,97.4597
153,97.4582
153.1,97.4567
153.2,97.4552
153.3,97.4537
153.4,97.4522
153.5,97.4507
153.6,97.4492
153.7,97.4477
153.8,97.4461
153.9,97.4446
154,97.4431
154.1,97.4416
154.2,97.4401
154.3,97.4386
154.4,97.4371
154.5,97.4356
154.6,97.434
154.7,97.4325
154.8,97.431
154.9,97.4295
155,97.428
155.1,97.4264
155.2,97.4249
155.3,97.4234
155.4,97.4219
155.5,97.4204
155.6,97.4188
155.7,97.4173
155.8,97.4158
155.9,97.4143
156,97.4128
156.1,97.4112
156.2,97.4097
156.3,97.4082
156.4,97.4067
156.5,97.4051
156.6,97.4036
156.7,97.4021
156.8,97.4005
156.9,97.399
157,97.3975
157.1,97.396
157.2,97.3944
157.3,97.3929
157.4,97.3914
157.5,97.3898
157.6,97.3883
157.7,97.3868
157.8,97.3853
157.9,97.3837
158,97.3822
158.1,97.3807
158.2,97.3791
158.3,97.3776
158.4,97.3761
158.5,97.3745
158.6,97.373
158.7,97.3715
158.8,97.3699
158.9,97.3684
159,97.3669
159.1,97.3653
159.2,97.3638
159.3,97.3623
159.4,97.3607
159.5,97.3592
159.6,97.3576
159.7,97.3561
159.8,97.3546
159.9,97.353
160,97.3515
160.1,97.35
160.2,97.3484
160.3,97.3469
160.4,97.3453
160.5,97.3438
160.6,97.3423
160.7,97.3407
160.8,97.3392
160.9,97.3377
161,97.3361
161.1,97.3346
161.2,97.333
161.3,97.3315
161.4,97.33
161.5,97.3284
161.6,97.3269
161.7,97.3253
161.8,97.3238
161.9,97.3223
162,97.3207
162.1,97.3192
162.2,97.3176
162.3,97.3161
162.4,97.3146
162.5,97.313
162.6,97.3115
162.7,97.3099
162.8,97.3084
162.9,97.3068
163,97.3053
163.1,97.3038
163.2,97.3022
163.3,97.3007
163.4,97.2991
163.5,97.2976
163.6,97.296
163.7,97.2945
163.8,97.293
163.9,97.2914
164,97.2899
164.1,97.2883
164.2,97.2868
164.3,97.2852
164.4,97.2837
164.5,97.2822
164.6,97.2806
164.7,97.2791
164.8,97.2775
164.9,97.276
165,97.2744
165.1,97.2729
165.2,97.2714
165.3,97.2698
165.4,97.2683
165.5,97.2667
165.6,97.2652
165.7,97.2636
165.8,97.2621
165.9,97.2605
166,97.259
166.1,97.2575
166.2,97.2559
166.3,97.2544
166.4,97.2528
166.5,97.2513
166.6,97.2497
166.7,97.2482
166.8,97.2466
166.9,97.2451
167,97.2436
167.1,97.242
167.2,97.2405
167.3,97.2389
167.4,97.2374
167.5,97.2358
167.6,97.2343
167.7,97.2327
167.8,97.2312
167.9,97.2297
168,97.2281
168.1,97.2266
168.2,97.225
168.3,97.2235
168.4,97.2219
168.5,97.2204
168.6,97.2188
168.7,97.2173
168.8,97.2157
168.9,97.2142
169,97.2126
169.1,97.2111
169.2,97.2096
169.3,97.208
169.4,97.2065
169.5,97.2049
169.6,97.2034
169.7,97.2018
169.8,97.2003
169.9,97.1987
170,97.1972
170.1,97.1956
170.2,97.1941
170.3,97.1925
170.4,97.191
170.5,97.1894
170.6,97.1879
170.7,97.1863
170.8,97.1848
170.9,97.1832
171,97.1817
171.1,97.1802
171.2,97.1786
171.3,97.1771
171.4,97.1755
171.5,97.174
171.6,97.1724
171.7,97.1709
171.8,97.1693
171.9,97.1678
172,97.1662
172.1,97.1647
172.2,97.1631
172.3,97.1616
172.4,97.16
172.5,97.1585
172.6,97.1569
172.7,97.1554
172.8,97.1539
172.9,97.1523
173,97.1508
173.1,97.1492
173.2,97.1477
173.3,97.1461
173.4,97.1446
173.5,97.143
173.6,97.1415
173.7,97.1399
173.8,97.1384
173.9,97.1369
174,97.1353
174.1,97.1338
174.2,97.1322
174.3,97.1307
174.4,97.1291
174.5,97.1276
174.6,97.1261
174.7,97.1245
174.8,97.123
174.9,97.1214
175,97.1199
175.1,97.1184
175.2,97.1168
175.3,97.1153
175.4,97.1138
175.5,97.1122
175.6,97.1107
175.7,97.1091
175.8,97.1076
175.9,97.1061
176,97.1045
176.1,97.103
176.2,97.1015
176.3,97.0999
176.4,97.0984
176.5,97.0969
176.6,97.0953
176.7,97.0938
176.8,97.0923
176.9,97.0907
177,97.0892
177.1,97.0877
177.2,97.0861
177.3,97.0846
177.4,97.0831
177.5,97.0815
177.6,97.08
177.7,97.0785
177.8,97.0769
177.9,97.0754
178,97.0739
178.1,97.0724
178.2,97.0708
178.3,97.0693
178.4,97.0678
178.5,97.0662
178.6,97.0647
178.7,97.0632
178.8,97.0617
178.9,97.0601
179,97.0586
179.1,97.0571
179.2,97.0556
179.3,97.054
179.4,97.0525
179.5,97.051
179.6,97.0494
179.7,97.0479
179.8,97.0464
179.9,97.0449
180,97.0433
180.1,97.0418
180.2,97.0403
180.3,97.0388
180.4,97.0372
180.5,97.0357
180.6,97.0342
180.7,97.0326
180.8,97.0311
180.9,97.0296
181,97.0281
181.1,97.0265
181.2,97.025
181.3,97.0235
181.4,97.0219
181.5,97.0204
181.6,97.0189
181.7,97.0174
181.8,97.0158
181.9,97.0143
182,97.0128
182.1,97.0112
182.2,97.0097
182.3,97.0082
182.4,97.0067
182.5,97.0051
182.6,97.0036
182.7,97.0021
182.8,97.0005
182.9,96.999
183,96.9975
183.1,96.9959
183.2,96.9944
183.3,96.9929
183.4,96.9913
183.5,96.9898
183.6,96.9883
183.7,96.9868
183.8,96.9852
183.9,96.9837
184,96.9822
184.1,96.9806
184.2,96.9791
184.3,96.9776
184.4,96.976
184.5,96.9745
184.6,96.973
184.7,96.9714
184.8,96.9699
184.9,96.9684
185,96.9669
185.1,96.9653
185.2,96.9638
185.3,96.9623
185.4,96.9607
185.5,96.9592
185.6,96.9577
185.7,96.9561
185.8,96.9546
185.9,96.9531
186,96.9515
186.1,96.95
186.2,96.9485
186.3,96.9469
186.4,96.9454
186.5,96.9439
186.6,96.9424
186.7,96.9408
186.8,96.9393
186.9,96.9378
187,96.9362
187.1,96.9347
187.2,96.9332
187.3,96.9316
187.4,96.9301
187.5,96.9286
187.6,96.927
187.7,96.9255
187.8,96.924
187.9,96.9224
188,96.9209
188.1,96.9194
188.2,96.9178
188.3,96.9163
188.4,96.9148
188.5,96.9133
188.6,96.9117
188.7,96.9102
188.8,96.9087
188.9,96.9071
189,96.9056
189.1,96.9041
189.2,96.9025
189.3,96.901
189.4,96.8995
189.5,96.8979
189.6,96.8964
189.7,96.8949
189.8,96.8934
189.9,96.8918
190,96.8903
190.1,96.8888
190.2,96.8872
190.3,96.8857
190.4,96.8842
190.5,96.8826
190.6,96.8811
190.7,96.8796
190.8,96.8781
190.9,96.8765
191,96.875
191.1,96.8735
191.2,96.8719
191.3,96.8704
191.4,96.8689
191.5,96.8674
191.6,96.8658
191.7,96.8643
191.8,96.8628
191.9,96.8612
192,96.8597
192.1,96.8582
192.2,96.8567
192.3,96.8551
192.4,96.8536
192.5,96.8521
192.6,96.8506
192.7,96.849
192.8,96.8475
192.9,96.846
193,96.8445
193.1,96.8429
193.2,96.8414
193.3,96.8399
193.4,96.8384
193.5,96.8369
193.6,96.8353
193.7,96.8338
193.8,96.8323
193.9,96.8308
194,96.8293
194.1,96.8278
194.2,96.8262
194.3,96.8247
194.4,96.8232
194.5,96.8217
194.6,96.8202
194.7,96.8187
194.8,96.8172
194.9,96.8156
195,96.8141
195.1,96.8126
195.2,96.8111
195.3,96.8096
195.4,96.8081
195.5,96.8066
195.6,96.8051
195.7,96.8036
195.8,96.8021
195.9,96.8006
196,96.7991
196.1,96.7976
196.2,96.7961
196.3,96.7945
196.4,96.793
196.5,96.7915
196.6,96.79
196.7,96.7885
196.8,96.787
196.9,96.7855
197,96.784
197.1,96.7825
197.2,96.781
197.3,96.7795
197.4,96.778
197.5,96.7765
197.6,96.775
197.7,96.7735
197.8,96.772
197.9,96.7705
198,96.769
198.1,96.7675
198.2,96.766
198.3,96.7645
198.4,96.7631
198.5,96.7616
198.6,96.7601
198.7,96.7586
198.8,96.7571
198.9,96.7556
199,96.7541
199.1,96.7526
199.2,96.7511
199.3,96.7496
199.4,96.7481
199.5,96.7466
199.6,96.7452
199.7,96.7437
199.8,96.7422
199.9,96.7407
200,96.7392
200.1,96.7377
200.2,96.7362
200.3,96.7347
200.4,96.7332
200.5,96.7318
200.6,96.7303
200.7,96.7288
200.8,96.7273
200.9,96.7258
201,96.7243
201.1,96.7228
201.2,96.7213
201.3,96.7198
201.4,96.7183
201.5,96.7168
201.6,96.7153
201.7,96.7138
201.8,96.7123
201.9,96.7108
202,96.7093
202.1,96.7078
202.2,96.7063
202.3,96.7048
202.4,96.7033
202.5,96.7018
202.6,96.7003
202.7,96.6988
202.8,96.6973
202.9,96.6958
203,96.6943
203.1,96.6928
203.2,96.6913
203.3,96.6898
203.4,96.6882
203.5,96.6867
203.6,96.6852
203.7,96.6837
203.8,96.6822
203.9,96.6807
204,96.6791
204.1,96.6776
204.2,96.6761
204.3,96.6746
204.4,96.6731
204.5,96.6715
204.6,96.67
204.7,96.6685
204.8,96.667
204.9,96.6655
205,96.6639
205.1,96.6624
205.2,96.6609
205.3,96.6594
205.4,96.6578
205.5,96.6563
205.6,96.6548
205.7,96.6532
205.8,96.6517
205.9,96.6502
206,96.6487
206.1,96.6471
206.2,96.6456
206.3,96.6441
206.4,96.6425
206.5,96.641
206.6,96.6395
206.7,96.6379
206.8,96.6364
206.9,96.6349
207,96.6333
207.1,96.6318
207.2,96.6303
207.3,96.6287
207.4,96.6272
207.5,96.6257
207.6,96.6241
207.7,96.6226
207.8,96.6211
207.9,96.6195
208,96.618
208.1,96.6165
208.2,96.6149
208.3,96.6134
208.4,96.6119
208.5,96.6103
208.6,96.6088
208.7,96.6073
208.8,96.6057
208.9,96.6042
209,96.6027
209.1,96.6011
209.2,96.5996
209.3,96.5981
209.4,96.5965
209.5,96.595
209.6,96.5935
209.7,96.5919
209.8,96.5904
209.9,96.5889
210,96.5873
210.1,96.5858
210.2,96.5843
210.3,96.5827
210.4,96.5812
210.5,96.5797
210.6,96.5781
210.7,96.5766
210.8,96.5751
210.9,96.5735
211,96.572
211.1,96.5705
211.2,96.5689
211.3,96.5674
211.4,96.5659
211.5,96.5643
211.6,96.5628
211.7,96.5613
211.8,96.5597
211.9,96.5582
212,96.5567
212.1,96.5551
212.2,96.5536
212.3,96.5521
212.4,96.5505
212.5,96.549
212.6,96.5475
212.7,96.5459
212.8,96.5444
212.9,96.5429
213,96.5413
213.1,96.5398
213.2,96.5383
213.3,96.5367
213.4,96.5352
213.5,96.5337
213.6,96.5321
213.7,96.5306
213.8,96.5291
213.9,96.5275
214,96.526
214.1,96.5245
214.2,96.5229
214.3,96.5214
214.4,96.5199
214.5,96.5183
214.6,96.5168
214.7,96.5153
214.8,96.5137
214.9,96.5122
215,96.5107
215.1,96.5091
215.2,96.5076
215.3,96.5061
215.4,96.5045
215.5,96.503
215.6,96.5015
215.7,96.4999
215.8,96.4984
215.9,96.4969
216,96.4953
216.1,96.4938
216.2,96.4922
216.3,96.4907
216.4,96.4892
216.5,96.4876
216.6,96.4861
216.7,96.4846
216.8,96.483
216.9,96.4815
217,96.48
217.1,96.4784
217.2,96.4769
217.3,96.4754
217.4,96.4738
217.5,96.4723
217.6,96.4708
217.7,96.4692
217.8,96.4677
217.9,96.4662
218,96.4646
218.1,96.4631
218.2,96.4616
218.3,96.46
218.4,96.4585
218.5,96.457
218.6,96.4554
218.7,96.4539
218.8,96.4524
218.9,96.4508
219,96.4493
219.1,96.4478
219.2,96.4463
219.3,96.4447
219.4,96.4432
219.5,96.4417
219.6,96.4402
219.7,96.4387
219.8,96.4372
219.9,96.4357
220,96.4342
220.1,96.4327
220.2,96.4312
220.3,96.4297
220.4,96.4283
220.5,96.4268
220.6,96.4253
220.7,96.4239
220.8,96.4225
220.9,96.421
221,96.4196
221.1,96.4182
221.2,96.4168
221.3,96.4154
221.4,96.414
221.5,96.4126
221.6,96.4112
221.7,96.4098
221.8,96.4084
221.9,96.407
222,96.4056
222.1,96.4042
222.2,96.4029
222.3,96.4015
222.4,96.4001
222.5,96.3987
222.6,96.3973
222.7,96.3959
222.8,96.3945
222.9,96.3931
223,96.3917
223.1,96.3902
223.2,96.3888
223.3,96.3874
223.4,96.386
223.5,96.3845
223.6,96.3831
223.7,96.3817
223.8,96.3802
223.9,96.3788
224,96.3773
224.1,96.3759
224.2,96.3744
224.3,96.373
224.4,96.3715
224.5,96.37
224.6,96.3686
224.7,96.3671
224.8,96.3656
224.9,96.3642
225,96.3627
225.1,96.3612
225.2,96.3597
225.3,96.3582
225.4,96.3567
225.5,96.3552
225.6,96.3537
225.7,96.3522
225.8,96.3507
225.9,96.3492
226,96.3477
226.1,96.3462
226.2,96.3447
226.3,96.3432
226.4,96.3417
226.5,96.3402
226.6,96.3387
226.7,96.3372
226.8,96.3357
226.9,96.3341
227,96.3326
227.1,96.3311
227.2,96.3296
227.3,96.3281
227.4,96.3265
227.5,96.325
227.6,96.3235
227.7,96.322
227.8,96.3204
227.9,96.3189
228,96.3174
228.1,96.3158
228.2,96.3143
228.3,96.3128
228.4,96.3112
228.5,96.3097
228.6,96.3082
228.7,96.3066
228.8,96.3051
228.9,96.3035
229,96.302
229.1,96.3005
229.2,96.2989
229.3,96.2974
229.4,96.2958
229.5,96.2943
229.6,96.2928
229.7,96.2912
229.8,96.2897
229.9,96.2881
230,96.2866
230.1,96.285
230.2,96.2835
230.3,96.2819
230.4,96.2804
230.5,96.2788
230.6,96.2773
230.7,96.2758
230.8,96.2742
230.9,96.2727
231,96.2711
231.1,96.2696
231.2,96.268
231.3,96.2665
231.4,96.2649
231.5,96.2634
231.6,96.2618
231.7,96.2602
231.8,96.2587
231.9,96.2571
232,96.2556
232.1,96.254
232.2,96.2525
232.3,96.2509
232.4,96.2494
232.5,96.2478
232.6,96.2463
232.7,96.2447
232.8,96.2432
232.9,96.2416
233,96.2401
233.1,96.2385
233.2,96.2369
233.3,96.2354
233.4,96.2338
233.5,96.2323
233.6,96.2307
233.7,96.2292
233.8,96.2276
233.9,96.226
234,96.2245
234.1,96.2229
234.2,96.2214
234.3,96.2198
234.4,96.2183
234.5,96.2167
234.6,96.2152
234.7,96.2136
234.8,96.212
234.9,96.2105
235,96.2089
235.1,96.2074
235.2,96.2058
235.3,96.2042
235.4,96.2027
235.5,96.2011
235.6,96.1996
235.7,96.198
235.8,96.1965
235.9,96.1949
236,96.1933
236.1,96.1918
236.2,96.1902
236.3,96.1887
236.4,96.1871
236.5,96.1855
236.6,96.184
236.7,96.1824
236.8,96.1809
236.9,96.1793
237,96.1778
237.1,96.1762
237.2,96.1746
237.3,96.1731
237.4,96.1715
237.5,96.17
237.6,96.1684
237.7,96.1668
237.8,96.1653
237.9,96.1637
238,96.1622
238.1,96.1606
238.2,96.159
238.3,96.1575
238.4,96.1559
238.5,96.1544
238.6,96.1528
238.7,96.1513
238.8,96.1497
238.9,96.1481
239,96.1466
239.1,96.145
239.2,96.1435
239.3,96.1419
239.4,96.1403
239.5,96.1388
239.6,96.1372
239.7,96.1357
239.8,96.1341
239.9,96.1326
240,96.131
240.1,96.1294
240.2,96.1279
240.3,96.1263
240.4,96.1248
240.5,96.1232
240.6,96.1217
240.7,96.1201
240.8,96.1186
240.9,96.117
241,96.1154
241.1,96.1139
241.2,96.1123
241.3,96.1108
241.4,96.1092
241.5,96.1077
241.6,96.1061
241.7,96.1046
241.8,96.103
241.9,96.1015
242,96.0999
242.1,96.0984
242.2,96.0968
242.3,96.0952
242.4,96.0937
242.5,96.0921
242.6,96.0906
242.7,96.089
242.8,96.0875
242.9,96.0859
243,96.0844
243.1,96.0828
243.2,96.0813
243.3,96.0797
243.4,96.0782
243.5,96.0766
243.6,96.0751
243.7,96.0735
243.8,96.072
243.9,96.0704
244,96.0689
244.1,96.0673
244.2,96.0658
244.3,96.0642
244.4,96.0626
244.5,96.0611
244.6,96.0595
244.7,96.058
244.8,96.0564
244.9,96.0549
245,96.0533
245.1,96.0518
245.2,96.0502
245.3,96.0487
245.4,96.0471
245.5,96.0456
245.6,96.044
245.7,96.0425
245.8,96.0409
245.9,96.0394
246,96.0378
246.1,96.0362
246.2,96.0347
246.3,96.0331
246.4,96.0316
246.5,96.03
246.6,96.0285
246.7,96.0269
246.8,96.0254
246.9,96.0238
247,96.0223
247.1,96.0207
247.2,96.0191
247.3,96.0176
247.4,96.016
247.5,96.0145
247.6,96.0129
247.7,96.0114
247.8,96.0098
247.9,96.0083
248,96.0067
248.1,96.0051
248.2,96.0036
248.3,96.002
248.4,96.0005
248.5,95.9989
248.6,95.9974
248.7,95.9958
248.8,95.9943
248.9,95.9927
249,95.9911
249.1,95.9896
249.2,95.988
249.3,95.9865
249.4,95.9849
249.5,95.9834
249.6,95.9818
249.7,95.9803
249.8,95.9787
249.9,95.9772
250,95.9756
250.1,95.9741
250.2,95.9725
250.3,95.9709
250.4,95.9694
250.5,95.9678
250.6,95.9663
250.7,95.9647
250.8,95.9632
250.9,95.9616
251,95.9601
251.1,95.9585
251.2,95.957
251.3,95.9554
251.4,95.9539
251.5,95.9523
251.6,95.9508
251.7,95.9492
251.8,95.9476
251.9,95.9461
252,95.9445
252.1,95.943
252.2,95.9414
252.3,95.9399
252.4,95.9383
252.5,95.9368
252.6,95.9352
252.7,95.9337
252.8,95.9321
252.9,95.9306
253,95.929
253.1,95.9274
253.2,95.9259
253.3,95.9243
253.4,95.9228
253.5,95.9212
253.6,95.9197
253.7,95.9181
253.8,95.9166
253.9,95.915
254,95.9135
254.1,95.9119
254.2,95.9104
254.3,95.9088
254.4,95.9073
254.5,95.9057
254.6,95.9041
254.7,95.9026
254.8,95.901
254.9,95.8995
255,95.8979
255.1,95.8964
255.2,95.8948
255.3,95.8933
255.4,95.8917
255.5,95.8902
255.6,95.8886
255.7,95.8871
255.8,95.8855
255.9,95.884
256,95.8824
256.1,95.8809
256.2,95.8793
256.3,95.8778
256.4,95.8762
256.5,95.8747
256.6,95.8731
256.7,95.8716
256.8,95.87
256.9,95.8685
257,95.8669
257.1,95.8654
257.2,95.8638
257.3,95.8623
257.4,95.8607
257.5,95.8592
257.6,95.8576
257.7,95.8561
257.8,95.8545
257.9,95.853
258,95.8514
258.1,95.8499
258.2,95.8484
258.3,95.8468
258.4,95.8453
258.5,95.8437
258.6,95.8422
258.7,95.8406
258.8,95.8391
258.9,95.8375
259,95.836
259.1,95.8344
259.2,95.8329
259.3,95.8313
259.4,95.8298
259.5,95.8282
259.6,95.8267
259.7,95.8251
259.8,95.8236
259.9,95.822
260,95.8205
260.1,95.819
260.2,95.8174
260.3,95.8159
260.4,95.8143
260.5,95.8128
260.6,95.8112
260.7,95.8097
260.8,95.8081
260.9,95.8066
261,95.805
261.1,95.8035
261.2,95.8019
261.3,95.8004
261.4,95.7988
261.5,95.7973
261.6,95.7957
261.7,95.7942
261.8,95.7926
261.9,95.7911
262,95.7895
262.1,95.788
262.2,95.7864
262.3,95.7849
262.4,95.7833
262.5,95.7818
262.6,95.7802
262.7,95.7787
262.8,95.7771
262.9,95.7756
263,95.774
263.1,95.7725
263.2,95.7709
263.3,95.7694
263.4,95.7678
263.5,95.7663
263.6,95.7647
263.7,95.7632
263.8,95.7616
263.9,95.7601
264,95.7585
264.1,95.757
264.2,95.7554
264.3,95.7539
264.4,95.7523
264.5,95.7508
264.6,95.7492
264.7,95.7477
264.8,95.7461
264.9,95.7446
265,95.743
265.1,95.7415
265.2,95.7399
265.3,95.7384
265.4,95.7368
265.5,95.7353
265.6,95.7337
265.7,95.7322
265.8,95.7306
265.9,95.7291
266,95.7275
266.1,95.726
266.2,95.7244
266.3,95.7229
266.4,95.7213
266.5,95.7198
266.6,95.7182
266.7,95.7167
266.8,95.7152
266.9,95.7136
267,95.7121
267.1,95.7105
267.2,95.709
267.3,95.7074
267.4,95.7059
267.5,95.7043
267.6,95.7028
267.7,95.7013
267.8,95.6997
267.9,95.6982
268,95.6966
268.1,95.6951
268.2,95.6935
268.3,95.692
268.4,95.6905
268.5,95.6889
268.6,95.6874
268.7,95.6858
268.8,95.6843
268.9,95.6827
269,95.6812
269.1,95.6797
269.2,95.6781
269.3,95.6766
269.4,95.6751
269.5,95.6735
269.6,95.672
269.7,95.6704
269.8,95.6689
269.9,95.6674
270,95.6658
270.1,95.6643
270.2,95.6628
270.3,95.6613
270.4,95.6597
270.5,95.6582
270.6,95.6567
270.7,95.6552
270.8,95.6536
270.9,95.6521
271,95.6506
271.1,95.6491
271.2,95.6476
271.3,95.6461
271.4,95.6446
271.5,95.643
271.6,95.6415
271.7,95.64
271.8,95.6385
271.9,95.637
272,95.6355
272.1,95.634
272.2,95.6325
272.3,95.631
272.4,95.6295
272.5,95.628
272.6,95.6265
272.7,95.625
272.8,95.6234
272.9,95.6219
273,95.6204
273.1,95.6189
273.2,95.6174
273.3,95.6159
273.4,95.6144
273.5,95.6129
273.6,95.6114
273.7,95.6099
273.8,95.6084
273.9,95.6069
274,95.6054
274.1,95.6038
274.2,95.6023
274.3,95.6008
274.4,95.5993
274.5,95.5978
274.6,95.5963
274.7,95.5948
274.8,95.5933
274.9,95.5917
275,95.5902
275.1,95.5887
275.2,95.5872
275.3,95.5857
275.4,95.5842
275.5,95.5827
275.6,95.5811
275.7,95.5796
275.8,95.5781
275.9,95.5766
276,95.5751
276.1,95.5736
276.2,95.572
276.3,95.5705
276.4,95.569
276.5,95.5675
276.6,95.566
276.7,95.5644
276.8,95.5629
276.9,95.5614
277,95.5599
277.1,95.5584
277.2,95.5568
277.3,95.5553
277.4,95.5538
277.5,95.5523
277.6,95.5508
277.7,95.5493
277.8,95.5477
277.9,95.5462
278,95.5447
278.1,95.5433
278.2,95.5418
278.3,95.5403
278.4,95.5388
278.5,95.5373
278.6,95.5358
278.7,95.5343
278.8,95.5329
278.9,95.5314
279,95.5299
279.1,95.5284
279.2,95.527
279.3,95.5255
279.4,95.524
279.5,95.5225
279.6,95.521
279.7,95.5196
279.8,95.5181
279.9,95.5166
280,95.5151
280.1,95.5136
280.2,95.5121
280.3,95.5106
280.4,95.5091
280.5,95.5076
280.6,95.5061
280.7,95.5046
280.8,95.5031
280.9,95.5016
281,95.5001
281.1,95.4986
281.2,95.4971
281.3,95.4956
281.4,95.4941
281.5,95.4926
281.6,95.4911
281.7,95.4896
281.8,95.4881
281.9,95.4865
282,95.485
282.1,95.4835
282.2,95.482
282.3,95.4805
282.4,95.4789
282.5,95.4774
282.6,95.4759
282.7,95.4744
282.8,95.4728
282.9,95.4713
283,95.4698
283.1,95.4682
283.2,95.4667
283.3,95.4652
283.4,95.4636
283.5,95.4621
283.6,95.4606
283.7,95.459
283.8,95.4575
283.9,95.456
284,95.4544
284.1,95.4529
284.2,95.4513
284.3,95.4498
284.4,95.4483
284.5,95.4467
284.6,95.4452
284.7,95.4436
284.8,95.4421
284.9,95.4405
285,95.439
285.1,95.4374
285.2,95.4359
285.3,95.4344
285.4,95.4328
285.5,95.4313
285.6,95.4297
285.7,95.4282
285.8,95.4266
285.9,95.4251
286,95.4235
286.1,95.422
286.2,95.4204
286.3,95.4189
286.4,95.4173
286.5,95.4158
286.6,95.4142
286.7,95.4127
286.8,95.4111
286.9,95.4096
287,95.408
287.1,95.4065
287.2,95.4049
287.3,95.4034
287.4,95.4018
287.5,95.4003
287.6,95.3987
287.7,95.3972
287.8,95.3956
287.9,95.3941
288,95.3925
288.1,95.391
288.2,95.3894
288.3,95.3879
288.4,95.3863
288.5,95.3848
288.6,95.3832
288.7,95.3817
288.8,95.3801
288.9,95.3786
289,95.3771
289.1,95.3755
289.2,95.374
289.3,95.3724
289.4,95.3709
289.5,95.3693
289.6,95.3678
289.7,95.3662
289.8,95.3647
289.9,95.3632
290,95.3616
290.1,95.3601
290.2,95.3585
290.3,95.357
290.4,95.3555
290.5,95.3539
290.6,95.3524
290.7,95.3509
290.8,95.3493
290.9,95.3478
291,95.3463
291.1,95.3447
291.2,95.3432
291.3,95.3416
291.4,95.3401
291.5,95.3386
291.6,95.337
291.7,95.3355
291.8,95.334
291.9,95.3324
292,95.3309
292.1,95.3294
292.2,95.3278
292.3,95.3263
292.4,95.3248
292.5,95.3232
292.6,95.3217
292.7,95.3202
292.8,95.3186
292.9,95.3171
293,95.3156
293.1,95.314
293.2,95.3125
293.3,95.3109
293.4,95.3094
293.5,95.3079
293.6,95.3063
293.7,95.3048
293.8,95.3033
293.9,95.3017
294,95.3002
294.1,95.2986
294.2,95.2971
294.3,95.2956
294.4,95.294
294.5,95.2925
294.6,95.2909
294.7,95.2894
294.8,95.2878
294.9,95.2863
295,95.2848
295.1,95.2832
295.2,95.2817
295.3,95.2801
295.4,95.2786
295.5,95.277
295.6,95.2755
295.7,95.2739
295.8,95.2724
295.9,95.2709
296,95.2693
296.1,95.2678
296.2,95.2662
296.3,95.2647
296.4,95.2631
296.5,95.2616
296.6,95.26
296.7,95.2585
296.8,95.2569
296.9,95.2554
297,95.2538
297.1,95.2523
297.2,95.2507
297.3,95.2492
297.4,95.2476
297.5,95.2461
297.6,95.2445
297.7,95.243
297.8,95.2414
297.9,95.2399
298,95.2383
298.1,95.2368
298.2,95.2352
298.3,95.2337
298.4,95.2321
298.5,95.2306
298.6,95.229
298.7,95.2275
298.8,95.2259
298.9,95.2244
299,95.2228
299.1,95.2213
299.2,95.2197
299.3,95.2182
299.4,95.2166
299.5,95.2151
299.6,95.2135
299.7,95.212
299.8,95.2104
299.9,95.2089
300,95.2073
300.1,95.2058
300.2,95.2042
300.3,95.2027
300.4,95.2011
300.5,95.1996
300.6,95.198
300.7,95.1965
300.8,95.1949
300.9,95.1934
301,95.1918
301.1,95.1903
301.2,95.1887
301.3,95.1872
301.4,95.1856
301.5,95.1841
301.6,95.1825
301.7,95.181
301.8,95.1794
301.9,95.1779
302,95.1763
302.1,95.1748
302.2,95.1732
302.3,95.1717
302.4,95.1701
302.5,95.1686
302.6,95.167
302.7,95.1655
302.8,95.1639
302.9,95.1624
303,95.1608
303.1,95.1593
303.2,95.1577
303.3,95.1562
303.4,95.1546
303.5,95.1531
303.6,95.1515
303.7,95.15
303.8,95.1485
303.9,95.1469
304,95.1454
304.1,95.1438
304.2,95.1423
304.3,95.1408
304.4,95.1392
304.5,95.1377
304.6,95.1362
304.7,95.1346
304.8,95.1331
304.9,95.1316
305,95.1301
305.1,95.1285
305.2,95.127
305.3,95.1255
305.4,95.124
305.5,95.1224
305.6,95.1209
305.7,95.1194
305.8,95.1179
305.9,95.1163
306,95.1148
306.1,95.1133
306.2,95.1118
306.3,95.1103
306.4,95.1087
306.5,95.1072
306.6,95.1057
306.7,95.1042
306.8,95.1026
306.9,95.1011
307,95.0996
307.1,95.0981
307.2,95.0966
307.3,95.095
307.4,95.0935
307.5,95.092
307.6,95.0905
307.7,95.0889
307.8,95.0874
307.9,95.0859
308,95.0844
308.1,95.0828
308.2,95.0813
308.3,95.0798
308.4,95.0782
308.5,95.0767
308.6,95.0752
308.7,95.0737
308.8,95.0721
308.9,95.0706
309,95.0691
309.1,95.0676
309.2,95.066
309.3,95.0645
309.4,95.063
309.5,95.0614
309.6,95.0599
309.7,95.0584
309.8,95.0568
309.9,95.0553
310,95.0538
310.1,95.0523
310.2,95.0507
310.3,95.0492
310.4,95.0477
310.5,95.0461
310.6,95.0446
310.7,95.0431
310.8,95.0415
310.9,95.04
311,95.0385
311.1,95.0369
311.2,95.0354
311.3,95.0339
311.4,95.0323
311.5,95.0308
311.6,95.0293
311.7,95.0277
311.8,95.0262
311.9,95.0247
312,95.0231
312.1,95.0216
312.2,95.0201
312.3,95.0185
312.4,95.017
312.5,95.0154
312.6,95.0139
312.7,95.0124
312.8,95.0108
312.9,95.0093
313,95.0078
313.1,95.0062
313.2,95.0047
313.3,95.0031
313.4,95.0016
313.5,95.0001
313.6,94.9985
313.7,94.997
313.8,94.9954
313.9,94.9939
314,94.9924
314.1,94.9908
314.2,94.9893
314.3,94.9877
314.4,94.9862
314.5,94.9846
314.6,94.9831
314.7,94.9815
314.8,94.98
314.9,94.9785
315,94.9769
315.1,94.9754
315.2,94.9738
315.3,94.9723
315.4,94.9707
315.5,94.9692
315.6,94.9676
315.7,94.9661
315.8,94.9645
315.9,94.963
316,94.9614
316.1,94.9599
316.2,94.9584
316.3,94.9568
316.4,94.9553
316.5,94.9537
316.6,94.9522
316.7,94.9506
316.8,94.9491
316.9,94.9475
317,94.946
317.1,94.9444
317.2,94.9429
317.3,94.9413
317.4,94.9398
317.5,94.9382
317.6,94.9367
317.7,94.9351
317.8,94.9336
317.9,94.932
318,94.9305
318.1,94.929
318.2,94.9274
318.3,94.9259
318.4,94.9244
318.5,94.9228
318.6,94.9213
318.7,94.9198
318.8,94.9183
318.9,94.9168
319,94.9153
319.1,94.9138
319.2,94.9123
319.3,94.9108
319.4,94.9093
319.5,94.9078
319.6,94.9063
319.7,94.9048
319.8,94.9033
319.9,94.9018
320,94.9003
320.1,94.8988
320.2,94.8973
320.3,94.8958
320.4,94.8943
320.5,94.8928
320.6,94.8913
320.7,94.8897
320.8,94.8882
320.9,94.8867
321,94.8852
321.1,94.8837
321.2,94.8822
321.3,94.8807
321.4,94.8792
321.5,94.8776
321.6,94.8761
321.7,94.8746
321.8,94.8731
321.9,94.8716
322,94.87
322.1,94.8685
322.2,94.867
322.3,94.8655
322.4,94.8639
322.5,94.8624
322.6,94.8609
322.7,94.8593
322.8,94.8578
322.9,94.8563
323,94.8547
323.1,94.8532
323.2,94.8517
323.3,94.8501
323.4,94.8486
323.5,94.8471
323.6,94.8455
323.7,94.844
323.8,94.8424
323.9,94.8409
324,94.8394
324.1,94.8378
324.2,94.8363
324.3,94.8347
324.4,94.8332
324.5,94.8316
324.6,94.8301
324.7,94.8286
324.8,94.827
324.9,94.8255
325,94.8239
325.1,94.8224
325.2,94.8208
325.3,94.8193
325.4,94.8177
325.5,94.8162
325.6,94.8146
325.7,94.8131
325.8,94.8115
325.9,94.81
326,94.8084
326.1,94.8069
326.2,94.8053
326.3,94.8038
326.4,94.8022
326.5,94.8007
326.6,94.7991
326.7,94.7976
326.8,94.796
326.9,94.7945
327,94.7929
327.1,94.7914
327.2,94.7898
327.3,94.7883
327.4,94.7867
327.5,94.7852
327.6,94.7836
327.7,94.7821
327.8,94.7805
327.9,94.7789
328,94.7774
328.1,94.7758
328.2,94.7743
328.3,94.7727
328.4,94.7712
328.5,94.7696
328.6,94.7681
328.7,94.7665
328.8,94.765
328.9,94.7634
329,94.7618
329.1,94.7603
329.2,94.7587
329.3,94.7572
329.4,94.7556
329.5,94.7541
329.6,94.7525
329.7,94.751
329.8,94.7494
329.9,94.7478
330,94.7463
330.1,94.7447
330.2,94.7432
330.3,94.7416
330.4,94.7401
330.5,94.7385
330.6,94.737
330.7,94.7354
330.8,94.7338
330.9,94.7323
331,94.7307
331.1,94.7292
331.2,94.7276
331.3,94.7261
331.4,94.7245
331.5,94.7229
331.6,94.7214
331.7,94.7198
331.8,94.7183
331.9,94.7167
332,94.7152
332.1,94.7136
332.2,94.7121
332.3,94.7105
332.4,94.7089
332.5,94.7074
332.6,94.7058
332.7,94.7043
332.8,94.7027
332.9,94.7012
333,94.6996
333.1,94.6981
333.2,94.6965
333.3,94.695
333.4,94.6934
333.5,94.6918
333.6,94.6903
333.7,94.6887
333.8,94.6872
333.9,94.6856
334,94.6841
334.1,94.6825
334.2,94.681
334.3,94.6794
334.4,94.6779
334.5,94.6763
334.6,94.6747
334.7,94.6732
334.8,94.6716
334.9,94.6701
335,94.6685
335.1,94.667
335.2,94.6654
335.3,94.6639
335.4,94.6623
335.5,94.6607
335.6,94.6592
335.7,94.6576
335.8,94.6561
335.9,94.6545
336,94.653
336.1,94.6514
336.2,94.6499
336.3,94.6483
336.4,94.6467
336.5,94.6452
336.6,94.6436
336.7,94.6421
336.8,94.6405
336.9,94.639
337,94.6374
337.1,94.6359
337.2,94.6343
337.3,94.6327
337.4,94.6312
337.5,94.6296
337.6,94.6281
337.7,94.6265
337.8,94.625
337.9,94.6234
338,94.6219
338.1,94.6203
338.2,94.6187
338.3,94.6172
338.4,94.6156
338.5,94.6141
338.6,94.6125
338.7,94.611
338.8,94.6094
338.9,94.6079
339,94.6063
339.1,94.6048
339.2,94.6032
339.3,94.6016
339.4,94.6001
339.5,94.5985
339.6,94.597
339.7,94.5954
339.8,94.5939
339.9,94.5923
340,94.5908
340.1,94.5892
340.2,94.5876
340.3,94.5861
340.4,94.5845
340.5,94.583
340.6,94.5814
340.7,94.5799
340.8,94.5783
340.9,94.5768
341,94.5752
341.1,94.5736
341.2,94.5721
341.3,94.5705
341.4,94.569
341.5,94.5674
341.6,94.5659
341.7,94.5643
341.8,94.5628
341.9,94.5612
342,94.5596
342.1,94.5581
342.2,94.5565
342.3,94.555
342.4,94.5534
342.5,94.5519
342.6,94.5503
342.7,94.5488
342.8,94.5472
342.9,94.5456
343,94.5441
343.1,94.5425
343.2,94.541
343.3,94.5394
343.4,94.5379
343.5,94.5363
343.6,94.5348
343.7,94.5332
343.8,94.5316
343.9,94.5301
344,94.5285
344.1,94.527
344.2,94.5254
344.3,94.5239
344.4,94.5223
344.5,94.5208
344.6,94.5192
344.7,94.5177
344.8,94.5161
344.9,94.5145
345,94.513
345.1,94.5114
345.2,94.5099
345.3,94.5083
345.4,94.5068
345.5,94.5052
345.6,94.5037
345.7,94.5021
345.8,94.5005
345.9,94.499
346,94.4974
346.1,94.4959
346.2,94.4943
346.3,94.4928
346.4,94.4912
346.5,94.4897
346.6,94.4881
346.7,94.4865
346.8,94.485
346.9,94.4834
347,94.4819
347.1,94.4803
347.2,94.4788
347.3,94.4772
347.4,94.4756
347.5,94.4741
347.6,94.4725
347.7,94.471
347.8,94.4694
347.9,94.4679
348,94.4663
348.1,94.4648
348.2,94.4632
348.3,94.4616
348.4,94.4601
348.5,94.4585
348.6,94.457
348.7,94.4554
348.8,94.4539
348.9,94.4523
349,94.4507
349.1,94.4492
349.2,94.4476
349.3,94.4461
349.4,94.4445
349.5,94.443
349.6,94.4414
349.7,94.4398
349.8,94.4383
349.9,94.4367
350,94.4352
350.1,94.4336
350.2,94.4321
350.3,94.4305
350.4,94.4289
350.5,94.4274
350.6,94.4258
350.7,94.4243
350.8,94.4227
350.9,94.4212
351,94.4196
351.1,94.418
351.2,94.4165
351.3,94.4149
351.4,94.4134
351.5,94.4118
351.6,94.4103
351.7,94.4087
351.8,94.4071
351.9,94.4056
352,94.404
352.1,94.4025
352.2,94.4009
352.3,94.3994
352.4,94.3978
352.5,94.3962
352.6,94.3947
352.7,94.3931
352.8,94.3916
352.9,94.39
353,94.3885
353.1,94.3869
353.2,94.3854
353.3,94.3838
353.4,94.3822
353.5,94.3807
353.6,94.3791
353.7,94.3776
353.8,94.376
353.9,94.3745
354,94.3729
354.1,94.3714
354.2,94.3698
354.3,94.3683
354.4,94.3667
354.5,94.3651
354.6,94.3636
354.7,94.362
354.8,94.3605
354.9,94.3589
355,94.3574
355.1,94.3558
355.2,94.3543
355.3,94.3527
355.4,94.3512
355.5,94.3496
355.6,94.3481
355.7,94.3465
355.8,94.345
355.9,94.3434
356,94.3419
356.1,94.3403
356.2,94.3388
356.3,94.3372
356.4,94.3357
356.5,94.3341
356.6,94.3326
356.7,94.331
356.8,94.3295
356.9,94.3279
357,94.3264
357.1,94.3248
357.2,94.3233
357.3,94.3217
357.4,94.3202
357.5,94.3186
357.6,94.3171
357.7,94.3155
357.8,94.314
357.9,94.3125
358,94.3109
358.1,94.3094
358.2,94.3078
358.3,94.3063
358.4,94.3047
358.5,94.3032
358.6,94.3016
358.7,94.3001
358.8,94.2986
358.9,94.297
359,94.2955
359.1,94.2939
359.2,94.2924
359.3,94.2908
359.4,94.2893
359.5,94.2877
359.6,94.2862
359.7,94.2847
359.8,94.2831
359.9,94.2816
360,94.28
360.1,94.2785
360.2,94.2769
360.3,94.2754
360.4,94.2739
360.5,94.2723
360.6,94.2708
360.7,94.2692
360.8,94.2677
360.9,94.2661
361,94.2646
361.1,94.2631
361.2,94.2615
361.3,94.26
361.4,94.2584
361.5,94.2569
361.6,94.2553
361.7,94.2538
361.8,94.2523
361.9,94.2507
362,94.2492
362.1,94.2476
362.2,94.2461
362.3,94.2445
362.4,94.243
362.5,94.2415
362.6,94.2399
362.7,94.2384
362.8,94.2368
362.9,94.2353
363,94.2338
363.1,94.2322
363.2,94.2307
363.3,94.2291
363.4,94.2276
363.5,94.2261
363.6,94.2245
363.7,94.223
363.8,94.2214
363.9,94.2199
364,94.2184
364.1,94.2168
364.2,94.2153
364.3,94.2137
364.4,94.2122
364.5,94.2107
364.6,94.2091
364.7,94.2076
364.8,94.206
364.9,94.2045
365,94.203
365.1,94.2014
365.2,94.1999
365.3,94.1983
365.4,94.1968
365.5,94.1953
365.6,94.1937
365.7,94.1922
365.8,94.1906
365.9,94.1891
366,94.1876
366.1,94.186
366.2,94.1845
366.3,94.1829
366.4,94.1814
366.5,94.1799
366.6,94.1783
366.7,94.1768
366.8,94.1752
366.9,94.1737
367,94.1722
367.1,94.1706
367.2,94.1691
367.3,94.1675
367.4,94.166
367.5,94.1645
367.6,94.1629
367.7,94.1614
367.8,94.1598
367.9,94.1583
368,94.1568
368.1,94.1552
368.2,94.1537
368.3,94.1521
368.4,94.1506
368.5,94.1491
368.6,94.1475
368.7,94.146
368.8,94.1444
368.9,94.1429
369,94.1413
369.1,94.1398
369.2,94.1383
369.3,94.1367
369.4,94.1352
369.5,94.1336
369.6,94.1321
369.7,94.1306
369.8,94.129
369.9,94.1275
370,94.1259
370.1,94.1244
370.2,94.1228
370.3,94.1213
370.4,94.1198
370.5,94.1182
370.6,94.1167
370.7,94.1151
370.8,94.1136
370.9,94.112
371,94.1105
371.1,94.1089
371.2,94.1074
371.3,94.1058
371.4,94.1043
371.5,94.1028
371.6,94.1012
371.7,94.0997
371.8,94.0981
371.9,94.0966
372,94.095
372.1,94.0935
372.2,94.0919
372.3,94.0904
372.4,94.0888
372.5,94.0873
372.6,94.0857
372.7,94.0842
372.8,94.0826
372.9,94.0811
373,94.0795
373.1,94.078
373.2,94.0764
373.3,94.0749
373.4,94.0733
373.5,94.0718
373.6,94.0702
373.7,94.0687
373.8,94.0671
373.9,94.0656
374,94.064
374.1,94.0625
374.2,94.0609
374.3,94.0594
374.4,94.0578
374.5,94.0563
374.6,94.0547
374.7,94.0532
374.8,94.0516
374.9,94.0501
375,94.0485
375.1,94.047
375.2,94.0454
375.3,94.0439
375.4,94.0423
375.5,94.0408
375.6,94.0392
375.7,94.0377
375.8,94.0361
375.9,94.0346
376,94.033
376.1,94.0315
376.2,94.0299
376.3,94.0283
376.4,94.0268
376.5,94.0252
376.6,94.0237
376.7,94.0221
376.8,94.0206
376.9,94.019
377,94.0175
377.1,94.0159
377.2,94.0144
377.3,94.0128
377.4,94.0113
377.5,94.0097
377.6,94.0082
377.7,94.0066
377.8,94.005
377.9,94.0035
378,94.0019
378.1,94.0004
378.2,93.9988
378.3,93.9973
378.4,93.9957
378.5,93.9942
378.6,93.9926
378.7,93.9911
378.8,93.9895
378.9,93.988
379,93.9864
379.1,93.9849
379.2,93.9833
379.3,93.9818
379.4,93.9802
379.5,93.9787
379.6,93.9771
379.7,93.9756
379.8,93.974
379.9,93.9725
380,93.9709
380.1,93.9694
380.2,93.9678
380.3,93.9663
380.4,93.9647
380.5,93.9632
380.6,93.9616
380.7,93.9601
380.8,93.9585
380.9,93.957
381,93.9554
381.1,93.9539
381.2,93.9523
381.3,93.9508
381.4,93.9492
381.5,93.9477
381.6,93.9462
381.7,93.9446
381.8,93.9431
381.9,93.9415
382,93.94
382.1,93.9384
382.2,93.9369
382.3,93.9353
382.4,93.9338
382.5,93.9322
382.6,93.9307
382.7,93.9292
382.8,93.9276
382.9,93.9261
383,93.9245
383.1,93.923
383.2,93.9214
383.3,93.9199
383.4,93.9183
383.5,93.9168
383.6,93.9152
383.7,93.9137
383.8,93.9122
383.9,93.9106
384,93.9091
384.1,93.9075
384.2,93.906
384.3,93.9044
384.4,93.9029
384.5,93.9014
384.6,93.8998
384.7,93.8983
384.8,93.8967
384.9,93.8952
385,93.8936
385.1,93.8921
385.2,93.8905
385.3,93.889
385.4,93.8875
385.5,93.8859
385.6,93.8844
385.7,93.8828
385.8,93.8813
385.9,93.8797
386,93.8782
386.1,93.8766
386.2,93.8751
386.3,93.8736
386.4,93.872
386.5,93.8705
386.6,93.8689
386.7,93.8674
386.8,93.8658
386.9,93.8643
387,93.8627
387.1,93.8612
387.2,93.8597
387.3,93.8581
387.4,93.8566
387.5,93.855
387.6,93.8535
387.7,93.8519
387.8,93.8504
387.9,93.8488
388,93.8473
388.1,93.8458
388.2,93.8442
388.3,93.8427
388.4,93.8411
388.5,93.8396
388.6,93.838
388.7,93.8365
388.8,93.8349
388.9,93.8334
389,93.8319
389.1,93.8303
389.2,93.8288
389.3,93.8272
389.4,93.8257
389.5,93.8241
389.6,93.8226
389.7,93.8211
389.8,93.8195
389.9,93.818
390,93.8164
390.1,93.8149
390.2,93.8133
390.3,93.8118
390.4,93.8103
390.5,93.8087
390.6,93.8072
390.7,93.8056
390.8,93.8041
390.9,93.8025
391,93.801
391.1,93.7994
391.2,93.7979
391.3,93.7964
391.4,93.7948
391.5,93.7933
391.6,93.7917
391.7,93.7902
391.8,93.7886
391.9,93.7871
392,93.7855
392.1,93.784
392.2,93.7824
392.3,93.7809
392.4,93.7794
392.5,93.7778
392.6,93.7763
392.7,93.7747
392.8,93.7732
392.9,93.7716
393,93.7701
393.1,93.7685
393.2,93.767
393.3,93.7654
393.4,93.7639
393.5,93.7623
393.6,93.7608
393.7,93.7592
393.8,93.7577
393.9,93.7561
394,93.7546
394.1,93.753
394.2,93.7515
394.3,93.7499
394.4,93.7484
394.5,93.7468
394.6,93.7453
394.7,93.7437
394.8,93.7422
394.9,93.7407
395,93.7391
395.1,93.7376
395.2,93.736
395.3,93.7345
395.4,93.7329
395.5,93.7314
395.6,93.7298
395.7,93.7283
395.8,93.7267
395.9,93.7252
396,93.7236
396.1,93.7221
396.2,93.7205
396.3,93.719
396.4,93.7174
396.5,93.7159
396.6,93.7143
396.7,93.7128
396.8,93.7112
396.9,93.7097
397,93.7081
397.1,93.7066
397.2,93.705
397.3,93.7035
397.4,93.7019
397.5,93.7004
397.6,93.6988
397.7,93.6973
397.8,93.6957
397.9,93.6942
398,93.6926
398.1,93.6911
398.2,93.6895
398.3,93.688
398.4,93.6864
398.5,93.6849
398.6,93.6833
398.7,93.6818
398.8,93.6802
398.9,93.6787
399,93.6771
399.1,93.6756
399.2,93.674
399.3,93.6725
399.4,93.671
399.5,93.6694
399.6,93.6679
399.7,93.6663
399.8,93.6648
399.9,93.6632
400,93.6617
400.1,93.6601
400.2,93.6586
400.3,93.657
400.4,93.6555
400.5,93.6539
400.6,93.6524
400.7,93.6508
400.8,93.6493
400.9,93.6478
401,93.6462
401.1,93.6447
401.2,93.6431
401.3,93.6416
401.4,93.64
401.5,93.6385
401.6,93.6369
401.7,93.6354
401.8,93.6338
401.9,93.6323
402,93.6308
402.1,93.6292
402.2,93.6277
402.3,93.6261
402.4,93.6246
402.5,93.623
402.6,93.6215
402.7,93.6199
402.8,93.6184
402.9,93.6169
403,93.6153
403.1,93.6138
403.2,93.6122
403.3,93.6107
403.4,93.6091
403.5,93.6076
403.6,93.606
403.7,93.6045
403.8,93.603
403.9,93.6014
404,93.5999
404.1,93.5983
404.2,93.5968
404.3,93.5952
404.4,93.5937
404.5,93.5922
404.6,93.5906
404.7,93.5891
404.8,93.5875
404.9,93.586
405,93.5844
405.1,93.5829
405.2,93.5814
405.3,93.5798
405.4,93.5783
405.5,93.5767
405.6,93.5752
405.7,93.5737
405.8,93.5721
405.9,93.5706
406,93.569
406.1,93.5675
406.2,93.566
406.3,93.5644
406.4,93.5629
406.5,93.5614
406.6,93.5598
406.7,93.5583
406.8,93.5568
406.9,93.5553
407,93.5537
407.1,93.5522
407.2,93.5507
407.3,93.5491
407.4,93.5476
407.5,93.5461
407.6,93.5446
407.7,93.543
407.8,93.5415
407.9,93.54
408,93.5385
408.1,93.5369
408.2,93.5354
408.3,93.5339
408.4,93.5323
408.5,93.5308
408.6,93.5293
408.7,93.5278
408.8,93.5262
408.9,93.5247
409,93.5232
409.1,93.5217
409.2,93.5202
409.3,93.5186
409.4,93.5171
409.5,93.5156
409.6,93.5141
409.7,93.5125
409.8,93.511
409.9,93.5095
410,93.508
410.1,93.5065
410.2,93.5049
410.3,93.5034
410.4,93.5019
410.5,93.5004
410.6,93.4989
410.7,93.4973
410.8,93.4958
410.9,93.4943
411,93.4928
411.1,93.4913
411.2,93.4897
411.3,93.4882
411.4,93.4867
411.5,93.4852
411.6,93.4836
411.7,93.4821
411.8,93.4806
411.9,93.4791
412,93.4776
412.1,93.476
412.2,93.4745
412.3,93.473
412.4,93.4715
412.5,93.4699
412.6,93.4684
412.7,93.4669
412.8,93.4654
412.9,93.4638
413,93.4623
413.1,93.4608
413.2,93.4593
413.3,93.4577
413.4,93.4562
413.5,93.4547
413.6,93.4531
413.7,93.4516
413.8,93.4501
413.9,93.4486
414,93.447
414.1,93.4455
414.2,93.444
414.3,93.4424
414.4,93.4409
414.5,93.4394
414.6,93.4379
414.7,93.4363
414.8,93.4348
414.9,93.4333
415,93.4317
415.1,93.4302
415.2,93.4287
415.3,93.4272
415.4,93.4256
415.5,93.4241
415.6,93.4226
415.7,93.421
415.8,93.4195
415.9,93.418
416,93.4164
416.1,93.4149
416.2,93.4134
416.3,93.4119
416.4,93.4103
416.5,93.4088
416.6,93.4073
416.7,93.4057
416.8,93.4042
416.9,93.4027
417,93.4011
417.1,93.3996
417.2,93.3981
417.3,93.3965
417.4,93.395
417.5,93.3935
417.6,93.392
417.7,93.3904
417.8,93.3889
417.9,93.3874
418,93.3858
418.1,93.3843
418.2,93.3828
418.3,93.3812
418.4,93.3797
418.5,93.3782
418.6,93.3767
418.7,93.3751
418.8,93.3736
418.9,93.3721
419,93.3705
419.1,93.369
419.2,93.3675
419.3,93.366
419.4,93.3644
419.5,93.3629
419.6,93.3614
419.7,93.3599
419.8,93.3584
419.9,93.3568
420,93.3553
420.1,93.3538
420.2,93.3523
420.3,93.3508
420.4,93.3493
420.5,93.3478
420.6,93.3463
420.7,93.3449
420.8,93.3434
420.9,93.3419
421,93.3404
421.1,93.3389
421.2,93.3375
421.3,93.336
421.4,93.3345
421.5,93.3331
421.6,93.3316
421.7,93.3301
421.8,93.3287
421.9,93.3272
422,93.3258
422.1,93.3243
422.2,93.3229
422.3,93.3214
422.4,93.32
422.5,93.3185
422.6,93.3171
422.7,93.3156
422.8,93.3141
422.9,93.3127
423,93.3112
423.1,93.3098
423.2,93.3083
423.3,93.3068
423.4,93.3054
423.5,93.3039
423.6,93.3024
423.7,93.3009
423.8,93.2995
423.9,93.298
424,93.2965
424.1,93.295
424.2,93.2935
424.3,93.292
424.4,93.2906
424.5,93.2891
424.6,93.2876
424.7,93.2861
424.8,93.2846
424.9,93.2831
425,93.2816
425.1,93.2801
425.2,93.2785
425.3,93.277
425.4,93.2755
425.5,93.274
425.6,93.2725
425.7,93.271
425.8,93.2695
425.9,93.2679
426,93.2664
426.1,93.2649
426.2,93.2634
426.3,93.2619
426.4,93.2603
426.5,93.2588
426.6,93.2573
426.7,93.2558
426.8,93.2542
426.9,93.2527
427,93.2512
427.1,93.2496
427.2,93.2481
427.3,93.2466
427.4,93.245
427.5,93.2435
427.6,93.242
427.7,93.2404
427.8,93.2389
427.9,93.2374
428,93.2358
428.1,93.2343
428.2,93.2327
428.3,93.2312
428.4,93.2297
428.5,93.2281
428.6,93.2266
428.7,93.225
428.8,93.2235
428.9,93.2219
429,93.2204
429.1,93.2189
429.2,93.2173
429.3,93.2158
429.4,93.2142
429.5,93.2127
429.6,93.2111
429.7,93.2096
429.8,93.208
429.9,93.2065
430,93.205
430.1,93.2034
430.2,93.2019
430.3,93.2003
430.4,93.1988
430.5,93.1972
430.6,93.1957
430.7,93.1941
430.8,93.1926
430.9,93.191
431,93.1895
431.1,93.1879
431.2,93.1864
431.3,93.1848
431.4,93.1833
431.5,93.1817
431.6,93.1802
431.7,93.1786
431.8,93.1771
431.9,93.1755
432,93.174
432.1,93.1724
432.2,93.1709
432.3,93.1693
432.4,93.1678
432.5,93.1662
432.6,93.1647
432.7,93.1631
432.8,93.1616
432.9,93.16
433,93.1585
433.1,93.1569
433.2,93.1554
433.3,93.1538
433.4,93.1523
433.5,93.1507
433.6,93.1492
433.7,93.1476
433.8,93.146
433.9,93.1445
434,93.1429
434.1,93.1414
434.2,93.1398
434.3,93.1383
434.4,93.1367
434.5,93.1352
434.6,93.1336
434.7,93.1321
434.8,93.1305
434.9,93.129
435,93.1274
435.1,93.1259
435.2,93.1243
435.3,93.1228
435.4,93.1212
435.5,93.1197
435.6,93.1181
435.7,93.1165
435.8,93.115
435.9,93.1134
436,93.1119
436.1,93.1103
436.2,93.1088
436.3,93.1072
436.4,93.1057
436.5,93.1041
436.6,93.1026
436.7,93.101
436.8,93.0995
436.9,93.0979
437,93.0964
437.1,93.0948
437.2,93.0932
437.3,93.0917
437.4,93.0901
437.5,93.0886
437.6,93.087
437.7,93.0855
437.8,93.0839
437.9,93.0824
438,93.0808
438.1,93.0793
438.2,93.0777
438.3,93.0762
438.4,93.0746
438.5,93.0731
438.6,93.0715
438.7,93.0699
438.8,93.0684
438.9,93.0668
439,93.0653
439.1,93.0637
439.2,93.0622
439.3,93.0606
439.4,93.0591
439.5,93.0575
439.6,93.056
439.7,93.0544
439.8,93.0529
439.9,93.0513
440,93.0497
440.1,93.0482
440.2,93.0466
440.3,93.0451
440.4,93.0435
440.5,93.042
440.6,93.0404
440.7,93.0389
440.8,93.0373
440.9,93.0358
441,93.0342
441.1,93.0327
441.2,93.0311
441.3,93.0295
441.4,93.028
441.5,93.0264
441.6,93.0249
441.7,93.0233
441.8,93.0218
441.9,93.0202
442,93.0187
442.1,93.0171
442.2,93.0156
442.3,93.014
442.4,93.0125
442.5,93.0109
442.6,93.0093
442.7,93.0078
442.8,93.0062
442.9,93.0047
443,93.0031
443.1,93.0016
443.2,93
443.3,92.9985
443.4,92.9969
443.5,92.9954
443.6,92.9938
443.7,92.9923
443.8,92.9907
443.9,92.9891
444,92.9876
444.1,92.986
444.2,92.9845
444.3,92.9829
444.4,92.9814
444.5,92.9798
444.6,92.9783
444.7,92.9767
444.8,92.9752
444.9,92.9736
445,92.9721
445.1,92.9705
445.2,92.969
445.3,92.9674
445.4,92.9658
445.5,92.9643
445.6,92.9627
445.7,92.9612
445.8,92.9596
445.9,92.9581
446,92.9565
446.1,92.955
446.2,92.9534
446.3,92.9519
446.4,92.9503
446.5,92.9488
446.6,92.9472
446.7,92.9457
446.8,92.9441
446.9,92.9426
447,92.941
447.1,92.9395
447.2,92.9379
447.3,92.9364
447.4,92.9348
447.5,92.9333
447.6,92.9317
447.7,92.9301
447.8,92.9286
447.9,92.927
448,92.9255
448.1,92.9239
448.2,92.9224
448.3,92.9208
448.4,92.9193
448.5,92.9177
448.6,92.9162
448.7,92.9146
448.8,92.9131
448.9,92.9115
449,92.91
449.1,92.9084
449.2,92.9069
449.3,92.9053
449.4,92.9038
449.5,92.9022
449.6,92.9007
449.7,92.8991
449.8,92.8976
449.9,92.896
450,92.8945
450.1,92.8929
450.2,92.8914
450.3,92.8898
450.4,92.8883
450.5,92.8867
450.6,92.8851
450.7,92.8836
450.8,92.882
450.9,92.8805
451,92.8789
451.1,92.8774
451.2,92.8758
451.3,92.8743
451.4,92.8727
451.5,92.8712
451.6,92.8696
451.7,92.8681
451.8,92.8665
451.9,92.865
452,92.8634
452.1,92.8619
452.2,92.8603
452.3,92.8588
452.4,92.8572
452.5,92.8557
452.6,92.8541
452.7,92.8526
452.8,92.851
452.9,92.8495
453,92.8479
453.1,92.8464
453.2,92.8448
453.3,92.8433
453.4,92.8417
453.5,92.8402
453.6,92.8386
453.7,92.8371
453.8,92.8355
453.9,92.8339
454,92.8324
454.1,92.8308
454.2,92.8293
454.3,92.8277
454.4,92.8262
454.5,92.8246
454.6,92.8231
454.7,92.8215
454.8,92.82
454.9,92.8184
455,92.8169
455.1,92.8153
455.2,92.8138
455.3,92.8122
455.4,92.8107
455.5,92.8091
455.6,92.8076
455.7,92.806
455.8,92.8045
455.9,92.8029
456,92.8014
456.1,92.7998
456.2,92.7983
456.3,92.7967
456.4,92.7952
456.5,92.7936
456.6,92.7921
456.7,92.7905
456.8,92.789
456.9,92.7874
457,92.7858
457.1,92.7843
457.2,92.7827
457.3,92.7812
457.4,92.7796
457.5,92.7781
457.6,92.7765
457.7,92.775
457.8,92.7734
457.9,92.7719
458,92.7703
458.1,92.7688
458.2,92.7672
458.3,92.7657
458.4,92.7641
458.5,92.7626
458.6,92.761
458.7,92.7595
458.8,92.7579
458.9,92.7564
459,92.7548
459.1,92.7533
459.2,92.7517
459.3,92.7502
459.4,92.7486
459.5,92.7471
459.6,92.7455
459.7,92.744
459.8,92.7424
459.9,92.7409
460,92.7393
460.1,92.7378
460.2,92.7362
460.3,92.7346
460.4,92.7331
460.5,92.7315
460.6,92.73
460.7,92.7284
460.8,92.7269
460.9,92.7253
461,92.7238
461.1,92.7222
461.2,92.7207
461.3,92.7191
461.4,92.7176
461.5,92.716
461.6,92.7145
461.7,92.7129
461.8,92.7114
461.9,92.7098
462,92.7083
462.1,92.7067
462.2,92.7052
462.3,92.7036
462.4,92.7021
462.5,92.7005
462.6,92.699
462.7,92.6974
462.8,92.6959
462.9,92.6943
463,92.6928
463.1,92.6912
463.2,92.6896
463.3,92.6881
463.4,92.6865
463.5,92.685
463.6,92.6834
463.7,92.6819
463.8,92.6803
463.9,92.6788
464,92.6772
464.1,92.6757
464.2,92.6741
464.3,92.6726
464.4,92.671
464.5,92.6695
464.6,92.6679
464.7,92.6664
464.8,92.6648
464.9,92.6633
465,92.6617
465.1,92.6602
465.2,92.6586
465.3,92.6571
465.4,92.6555
465.5,92.654
465.6,92.6524
465.7,92.6509
465.8,92.6493
465.9,92.6478
466,92.6462
466.1,92.6446
466.2,92.6431
466.3,92.6415
466.4,92.64
466.5,92.6384
466.6,92.6369
466.7,92.6353
466.8,92.6338
466.9,92.6322
467,92.6307
467.1,92.6291
467.2,92.6276
467.3,92.626
467.4,92.6245
467.5,92.6229
467.6,92.6214
467.7,92.6198
467.8,92.6183
467.9,92.6167
468,92.6152
468.1,92.6136
468.2,92.6121
468.3,92.6105
468.4,92.609
468.5,92.6074
468.6,92.6059
468.7,92.6043
468.8,92.6028
468.9,92.6012
469,92.5996
469.1,92.5981
469.2,92.5965
469.3,92.595
469.4,92.5934
469.5,92.5919
469.6,92.5903
469.7,92.5888
469.8,92.5872
469.9,92.5857
470,92.5841
470.1,92.5826
470.2,92.581
470.3,92.5795
470.4,92.5779
470.5,92.5764
470.6,92.5748
470.7,92.5733
470.8,92.5717
470.9,92.5702
471,92.5686
471.1,92.5671
471.2,92.5655
471.3,92.564
471.4,92.5624
471.5,92.5609
471.6,92.5593
471.7,92.5578
471.8,92.5562
471.9,92.5546
472,92.5531
472.1,92.5515
472.2,92.55
472.3,92.5484
472.4,92.5469
472.5,92.5453
472.6,92.5438
472.7,92.5422
472.8,92.5407
472.9,92.5391
473,92.5376
473.1,92.536
473.2,92.5345
473.3,92.5329
473.4,92.5314
473.5,92.5298
473.6,92.5283
473.7,92.5267
473.8,92.5252
473.9,92.5236
474,92.5221
474.1,92.5205
474.2,92.519
474.3,92.5174
474.4,92.5159
474.5,92.5143
474.6,92.5127
474.7,92.5112
474.8,92.5096
474.9,92.5081
475,92.5065
475.1,92.505
475.2,92.5034
475.3,92.5019
475.4,92.5003
475.5,92.4988
475.6,92.4972
475.7,92.4957
475.8,92.4941
475.9,92.4926
476,92.491
476.1,92.4895
476.2,92.4879
476.3,92.4864
476.4,92.4848
476.5,92.4833
476.6,92.4817
476.7,92.4802
476.8,92.4786
476.9,92.4771
477,92.4755
477.1,92.474
477.2,92.4724
477.3,92.4708
477.4,92.4693
477.5,92.4677
477.6,92.4662
477.7,92.4646
477.8,92.4631
477.9,92.4615
478,92.46
478.1,92.4584
478.2,92.4569
478.3,92.4553
478.4,92.4538
478.5,92.4522
478.6,92.4507
478.7,92.4491
478.8,92.4476
478.9,92.446
479,92.4445
479.1,92.4429
479.2,92.4414
479.3,92.4398
479.4,92.4383
479.5,92.4367
479.6,92.4352
479.7,92.4336
479.8,92.432
479.9,92.4305
480,92.4289
480.1,92.4274
480.2,92.4258
480.3,92.4243
480.4,92.4227
480.5,92.4212
480.6,92.4196
480.7,92.4181
480.8,92.4165
480.9,92.415
481,92.4134
481.1,92.4119
481.2,92.4103
481.3,92.4088
481.4,92.4072
481.5,92.4057
481.6,92.4041
481.7,92.4026
481.8,92.401
481.9,92.3995
482,92.3979
482.1,92.3964
482.2,92.3948
482.3,92.3932
482.4,92.3917
482.5,92.3901
482.6,92.3886
482.7,92.387
482.8,92.3855
482.9,92.3839
483,92.3824
483.1,92.3808
483.2,92.3793
483.3,92.3777
483.4,92.3762
483.5,92.3746
483.6,92.3731
483.7,92.3715
483.8,92.37
483.9,92.3684
484,92.3669
484.1,92.3653
484.2,92.3638
484.3,92.3622
484.4,92.3607
484.5,92.3591
484.6,92.3576
484.7,92.356
484.8,92.3544
484.9,92.3529
485,92.3513
485.1,92.3498
485.2,92.3482
485.3,92.3467
485.4,92.3451
485.5,92.3436
485.6,92.342
485.7,92.3405
485.8,92.3389
485.9,92.3374
486,92.3358
486.1,92.3343
486.2,92.3327
486.3,92.3312
486.4,92.3296
486.5,92.3281
486.6,92.3265
486.7,92.325
486.8,92.3234
486.9,92.3218
487,92.3203
487.1,92.3187
487.2,92.3172
487.3,92.3156
487.4,92.3141
487.5,92.3125
487.6,92.311
487.7,92.3094
487.8,92.3079
487.9,92.3063
488,92.3048
488.1,92.3032
488.2,92.3017
488.3,92.3001
488.4,92.2986
488.5,92.297
488.6,92.2955
488.7,92.2939
488.8,92.2924
488.9,92.2908
489,92.2893
489.1,92.2877
489.2,92.2861
489.3,92.2846
489.4,92.283
489.5,92.2815
489.6,92.2799
489.7,92.2784
489.8,92.2768
489.9,92.2753
490,92.2737
490.1,92.2722
490.2,92.2706
490.3,92.2691
490.4,92.2675
490.5,92.266
490.6,92.2644
490.7,92.2629
490.8,92.2613
490.9,92.2598
491,92.2582
491.1,92.2567
491.2,92.2551
491.3,92.2535
491.4,92.252
491.5,92.2504
491.6,92.2489
491.7,92.2473
491.8,92.2458
491.9,92.2442
492,92.2427
492.1,92.2411
492.2,92.2396
492.3,92.238
492.4,92.2365
492.5,92.2349
492.6,92.2334
492.7,92.2318
492.8,92.2303
492.9,92.2287
493,92.2272
493.1,92.2256
493.2,92.224
493.3,92.2225
493.4,92.2209
493.5,92.2194
493.6,92.2178
493.7,92.2163
493.8,92.2147
493.9,92.2132
494,92.2116
494.1,92.2101
494.2,92.2085
494.3,92.207
494.4,92.2054
494.5,92.2039
494.6,92.2023
494.7,92.2008
494.8,92.1992
494.9,92.1977
495,92.1961
495.1,92.1946
495.2,92.193
495.3,92.1914
495.4,92.1899
495.5,92.1883
495.6,92.1868
495.7,92.1852
495.8,92.1837
495.9,92.1821
496,92.1806
496.1,92.179
496.2,92.1775
496.3,92.1759
496.4,92.1744
496.5,92.1728
496.6,92.1713
496.7,92.1697
496.8,92.1682
496.9,92.1666
497,92.1651
497.1,92.1635
497.2,92.1619
497.3,92.1604
497.4,92.1588
497.5,92.1573
497.6,92.1557
497.7,92.1542
497.8,92.1526
497.9,92.1511
498,92.1495
498.1,92.148
498.2,92.1464
498.3,92.1449
498.4,92.1433
498.5,92.1418
498.6,92.1402
498.7,92.1387
498.8,92.1371
498.9,92.1355
499,92.134
499.1,92.1324
499.2,92.1309
499.3,92.1293
499.4,92.1278
499.5,92.1262
499.6,92.1247
499.7,92.1231
499.8,92.1216
499.9,92.12
500,92.1185
500.1,92.1169
500.2,92.1154
500.3,92.1138
500.4,92.1123
500.5,92.1107
500.6,92.1092
500.7,92.1076
500.8,92.106
500.9,92.1045
501,92.1029
501.1,92.1014
501.2,92.0998
501.3,92.0983
501.4,92.0967
501.5,92.0952
501.6,92.0936
501.7,92.0921
501.8,92.0905
501.9,92.089
502,92.0874
502.1,92.0859
502.2,92.0843
502.3,92.0828
502.4,92.0812
502.5,92.0796
502.6,92.0781
502.7,92.0765
502.8,92.075
502.9,92.0734
503,92.0719
503.1,92.0703
503.2,92.0688
503.3,92.0672
503.4,92.0657
503.5,92.0641
503.6,92.0626
503.7,92.061
503.8,92.0595
503.9,92.0579
504,92.0564
504.1,92.0548
504.2,92.0532
504.3,92.0517
504.4,92.0501
504.5,92.0486
504.6,92.047
504.7,92.0455
504.8,92.0439
504.9,92.0424
505,92.0408
505.1,92.0393
505.2,92.0377
505.3,92.0362
505.4,92.0346
505.5,92.0331
505.6,92.0315
505.7,92.03
505.8,92.0284
505.9,92.0268
506,92.0253
506.1,92.0237
506.2,92.0222
506.3,92.0206
506.4,92.0191
506.5,92.0175
506.6,92.016
506.7,92.0144
506.8,92.0129
506.9,92.0113
507,92.0098
507.1,92.0082
507.2,92.0067
507.3,92.0051
507.4,92.0035
507.5,92.002
507.6,92.0004
507.7,91.9989
507.8,91.9973
507.9,91.9958
508,91.9942
508.1,91.9927
508.2,91.9911
508.3,91.9896
508.4,91.988
508.5,91.9865
508.6,91.9849
508.7,91.9834
508.8,91.9818
508.9,91.9803
509,91.9787
509.1,91.9771
509.2,91.9756
509.3,91.974
509.4,91.9725
509.5,91.9709
509.6,91.9694
509.7,91.9678
509.8,91.9663
509.9,91.9647
510,91.9632
510.1,91.9616
510.2,91.9601
510.3,91.9585
510.4,91.957
510.5,91.9554
510.6,91.9538
510.7,91.9523
510.8,91.9507
510.9,91.9492
511,91.9476
511.1,91.9461
511.2,91.9445
511.3,91.943
511.4,91.9414
511.5,91.9399
511.6,91.9383
511.7,91.9368
511.8,91.9352
511.9,91.9337
512,91.9321
512.1,91.9306
512.2,91.929
512.3,91.9274
512.4,91.9259
512.5,91.9243
512.6,91.9228
512.7,91.9212
512.8,91.9197
512.9,91.9181
513,91.9166
513.1,91.915
513.2,91.9135
513.3,91.9119
513.4,91.9104
513.5,91.9088
513.6,91.9073
513.7,91.9057
513.8,91.9041
513.9,91.9026
514,91.901
514.1,91.8995
514.2,91.8979
514.3,91.8964
514.4,91.8948
514.5,91.8933
514.6,91.8917
514.7,91.8902
514.8,91.8886
514.9,91.8871
515,91.8855
515.1,91.884
515.2,91.8824
515.3,91.8808
515.4,91.8793
515.5,91.8777
515.6,91.8762
515.7,91.8746
515.8,91.8731
515.9,91.8715
516,91.87
516.1,91.8684
516.2,91.8669
516.3,91.8653
516.4,91.8638
516.5,91.8622
516.6,91.8606
516.7,91.8591
516.8,91.8575
516.9,91.856
517,91.8544
517.1,91.8529
517.2,91.8513
517.3,91.8498
517.4,91.8482
517.5,91.8467
517.6,91.8451
517.7,91.8436
517.8,91.842
517.9,91.8405
518,91.8389
518.1,91.8373
518.2,91.8358
518.3,91.8342
518.4,91.8327
518.5,91.8311
518.6,91.8296
518.7,91.828
518.8,91.8265
518.9,91.8249
519,91.8234
519.1,91.8218
519.2,91.8203
519.3,91.8187
519.4,91.8172
519.5,91.8156
519.6,91.814
519.7,91.8125
519.8,91.8109
519.9,91.8094
520,91.8078
520.1,91.8063
520.2,91.8047
520.3,91.8032
520.4,91.8016
520.5,91.8001
520.6,91.7985
520.7,91.797
520.8,91.7954
520.9,91.7938
521,91.7923
521.1,91.7907
521.2,91.7892
521.3,91.7876
521.4,91.7861
521.5,91.7845
521.6,91.783
521.7,91.7814
521.8,91.7799
521.9,91.7783
522,91.7768
522.1,91.7752
522.2,91.7737
522.3,91.7721
522.4,91.7705
522.5,91.769
522.6,91.7674
522.7,91.7659
522.8,91.7643
522.9,91.7628
523,91.7612
523.1,91.7597
523.2,91.7581
523.3,91.7566
523.4,91.755
523.5,91.7535
523.6,91.7519
523.7,91.7503
523.8,91.7488
523.9,91.7472
524,91.7457
524.1,91.7441
524.2,91.7426
524.3,91.741
524.4,91.7395
524.5,91.7379
524.6,91.7364
524.7,91.7348
524.8,91.7333
524.9,91.7317
525,91.7301
525.1,91.7286
525.2,91.727
525.3,91.7255
525.4,91.7239
525.5,91.7224
525.6,91.7208
525.7,91.7193
525.8,91.7177
525.9,91.7162
526,91.7146
526.1,91.7131
526.2,91.7115
526.3,91.71
526.4,91.7084
526.5,91.7068
526.6,91.7053
526.7,91.7037
526.8,91.7022
526.9,91.7006
527,91.6991
527.1,91.6975
527.2,91.696
527.3,91.6944
527.4,91.6929
527.5,91.6913
527.6,91.6898
527.7,91.6882
527.8,91.6866
527.9,91.6851
528,91.6835
528.1,91.682
528.2,91.6804
528.3,91.6789
528.4,91.6773
528.5,91.6758
528.6,91.6742
528.7,91.6727
528.8,91.6711
528.9,91.6696
529,91.668
529.1,91.6664
529.2,91.6649
529.3,91.6633
529.4,91.6618
529.5,91.6602
529.6,91.6587
529.7,91.6571
529.8,91.6556
529.9,91.654
530,91.6525
530.1,91.6509
530.2,91.6494
530.3,91.6478
530.4,91.6462
530.5,91.6447
530.6,91.6431
530.7,91.6416
530.8,91.64
530.9,91.6385
531,91.6369
531.1,91.6354
531.2,91.6338
531.3,91.6323
531.4,91.6307
531.5,91.6291
531.6,91.6276
531.7,91.626
531.8,91.6245
531.9,91.6229
532,91.6214
532.1,91.6198
532.2,91.6183
532.3,91.6167
532.4,91.6152
532.5,91.6136
532.6,91.6121
532.7,91.6105
532.8,91.6089
532.9,91.6074
533,91.6058
533.1,91.6043
533.2,91.6027
533.3,91.6012
533.4,91.5996
533.5,91.5981
533.6,91.5965
533.7,91.595
533.8,91.5934
533.9,91.5919
534,91.5903
534.1,91.5887
534.2,91.5872
534.3,91.5856
534.4,91.5841
534.5,91.5825
534.6,91.581
534.7,91.5794
534.8,91.5779
534.9,91.5763
535,91.5748
535.1,91.5732
535.2,91.5716
535.3,91.5701
535.4,91.5685
535.5,91.567
535.6,91.5654
535.7,91.5639
535.8,91.5623
535.9,91.5608
536,91.5592
536.1,91.5577
536.2,91.5561
536.3,91.5546
536.4,91.553
536.5,91.5514
536.6,91.5499
536.7,91.5483
536.8,91.5468
536.9,91.5452
537,91.5437
537.1,91.5421
537.2,91.5406
537.3,91.539
537.4,91.5375
537.5,91.5359
537.6,91.5343
537.7,91.5328
537.8,91.5312
537.9,91.5297
538,91.5281
538.1,91.5266
538.2,91.525
538.3,91.5235
538.4,91.5219
538.5,91.5204
538.6,91.5188
538.7,91.5173
538.8,91.5157
538.9,91.5141
539,91.5126
539.1,91.511
539.2,91.5095
539.3,91.5079
539.4,91.5064
539.5,91.5048
539.6,91.5033
539.7,91.5017
539.8,91.5002
539.9,91.4986
540,91.497
540.1,91.4955
540.2,91.4939
540.3,91.4924
540.4,91.4908
540.5,91.4893
540.6,91.4877
540.7,91.4862
540.8,91.4846
540.9,91.4831
541,91.4815
541.1,91.4799
541.2,91.4784
541.3,91.4768
541.4,91.4753
541.5,91.4737
541.6,91.4722
541.7,91.4706
541.8,91.4691
541.9,91.4675
542,91.466
542.1,91.4644
542.2,91.4628
542.3,91.4613
542.4,91.4597
542.5,91.4582
542.6,91.4566
542.7,91.4551
542.8,91.4535
542.9,91.452
543,91.4504
543.1,91.4489
543.2,91.4473
543.3,91.4458
543.4,91.4442
543.5,91.4426
543.6,91.4411
543.7,91.4395
543.8,91.438
543.9,91.4364
544,91.4349
544.1,91.4333
544.2,91.4318
544.3,91.4302
544.4,91.4287
544.5,91.4271
544.6,91.4255
544.7,91.424
544.8,91.4224
544.9,91.4209
545,91.4193
545.1,91.4178
545.2,91.4162
545.3,91.4147
545.4,91.4131
545.5,91.4116
545.6,91.41
545.7,91.4084
545.8,91.4069
545.9,91.4053
546,91.4038
546.1,91.4022
546.2,91.4007
546.3,91.3991
546.4,91.3976
546.5,91.396
546.6,91.3945
546.7,91.3929
546.8,91.3913
546.9,91.3898
547,91.3882
547.1,91.3867
547.2,91.3851
547.3,91.3836
547.4,91.382
547.5,91.3805
547.6,91.3789
547.7,91.3774
547.8,91.3758
547.9,91.3742
548,91.3727
548.1,91.3711
548.2,91.3696
548.3,91.368
548.4,91.3665
548.5,91.3649
548.6,91.3634
548.7,91.3618
548.8,91.3603
548.9,91.3587
549,91.3571
549.1,91.3556
549.2,91.354
549.3,91.3525
549.4,91.3509
549.5,91.3494
549.6,91.3478
549.7,91.3463
549.8,91.3447
549.9,91.3431
550,91.3416
550.1,91.34
550.2,91.3385
550.3,91.3369
550.4,91.3354
550.5,91.3338
550.6,91.3323
550.7,91.3307
550.8,91.3292
550.9,91.3276
551,91.3261
551.1,91.3245
551.2,91.3229
551.3,91.3214
551.4,91.3198
551.5,91.3183
551.6,91.3167
551.7,91.3152
551.8,91.3136
551.9,91.3121
552,91.3105
552.1,91.309
552.2,91.3074
552.3,91.3059
552.4,91.3043
552.5,91.3028
552.6,91.3012
552.7,91.2997
552.8,91.2981
552.9,91.2966
553,91.295
553.1,91.2935
553.2,91.2919
553.3,91.2904
553.4,91.2888
553.5,91.2873
553.6,91.2857
553.7,91.2842
553.8,91.2826
553.9,91.2811
554,91.2795
554.1,91.278
554.2,91.2764
554.3,91.2749
554.4,91.2733
554.5,91.2718
554.6,91.2702
554.7,91.2687
554.8,91.2671
554.9,91.2656
555,91.264
555.1,91.2625
555.2,91.2609
555.3,91.2594
555.4,91.2578
555.5,91.2563
555.6,91.2548
555.7,91.2532
555.8,91.2517
555.9,91.2501
556,91.2486
556.1,91.247
556.2,91.2455
556.3,91.2439
556.4,91.2424
556.5,91.2408
556.6,91.2393
556.7,91.2378
556.8,91.2362
556.9,91.2347
557,91.2331
557.1,91.2316
557.2,91.23
557.3,91.2285
557.4,91.227
557.5,91.2254
557.6,91.2239
557.7,91.2223
557.8,91.2208
557.9,91.2192
558,91.2177
558.1,91.2162
558.2,91.2146
558.3,91.2131
558.4,91.2115
558.5,91.21
558.6,91.2085
558.7,91.2069
558.8,91.2054
558.9,91.2038
559,91.2023
559.1,91.2008
559.2,91.1992
559.3,91.1977
559.4,91.1961
559.5,91.1946
559.6,91.1931
559.7,91.1915
559.8,91.19
559.9,91.1884
560,91.1869
560.1,91.1854
560.2,91.1838
560.3,91.1823
560.4,91.1807
560.5,91.1792
560.6,91.1777
560.7,91.1761
560.8,91.1746
560.9,91.1731
561,91.1715
561.1,91.17
561.2,91.1685
561.3,91.1669
561.4,91.1654
561.5,91.1638
561.6,91.1623
561.7,91.1608
561.8,91.1592
561.9,91.1577
562,91.1562
562.1,91.1546
562.2,91.1531
562.3,91.1516
562.4,91.15
562.5,91.1485
562.6,91.147
562.7,91.1454
562.8,91.1439
562.9,91.1424
563,91.1408
563.1,91.1393
563.2,91.1378
563.3,91.1362
563.4,91.1347
563.5,91.1332
563.6,91.1316
563.7,91.1301
563.8,91.1286
563.9,91.127
564,91.1255
564.1,91.1239
564.2,91.1224
564.3,91.1209
564.4,91.1193
564.5,91.1178
564.6,91.1163
564.7,91.1147
564.8,91.1132
564.9,91.1117
565,91.1101
565.1,91.1086
565.2,91.1071
565.3,91.1055
565.4,91.104
565.5,91.1025
565.6,91.1009
565.7,91.0994
565.8,91.0979
565.9,91.0963
566,91.0948
566.1,91.0932
566.2,91.0917
566.3,91.0902
566.4,91.0886
566.5,91.0871
566.6,91.0856
566.7,91.084
566.8,91.0825
566.9,91.081
567,91.0794
567.1,91.0779
567.2,91.0763
567.3,91.0748
567.4,91.0733
567.5,91.0717
567.6,91.0702
567.7,91.0687
567.8,91.0671
567.9,91.0656
568,91.064
568.1,91.0625
568.2,91.061
568.3,91.0594
568.4,91.0579
568.5,91.0564
568.6,91.0548
568.7,91.0533
568.8,91.0517
568.9,91.0502
569,91.0487
569.1,91.0471
569.2,91.0456
569.3,91.0441
569.4,91.0425
569.5,91.041
569.6,91.0394
569.7,91.0379
569.8,91.0364
569.9,91.0348
570,91.0333
570.1,91.0317
570.2,91.0302
570.3,91.0287
570.4,91.0271
570.5,91.0256
570.6,91.0241
570.7,91.0225
570.8,91.021
570.9,91.0194
571,91.0179
571.1,91.0164
571.2,91.0148
571.3,91.0133
571.4,91.0117
571.5,91.0102
571.6,91.0087
571.7,91.0071
571.8,91.0056
571.9,91.004
572,91.0025
572.1,91.001
572.2,90.9994
572.3,90.9979
572.4,90.9963
572.5,90.9948
572.6,90.9933
572.7,90.9917
572.8,90.9902
572.9,90.9886
573,90.9871
573.1,90.9856
573.2,90.984
573.3,90.9825
573.4,90.9809
573.5,90.9794
573.6,90.9778
573.7,90.9763
573.8,90.9748
573.9,90.9732
574,90.9717
574.1,90.9701
574.2,90.9686
574.3,90.9671
574.4,90.9655
574.5,90.964
574.6,90.9624
574.7,90.9609
574.8,90.9593
574.9,90.9578
575,90.9563
575.1,90.9547
575.2,90.9532
575.3,90.9516
575.4,90.9501
575.5,90.9485
575.6,90.947
575.7,90.9454
575.8,90.9439
575.9,90.9424
576,90.9408
576.1,90.9393
576.2,90.9377
576.3,90.9362
576.4,90.9346
576.5,90.9331
576.6,90.9316
576.7,90.93
576.8,90.9285
576.9,90.9269
577,90.9254
577.1,90.9238
577.2,90.9223
577.3,90.9208
577.4,90.9192
577.5,90.9177
577.6,90.9161
577.7,90.9146
577.8,90.913
577.9,90.9115
578,90.9099
578.1,90.9084
578.2,90.9069
578.3,90.9053
578.4,90.9038
578.5,90.9022
578.6,90.9007
578.7,90.8991
578.8,90.8976
578.9,90.8961
579,90.8945
579.1,90.893
579.2,90.8914
579.3,90.8899
579.4,90.8883
579.5,90.8868
579.6,90.8852
579.7,90.8837
579.8,90.8822
579.9,90.8806
580,90.8791
580.1,90.8775
580.2,90.876
580.3,90.8744
580.4,90.8729
580.5,90.8713
580.6,90.8698
580.7,90.8683
580.8,90.8667
580.9,90.8652
581,90.8636
581.1,90.8621
581.2,90.8605
581.3,90.859
581.4,90.8575
581.5,90.8559
581.6,90.8544
581.7,90.8528
581.8,90.8513
581.9,90.8497
582,90.8482
582.1,90.8466
582.2,90.8451
582.3,90.8436
582.4,90.842
582.5,90.8405
582.6,90.8389
582.7,90.8374
582.8,90.8358
582.9,90.8343
583,90.8328
583.1,90.8312
583.2,90.8297
583.3,90.8281
583.4,90.8266
583.5,90.825
583.6,90.8235
583.7,90.8219
583.8,90.8204
583.9,90.8189
584,90.8173
584.1,90.8158
584.2,90.8142
584.3,90.8127
584.4,90.8111
584.5,90.8096
584.6,90.8081
584.7,90.8065
584.8,90.805
584.9,90.8034
585,90.8019
585.1,90.8003
585.2,90.7988
585.3,90.7972
585.4,90.7957
585.5,90.7942
585.6,90.7926
585.7,90.7911
585.8,90.7895
585.9,90.788
586,90.7864
586.1,90.7849
586.2,90.7834
586.3,90.7818
586.4,90.7803
586.5,90.7787
586.6,90.7772
586.7,90.7756
586.8,90.7741
586.9,90.7725
587,90.771
587.1,90.7695
587.2,90.7679
587.3,90.7664
587.4,90.7648
587.5,90.7633
587.6,90.7617
587.7,90.7602
587.8,90.7587
587.9,90.7571
588,90.7556
588.1,90.754
588.2,90.7525
588.3,90.7509
588.4,90.7494
588.5,90.7479
588.6,90.7463
588.7,90.7448
588.8,90.7432
588.9,90.7417
589,90.7401
589.1,90.7386
589.2,90.737
589.3,90.7355
589.4,90.734
589.5,90.7324
589.6,90.7309
589.7,90.7293
589.8,90.7278
589.9,90.7262
590,90.7247
590.1,90.7232
590.2,90.7216
590.3,90.7201
590.4,90.7185
590.5,90.717
590.6,90.7155
590.7,90.7139
590.8,90.7124
590.9,90.7108
591,90.7093
591.1,90.7077
591.2,90.7062
591.3,90.7047
591.4,90.7031
591.5,90.7016
591.6,90.7
591.7,90.6985
591.8,90.6969
591.9,90.6954
592,90.6939
592.1,90.6923
592.2,90.6908
592.3,90.6892
592.4,90.6877
592.5,90.6862
592.6,90.6846
592.7,90.6831
592.8,90.6816
592.9,90.68
593,90.6785
593.1,90.6769
593.2,90.6754
593.3,90.6739
593.4,90.6723
593.5,90.6708
593.6,90.6692
593.7,90.6677
593.8,90.6662
593.9,90.6646
594,90.6631
594.1,90.6616
594.2,90.66
594.3,90.6585
594.4,90.657
594.5,90.6554
594.6,90.6539
594.7,90.6524
594.8,90.6508
594.9,90.6493
595,90.6478
595.1,90.6462
595.2,90.6447
595.3,90.6431
595.4,90.6416
595.5,90.6401
595.6,90.6385
595.7,90.637
595.8,90.6355
595.9,90.6339
596,90.6324
596.1,90.6309
596.2,90.6293
596.3,90.6278
596.4,90.6263
596.5,90.6247
596.6,90.6232
596.7,90.6217
596.8,90.6201
596.9,90.6186
597,90.6171
597.1,90.6155
597.2,90.614
597.3,90.6124
597.4,90.6109
597.5,90.6094
597.6,90.6078
597.7,90.6063
597.8,90.6048
597.9,90.6032
598,90.6017
598.1,90.6001
598.2,90.5986
598.3,90.5971
598.4,90.5955
598.5,90.594
598.6,90.5925
598.7,90.5909
598.8,90.5894
598.9,90.5878
599,90.5863
599.1,90.5848
599.2,90.5832
599.3,90.5817
599.4,90.5801
599.5,90.5786
599.6,90.5771
599.7,90.5755
599.8,90.574
599.9,90.5724
600,90.5709
600.1,90.5694
600.2,90.5678
600.3,90.5663
600.4,90.5647
600.5,90.5632
600.6,90.5617
600.7,90.5601
600.8,90.5586
600.9,90.557
601,90.5555
601.1,90.5539
601.2,90.5524
601.3,90.5509
601.4,90.5493
601.5,90.5478
601.6,90.5462
601.7,90.5447
601.8,90.5431
601.9,90.5416
602,90.5401
602.1,90.5385
602.2,90.537
602.3,90.5354
602.4,90.5339
602.5,90.5323
602.6,90.5308
602.7,90.5292
602.8,90.5277
602.9,90.5261
603,90.5246
603.1,90.5231
603.2,90.5215
603.3,90.52
603.4,90.5184
603.5,90.5169
603.6,90.5153
603.7,90.5138
603.8,90.5122
603.9,90.5107
604,90.5091
604.1,90.5076
604.2,90.506
604.3,90.5045
604.4,90.5029
604.5,90.5014
604.6,90.4999
604.7,90.4983
604.8,90.4968
604.9,90.4952
605,90.4937
605.1,90.4921
605.2,90.4906
605.3,90.489
605.4,90.4875
605.5,90.4859
605.6,90.4844
605.7,90.4828
605.8,90.4813
605.9,90.4797
606,90.4782
606.1,90.4766
606.2,90.4751
606.3,90.4735
606.4,90.472
606.5,90.4704
606.6,90.4689
606.7,90.4673
606.8,90.4658
606.9,90.4642
607,90.4627
607.1,90.4611
607.2,90.4596
607.3,90.458
607.4,90.4565
607.5,90.4549
607.6,90.4534
607.7,90.4518
607.8,90.4503
607.9,90.4487
608,90.4472
608.1,90.4456
608.2,90.4441
608.3,90.4425
608.4,90.441
608.5,90.4394
608.6,90.4379
608.7,90.4363
608.8,90.4348
608.9,90.4332
609,90.4317
609.1,90.4301
609.2,90.4286
609.3,90.427
609.4,90.4255
609.5,90.4239
609.6,90.4224
609.7,90.4208
609.8,90.4193
609.9,90.4177
610,90.4162
610.1,90.4146
610.2,90.4131
610.3,90.4115
610.4,90.41
610.5,90.4084
610.6,90.4069
610.7,90.4053
610.8,90.4038
610.9,90.4022
611,90.4007
611.1,90.3991
611.2,90.3976
611.3,90.396
611.4,90.3945
611.5,90.3929
611.6,90.3914
611.7,90.3898
611.8,90.3883
611.9,90.3867
612,90.3852
612.1,90.3836
612.2,90.3821
612.3,90.3805
612.4,90.379
612.5,90.3774
612.6,90.3759
612.7,90.3743
612.8,90.3728
612.9,90.3712
613,90.3697
613.1,90.3681
613.2,90.3666
613.3,90.365
613.4,90.3635
613.5,90.3619
613.6,90.3604
613.7,90.3588
613.8,90.3573
613.9,90.3557
614,90.3542
614.1,90.3526
614.2,90.3511
614.3,90.3495
614.4,90.348
614.5,90.3464
614.6,90.3449
614.7,90.3433
614.8,90.3418
614.9,90.3402
615,90.3387
615.1,90.3371
615.2,90.3356
615.3,90.334
615.4,90.3325
615.5,90.3309
615.6,90.3294
615.7,90.3278
615.8,90.3263
615.9,90.3247
616,90.3232
616.1,90.3216
616.2,90.3201
616.3,90.3185
616.4,90.317
616.5,90.3155
616.6,90.3139
616.7,90.3124
616.8,90.3108
616.9,90.3093
617,90.3077
617.1,90.3062
617.2,90.3046
617.3,90.3031
617.4,90.3015
617.5,90.3
617.6,90.2985
617.7,90.2969
617.8,90.2954
617.9,90.2938
618,90.2923
618.1,90.2907
618.2,90.2892
618.3,90.2877
618.4,90.2861
618.5,90.2846
618.6,90.283
618.7,90.2815
618.8,90.2799
618.9,90.2784
619,90.2769
619.1,90.2753
619.2,90.2738
619.3,90.2722
619.4,90.2707
619.5,90.2692
619.6,90.2676
619.7,90.2661
619.8,90.2645
619.9,90.263
620,90.2615
620.1,90.2599
620.2,90.2584
620.3,90.2568
620.4,90.2553
620.5,90.2538
620.6,90.2522
620.7,90.2507
620.8,90.2491
620.9,90.2476
621,90.2461
621.1,90.2445
621.2,90.243
621.3,90.2415
621.4,90.2399
621.5,90.2384
621.6,90.2369
621.7,90.2353
621.8,90.2338
621.9,90.2322
622,90.2307
622.1,90.2292
622.2,90.2276
622.3,90.2261
622.4,90.2246
622.5,90.223
622.6,90.2215
622.7,90.22
622.8,90.2184
622.9,90.2169
623,90.2154
623.1,90.2138
623.2,90.2123
623.3,90.2108
623.4,90.2092
623.5,90.2077
623.6,90.2062
623.7,90.2046
623.8,90.2031
623.9,90.2016
624,90.2
624.1,90.1985
624.2,90.197
624.3,90.1954
624.4,90.1939
624.5,90.1923
624.6,90.1908
624.7,90.1893
624.8,90.1877
624.9,90.1862
625,90.1847
625.1,90.1831
625.2,90.1816
625.3,90.1801
625.4,90.1785
625.5,90.177
625.6,90.1754
625.7,90.1739
625.8,90.1724
625.9,90.1708
626,90.1693
626.1,90.1677
626.2,90.1662
626.3,90.1647
626.4,90.1631
626.5,90.1616
626.6,90.16
626.7,90.1585
626.8,90.1569
626.9,90.1554
627,90.1539
627.1,90.1523
627.2,90.1508
627.3,90.1492
627.4,90.1477
627.5,90.1461
627.6,90.1446
627.7,90.143
627.8,90.1415
627.9,90.14
628,90.1384
628.1,90.1369
628.2,90.1353
628.3,90.1338
628.4,90.1322
628.5,90.1307
628.6,90.1291
628.7,90.1276
628.8,90.126
628.9,90.1245
629,90.123
629.1,90.1214
629.2,90.1199
629.3,90.1183
629.4,90.1168
629.5,90.1152
629.6,90.1137
629.7,90.1121
629.8,90.1106
629.9,90.109
630,90.1075
630.1,90.1059
630.2,90.1044
630.3,90.1028
630.4,90.1013
630.5,90.0997
630.6,90.0982
630.7,90.0966
630.8,90.0951
630.9,90.0935
631,90.092
631.1,90.0904
631.2,90.0889
631.3,90.0873
631.4,90.0858
631.5,90.0842
631.6,90.0827
631.7,90.0811
631.8,90.0796
631.9,90.078
632,90.0765
632.1,90.0749
632.2,90.0734
632.3,90.0718
632.4,90.0703
632.5,90.0687
632.6,90.0671
632.7,90.0656
632.8,90.064
632.9,90.0625
633,90.0609
633.1,90.0594
633.2,90.0578
633.3,90.0563
633.4,90.0547
633.5,90.0532
633.6,90.0516
633.7,90.0501
633.8,90.0485
633.9,90.047
634,90.0454
634.1,90.0439
634.2,90.0423
634.3,90.0408
634.4,90.0392
634.5,90.0376
634.6,90.0361
634.7,90.0345
634.8,90.033
634.9,90.0314
635,90.0299
635.1,90.0283
635.2,90.0268
635.3,90.0252
635.4,90.0237
635.5,90.0221
635.6,90.0206
635.7,90.019
635.8,90.0175
635.9,90.0159
636,90.0144
636.1,90.0128
636.2,90.0112
636.3,90.0097
636.4,90.0081
636.5,90.0066
636.6,90.005
636.7,90.0035
636.8,90.0019
636.9,90.0004
637,89.9988
637.1,89.9973
637.2,89.9957
637.3,89.9942
637.4,89.9926
637.5,89.9911
637.6,89.9895
637.7,89.988
637.8,89.9864
637.9,89.9848
638,89.9833
638.1,89.9817
638.2,89.9802
638.3,89.9786
638.4,89.9771
638.5,89.9755
638.6,89.974
638.7,89.9724
638.8,89.9709
638.9,89.9693
639,89.9678
639.1,89.9662
639.2,89.9647
639.3,89.9631
639.4,89.9616
639.5,89.96
639.6,89.9585
639.7,89.9569
639.8,89.9554
639.9,89.9538
640,89.9523
640.1,89.9507
640.2,89.9492
640.3,89.9476
640.4,89.9461
640.5,89.9445
640.6,89.943
640.7,89.9414
640.8,89.9399
640.9,89.9383
641,89.9368
641.1,89.9352
641.2,89.9337
641.3,89.9321
641.4,89.9306
641.5,89.929
641.6,89.9275
641.7,89.9259
641.8,89.9244
641.9,89.9228
642,89.9213
642.1,89.9197
642.2,89.9182
642.3,89.9166
642.4,89.9151
642.5,89.9135
642.6,89.912
642.7,89.9105
642.8,89.9089
642.9,89.9074
643,89.9058
643.1,89.9043
643.2,89.9027
643.3,89.9012
643.4,89.8996
643.5,89.8981
643.6,89.8965
643.7,89.895
643.8,89.8934
643.9,89.8919
644,89.8903
644.1,89.8888
644.2,89.8872
644.3,89.8857
644.4,89.8842
644.5,89.8826
644.6,89.8811
644.7,89.8795
644.8,89.878
644.9,89.8764
645,89.8749
645.1,89.8733
645.2,89.8718
645.3,89.8702
645.4,89.8687
645.5,89.8671
645.6,89.8656
645.7,89.8641
645.8,89.8625
645.9,89.861
646,89.8594
646.1,89.8579
646.2,89.8563
646.3,89.8548
646.4,89.8532
646.5,89.8517
646.6,89.8501
646.7,89.8486
646.8,89.8471
646.9,89.8455
647,89.844
647.1,89.8424
647.2,89.8409
647.3,89.8393
647.4,89.8378
647.5,89.8362
647.6,89.8347
647.7,89.8332
647.8,89.8316
647.9,89.8301
648,89.8285
648.1,89.827
648.2,89.8254
648.3,89.8239
648.4,89.8223
648.5,89.8208
648.6,89.8193
648.7,89.8177
648.8,89.8162
648.9,89.8146
649,89.8131
649.1,89.8115
649.2,89.81
649.3,89.8085
649.4,89.8069
649.5,89.8054
649.6,89.8038
649.7,89.8023
649.8,89.8007
649.9,89.7992
650,89.7977
650.1,89.7961
650.2,89.7946
650.3,89.793
650.4,89.7915
650.5,89.79
650.6,89.7884
650.7,89.7869
650.8,89.7853
650.9,89.7838
651,89.7823
651.1,89.7807
651.2,89.7792
651.3,89.7776
651.4,89.7761
651.5,89.7745
651.6,89.773
651.7,89.7715
651.8,89.7699
651.9,89.7684
652,89.7668
652.1,89.7653
652.2,89.7638
652.3,89.7622
652.4,89.7607
652.5,89.7591
652.6,89.7576
652.7,89.7561
652.8,89.7545
652.9,89.753
653,89.7514
653.1,89.7499
653.2,89.7484
653.3,89.7468
653.4,89.7453
653.5,89.7437
653.6,89.7422
653.7,89.7406
653.8,89.7391
653.9,89.7376
654,89.736
654.1,89.7345
654.2,89.7329
654.3,89.7314
654.4,89.7299
654.5,89.7283
654.6,89.7268
654.7,89.7252
654.8,89.7237
654.9,89.7221
655,89.7206
655.1,89.7191
655.2,89.7175
655.3,89.716
655.4,89.7144
655.5,89.7129
655.6,89.7113
655.7,89.7098
655.8,89.7083
655.9,89.7067
656,89.7052
656.1,89.7036
656.2,89.7021
656.3,89.7005
656.4,89.699
656.5,89.6975
656.6,89.6959
656.7,89.6944
656.8,89.6928
656.9,89.6913
657,89.6897
657.1,89.6882
657.2,89.6866
657.3,89.6851
657.4,89.6836
657.5,89.682
657.6,89.6805
657.7,89.6789
657.8,89.6774
657.9,89.6758
658,89.6743
658.1,89.6727
658.2,89.6712
658.3,89.6697
658.4,89.6681
658.5,89.6666
658.6,89.665
658.7,89.6635
658.8,89.6619
658.9,89.6604
659,89.6588
659.1,89.6573
659.2,89.6557
659.3,89.6542
659.4,89.6527
659.5,89.6511
659.6,89.6496
659.7,89.648
659.8,89.6465
659.9,89.6449
660,89.6434
660.1,89.6418
660.2,89.6403
660.3,89.6387
660.4,89.6372
660.5,89.6357
660.6,89.6341
660.7,89.6326
660.8,89.631
660.9,89.6295
661,89.6279
661.1,89.6264
661.2,89.6248
661.3,89.6233
661.4,89.6217
661.5,89.6202
661.6,89.6186
661.7,89.6171
661.8,89.6155
661.9,89.614
662,89.6125
662.1,89.6109
662.2,89.6094
662.3,89.6078
662.4,89.6063
662.5,89.6047
662.6,89.6032
662.7,89.6016
662.8,89.6001
662.9,89.5985
663,89.597
663.1,89.5954
663.2,89.5939
663.3,89.5923
663.4,89.5908
663.5,89.5892
663.6,89.5877
663.7,89.5861
663.8,89.5846
663.9,89.583
664,89.5815
664.1,89.5799
664.2,89.5784
664.3,89.5768
664.4,89.5753
664.5,89.5737
664.6,89.5722
664.7,89.5706
664.8,89.5691
664.9,89.5675
665,89.566
665.1,89.5644
665.2,89.5629
665.3,89.5613
665.4,89.5598
665.5,89.5582
665.6,89.5567
665.7,89.5551
665.8,89.5536
665.9,89.552
666,89.5505
666.1,89.5489
666.2,89.5474
666.3,89.5458
666.4,89.5443
666.5,89.5427
666.6,89.5412
666.7,89.5396
666.8,89.538
666.9,89.5365
667,89.5349
667.1,89.5334
667.2,89.5318
667.3,89.5303
667.4,89.5287
667.5,89.5272
667.6,89.5256
667.7,89.5241
667.8,89.5225
667.9,89.521
668,89.5194
668.1,89.5179
668.2,89.5163
668.3,89.5148
668.4,89.5132
668.5,89.5116
668.6,89.5101
668.7,89.5085
668.8,89.507
668.9,89.5054
669,89.5039
669.1,89.5023
669.2,89.5008
669.3,89.4992
669.4,89.4977
669.5,89.4961
669.6,89.4946
669.7,89.493
669.8,89.4915
669.9,89.4899
670,89.4884
670.1,89.4868
670.2,89.4852
670.3,89.4837
670.4,89.4821
670.5,89.4806
670.6,89.479
670.7,89.4775
670.8,89.4759
670.9,89.4744
671,89.4728
671.1,89.4713
671.2,89.4697
671.3,89.4682
671.4,89.4666
671.5,89.465
671.6,89.4635
671.7,89.4619
671.8,89.4604
671.9,89.4588
672,89.4573
672.1,89.4557
672.2,89.4542
672.3,89.4526
672.4,89.4511
672.5,89.4495
672.6,89.4479
672.7,89.4464
672.8,89.4448
672.9,89.4433
673,89.4417
673.1,89.4402
673.2,89.4386
673.3,89.4371
673.4,89.4355
673.5,89.434
673.6,89.4324
673.7,89.4308
673.8,89.4293
673.9,89.4277
674,89.4262
674.1,89.4246
674.2,89.4231
674.3,89.4215
674.4,89.42
674.5,89.4184
674.6,89.4169
674.7,89.4153
674.8,89.4137
674.9,89.4122
675,89.4106
675.1,89.4091
675.2,89.4075
675.3,89.406
675.4,89.4044
675.5,89.4029
675.6,89.4013
675.7,89.3998
675.8,89.3982
675.9,89.3967
676,89.3951
676.1,89.3936
676.2,89.392
676.3,89.3904
676.4,89.3889
676.5,89.3873
676.6,89.3858
676.7,89.3842
676.8,89.3827
676.9,89.3811
677,89.3796
677.1,89.378
677.2,89.3765
677.3,89.3749
677.4,89.3734
677.5,89.3718
677.6,89.3703
677.7,89.3687
677.8,89.3672
677.9,89.3656
678,89.3641
678.1,89.3625
678.2,89.361
678.3,89.3594
678.4,89.3579
678.5,89.3563
678.6,89.3548
678.7,89.3532
678.8,89.3517
678.9,89.3501
679,89.3486
679.1,89.347
679.2,89.3455
679.3,89.3439
679.4,89.3424
679.5,89.3408
679.6,89.3393
679.7,89.3377
679.8,89.3362
679.9,89.3346
680,89.3331
680.1,89.3315
680.2,89.33
680.3,89.3284
680.4,89.3269
680.5,89.3253
680.6,89.3238
680.7,89.3222
680.8,89.3207
680.9,89.3191
681,89.3176
681.1,89.3161
681.2,89.3145
681.3,89.313
681.4,89.3114
681.5,89.3099
681.6,89.3083
681.7,89.3068
681.8,89.3052
681.9,89.3037
682,89.3022
682.1,89.3006
682.2,89.2991
682.3,89.2975
682.4,89.296
682.5,89.2945
682.6,89.2929
682.7,89.2914
682.8,89.2898
682.9,89.2883
683,89.2867
683.1,89.2852
683.2,89.2837
683.3,89.2821
683.4,89.2806
683.5,89.2791
683.6,89.2775
683.7,89.276
683.8,89.2744
683.9,89.2729
684,89.2714
684.1,89.2698
684.2,89.2683
684.3,89.2667
684.4,89.2652
684.5,89.2637
684.6,89.2621
684.7,89.2606
684.8,89.2591
684.9,89.2575
685,89.256
685.1,89.2544
685.2,89.2529
685.3,89.2514
685.4,89.2498
685.5,89.2483
685.6,89.2467
685.7,89.2452
685.8,89.2437
685.9,89.2421
686,89.2406
686.1,89.2391
686.2,89.2375
686.3,89.236
686.4,89.2344
686.5,89.2329
686.6,89.2314
686.7,89.2298
686.8,89.2283
686.9,89.2268
687,89.2252
687.1,89.2237
687.2,89.2221
687.3,89.2206
687.4,89.2191
687.5,89.2175
687.6,89.216
687.7,89.2145
687.8,89.2129
687.9,89.2114
688,89.2098
688.1,89.2083
688.2,89.2068
688.3,89.2052
688.4,89.2037
688.5,89.2022
688.6,89.2006
688.7,89.1991
688.8,89.1975
688.9,89.196
689,89.1945
689.1,89.1929
689.2,89.1914
689.3,89.1899
689.4,89.1883
689.5,89.1868
689.6,89.1853
689.7,89.1837
689.8,89.1822
689.9,89.1806
690,89.1791
690.1,89.1776
690.2,89.176
690.3,89.1745
690.4,89.173
690.5,89.1714
690.6,89.1699
690.7,89.1683
690.8,89.1668
690.9,89.1653
691,89.1637
691.1,89.1622
691.2,89.1607
691.3,89.1591
691.4,89.1576
691.5,89.1561
691.6,89.1545
691.7,89.153
691.8,89.1514
691.9,89.1499
692,89.1484
692.1,89.1468
692.2,89.1453
692.3,89.1438
692.4,89.1422
692.5,89.1407
692.6,89.1392
692.7,89.1376
692.8,89.1361
692.9,89.1345
693,89.133
693.1,89.1315
693.2,89.1299
693.3,89.1284
693.4,89.1269
693.5,89.1253
693.6,89.1238
693.7,89.1222
693.8,89.1207
693.9,89.1192
694,89.1176
694.1,89.1161
694.2,89.1146
694.3,89.113
694.4,89.1115
694.5,89.1099
694.6,89.1084
694.7,89.1069
694.8,89.1053
694.9,89.1038
695,89.1023
695.1,89.1007
695.2,89.0992
695.3,89.0976
695.4,89.0961
695.5,89.0946
695.6,89.093
695.7,89.0915
695.8,89.09
695.9,89.0884
696,89.0869
696.1,89.0853
696.2,89.0838
696.3,89.0823
696.4,89.0807
696.5,89.0792
696.6,89.0777
696.7,89.0761
696.8,89.0746
696.9,89.073
697,89.0715
697.1,89.07
697.2,89.0684
697.3,89.0669
697.4,89.0653
697.5,89.0638
697.6,89.0623
697.7,89.0607
697.8,89.0592
697.9,89.0576
698,89.0561
698.1,89.0546
698.2,89.053
698.3,89.0515
698.4,89.05
698.5,89.0484
698.6,89.0469
698.7,89.0453
698.8,89.0438
698.9,89.0423
699,89.0407
699.1,89.0392
699.2,89.0376
699.3,89.0361
699.4,89.0346
699.5,89.033
699.6,89.0315
699.7,89.0299
699.8,89.0284
699.9,89.0269
700,89.0253
700.1,89.0238
700.2,89.0223
700.3,89.0207
700.4,89.0192
700.5,89.0176
700.6,89.0161
700.7,89.0146
700.8,89.013
700.9,89.0115
701,89.0099
701.1,89.0084
701.2,89.0069
701.3,89.0053
701.4,89.0038
701.5,89.0022
701.6,89.0007
701.7,88.9992
701.8,88.9976
701.9,88.9961
702,88.9946
702.1,88.993
702.2,88.9915
702.3,88.9899
702.4,88.9884
702.5,88.9869
702.6,88.9853
702.7,88.9838
702.8,88.9823
702.9,88.9807
703,88.9792
703.1,88.9776
703.2,88.9761
703.3,88.9746
703.4,88.973
703.5,88.9715
703.6,88.9699
703.7,88.9684
703.8,88.9669
703.9,88.9653
704,88.9638
704.1,88.9623
704.2,88.9607
704.3,88.9592
704.4,88.9576
704.5,88.9561
704.6,88.9546
704.7,88.953
704.8,88.9515
704.9,88.9499
705,88.9484
705.1,88.9469
705.2,88.9453
705.3,88.9438
705.4,88.9423
705.5,88.9407
705.6,88.9392
705.7,88.9376
705.8,88.9361
705.9,88.9346
706,88.933
706.1,88.9315
706.2,88.9299
706.3,88.9284
706.4,88.9269
706.5,88.9253
706.6,88.9238
706.7,88.9222
706.8,88.9207
706.9,88.9192
707,88.9176
707.1,88.9161
707.2,88.9145
707.3,88.913
707.4,88.9115
707.5,88.9099
707.6,88.9084
707.7,88.9068
707.8,88.9053
707.9,88.9038
708,88.9022
708.1,88.9007
708.2,88.8991
708.3,88.8976
708.4,88.8961
708.5,88.8945
708.6,88.893
708.7,88.8914
708.8,88.8899
708.9,88.8884
709,88.8868
709.1,88.8853
709.2,88.8837
709.3,88.8822
709.4,88.8806
709.5,88.8791
709.6,88.8776
709.7,88.876
709.8,88.8745
709.9,88.8729
710,88.8714
710.1,88.8699
710.2,88.8683
710.3,88.8668
710.4,88.8652
710.5,88.8637
710.6,88.8621
710.7,88.8606
710.8,88.8591
710.9,88.8575
711,88.856
711.1,88.8544
711.2,88.8529
711.3,88.8514
711.4,88.8498
711.5,88.8483
711.6,88.8467
711.7,88.8452
711.8,88.8436
711.9,88.8421
712,88.8406
712.1,88.839
712.2,88.8375
712.3,88.8359
712.4,88.8344
712.5,88.8328
712.6,88.8313
712.7,88.8298
712.8,88.8282
712.9,88.8267
713,88.8251
713.1,88.8236
713.2,88.822
713.3,88.8205
713.4,88.819
713.5,88.8174
713.6,88.8159
713.7,88.8143
713.8,88.8128
713.9,88.8112
714,88.8097
714.1,88.8081
714.2,88.8066
714.3,88.8051
714.4,88.8035
714.5,88.802
714.6,88.8004
714.7,88.7989
714.8,88.7973
714.9,88.7958
715,88.7943
715.1,88.7927
715.2,88.7912
715.3,88.7896
715.4,88.7881
715.5,88.7865
715.6,88.785
715.7,88.7834
715.8,88.7819
715.9,88.7804
716,88.7788
716.1,88.7773
716.2,88.7757
716.3,88.7742
716.4,88.7726
716.5,88.7711
716.6,88.7695
716.7,88.768
716.8,88.7664
716.9,88.7649
717,88.7634
717.1,88.7618
717.2,88.7603
717.3,88.7587
717.4,88.7572
717.5,88.7556
717.6,88.7541
717.7,88.7525
717.8,88.751
717.9,88.7495
718,88.7479
718.1,88.7464
718.2,88.7448
718.3,88.7433
718.4,88.7417
718.5,88.7402
718.6,88.7386
718.7,88.7371
718.8,88.7356
718.9,88.734
719,88.7325
719.1,88.7309
719.2,88.7294
719.3,88.7278
719.4,88.7263
719.5,88.7247
719.6,88.7232
719.7,88.7216
719.8,88.7201
719.9,88.7186
720,88.717
720.1,88.7155
720.2,88.7139
720.3,88.7124
720.4,88.7108
720.5,88.7093
720.6,88.7077
720.7,88.7062
720.8,88.7047
720.9,88.7031
721,88.7016
721.1,88.7
721.2,88.6985
721.3,88.6969
721.4,88.6954
721.5,88.6938
721.6,88.6923
721.7,88.6907
721.8,88.6892
721.9,88.6877
722,88.6861
722.1,88.6846
722.2,88.683
722.3,88.6815
722.4,88.6799
722.5,88.6784
722.6,88.6768
722.7,88.6753
722.8,88.6738
722.9,88.6722
723,88.6707
723.1,88.6691
723.2,88.6676
723.3,88.666
723.4,88.6645
723.5,88.6629
723.6,88.6614
723.7,88.6599
723.8,88.6583
723.9,88.6568
724,88.6552
724.1,88.6537
724.2,88.6521
724.3,88.6506
724.4,88.6491
724.5,88.6475
724.6,88.646
724.7,88.6444
724.8,88.6429
724.9,88.6413
725,88.6398
725.1,88.6383
725.2,88.6367
725.3,88.6352
725.4,88.6336
725.5,88.6321
725.6,88.6306
725.7,88.629
725.8,88.6275
725.9,88.6259
726,88.6244
726.1,88.6228
726.2,88.6213
726.3,88.6198
726.4,88.6182
726.5,88.6167
726.6,88.6151
726.7,88.6136
726.8,88.6121
726.9,88.6105
727,88.609
727.1,88.6074
727.2,88.6059
727.3,88.6043
727.4,88.6028
727.5,88.6013
727.6,88.5997
727.7,88.5982
727.8,88.5966
727.9,88.5951
728,88.5936
728.1,88.592
728.2,88.5905
728.3,88.5889
728.4,88.5874
728.5,88.5859
728.6,88.5843
728.7,88.5828
728.8,88.5812
728.9,88.5797
729,88.5781
729.1,88.5766
729.2,88.5751
729.3,88.5735
729.4,88.572
729.5,88.5704
729.6,88.5689
729.7,88.5674
729.8,88.5658
729.9,88.5643
730,88.5627
730.1,88.5612
730.2,88.5596
730.3,88.5581
730.4,88.5566
730.5,88.555
730.6,88.5535
730.7,88.5519
730.8,88.5504
730.9,88.5489
731,88.5473
731.1,88.5458
731.2,88.5442
731.3,88.5427
731.4,88.5411
731.5,88.5396
731.6,88.5381
731.7,88.5365
731.8,88.535
731.9,88.5334
732,88.5319
732.1,88.5303
732.2,88.5288
732.3,88.5273
732.4,88.5257
732.5,88.5242
732.6,88.5226
732.7,88.5211
732.8,88.5196
732.9,88.518
733,88.5165
733.1,88.5149
733.2,88.5134
733.3,88.5118
733.4,88.5103
733.5,88.5088
733.6,88.5072
733.7,88.5057
733.8,88.5041
733.9,88.5026
734,88.501
734.1,88.4995
734.2,88.498
734.3,88.4964
734.4,88.4949
734.5,88.4933
734.6,88.4918
734.7,88.4902
734.8,88.4887
734.9,88.4872
735,88.4856
735.1,88.4841
735.2,88.4825
735.3,88.481
735.4,88.4794
735.5,88.4779
735.6,88.4764
735.7,88.4748
735.8,88.4733
735.9,88.4717
736,88.4702
736.1,88.4687
736.2,88.4671
736.3,88.4656
736.4,88.464
736.5,88.4625
736.6,88.4609
736.7,88.4594
736.8,88.4579
736.9,88.4563
737,88.4548
737.1,88.4532
737.2,88.4517
737.3,88.4502
737.4,88.4486
737.5,88.4471
737.6,88.4455
737.7,88.444
737.8,88.4425
737.9,88.4409
738,88.4394
738.1,88.4378
738.2,88.4363
738.3,88.4347
738.4,88.4332
738.5,88.4317
738.6,88.4301
738.7,88.4286
738.8,88.427
738.9,88.4255
739,88.4239
739.1,88.4224
739.2,88.4209
739.3,88.4193
739.4,88.4178
739.5,88.4162
739.6,88.4147
739.7,88.4132
739.8,88.4116
739.9,88.4101
740,88.4085
740.1,88.407
740.2,88.4054
740.3,88.4039
740.4,88.4024
740.5,88.4008
740.6,88.3993
740.7,88.3977
740.8,88.3962
740.9,88.3946
741,88.3931
741.1,88.3916
741.2,88.39
741.3,88.3885
741.4,88.3869
741.5,88.3854
741.6,88.3838
741.7,88.3823
741.8,88.3807
741.9,88.3792
742,88.3777
742.1,88.3761
742.2,88.3746
742.3,88.373
742.4,88.3715
742.5,88.3699
742.6,88.3684
742.7,88.3668
742.8,88.3653
742.9,88.3638
743,88.3622
743.1,88.3607
743.2,88.3591
743.3,88.3576
743.4,88.356
743.5,88.3545
743.6,88.3529
743.7,88.3514
743.8,88.3499
743.9,88.3483
744,88.3468
744.1,88.3452
744.2,88.3437
744.3,88.3421
744.4,88.3406
744.5,88.339
744.6,88.3375
744.7,88.336
744.8,88.3344
744.9,88.3329
745,88.3313
745.1,88.3298
745.2,88.3282
745.3,88.3267
745.4,88.3251
745.5,88.3236
745.6,88.3221
745.7,88.3205
745.8,88.319
745.9,88.3174
746,88.3159
746.1,88.3143
746.2,88.3128
746.3,88.3112
746.4,88.3097
746.5,88.3081
746.6,88.3066
746.7,88.3051
746.8,88.3035
746.9,88.302
747,88.3004
747.1,88.2989
747.2,88.2973
747.3,88.2958
747.4,88.2942
747.5,88.2927
747.6,88.2911
747.7,88.2896
747.8,88.2881
747.9,88.2865
748,88.285
748.1,88.2834
748.2,88.2819
748.3,88.2803
748.4,88.2788
748.5,88.2772
748.6,88.2757
748.7,88.2741
748.8,88.2726
748.9,88.2711
749,88.2695
749.1,88.268
749.2,88.2664
749.3,88.2649
749.4,88.2633
749.5,88.2618
749.6,88.2602
749.7,88.2587
749.8,88.2571
749.9,88.2556
750,88.2541
750.1,88.2525
750.2,88.251
750.3,88.2494
750.4,88.2479
750.5,88.2463
750.6,88.2448
750.7,88.2432
750.8,88.2417
750.9,88.2401
751,88.2386
751.1,88.2371
751.2,88.2355
751.3,88.234
751.4,88.2324
751.5,88.2309
751.6,88.2293
751.7,88.2278
751.8,88.2262
751.9,88.2247
752,88.2232
752.1,88.2216
752.2,88.2201
752.3,88.2185
752.4,88.217
752.5,88.2154
752.6,88.2139
752.7,88.2124
752.8,88.2108
752.9,88.2093
753,88.2077
753.1,88.2062
753.2,88.2046
753.3,88.2031
753.4,88.2015
753.5,88.2
753.6,88.1985
753.7,88.1969
753.8,88.1954
753.9,88.1938
754,88.1923
754.1,88.1908
754.2,88.1892
754.3,88.1877
754.4,88.1861
754.5,88.1846
754.6,88.183
754.7,88.1815
754.8,88.18
754.9,88.1784
755,88.1769
755.1,88.1753
755.2,88.1738
755.3,88.1723
755.4,88.1707
755.5,88.1692
755.6,88.1676
755.7,88.1661
755.8,88.1645
755.9,88.163
756,88.1615
756.1,88.1599
756.2,88.1584
756.3,88.1568
756.4,88.1553
756.5,88.1538
756.6,88.1522
756.7,88.1507
756.8,88.1491
756.9,88.1476
757,88.1461
757.1,88.1445
757.2,88.143
757.3,88.1415
757.4,88.1399
757.5,88.1384
757.6,88.1368
757.7,88.1353
757.8,88.1338
757.9,88.1322
758,88.1307
758.1,88.1292
758.2,88.1276
758.3,88.1261
758.4,88.1245
758.5,88.123
758.6,88.1215
758.7,88.1199
758.8,88.1184
758.9,88.1169
759,88.1153
759.1,88.1138
759.2,88.1123
759.3,88.1107
759.4,88.1092
759.5,88.1077
759.6,88.1061
759.7,88.1046
759.8,88.1031
759.9,88.1015
760,88.1
760.1,88.0985
760.2,88.097
760.3,88.0954
760.4,88.0939
760.5,88.0924
760.6,88.0908
760.7,88.0893
760.8,88.0878
760.9,88.0862
761,88.0847
761.1,88.0832
761.2,88.0816
761.3,88.0801
761.4,88.0786
761.5,88.0771
761.6,88.0755
761.7,88.074
761.8,88.0725
761.9,88.0709
762,88.0694
762.1,88.0679
762.2,88.0664
762.3,88.0648
762.4,88.0633
762.5,88.0618
762.6,88.0603
762.7,88.0587
762.8,88.0572
762.9,88.0557
763,88.0542
763.1,88.0526
763.2,88.0511
763.3,88.0496
763.4,88.0481
763.5,88.0465
763.6,88.045
763.7,88.0435
763.8,88.042
763.9,88.0404
764,88.0389
764.1,88.0374
764.2,88.0359
764.3,88.0343
764.4,88.0328
764.5,88.0313
764.6,88.0298
764.7,88.0282
764.8,88.0267
764.9,88.0252
765,88.0237
765.1,88.0221
765.2,88.0206
765.3,88.0191
765.4,88.0176
765.5,88.016
765.6,88.0145
765.7,88.013
765.8,88.0115
765.9,88.0099
766,88.0084
766.1,88.0069
766.2,88.0054
766.3,88.0038
766.4,88.0023
766.5,88.0008
766.6,87.9993
766.7,87.9977
766.8,87.9962
766.9,87.9947
767,87.9932
767.1,87.9916
767.2,87.9901
767.3,87.9886
767.4,87.9871
767.5,87.9855
767.6,87.984
767.7,87.9825
767.8,87.981
767.9,87.9794
768,87.9779
768.1,87.9764
768.2,87.9749
768.3,87.9733
768.4,87.9718
768.5,87.9703
768.6,87.9688
768.7,87.9672
768.8,87.9657
768.9,87.9642
769,87.9626
769.1,87.9611
769.2,87.9596
769.3,87.9581
769.4,87.9565
769.5,87.955
769.6,87.9535
769.7,87.952
769.8,87.9504
769.9,87.9489
770,87.9474
770.1,87.9458
770.2,87.9443
770.3,87.9428
770.4,87.9412
770.5,87.9397
770.6,87.9382
770.7,87.9367
770.8,87.9351
770.9,87.9336
771,87.9321
771.1,87.9305
771.2,87.929
771.3,87.9275
771.4,87.9259
771.5,87.9244
771.6,87.9229
771.7,87.9213
771.8,87.9198
771.9,87.9183
772,87.9168
772.1,87.9152
772.2,87.9137
772.3,87.9122
772.4,87.9106
772.5,87.9091
772.6,87.9076
772.7,87.906
772.8,87.9045
772.9,87.903
773,87.9014
773.1,87.8999
773.2,87.8984
773.3,87.8968
773.4,87.8953
773.5,87.8937
773.6,87.8922
773.7,87.8907
773.8,87.8891
773.9,87.8876
774,87.8861
774.1,87.8845
774.2,87.883
774.3,87.8815
774.4,87.8799
774.5,87.8784
774.6,87.8769
774.7,87.8753
774.8,87.8738
774.9,87.8722
775,87.8707
775.1,87.8692
775.2,87.8676
775.3,87.8661
775.4,87.8646
775.5,87.863
775.6,87.8615
775.7,87.8599
775.8,87.8584
775.9,87.8569
776,87.8553
776.1,87.8538
776.2,87.8523
776.3,87.8507
776.4,87.8492
776.5,87.8476
776.6,87.8461
776.7,87.8446
776.8,87.843
776.9,87.8415
777,87.8399
777.1,87.8384
777.2,87.8369
777.3,87.8353
777.4,87.8338
777.5,87.8322
777.6,87.8307
777.7,87.8292
777.8,87.8276
777.9,87.8261
778,87.8246
778.1,87.823
778.2,87.8215
778.3,87.8199
778.4,87.8184
778.5,87.8169
778.6,87.8153
778.7,87.8138
778.8,87.8122
778.9,87.8107
779,87.8092
779.1,87.8076
779.2,87.8061
779.3,87.8045
779.4,87.803
779.5,87.8015
779.6,87.7999
779.7,87.7984
779.8,87.7968
779.9,87.7953
780,87.7937
780.1,87.7922
780.2,87.7907
780.3,87.7891
780.4,87.7876
780.5,87.786
780.6,87.7845
780.7,87.783
780.8,87.7814
780.9,87.7799
781,87.7783
781.1,87.7768
781.2,87.7753
781.3,87.7737
781.4,87.7722
781.5,87.7706
781.6,87.7691
781.7,87.7675
781.8,87.766
781.9,87.7645
782,87.7629
782.1,87.7614
782.2,87.7598
782.3,87.7583
782.4,87.7568
782.5,87.7552
782.6,87.7537
782.7,87.7521
782.8,87.7506
782.9,87.749
783,87.7475
783.1,87.746
783.2,87.7444
783.3,87.7429
783.4,87.7413
783.5,87.7398
783.6,87.7382
783.7,87.7367
783.8,87.7352
783.9,87.7336
784,87.7321
784.1,87.7305
784.2,87.729
784.3,87.7275
784.4,87.7259
784.5,87.7244
784.6,87.7228
784.7,87.7213
784.8,87.7197
784.9,87.7182
785,87.7167
785.1,87.7151
785.2,87.7136
785.3,87.712
785.4,87.7105
785.5,87.7089
785.6,87.7074
785.7,87.7059
785.8,87.7043
785.9,87.7028
786,87.7012
786.1,87.6997
786.2,87.6981
786.3,87.6966
786.4,87.6951
786.5,87.6935
786.6,87.692
786.7,87.6904
786.8,87.6889
786.9,87.6873
787,87.6858
787.1,87.6843
787.2,87.6827
787.3,87.6812
787.4,87.6796
787.5,87.6781
787.6,87.6766
787.7,87.675
787.8,87.6735
787.9,87.6719
788,87.6704
788.1,87.6688
788.2,87.6673
788.3,87.6658
788.4,87.6642
788.5,87.6627
788.6,87.6611
788.7,87.6596
788.8,87.658
788.9,87.6565
789,87.655
789.1,87.6534
789.2,87.6519
789.3,87.6503
789.4,87.6488
789.5,87.6473
789.6,87.6457
789.7,87.6442
789.8,87.6426
789.9,87.6411
790,87.6395
790.1,87.638
790.2,87.6365
790.3,87.6349
790.4,87.6334
790.5,87.6318
790.6,87.6303
790.7,87.6287
790.8,87.6272
790.9,87.6257
791,87.6241
791.1,87.6226
791.2,87.621
791.3,87.6195
791.4,87.618
791.5,87.6164
791.6,87.6149
791.7,87.6133
791.8,87.6118
791.9,87.6102
792,87.6087
792.1,87.6072
792.2,87.6056
792.3,87.6041
792.4,87.6025
792.5,87.601
792.6,87.5994
792.7,87.5979
792.8,87.5964
792.9,87.5948
793,87.5933
793.1,87.5917
793.2,87.5902
793.3,87.5886
793.4,87.5871
793.5,87.5856
793.6,87.584
793.7,87.5825
793.8,87.5809
793.9,87.5794
794,87.5778
794.1,87.5763
794.2,87.5748
794.3,87.5732
794.4,87.5717
794.5,87.5701
794.6,87.5686
794.7,87.567
794.8,87.5655
794.9,87.564
795,87.5624
795.1,87.5609
795.2,87.5593
795.3,87.5578
795.4,87.5562
795.5,87.5547
795.6,87.5532
795.7,87.5516
795.8,87.5501
795.9,87.5485
796,87.547
796.1,87.5455
796.2,87.5439
796.3,87.5424
796.4,87.5408
796.5,87.5393
796.6,87.5378
796.7,87.5362
796.8,87.5347
796.9,87.5331
797,87.5316
797.1,87.53
797.2,87.5285
797.3,87.527
797.4,87.5254
797.5,87.5239
797.6,87.5223
797.7,87.5208
797.8,87.5193
797.9,87.5177
798,87.5162
798.1,87.5146
798.2,87.5131
798.3,87.5116
798.4,87.51
798.5,87.5085
798.6,87.5069
798.7,87.5054
798.8,87.5039
798.9,87.5023
799,87.5008
799.1,87.4992
799.2,87.4977
799.3,87.4962
799.4,87.4946
799.5,87.4931
799.6,87.4915
799.7,87.49
799.8,87.4885
799.9,87.4869
800,87.4854
800.1,87.4839
800.2,87.4823
800.3,87.4808
800.4,87.4792
800.5,87.4777
800.6,87.4762
800.7,87.4746
800.8,87.4731
800.9,87.4715
801,87.47
801.1,87.4685
801.2,87.4669
801.3,87.4654
801.4,87.4638
801.5,87.4623
801.6,87.4608
801.7,87.4592
801.8,87.4577
801.9,87.4562
802,87.4546
802.1,87.4531
802.2,87.4515
802.3,87.45
802.4,87.4485
802.5,87.4469
802.6,87.4454
802.7,87.4438
802.8,87.4423
802.9,87.4408
803,87.4392
803.1,87.4377
803.2,87.4362
803.3,87.4346
803.4,87.4331
803.5,87.4315
803.6,87.43
803.7,87.4285
803.8,87.4269
803.9,87.4254
804,87.4239
804.1,87.4223
804.2,87.4208
804.3,87.4193
804.4,87.4177
804.5,87.4162
804.6,87.4146
804.7,87.4131
804.8,87.4116
804.9,87.41
805,87.4085
805.1,87.407
805.2,87.4054
805.3,87.4039
805.4,87.4024
805.5,87.4008
805.6,87.3993
805.7,87.3978
805.8,87.3962
805.9,87.3947
806,87.3931
806.1,87.3916
806.2,87.3901
806.3,87.3885
806.4,87.387
806.5,87.3855
806.6,87.3839
806.7,87.3824
806.8,87.3809
806.9,87.3793
807,87.3778
807.1,87.3763
807.2,87.3747
807.3,87.3732
807.4,87.3716
807.5,87.3701
807.6,87.3686
807.7,87.367
807.8,87.3655
807.9,87.364
808,87.3624
808.1,87.3609
808.2,87.3593
808.3,87.3578
808.4,87.3563
808.5,87.3547
808.6,87.3532
808.7,87.3517
808.8,87.3501
808.9,87.3486
809,87.3471
809.1,87.3455
809.2,87.344
809.3,87.3424
809.4,87.3409
809.5,87.3394
809.6,87.3378
809.7,87.3363
809.8,87.3348
809.9,87.3332
810,87.3317
810.1,87.3301
810.2,87.3286
810.3,87.3271
810.4,87.3255
810.5,87.324
810.6,87.3225
810.7,87.3209
810.8,87.3194
810.9,87.3179
811,87.3163
811.1,87.3148
811.2,87.3132
811.3,87.3117
811.4,87.3102
811.5,87.3086
811.6,87.3071
811.7,87.3056
811.8,87.304
811.9,87.3025
812,87.3009
812.1,87.2994
812.2,87.2979
812.3,87.2963
812.4,87.2948
812.5,87.2933
812.6,87.2917
812.7,87.2902
812.8,87.2886
812.9,87.2871
813,87.2856
813.1,87.284
813.2,87.2825
813.3,87.2809
813.4,87.2794
813.5,87.2779
813.6,87.2763
813.7,87.2748
813.8,87.2733
813.9,87.2717
814,87.2702
814.1,87.2686
814.2,87.2671
814.3,87.2656
814.4,87.264
814.5,87.2625
814.6,87.2609
814.7,87.2594
814.8,87.2579
814.9,87.2563
815,87.2548
815.1,87.2533
815.2,87.2517
815.3,87.2502
815.4,87.2486
815.5,87.2471
815.6,87.2456
815.7,87.244
815.8,87.2425
815.9,87.2409
816,87.2394
816.1,87.2379
816.2,87.2363
816.3,87.2348
816.4,87.2332
816.5,87.2317
816.6,87.2302
816.7,87.2286
816.8,87.2271
816.9,87.2256
817,87.224
817.1,87.2225
817.2,87.2209
817.3,87.2194
817.4,87.2179
817.5,87.2163
817.6,87.2148
817.7,87.2132
817.8,87.2117
817.9,87.2102
818,87.2086
818.1,87.2071
818.2,87.2055
818.3,87.204
818.4,87.2025
818.5,87.2009
818.6,87.1994
818.7,87.1978
818.8,87.1963
818.9,87.1948
819,87.1932
819.1,87.1917
819.2,87.1901
819.3,87.1886
819.4,87.1871
819.5,87.1855
819.6,87.184
819.7,87.1824
819.8,87.1809
819.9,87.1794
820,87.1778
820.1,87.1763
820.2,87.1747
820.3,87.1732
820.4,87.1717
820.5,87.1701
820.6,87.1686
820.7,87.167
820.8,87.1655
820.9,87.164
821,87.1624
821.1,87.1609
821.2,87.1593
821.3,87.1578
821.4,87.1563
821.5,87.1547
821.6,87.1532
821.7,87.1516
821.8,87.1501
821.9,87.1486
822,87.147
822.1,87.1455
822.2,87.1439
822.3,87.1424
822.4,87.1409
822.5,87.1393
822.6,87.1378
822.7,87.1362
822.8,87.1347
822.9,87.1331
823,87.1316
823.1,87.1301
823.2,87.1285
823.3,87.127
823.4,87.1254
823.5,87.1239
823.6,87.1224
823.7,87.1208
823.8,87.1193
823.9,87.1177
824,87.1162
824.1,87.1147
824.2,87.1131
824.3,87.1116
824.4,87.11
824.5,87.1085
824.6,87.107
824.7,87.1054
824.8,87.1039
824.9,87.1023
825,87.1008
825.1,87.0992
825.2,87.0977
825.3,87.0962
825.4,87.0946
825.5,87.0931
825.6,87.0915
825.7,87.09
825.8,87.0885
825.9,87.0869
826,87.0854
826.1,87.0838
826.2,87.0823
826.3,87.0808
826.4,87.0792
826.5,87.0777
826.6,87.0761
826.7,87.0746
826.8,87.073
826.9,87.0715
827,87.07
827.1,87.0684
827.2,87.0669
827.3,87.0653
827.4,87.0638
827.5,87.0623
827.6,87.0607
827.7,87.0592
827.8,87.0576
827.9,87.0561
828,87.0545
828.1,87.053
828.2,87.0515
828.3,87.0499
828.4,87.0484
828.5,87.0468
828.6,87.0453
828.7,87.0438
828.8,87.0422
828.9,87.0407
829,87.0391
829.1,87.0376
829.2,87.036
829.3,87.0345
829.4,87.033
829.5,87.0314
829.6,87.0299
829.7,87.0283
829.8,87.0268
829.9,87.0252
830,87.0237
830.1,87.0222
830.2,87.0206
830.3,87.0191
830.4,87.0175
830.5,87.016
830.6,87.0144
830.7,87.0129
830.8,87.0114
830.9,87.0098
831,87.0083
831.1,87.0067
831.2,87.0052
831.3,87.0036
831.4,87.0021
831.5,87.0005
831.6,86.999
831.7,86.9974
831.8,86.9959
831.9,86.9944
832,86.9928
832.1,86.9913
832.2,86.9897
832.3,86.9882
832.4,86.9866
832.5,86.9851
832.6,86.9835
832.7,86.982
832.8,86.9804
832.9,86.9789
833,86.9773
833.1,86.9758
833.2,86.9742
833.3,86.9727
833.4,86.9712
833.5,86.9696
833.6,86.9681
833.7,86.9665
833.8,86.965
833.9,86.9634
834,86.9619
834.1,86.9603
834.2,86.9588
834.3,86.9572
834.4,86.9557
834.5,86.9541
834.6,86.9526
834.7,86.951
834.8,86.9495
834.9,86.9479
835,86.9464
835.1,86.9448
835.2,86.9433
835.3,86.9417
835.4,86.9402
835.5,86.9386
835.6,86.9371
835.7,86.9355
835.8,86.934
835.9,86.9324
836,86.9309
836.1,86.9293
836.2,86.9277
836.3,86.9262
836.4,86.9246
836.5,86.9231
836.6,86.9215
836.7,86.92
836.8,86.9184
836.9,86.9169
837,86.9153
837.1,86.9138
837.2,86.9122
837.3,86.9107
837.4,86.9091
837.5,86.9076
837.6,86.906
837.7,86.9045
837.8,86.9029
837.9,86.9014
838,86.8998
838.1,86.8983
838.2,86.8967
838.3,86.8952
838.4,86.8936
838.5,86.8921
838.6,86.8905
838.7,86.889
838.8,86.8874
838.9,86.8859
839,86.8843
839.1,86.8828
839.2,86.8812
839.3,86.8797
839.4,86.8781
839.5,86.8766
839.6,86.875
839.7,86.8735
839.8,86.8719
839.9,86.8704
840,86.8688
840.1,86.8673
840.2,86.8657
840.3,86.8642
840.4,86.8626
840.5,86.8611
840.6,86.8595
840.7,86.858
840.8,86.8564
840.9,86.8548
841,86.8533
841.1,86.8517
841.2,86.8502
841.3,86.8486
841.4,86.8471
841.5,86.8455
841.6,86.844
841.7,86.8424
841.8,86.8409
841.9,86.8393
842,86.8378
842.1,86.8362
842.2,86.8347
842.3,86.8331
842.4,86.8316
842.5,86.83
842.6,86.8285
842.7,86.8269
842.8,86.8254
842.9,86.8238
843,86.8223
843.1,86.8207
843.2,86.8192
843.3,86.8176
843.4,86.8161
843.5,86.8145
843.6,86.813
843.7,86.8114
843.8,86.8099
843.9,86.8083
844,86.8068
844.1,86.8052
844.2,86.8037
844.3,86.8021
844.4,86.8006
844.5,86.799
844.6,86.7975
844.7,86.7959
844.8,86.7944
844.9,86.7928
845,86.7913
845.1,86.7897
845.2,86.7882
845.3,86.7867
845.4,86.7851
845.5,86.7836
845.6,86.782
845.7,86.7805
845.8,86.7789
845.9,86.7774
846,86.7758
846.1,86.7743
846.2,86.7727
846.3,86.7712
846.4,86.7696
846.5,86.7681
846.6,86.7665
846.7,86.765
846.8,86.7634
846.9,86.7619
847,86.7603
847.1,86.7588
847.2,86.7572
847.3,86.7557
847.4,86.7541
847.5,86.7526
847.6,86.751
847.7,86.7495
847.8,86.7479
847.9,86.7464
848,86.7448
848.1,86.7433
848.2,86.7417
848.3,86.7402
848.4,86.7386
848.5,86.7371
848.6,86.7355
848.7,86.734
848.8,86.7324
848.9,86.7309
849,86.7293
849.1,86.7278
849.2,86.7262
849.3,86.7247
849.4,86.7231
849.5,86.7216
849.6,86.72
849.7,86.7185
849.8,86.7169
849.9,86.7154
850,86.7138
850.1,86.7123
850.2,86.7107
850.3,86.7092
850.4,86.7076
850.5,86.7061
850.6,86.7045
850.7,86.703
850.8,86.7014
850.9,86.6999
851,86.6983
851.1,86.6968
851.2,86.6953
851.3,86.6937
851.4,86.6922
851.5,86.6906
851.6,86.6891
851.7,86.6875
851.8,86.686
851.9,86.6844
852,86.6829
852.1,86.6813
852.2,86.6798
852.3,86.6782
852.4,86.6767
852.5,86.6751
852.6,86.6736
852.7,86.672
852.8,86.6705
852.9,86.6689
853,86.6674
853.1,86.6658
853.2,86.6643
853.3,86.6627
853.4,86.6612
853.5,86.6596
853.6,86.6581
853.7,86.6565
853.8,86.655
853.9,86.6534
854,86.6519
854.1,86.6503
854.2,86.6488
854.3,86.6472
854.4,86.6457
854.5,86.6441
854.6,86.6426
854.7,86.641
854.8,86.6395
854.9,86.6379
855,86.6364
855.1,86.6348
855.2,86.6333
855.3,86.6317
855.4,86.6302
855.5,86.6286
855.6,86.6271
855.7,86.6255
855.8,86.624
855.9,86.6224
856,86.6209
856.1,86.6193
856.2,86.6178
856.3,86.6162
856.4,86.6147
856.5,86.6131
856.6,86.6116
856.7,86.61
856.8,86.6085
856.9,86.6069
857,86.6054
857.1,86.6038
857.2,86.6023
857.3,86.6007
857.4,86.5992
857.5,86.5976
857.6,86.5961
857.7,86.5945
857.8,86.593
857.9,86.5914
858,86.5899
858.1,86.5883
858.2,86.5868
858.3,86.5852
858.4,86.5837
858.5,86.5821
858.6,86.5806
858.7,86.579
858.8,86.5775
858.9,86.5759
859,86.5744
859.1,86.5728
859.2,86.5713
859.3,86.5697
859.4,86.5682
859.5,86.5666
859.6,86.5651
859.7,86.5635
859.8,86.562
859.9,86.5604
860,86.5589
860.1,86.5573
860.2,86.5558
860.3,86.5542
860.4,86.5527
860.5,86.5511
860.6,86.5496
860.7,86.548
860.8,86.5465
860.9,86.5449
861,86.5434
861.1,86.5418
861.2,86.5403
861.3,86.5387
861.4,86.5372
861.5,86.5356
861.6,86.5341
861.7,86.5325
861.8,86.531
861.9,86.5294
862,86.5279
862.1,86.5263
862.2,86.5248
862.3,86.5232
862.4,86.5217
862.5,86.5201
862.6,86.5186
862.7,86.517
862.8,86.5155
862.9,86.5139
863,86.5124
863.1,86.5108
863.2,86.5093
863.3,86.5077
863.4,86.5062
863.5,86.5047
863.6,86.5031
863.7,86.5016
863.8,86.5
863.9,86.4985
864,86.4969
864.1,86.4954
864.2,86.4938
864.3,86.4923
864.4,86.4907
864.5,86.4892
864.6,86.4876
864.7,86.4861
864.8,86.4845
864.9,86.483
865,86.4814
865.1,86.4799
865.2,86.4783
865.3,86.4768
865.4,86.4752
865.5,86.4737
865.6,86.4722
865.7,86.4706
865.8,86.4691
865.9,86.4675
866,86.466
866.1,86.4644
866.2,86.4629
866.3,86.4613
866.4,86.4598
866.5,86.4582
866.6,86.4567
866.7,86.4551
866.8,86.4536
866.9,86.452
867,86.4505
867.1,86.4489
867.2,86.4474
867.3,86.4459
867.4,86.4443
867.5,86.4428
867.6,86.4412
867.7,86.4397
867.8,86.4381
867.9,86.4366
868,86.435
868.1,86.4335
868.2,86.4319
868.3,86.4304
868.4,86.4288
868.5,86.4273
868.6,86.4258
868.7,86.4242
868.8,86.4227
868.9,86.4211
869,86.4196
869.1,86.418
869.2,86.4165
869.3,86.4149
869.4,86.4134
869.5,86.4118
869.6,86.4103
869.7,86.4087
869.8,86.4072
869.9,86.4057
870,86.4041
870.1,86.4026
870.2,86.401
870.3,86.3995
870.4,86.3979
870.5,86.3964
870.6,86.3948
870.7,86.3933
870.8,86.3917
870.9,86.3902
871,86.3886
871.1,86.3871
871.2,86.3856
871.3,86.384
871.4,86.3825
871.5,86.3809
871.6,86.3794
871.7,86.3778
871.8,86.3763
871.9,86.3747
872,86.3732
872.1,86.3716
872.2,86.3701
872.3,86.3686
872.4,86.367
872.5,86.3655
872.6,86.3639
872.7,86.3624
872.8,86.3608
872.9,86.3593
873,86.3577
873.1,86.3562
873.2,86.3546
873.3,86.3531
873.4,86.3516
873.5,86.35
873.6,86.3485
873.7,86.3469
873.8,86.3454
873.9,86.3438
874,86.3423
874.1,86.3407
874.2,86.3392
874.3,86.3376
874.4,86.3361
874.5,86.3346
874.6,86.333
874.7,86.3315
874.8,86.3299
874.9,86.3284
875,86.3268
875.1,86.3253
875.2,86.3237
875.3,86.3222
875.4,86.3206
875.5,86.3191
875.6,86.3176
875.7,86.316
875.8,86.3145
875.9,86.3129
876,86.3114
876.1,86.3098
876.2,86.3083
876.3,86.3067
876.4,86.3052
876.5,86.3036
876.6,86.3021
876.7,86.3006
876.8,86.299
876.9,86.2975
877,86.2959
877.1,86.2944
877.2,86.2928
877.3,86.2913
877.4,86.2897
877.5,86.2882
877.6,86.2866
877.7,86.2851
877.8,86.2836
877.9,86.282
878,86.2805
878.1,86.2789
878.2,86.2774
878.3,86.2758
878.4,86.2743
878.5,86.2727
878.6,86.2712
878.7,86.2696
878.8,86.2681
878.9,86.2666
879,86.265
879.1,86.2635
879.2,86.2619
879.3,86.2604
879.4,86.2588
879.5,86.2573
879.6,86.2557
879.7,86.2542
879.8,86.2526
879.9,86.2511
880,86.2496
880.1,86.248
880.2,86.2465
880.3,86.2449
880.4,86.2434
880.5,86.2418
880.6,86.2403
880.7,86.2387
880.8,86.2372
880.9,86.2356
881,86.2341
881.1,86.2326
881.2,86.231
881.3,86.2295
881.4,86.2279
881.5,86.2264
881.6,86.2248
881.7,86.2233
881.8,86.2217
881.9,86.2202
882,86.2186
882.1,86.2171
882.2,86.2156
882.3,86.214
882.4,86.2125
882.5,86.2109
882.6,86.2094
882.7,86.2078
882.8,86.2063
882.9,86.2047
883,86.2032
883.1,86.2017
883.2,86.2001
883.3,86.1986
883.4,86.197
883.5,86.1955
883.6,86.1939
883.7,86.1924
883.8,86.1908
883.9,86.1893
884,86.1878
884.1,86.1862
884.2,86.1847
884.3,86.1831
884.4,86.1816
884.5,86.18
884.6,86.1785
884.7,86.1769
884.8,86.1754
884.9,86.1739
885,86.1723
885.1,86.1708
885.2,86.1692
885.3,86.1677
885.4,86.1661
885.5,86.1646
885.6,86.1631
885.7,86.1615
885.8,86.16
885.9,86.1584
886,86.1569
886.1,86.1553
886.2,86.1538
886.3,86.1522
886.4,86.1507
886.5,86.1492
886.6,86.1476
886.7,86.1461
886.8,86.1445
886.9,86.143
887,86.1414
887.1,86.1399
887.2,86.1383
887.3,86.1368
887.4,86.1353
887.5,86.1337
887.6,86.1322
887.7,86.1306
887.8,86.1291
887.9,86.1275
888,86.126
888.1,86.1245
888.2,86.1229
888.3,86.1214
888.4,86.1198
888.5,86.1183
888.6,86.1167
888.7,86.1152
888.8,86.1136
888.9,86.1121
889,86.1106
889.1,86.109
889.2,86.1075
889.3,86.1059
889.4,86.1044
889.5,86.1029
889.6,86.1013
889.7,86.0998
889.8,86.0982
889.9,86.0967
890,86.0951
890.1,86.0936
890.2,86.0921
890.3,86.0905
890.4,86.089
890.5,86.0874
890.6,86.0859
890.7,86.0844
890.8,86.0828
890.9,86.0813
891,86.0797
891.1,86.0782
891.2,86.0767
891.3,86.0751
891.4,86.0736
891.5,86.0721
891.6,86.0705
891.7,86.069
891.8,86.0674
891.9,86.0659
892,86.0644
892.1,86.0628
892.2,86.0613
892.3,86.0598
892.4,86.0582
892.5,86.0567
892.6,86.0551
892.7,86.0536
892.8,86.0521
892.9,86.0505
893,86.049
893.1,86.0475
893.2,86.0459
893.3,86.0444
893.4,86.0428
893.5,86.0413
893.6,86.0398
893.7,86.0382
893.8,86.0367
893.9,86.0352
894,86.0336
894.1,86.0321
894.2,86.0306
894.3,86.029
894.4,86.0275
894.5,86.026
894.6,86.0244
894.7,86.0229
894.8,86.0213
894.9,86.0198
895,86.0183
895.1,86.0167
895.2,86.0152
895.3,86.0137
895.4,86.0121
895.5,86.0106
895.6,86.0091
895.7,86.0075
895.8,86.006
895.9,86.0044
896,86.0029
896.1,86.0014
896.2,85.9998
896.3,85.9983
896.4,85.9968
896.5,85.9952
896.6,85.9937
896.7,85.9921
896.8,85.9906
896.9,85.9891
897,85.9875
897.1,85.986
897.2,85.9845
897.3,85.9829
897.4,85.9814
897.5,85.9799
897.6,85.9783
897.7,85.9768
897.8,85.9753
897.9,85.9737
898,85.9722
898.1,85.9706
898.2,85.9691
898.3,85.9676
898.4,85.966
898.5,85.9645
898.6,85.963
898.7,85.9614
898.8,85.9599
898.9,85.9584
899,85.9568
899.1,85.9553
899.2,85.9538
899.3,85.9522
899.4,85.9507
899.5,85.9492
899.6,85.9476
899.7,85.9461
899.8,85.9446
899.9,85.943
900,85.9415
900.1,85.94
900.2,85.9384
900.3,85.9369
900.4,85.9354
900.5,85.9338
900.6,85.9323
900.7,85.9308
900.8,85.9292
900.9,85.9277
901,85.9262
901.1,85.9246
901.2,85.9231
901.3,85.9216
901.4,85.92
901.5,85.9185
901.6,85.917
901.7,85.9154
901.8,85.9139
901.9,85.9124
902,85.9108
902.1,85.9093
902.2,85.9078
902.3,85.9062
902.4,85.9047
902.5,85.9032
902.6,85.9016
902.7,85.9001
902.8,85.8986
902.9,85.897
903,85.8955
903.1,85.894
903.2,85.8924
903.3,85.8909
903.4,85.8894
903.5,85.8878
903.6,85.8863
903.7,85.8848
903.8,85.8833
903.9,85.8817
904,85.8802
904.1,85.8787
904.2,85.8771
904.3,85.8756
904.4,85.8741
904.5,85.8725
904.6,85.871
904.7,85.8695
904.8,85.868
904.9,85.8664
905,85.8649
905.1,85.8634
905.2,85.8618
905.3,85.8603
905.4,85.8588
905.5,85.8573
905.6,85.8557
905.7,85.8542
905.8,85.8527
905.9,85.8511
906,85.8496
906.1,85.8481
906.2,85.8465
906.3,85.845
906.4,85.8435
906.5,85.842
906.6,85.8404
906.7,85.8389
906.8,85.8374
906.9,85.8358
907,85.8343
907.1,85.8328
907.2,85.8312
907.3,85.8297
907.4,85.8282
907.5,85.8267
907.6,85.8251
907.7,85.8236
907.8,85.8221
907.9,85.8205
908,85.819
908.1,85.8175
908.2,85.8159
908.3,85.8144
908.4,85.8129
908.5,85.8114
908.6,85.8098
908.7,85.8083
908.8,85.8068
908.9,85.8052
909,85.8037
909.1,85.8022
909.2,85.8007
909.3,85.7991
909.4,85.7976
909.5,85.7961
909.6,85.7945
909.7,85.793
909.8,85.7915
909.9,85.79
910,85.7884
910.1,85.7869
910.2,85.7854
910.3,85.7838
910.4,85.7823
910.5,85.7808
910.6,85.7792
910.7,85.7777
910.8,85.7762
910.9,85.7747
911,85.7731
911.1,85.7716
911.2,85.7701
911.3,85.7685
911.4,85.767
911.5,85.7655
911.6,85.764
911.7,85.7624
911.8,85.7609
911.9,85.7594
912,85.7578
912.1,85.7563
912.2,85.7548
912.3,85.7532
912.4,85.7517
912.5,85.7502
912.6,85.7486
912.7,85.7471
912.8,85.7456
912.9,85.7441
913,85.7425
913.1,85.741
913.2,85.7395
913.3,85.7379
913.4,85.7364
913.5,85.7349
913.6,85.7333
913.7,85.7318
913.8,85.7303
913.9,85.7287
914,85.7272
914.1,85.7257
914.2,85.7241
914.3,85.7226
914.4,85.7211
914.5,85.7195
914.6,85.718
914.7,85.7165
914.8,85.7149
914.9,85.7134
915,85.7118
915.1,85.7103
915.2,85.7088
915.3,85.7072
915.4,85.7057
915.5,85.7042
915.6,85.7026
915.7,85.7011
915.8,85.6996
915.9,85.698
916,85.6965
916.1,85.6949
916.2,85.6934
916.3,85.6919
916.4,85.6903
916.5,85.6888
916.6,85.6873
916.7,85.6857
916.8,85.6842
916.9,85.6826
917,85.6811
917.1,85.6796
917.2,85.678
917.3,85.6765
917.4,85.6749
917.5,85.6734
917.6,85.6719
917.7,85.6703
917.8,85.6688
917.9,85.6672
918,85.6657
918.1,85.6642
918.2,85.6626
918.3,85.6611
918.4,85.6595
918.5,85.658
918.6,85.6565
918.7,85.6549
918.8,85.6534
918.9,85.6518
919,85.6503
919.1,85.6488
919.2,85.6472
919.3,85.6457
919.4,85.6441
919.5,85.6426
919.6,85.641
919.7,85.6395
919.8,85.638
919.9,85.6364
920,85.6349
920.1,85.6333
920.2,85.6318
920.3,85.6302
920.4,85.6287
920.5,85.6272
920.6,85.6256
920.7,85.6241
920.8,85.6225
920.9,85.621
921,85.6194
921.1,85.6179
921.2,85.6164
921.3,85.6148
921.4,85.6133
921.5,85.6117
921.6,85.6102
921.7,85.6086
921.8,85.6071
921.9,85.6056
922,85.604
922.1,85.6025
922.2,85.6009
922.3,85.5994
922.4,85.5978
922.5,85.5963
922.6,85.5948
922.7,85.5932
922.8,85.5917
922.9,85.5901
923,85.5886
923.1,85.587
923.2,85.5855
923.3,85.5839
923.4,85.5824
923.5,85.5809
923.6,85.5793
923.7,85.5778
923.8,85.5762
923.9,85.5747
924,85.5731
924.1,85.5716
924.2,85.5701
924.3,85.5685
924.4,85.567
924.5,85.5654
924.6,85.5639
924.7,85.5623
924.8,85.5608
924.9,85.5593
925,85.5577
925.1,85.5562
925.2,85.5546
925.3,85.5531
925.4,85.5516
925.5,85.55
925.6,85.5485
925.7,85.5469
925.8,85.5454
925.9,85.5439
926,85.5423
926.1,85.5408
926.2,85.5392
926.3,85.5377
926.4,85.5362
926.5,85.5346
926.6,85.5331
926.7,85.5316
926.8,85.53
926.9,85.5285
927,85.5269
927.1,85.5254
927.2,85.5239
927.3,85.5223
927.4,85.5208
927.5,85.5193
927.6,85.5177
927.7,85.5162
927.8,85.5147
927.9,85.5131
928,85.5116
928.1,85.5101
928.2,85.5085
928.3,85.507
928.4,85.5055
928.5,85.5039
928.6,85.5024
928.7,85.5009
928.8,85.4994
928.9,85.4978
929,85.4963
929.1,85.4948
929.2,85.4932
929.3,85.4917
929.4,85.4902
929.5,85.4887
929.6,85.4871
929.7,85.4856
929.8,85.4841
929.9,85.4826
930,85.481
930.1,85.4795
930.2,85.478
930.3,85.4765
930.4,85.475
930.5,85.4734
930.6,85.4719
930.7,85.4704
930.8,85.4689
930.9,85.4674
931,85.4659
931.1,85.4644
931.2,85.4628
931.3,85.4613
931.4,85.4598
931.5,85.4583
931.6,85.4568
931.7,85.4553
931.8,85.4538
931.9,85.4523
932,85.4508
932.1,85.4493
932.2,85.4477
932.3,85.4462
932.4,85.4447
932.5,85.4432
932.6,85.4417
932.7,85.4402
932.8,85.4387
932.9,85.4372
933,85.4357
933.1,85.4341
933.2,85.4326
933.3,85.4311
933.4,85.4296
933.5,85.4281
933.6,85.4266
933.7,85.4251
933.8,85.4235
933.9,85.422
934,85.4205
934.1,85.419
934.2,85.4175
934.3,85.4159
934.4,85.4144
934.5,85.4129
934.6,85.4114
934.7,85.4099
934.8,85.4083
934.9,85.4068
935,85.4053
935.1,85.4038
935.2,85.4023
935.3,85.4007
935.4,85.3992
935.5,85.3977
935.6,85.3962
935.7,85.3946
935.8,85.3931
935.9,85.3916
936,85.39
936.1,85.3885
936.2,85.387
936.3,85.3855
936.4,85.3839
936.5,85.3824
936.6,85.3809
936.7,85.3793
936.8,85.3778
936.9,85.3763
937,85.3747
937.1,85.3732
937.2,85.3717
937.3,85.3701
937.4,85.3686
937.5,85.3671
937.6,85.3655
937.7,85.364
937.8,85.3625
937.9,85.3609
938,85.3594
938.1,85.3579
938.2,85.3563
938.3,85.3548
938.4,85.3533
938.5,85.3517
938.6,85.3502
938.7,85.3486
938.8,85.3471
938.9,85.3456
939,85.344
939.1,85.3425
939.2,85.3409
939.3,85.3394
939.4,85.3379
939.5,85.3363
939.6,85.3348
939.7,85.3332
939.8,85.3317
939.9,85.3301
940,85.3286
940.1,85.327
940.2,85.3255
940.3,85.324
940.4,85.3224
940.5,85.3209
940.6,85.3193
940.7,85.3178
940.8,85.3162
940.9,85.3147
941,85.3131
941.1,85.3116
941.2,85.31
941.3,85.3085
941.4,85.3069
941.5,85.3054
941.6,85.3038
941.7,85.3023
941.8,85.3007
941.9,85.2992
942,85.2976
942.1,85.2961
942.2,85.2945
942.3,85.293
942.4,85.2914
942.5,85.2899
942.6,85.2883
942.7,85.2868
942.8,85.2852
942.9,85.2837
943,85.2821
943.1,85.2806
943.2,85.279
943.3,85.2775
943.4,85.2759
943.5,85.2744
943.6,85.2728
943.7,85.2713
943.8,85.2697
943.9,85.2682
944,85.2666
944.1,85.2651
944.2,85.2635
944.3,85.262
944.4,85.2604
944.5,85.2589
944.6,85.2573
944.7,85.2558
944.8,85.2542
944.9,85.2527
945,85.2511
945.1,85.2496
945.2,85.248
945.3,85.2465
945.4,85.2449
945.5,85.2434
945.6,85.2418
945.7,85.2403
945.8,85.2387
945.9,85.2372
946,85.2356
946.1,85.2341
946.2,85.2325
946.3,85.231
946.4,85.2294
946.5,85.2279
946.6,85.2263
946.7,85.2248
946.8,85.2232
946.9,85.2217
947,85.2201
947.1,85.2186
947.2,85.217
947.3,85.2155
947.4,85.2139
947.5,85.2124
947.6,85.2108
947.7,85.2093
947.8,85.2077
947.9,85.2062
948,85.2046
948.1,85.2031
948.2,85.2015
948.3,85.2
948.4,85.1984
948.5,85.1969
948.6,85.1953
948.7,85.1938
948.8,85.1923
948.9,85.1907
949,85.1892
949.1,85.1876
949.2,85.1861
949.3,85.1845
949.4,85.183
949.5,85.1814
949.6,85.1799
949.7,85.1783
949.8,85.1768
949.9,85.1752
950,85.1737
950.1,85.1722
950.2,85.1706
950.3,85.1691
950.4,85.1675
950.5,85.166
950.6,85.1644
950.7,85.1629
950.8,85.1613
950.9,85.1598
951,85.1583
951.1,85.1567
951.2,85.1552
951.3,85.1536
951.4,85.1521
951.5,85.1505
951.6,85.149
951.7,85.1475
951.8,85.1459
951.9,85.1444
952,85.1428
952.1,85.1413
952.2,85.1398
952.3,85.1382
952.4,85.1367
952.5,85.1352
952.6,85.1336
952.7,85.1321
952.8,85.1305
952.9,85.129
953,85.1275
953.1,85.1259
953.2,85.1244
953.3,85.1229
953.4,85.1213
953.5,85.1198
953.6,85.1183
953.7,85.1167
953.8,85.1152
953.9,85.1137
954,85.1121
954.1,85.1106
954.2,85.1091
954.3,85.1075
954.4,85.106
954.5,85.1045
954.6,85.1029
954.7,85.1014
954.8,85.0999
954.9,85.0983
955,85.0968
955.1,85.0953
955.2,85.0937
955.3,85.0922
955.4,85.0907
955.5,85.0891
955.6,85.0876
955.7,85.0861
955.8,85.0845
955.9,85.083
956,85.0815
956.1,85.0799
956.2,85.0784
956.3,85.0769
956.4,85.0753
956.5,85.0738
956.6,85.0723
956.7,85.0707
956.8,85.0692
956.9,85.0677
957,85.0661
957.1,85.0646
957.2,85.0631
957.3,85.0615
957.4,85.06
957.5,85.0585
957.6,85.0569
957.7,85.0554
957.8,85.0539
957.9,85.0523
958,85.0508
958.1,85.0492
958.2,85.0477
958.3,85.0462
958.4,85.0446
958.5,85.0431
958.6,85.0416
958.7,85.04
958.8,85.0385
958.9,85.0369
959,85.0354
959.1,85.0339
959.2,85.0323
959.3,85.0308
959.4,85.0292
959.5,85.0277
959.6,85.0262
959.7,85.0246
959.8,85.0231
959.9,85.0215
960,85.02
960.1,85.0185
960.2,85.0169
960.3,85.0154
960.4,85.0138
960.5,85.0123
960.6,85.0107
960.7,85.0092
960.8,85.0076
960.9,85.0061
961,85.0046
961.1,85.003
961.2,85.0015
961.3,84.9999
961.4,84.9984
961.5,84.9968
961.6,84.9953
961.7,84.9937
961.8,84.9922
961.9,84.9906
962,84.9891
962.1,84.9875
962.2,84.986
962.3,84.9844
962.4,84.9829
962.5,84.9813
962.6,84.9798
962.7,84.9782
962.8,84.9767
962.9,84.9751
963,84.9736
963.1,84.972
963.2,84.9704
963.3,84.9689
963.4,84.9673
963.5,84.9658
963.6,84.9642
963.7,84.9627
963.8,84.9611
963.9,84.9596
964,84.958
964.1,84.9564
964.2,84.9549
964.3,84.9533
964.4,84.9518
964.5,84.9502
964.6,84.9486
964.7,84.9471
964.8,84.9455
964.9,84.944
965,84.9424
965.1,84.9409
965.2,84.9393
965.3,84.9377
965.4,84.9362
965.5,84.9346
965.6,84.9331
965.7,84.9315
965.8,84.9299
965.9,84.9284
966,84.9268
966.1,84.9253
966.2,84.9237
966.3,84.9222
966.4,84.9206
966.5,84.919
966.6,84.9175
966.7,84.9159
966.8,84.9144
966.9,84.9128
967,84.9113
967.1,84.9097
967.2,84.9081
967.3,84.9066
967.4,84.905
967.5,84.9035
967.6,84.9019
967.7,84.9004
967.8,84.8988
967.9,84.8972
968,84.8957
968.1,84.8941
968.2,84.8926
968.3,84.891
968.4,84.8895
968.5,84.8879
968.6,84.8864
968.7,84.8848
968.8,84.8833
968.9,84.8818
969,84.8802
969.1,84.8787
969.2,84.8771
969.3,84.8756
969.4,84.8741
969.5,84.8725
969.6,84.871
969.7,84.8695
969.8,84.868
969.9,84.8664
970,84.8649
970.1,84.8634
970.2,84.8619
970.3,84.8603
970.4,84.8588
970.5,84.8573
970.6,84.8558
970.7,84.8542
970.8,84.8527
970.9,84.8512
971,84.8497
971.1,84.8481
971.2,84.8466
971.3,84.8451
971.4,84.8435
971.5,84.842
971.6,84.8405
971.7,84.839
971.8,84.8374
971.9,84.8359
972,84.8344
972.1,84.8328
972.2,84.8313
972.3,84.8298
972.4,84.8282
972.5,84.8267
972.6,84.8252
972.7,84.8236
972.8,84.8221
972.9,84.8206
973,84.819
973.1,84.8175
973.2,84.816
973.3,84.8144
973.4,84.8129
973.5,84.8113
973.6,84.8098
973.7,84.8083
973.8,84.8067
973.9,84.8052
974,84.8036
974.1,84.8021
974.2,84.8005
974.3,84.799
974.4,84.7974
974.5,84.7959
974.6,84.7944
974.7,84.7928
974.8,84.7913
974.9,84.7897
975,84.7882
975.1,84.7866
975.2,84.7851
975.3,84.7835
975.4,84.782
975.5,84.7804
975.6,84.7789
975.7,84.7773
975.8,84.7758
975.9,84.7742
976,84.7727
976.1,84.7711
976.2,84.7695
976.3,84.768
976.4,84.7664
976.5,84.7649
976.6,84.7633
976.7,84.7618
976.8,84.7602
976.9,84.7587
977,84.7571
977.1,84.7555
977.2,84.754
977.3,84.7524
977.4,84.7509
977.5,84.7493
977.6,84.7478
977.7,84.7462
977.8,84.7446
977.9,84.7431
978,84.7415
978.1,84.74
978.2,84.7384
978.3,84.7368
978.4,84.7353
978.5,84.7337
978.6,84.7321
978.7,84.7306
978.8,84.729
978.9,84.7275
979,84.7259
979.1,84.7243
979.2,84.7228
979.3,84.7212
979.4,84.7196
979.5,84.7181
979.6,84.7165
979.7,84.715
979.8,84.7134
979.9,84.7118
980,84.7103
980.1,84.7087
980.2,84.7071
980.3,84.7056
980.4,84.704
980.5,84.7024
980.6,84.7009
980.7,84.6993
980.8,84.6977
980.9,84.6962
981,84.6946
981.1,84.693
981.2,84.6915
981.3,84.6899
981.4,84.6883
981.5,84.6868
981.6,84.6852
981.7,84.6836
981.8,84.6821
981.9,84.6805
982,84.6789
982.1,84.6774
982.2,84.6758
982.3,84.6742
982.4,84.6727
982.5,84.6711
982.6,84.6695
982.7,84.668
982.8,84.6664
982.9,84.6648
983,84.6633
983.1,84.6617
983.2,84.6601
983.3,84.6586
983.4,84.657
983.5,84.6554
983.6,84.6539
983.7,84.6523
983.8,84.6507
983.9,84.6491
984,84.6476
984.1,84.646
984.2,84.6444
984.3,84.6429
984.4,84.6413
984.5,84.6397
984.6,84.6382
984.7,84.6366
984.8,84.635
984.9,84.6335
985,84.6319
985.1,84.6303
985.2,84.6287
985.3,84.6272
985.4,84.6256
985.5,84.624
985.6,84.6225
985.7,84.6209
985.8,84.6193
985.9,84.6178
986,84.6162
986.1,84.6146
986.2,84.613
986.3,84.6115
986.4,84.6099
986.5,84.6083
986.6,84.6068
986.7,84.6052
986.8,84.6036
986.9,84.602
987,84.6005
987.1,84.5989
987.2,84.5973
987.3,84.5958
987.4,84.5942
987.5,84.5926
987.6,84.591
987.7,84.5895
987.8,84.5879
987.9,84.5863
988,84.5848
988.1,84.5832
988.2,84.5816
988.3,84.58
988.4,84.5785
988.5,84.5769
988.6,84.5753
988.7,84.5738
988.8,84.5722
988.9,84.5706
989,84.569
989.1,84.5675
989.2,84.5659
989.3,84.5643
989.4,84.5627
989.5,84.5612
989.6,84.5596
989.7,84.558
989.8,84.5565
989.9,84.5549
990,84.5533
990.1,84.5517
990.2,84.5502
990.3,84.5486
990.4,84.547
990.5,84.5454
990.6,84.5439
990.7,84.5423
990.8,84.5407
990.9,84.5392
991,84.5376
991.1,84.536
991.2,84.5344
991.3,84.5329
991.4,84.5313
991.5,84.5297
991.6,84.5281
991.7,84.5266
991.8,84.525
991.9,84.5234
992,84.5219
992.1,84.5203
992.2,84.5187
992.3,84.5171
992.4,84.5156
992.5,84.514
992.6,84.5124
992.7,84.5108
992.8,84.5093
992.9,84.5077
993,84.5061
993.1,84.5045
993.2,84.503
993.3,84.5014
993.4,84.4998
993.5,84.4982
993.6,84.4967
993.7,84.4951
993.8,84.4935
993.9,84.492
994,84.4904
994.1,84.4888
994.2,84.4872
994.3,84.4857
994.4,84.4841
994.5,84.4825
994.6,84.4809
994.7,84.4794
994.8,84.4778
994.9,84.4762
995,84.4746
995.1,84.4731
995.2,84.4715
995.3,84.4699
995.4,84.4683
995.5,84.4668
995.6,84.4652
995.7,84.4636
995.8,84.462
995.9,84.4605
996,84.4589
996.1,84.4573
996.2,84.4557
996.3,84.4542
996.4,84.4526
996.5,84.451
996.6,84.4494
996.7,84.4479
996.8,84.4463
996.9,84.4447
997,84.4431
997.1,84.4416
997.2,84.44
997.3,84.4384
997.4,84.4368
997.5,84.4353
997.6,84.4337
997.7,84.4321
997.8,84.4305
997.9,84.429
998,84.4274
998.1,84.4258
998.2,84.4242
998.3,84.4227
998.4,84.4211
998.5,84.4195
998.6,84.4179
998.7,84.4164
998.8,84.4148
998.9,84.4132
999,84.4116
999.1,84.41
999.2,84.4085
999.3,84.4069
999.4,84.4053
999.5,84.4037
999.6,84.4022
999.7,84.4006
999.8,84.399
999.9,84.3974
1000,84.3959
1000.1,84.3943
1000.2,84.3927
1000.3,84.3911
1000.4,84.3896
1000.5,84.388
1000.6,84.3864
1000.7,84.3848
1000.8,84.3833
1000.9,84.3817
1001,84.3801
1001.1,84.3785
1001.2,84.3769
1001.3,84.3754
1001.4,84.3738
1001.5,84.3722
1001.6,84.3706
1001.7,84.3691
1001.8,84.3675
1001.9,84.3659
1002,84.3643
1002.1,84.3628
1002.2,84.3612
1002.3,84.3596
1002.4,84.358
1002.5,84.3565
1002.6,84.3549
1002.7,84.3533
1002.8,84.3517
1002.9,84.3501
1003,84.3486
1003.1,84.347
1003.2,84.3454
1003.3,84.3438
1003.4,84.3423
1003.5,84.3407
1003.6,84.3391
1003.7,84.3375
1003.8,84.3359
1003.9,84.3344
1004,84.3328
1004.1,84.3312
1004.2,84.3296
1004.3,84.3281
1004.4,84.3265
1004.5,84.3249
1004.6,84.3233
1004.7,84.3218
1004.8,84.3202
1004.9,84.3186
1005,84.317
1005.1,84.3154
1005.2,84.3139
1005.3,84.3123
1005.4,84.3107
1005.5,84.3091
1005.6,84.3076
1005.7,84.306
1005.8,84.3044
1005.9,84.3028
1006,84.3012
1006.1,84.2997
1006.2,84.2981
1006.3,84.2965
1006.4,84.2949
1006.5,84.2933
1006.6,84.2918
1006.7,84.2902
1006.8,84.2886
1006.9,84.287
1007,84.2855
1007.1,84.2839
1007.2,84.2823
1007.3,84.2807
1007.4,84.2791
1007.5,84.2776
1007.6,84.276
1007.7,84.2744
1007.8,84.2728
1007.9,84.2713
1008,84.2697
1008.1,84.2681
1008.2,84.2665
1008.3,84.2649
1008.4,84.2634
1008.5,84.2618
1008.6,84.2602
1008.7,84.2586
1008.8,84.257
1008.9,84.2555
1009,84.2539
1009.1,84.2523
1009.2,84.2507
1009.3,84.2491
1009.4,84.2476
1009.5,84.246
1009.6,84.2444
1009.7,84.2428
1009.8,84.2412
1009.9,84.2397
1010,84.2381
1010.1,84.2365
1010.2,84.2349
1010.3,84.2334
1010.4,84.2318
1010.5,84.2302
1010.6,84.2286
1010.7,84.227
1010.8,84.2255
1010.9,84.2239
1011,84.2223
1011.1,84.2207
1011.2,84.2191
1011.3,84.2176
1011.4,84.216
1011.5,84.2144
1011.6,84.2128
1011.7,84.2112
1011.8,84.2097
1011.9,84.2081
1012,84.2065
1012.1,84.2049
1012.2,84.2033
1012.3,84.2018
1012.4,84.2002
1012.5,84.1986
1012.6,84.197
1012.7,84.1954
1012.8,84.1939
1012.9,84.1923
1013,84.1907
1013.1,84.1891
1013.2,84.1875
1013.3,84.186
1013.4,84.1844
1013.5,84.1828
1013.6,84.1812
1013.7,84.1796
1013.8,84.178
1013.9,84.1765
1014,84.1749
1014.1,84.1733
1014.2,84.1717
1014.3,84.1701
1014.4,84.1686
1014.5,84.167
1014.6,84.1654
1014.7,84.1638
1014.8,84.1622
1014.9,84.1607
1015,84.1591
1015.1,84.1575
1015.2,84.1559
1015.3,84.1543
1015.4,84.1528
1015.5,84.1512
1015.6,84.1496
1015.7,84.148
1015.8,84.1464
1015.9,84.1449
1016,84.1433
1016.1,84.1417
1016.2,84.1401
1016.3,84.1385
1016.4,84.137
1016.5,84.1354
1016.6,84.1338
1016.7,84.1322
1016.8,84.1307
1016.9,84.1291
1017,84.1275
1017.1,84.126
1017.2,84.1244
1017.3,84.1228
1017.4,84.1213
1017.5,84.1197
1017.6,84.1182
1017.7,84.1166
1017.8,84.1151
1017.9,84.1135
1018,84.112
1018.1,84.1104
1018.2,84.1089
1018.3,84.1074
1018.4,84.1059
1018.5,84.1044
1018.6,84.1028
1018.7,84.1013
1018.8,84.0998
1018.9,84.0983
1019,84.0968
1019.1,84.0953
1019.2,84.0938
1019.3,84.0923
1019.4,84.0909
1019.5,84.0894
1019.6,84.0879
1019.7,84.0864
1019.8,84.0849
1019.9,84.0834
1020,84.0819
1020.1,84.0804
1020.2,84.079
1020.3,84.0775
1020.4,84.076
1020.5,84.0745
1020.6,84.073
1020.7,84.0715
1020.8,84.07
1020.9,84.0685
1021,84.067
1021.1,84.0655
1021.2,84.0641
1021.3,84.0626
1021.4,84.0611
1021.5,84.0596
1021.6,84.0581
1021.7,84.0565
1021.8,84.055
1021.9,84.0535
1022,84.052
1022.1,84.0505
1022.2,84.049
1022.3,84.0475
1022.4,84.046
1022.5,84.0445
1022.6,84.043
1022.7,84.0414
1022.8,84.0399
1022.9,84.0384
1023,84.0369
1023.1,84.0354
1023.2,84.0338
1023.3,84.0323
1023.4,84.0308
1023.5,84.0293
1023.6,84.0277
1023.7,84.0262
1023.8,84.0247
1023.9,84.0231
1024,84.0216
1024.1,84.0201
1024.2,84.0185
1024.3,84.017
1024.4,84.0155
1024.5,84.0139
1024.6,84.0124
1024.7,84.0109
1024.8,84.0093
1024.9,84.0078
1025,84.0062
1025.1,84.0047
1025.2,84.0032
1025.3,84.0016
1025.4,84.0001
1025.5,83.9985
1025.6,83.997
1025.7,83.9954
1025.8,83.9939
1025.9,83.9923
1026,83.9908
1026.1,83.9892
1026.2,83.9877
1026.3,83.9861
1026.4,83.9846
1026.5,83.983
1026.6,83.9815
1026.7,83.9799
1026.8,83.9784
1026.9,83.9768
1027,83.9753
1027.1,83.9737
1027.2,83.9722
1027.3,83.9706
1027.4,83.969
1027.5,83.9675
1027.6,83.9659
1027.7,83.9644
1027.8,83.9628
1027.9,83.9612
1028,83.9597
1028.1,83.9581
1028.2,83.9566
1028.3,83.955
1028.4,83.9534
1028.5,83.9519
1028.6,83.9503
1028.7,83.9488
1028.8,83.9472
1028.9,83.9456
1029,83.9441
1029.1,83.9425
1029.2,83.9409
1029.3,83.9394
1029.4,83.9378
1029.5,83.9362
1029.6,83.9347
1029.7,83.9331
1029.8,83.9315
1029.9,83.93
1030,83.9284
1030.1,83.9268
1030.2,83.9253
1030.3,83.9237
1030.4,83.9221
1030.5,83.9206
1030.6,83.919
1030.7,83.9174
1030.8,83.9159
1030.9,83.9143
1031,83.9127
1031.1,83.9112
1031.2,83.9096
1031.3,83.908
1031.4,83.9064
1031.5,83.9049
1031.6,83.9033
1031.7,83.9017
1031.8,83.9002
1031.9,83.8986
1032,83.897
1032.1,83.8954
1032.2,83.8939
1032.3,83.8923
1032.4,83.8907
1032.5,83.8892
1032.6,83.8876
1032.7,83.886
1032.8,83.8844
1032.9,83.8829
1033,83.8813
1033.1,83.8797
1033.2,83.8781
1033.3,83.8766
1033.4,83.875
1033.5,83.8734
1033.6,83.8718
1033.7,83.8703
1033.8,83.8687
1033.9,83.8671
1034,83.8655
1034.1,83.864
1034.2,83.8624
1034.3,83.8608
1034.4,83.8592
1034.5,83.8577
1034.6,83.8561
1034.7,83.8545
1034.8,83.8529
1034.9,83.8513
1035,83.8498
1035.1,83.8482
1035.2,83.8466
1035.3,83.845
1035.4,83.8435
1035.5,83.8419
1035.6,83.8403
1035.7,83.8387
1035.8,83.8372
1035.9,83.8356
1036,83.834
1036.1,83.8324
1036.2,83.8308
1036.3,83.8293
1036.4,83.8277
1036.5,83.8261
1036.6,83.8245
1036.7,83.8229
1036.8,83.8214
1036.9,83.8198
1037,83.8182
1037.1,83.8166
1037.2,83.815
1037.3,83.8135
1037.4,83.8119
1037.5,83.8103
1037.6,83.8087
1037.7,83.8071
1037.8,83.8056
1037.9,83.804
1038,83.8024
1038.1,83.8008
1038.2,83.7992
1038.3,83.7977
1038.4,83.7961
1038.5,83.7945
1038.6,83.7929
1038.7,83.7913
1038.8,83.7898
1038.9,83.7882
1039,83.7866
1039.1,83.785
1039.2,83.7834
1039.3,83.7819
1039.4,83.7803
1039.5,83.7787
1039.6,83.7771
1039.7,83.7755
1039.8,83.774
1039.9,83.7724
1040,83.7708
1040.1,83.7692
1040.2,83.7676
1040.3,83.766
1040.4,83.7645
1040.5,83.7629
1040.6,83.7613
1040.7,83.7597
1040.8,83.7581
1040.9,83.7566
1041,83.755
1041.1,83.7534
1041.2,83.7518
1041.3,83.7502
1041.4,83.7486
1041.5,83.7471
1041.6,83.7455
1041.7,83.7439
1041.8,83.7423
1041.9,83.7407
1042,83.7391
1042.1,83.7376
1042.2,83.736
1042.3,83.7344
1042.4,83.7328
1042.5,83.7312
1042.6,83.7297
1042.7,83.7281
1042.8,83.7265
1042.9,83.7249
1043,83.7233
1043.1,83.7218
1043.2,83.7202
1043.3,83.7186
1043.4,83.717
1043.5,83.7154
1043.6,83.7139
1043.7,83.7123
1043.8,83.7107
1043.9,83.7091
1044,83.7075
1044.1,83.706
1044.2,83.7044
1044.3,83.7028
1044.4,83.7013
1044.5,83.6997
1044.6,83.6981
1044.7,83.6965
1044.8,83.695
1044.9,83.6934
1045,83.6918
1045.1,83.6903
1045.2,83.6887
1045.3,83.6871
1045.4,83.6856
1045.5,83.684
1045.6,83.6824
1045.7,83.6809
1045.8,83.6793
1045.9,83.6778
1046,83.6762
1046.1,83.6747
1046.2,83.6731
1046.3,83.6715
1046.4,83.67
1046.5,83.6684
1046.6,83.6669
1046.7,83.6653
1046.8,83.6638
1046.9,83.6622
1047,83.6607
1047.1,83.6591
1047.2,83.6575
1047.3,83.656
1047.4,83.6544
1047.5,83.6529
1047.6,83.6513
1047.7,83.6498
1047.8,83.6482
1047.9,83.6467
1048,83.6451
1048.1,83.6436
1048.2,83.642
1048.3,83.6405
1048.4,83.6389
1048.5,83.6374
1048.6,83.6358
1048.7,83.6343
1048.8,83.6327
1048.9,83.6311
1049,83.6296
1049.1,83.628
1049.2,83.6265
1049.3,83.6249
1049.4,83.6234
1049.5,83.6218
1049.6,83.6203
1049.7,83.6187
1049.8,83.6172
1049.9,83.6156
1050,83.6141
1050.1,83.6125
1050.2,83.611
1050.3,83.6094
1050.4,83.6078
1050.5,83.6063
1050.6,83.6047
1050.7,83.6032
1050.8,83.6016
1050.9,83.6001
1051,83.5985
1051.1,83.5969
1051.2,83.5954
1051.3,83.5938
1051.4,83.5923
1051.5,83.5907
1051.6,83.5892
1051.7,83.5876
1051.8,83.586
1051.9,83.5845
1052,83.5829
1052.1,83.5814
1052.2,83.5798
1052.3,83.5782
1052.4,83.5767
1052.5,83.5751
1052.6,83.5736
1052.7,83.572
1052.8,83.5704
1052.9,83.5689
1053,83.5673
1053.1,83.5658
1053.2,83.5642
1053.3,83.5626
1053.4,83.5611
1053.5,83.5595
1053.6,83.5579
1053.7,83.5564
1053.8,83.5548
1053.9,83.5532
1054,83.5517
1054.1,83.5501
1054.2,83.5485
1054.3,83.547
1054.4,83.5454
1054.5,83.5439
1054.6,83.5423
1054.7,83.5407
1054.8,83.5392
1054.9,83.5376
1055,83.536
1055.1,83.5345
1055.2,83.5329
1055.3,83.5313
1055.4,83.5297
1055.5,83.5282
1055.6,83.5266
1055.7,83.525
1055.8,83.5235
1055.9,83.5219
1056,83.5203
1056.1,83.5188
1056.2,83.5172
1056.3,83.5156
1056.4,83.5141
1056.5,83.5125
1056.6,83.5109
1056.7,83.5094
1056.8,83.5078
1056.9,83.5062
1057,83.5046
1057.1,83.5031
1057.2,83.5015
1057.3,83.4999
1057.4,83.4984
1057.5,83.4968
1057.6,83.4952
1057.7,83.4936
1057.8,83.4921
1057.9,83.4905
1058,83.4889
1058.1,83.4874
1058.2,83.4858
1058.3,83.4842
1058.4,83.4826
1058.5,83.4811
1058.6,83.4795
1058.7,83.4779
1058.8,83.4764
1058.9,83.4748
1059,83.4732
1059.1,83.4716
1059.2,83.4701
1059.3,83.4685
1059.4,83.4669
1059.5,83.4653
1059.6,83.4638
1059.7,83.4622
1059.8,83.4606
1059.9,83.459
1060,83.4575
1060.1,83.4559
1060.2,83.4543
1060.3,83.4527
1060.4,83.4512
1060.5,83.4496
1060.6,83.448
1060.7,83.4464
1060.8,83.4449
1060.9,83.4433
1061,83.4417
1061.1,83.4401
1061.2,83.4386
1061.3,83.437
1061.4,83.4354
1061.5,83.4338
1061.6,83.4323
1061.7,83.4307
1061.8,83.4291
1061.9,83.4275
1062,83.426
1062.1,83.4244
1062.2,83.4228
1062.3,83.4212
1062.4,83.4197
1062.5,83.4181
1062.6,83.4165
1062.7,83.4149
1062.8,83.4134
1062.9,83.4118
1063,83.4102
1063.1,83.4086
1063.2,83.4071
1063.3,83.4055
1063.4,83.4039
1063.5,83.4023
1063.6,83.4008
1063.7,83.3992
1063.8,83.3976
1063.9,83.396
1064,83.3945
1064.1,83.3929
1064.2,83.3913
1064.3,83.3898
1064.4,83.3882
1064.5,83.3866
1064.6,83.385
1064.7,83.3835
1064.8,83.3819
1064.9,83.3803
1065,83.3788
1065.1,83.3772
1065.2,83.3756
1065.3,83.374
1065.4,83.3725
1065.5,83.3709
1065.6,83.3693
1065.7,83.3678
1065.8,83.3662
1065.9,83.3646
1066,83.3631
1066.1,83.3615
1066.2,83.3599
1066.3,83.3584
1066.4,83.3568
1066.5,83.3552
1066.6,83.3537
1066.7,83.3521
1066.8,83.3506
1066.9,83.349
1067,83.3474
1067.1,83.3459
1067.2,83.3443
1067.3,83.3428
1067.4,83.3412
1067.5,83.3396
1067.6,83.3381
1067.7,83.3365
1067.8,83.335
1067.9,83.3334
1068,83.3318
1068.1,83.3303
1068.2,83.3287
1068.3,83.3272
1068.4,83.3256
1068.5,83.324
1068.6,83.3225
1068.7,83.3209
1068.8,83.3194
1068.9,83.3178
1069,83.3162
1069.1,83.3147
1069.2,83.3131
1069.3,83.3116
1069.4,83.31
1069.5,83.3085
1069.6,83.3069
1069.7,83.3053
1069.8,83.3038
1069.9,83.3022
1070,83.3007
1070.1,83.2991
1070.2,83.2975
1070.3,83.296
1070.4,83.2944
1070.5,83.2929
1070.6,83.2913
1070.7,83.2897
1070.8,83.2882
1070.9,83.2866
1071,83.2851
1071.1,83.2835
1071.2,83.2819
1071.3,83.2804
1071.4,83.2788
1071.5,83.2773
1071.6,83.2757
1071.7,83.2741
1071.8,83.2726
1071.9,83.271
1072,83.2694
1072.1,83.2679
1072.2,83.2663
1072.3,83.2648
1072.4,83.2632
1072.5,83.2616
1072.6,83.2601
1072.7,83.2585
1072.8,83.2569
1072.9,83.2554
1073,83.2538
1073.1,83.2523
1073.2,83.2507
1073.3,83.2491
1073.4,83.2476
1073.5,83.246
1073.6,83.2444
1073.7,83.2429
1073.8,83.2413
1073.9,83.2398
1074,83.2382
1074.1,83.2366
1074.2,83.2351
1074.3,83.2335
1074.4,83.2319
1074.5,83.2304
1074.6,83.2288
1074.7,83.2272
1074.8,83.2257
1074.9,83.2241
1075,83.2225
1075.1,83.221
1075.2,83.2194
1075.3,83.2179
1075.4,83.2163
1075.5,83.2147
1075.6,83.2132
1075.7,83.2116
1075.8,83.21
1075.9,83.2085
1076,83.2069
1076.1,83.2054
1076.2,83.2038
1076.3,83.2023
1076.4,83.2007
1076.5,83.1991
1076.6,83.1976
1076.7,83.196
1076.8,83.1945
1076.9,83.1929
1077,83.1914
1077.1,83.1898
1077.2,83.1882
1077.3,83.1867
1077.4,83.1851
1077.5,83.1836
1077.6,83.182
1077.7,83.1805
1077.8,83.1789
1077.9,83.1774
1078,83.1758
1078.1,83.1743
1078.2,83.1728
1078.3,83.1712
1078.4,83.1697
1078.5,83.1681
1078.6,83.1666
1078.7,83.1651
1078.8,83.1635
1078.9,83.162
1079,83.1605
1079.1,83.1589
1079.2,83.1574
1079.3,83.1559
1079.4,83.1544
1079.5,83.1528
1079.6,83.1513
1079.7,83.1498
1079.8,83.1483
1079.9,83.1468
1080,83.1452
1080.1,83.1437
1080.2,83.1422
1080.3,83.1407
1080.4,83.1392
1080.5,83.1377
1080.6,83.1361
1080.7,83.1346
1080.8,83.1331
1080.9,83.1316
1081,83.1301
1081.1,83.1286
1081.2,83.127
1081.3,83.1255
1081.4,83.124
1081.5,83.1225
1081.6,83.121
1081.7,83.1195
1081.8,83.1179
1081.9,83.1164
1082,83.1149
1082.1,83.1134
1082.2,83.1119
1082.3,83.1103
1082.4,83.1088
1082.5,83.1073
1082.6,83.1058
1082.7,83.1043
1082.8,83.1027
1082.9,83.1012
1083,83.0997
1083.1,83.0982
1083.2,83.0966
1083.3,83.0951
1083.4,83.0936
1083.5,83.0921
1083.6,83.0905
1083.7,83.089
1083.8,83.0875
1083.9,83.086
1084,83.0844
1084.1,83.0829
1084.2,83.0814
1084.3,83.0799
1084.4,83.0783
1084.5,83.0768
1084.6,83.0753
1084.7,83.0737
1084.8,83.0722
1084.9,83.0707
1085,83.0691
1085.1,83.0676
1085.2,83.0661
1085.3,83.0645
1085.4,83.063
1085.5,83.0615
1085.6,83.0599
1085.7,83.0584
1085.8,83.0569
1085.9,83.0553
1086,83.0538
1086.1,83.0523
1086.2,83.0507
1086.3,83.0492
1086.4,83.0477
1086.5,83.0461
1086.6,83.0446
1086.7,83.043
1086.8,83.0415
1086.9,83.04
1087,83.0384
1087.1,83.0369
1087.2,83.0353
1087.3,83.0338
1087.4,83.0323
1087.5,83.0307
1087.6,83.0292
1087.7,83.0276
1087.8,83.0261
1087.9,83.0245
1088,83.023
1088.1,83.0214
1088.2,83.0199
1088.3,83.0183
1088.4,83.0168
1088.5,83.0152
1088.6,83.0137
1088.7,83.0121
1088.8,83.0106
1088.9,83.009
1089,83.0075
1089.1,83.0059
1089.2,83.0044
1089.3,83.0028
1089.4,83.0013
1089.5,82.9997
1089.6,82.9982
1089.7,82.9966
1089.8,82.9951
1089.9,82.9935
1090,82.992
1090.1,82.9904
1090.2,82.9888
1090.3,82.9873
1090.4,82.9857
1090.5,82.9842
1090.6,82.9826
1090.7,82.981
1090.8,82.9795
1090.9,82.9779
1091,82.9764
1091.1,82.9748
1091.2,82.9732
1091.3,82.9717
1091.4,82.9701
1091.5,82.9685
1091.6,82.967
1091.7,82.9654
1091.8,82.9638
1091.9,82.9623
1092,82.9607
1092.1,82.9591
1092.2,82.9576
1092.3,82.956
1092.4,82.9544
1092.5,82.9529
1092.6,82.9513
1092.7,82.9497
1092.8,82.9481
1092.9,82.9466
1093,82.945
1093.1,82.9434
1093.2,82.9419
1093.3,82.9403
1093.4,82.9387
1093.5,82.9371
1093.6,82.9356
1093.7,82.934
1093.8,82.9324
1093.9,82.9308
1094,82.9292
1094.1,82.9277
1094.2,82.9261
1094.3,82.9245
1094.4,82.9229
1094.5,82.9213
1094.6,82.9198
1094.7,82.9182
1094.8,82.9166
1094.9,82.915
1095,82.9134
1095.1,82.9118
1095.2,82.9103
1095.3,82.9087
1095.4,82.9071
1095.5,82.9055
1095.6,82.9039
1095.7,82.9023
1095.8,82.9008
1095.9,82.8992
1096,82.8976
1096.1,82.896
1096.2,82.8944
1096.3,82.8928
1096.4,82.8912
1096.5,82.8896
1096.6,82.888
1096.7,82.8865
1096.8,82.8849
1096.9,82.8833
1097,82.8817
1097.1,82.8801
1097.2,82.8785
1097.3,82.8769
1097.4,82.8753
1097.5,82.8737
1097.6,82.8721
1097.7,82.8705
1097.8,82.8689
1097.9,82.8673
1098,82.8657
1098.1,82.8642
1098.2,82.8626
1098.3,82.861
1098.4,82.8594
1098.5,82.8578
1098.6,82.8562
1098.7,82.8546
1098.8,82.853
1098.9,82.8514
1099,82.8498
1099.1,82.8482
1099.2,82.8466
1099.3,82.845
1099.4,82.8434
1099.5,82.8418
1099.6,82.8402
1099.7,82.8386
1099.8,82.837
1099.9,82.8354
1100,82.8338
1100.1,82.8322
1100.2,82.8306
1100.3,82.829
1100.4,82.8274
1100.5,82.8258
1100.6,82.8242
1100.7,82.8226
1100.8,82.821
1100.9,82.8194
1101,82.8178
1101.1,82.8162
1101.2,82.8146
1101.3,82.813
1101.4,82.8114
1101.5,82.8098
1101.6,82.8082
1101.7,82.8066
1101.8,82.805
1101.9,82.8034
1102,82.8018
1102.1,82.8002
1102.2,82.7986
1102.3,82.797
1102.4,82.7954
1102.5,82.7938
1102.6,82.7922
1102.7,82.7906
1102.8,82.789
1102.9,82.7874
1103,82.7858
1103.1,82.7842
1103.2,82.7826
1103.3,82.781
1103.4,82.7794
1103.5,82.7778
1103.6,82.7762
1103.7,82.7746
1103.8,82.773
1103.9,82.7714
1104,82.7698
1104.1,82.7682
1104.2,82.7666
1104.3,82.765
1104.4,82.7634
1104.5,82.7619
1104.6,82.7603
1104.7,82.7587
1104.8,82.7571
1104.9,82.7555
1105,82.7539
1105.1,82.7523
1105.2,82.7507
1105.3,82.7491
1105.4,82.7475
1105.5,82.7459
1105.6,82.7443
1105.7,82.7427
1105.8,82.7411
1105.9,82.7395
1106,82.7379
1106.1,82.7363
1106.2,82.7347
1106.3,82.7331
1106.4,82.7315
1106.5,82.7299
1106.6,82.7283
1106.7,82.7267
1106.8,82.7251
1106.9,82.7235
1107,82.7219
1107.1,82.7203
1107.2,82.7187
1107.3,82.7171
1107.4,82.7155
1107.5,82.7139
1107.6,82.7123
1107.7,82.7107
1107.8,82.7091
1107.9,82.7075
1108,82.7059
1108.1,82.7043
1108.2,82.7027
1108.3,82.7011
1108.4,82.6995
1108.5,82.6979
1108.6,82.6963
1108.7,82.6947
1108.8,82.6931
1108.9,82.6915
1109,82.6899
1109.1,82.6883
1109.2,82.6866
1109.3,82.685
1109.4,82.6834
1109.5,82.6818
1109.6,82.6802
1109.7,82.6786
1109.8,82.677
1109.9,82.6754
1110,82.6738
1110.1,82.6722
1110.2,82.6706
1110.3,82.669
1110.4,82.6674
1110.5,82.6658
1110.6,82.6642
1110.7,82.6626
1110.8,82.661
1110.9,82.6593
1111,82.6577
1111.1,82.6561
1111.2,82.6545
1111.3,82.6529
1111.4,82.6513
1111.5,82.6497
1111.6,82.6481
1111.7,82.6465
1111.8,82.6449
1111.9,82.6433
1112,82.6417
1112.1,82.64
1112.2,82.6384
1112.3,82.6368
1112.4,82.6352
1112.5,82.6336
1112.6,82.632
1112.7,82.6304
1112.8,82.6288
1112.9,82.6272
1113,82.6256
1113.1,82.6239
1113.2,82.6223
1113.3,82.6207
1113.4,82.6191
1113.5,82.6175
1113.6,82.6159
1113.7,82.6143
1113.8,82.6127
1113.9,82.6111
1114,82.6094
1114.1,82.6078
1114.2,82.6062
1114.3,82.6046
1114.4,82.603
1114.5,82.6014
1114.6,82.5998
1114.7,82.5982
1114.8,82.5965
1114.9,82.5949
1115,82.5933
1115.1,82.5917
1115.2,82.5901
1115.3,82.5885
1115.4,82.5869
1115.5,82.5853
1115.6,82.5837
1115.7,82.5821
1115.8,82.5805
1115.9,82.5789
1116,82.5773
1116.1,82.5757
1116.2,82.5742
1116.3,82.5726
1116.4,82.571
1116.5,82.5695
1116.6,82.5679
1116.7,82.5664
1116.8,82.5648
1116.9,82.5633
1117,82.5617
1117.1,82.5602
1117.2,82.5587
1117.3,82.5571
1117.4,82.5556
1117.5,82.5541
1117.6,82.5525
1117.7,82.551
1117.8,82.5495
1117.9,82.5479
1118,82.5464
1118.1,82.5449
1118.2,82.5434
1118.3,82.5418
1118.4,82.5403
1118.5,82.5388
1118.6,82.5372
1118.7,82.5357
1118.8,82.5342
1118.9,82.5326
1119,82.5311
1119.1,82.5296
1119.2,82.5281
1119.3,82.5265
1119.4,82.525
1119.5,82.5235
1119.6,82.5219
1119.7,82.5204
1119.8,82.5188
1119.9,82.5173
1120,82.5158
1120.1,82.5142
1120.2,82.5127
1120.3,82.5111
1120.4,82.5096
1120.5,82.5081
1120.6,82.5065
1120.7,82.505
1120.8,82.5034
1120.9,82.5019
1121,82.5003
1121.1,82.4988
1121.2,82.4973
1121.3,82.4957
1121.4,82.4942
1121.5,82.4926
1121.6,82.4911
1121.7,82.4895
1121.8,82.488
1121.9,82.4864
1122,82.4849
1122.1,82.4833
1122.2,82.4818
1122.3,82.4802
1122.4,82.4787
1122.5,82.4771
1122.6,82.4755
1122.7,82.474
1122.8,82.4724
1122.9,82.4709
1123,82.4693
1123.1,82.4678
1123.2,82.4662
1123.3,82.4646
1123.4,82.4631
1123.5,82.4615
1123.6,82.46
1123.7,82.4584
1123.8,82.4568
1123.9,82.4553
1124,82.4537
1124.1,82.4522
1124.2,82.4506
1124.3,82.449
1124.4,82.4475
1124.5,82.4459
1124.6,82.4443
1124.7,82.4428
1124.8,82.4412
1124.9,82.4397
1125,82.4381
1125.1,82.4365
1125.2,82.435
1125.3,82.4334
1125.4,82.4318
1125.5,82.4303
1125.6,82.4287
1125.7,82.4271
1125.8,82.4256
1125.9,82.424
1126,82.4224
1126.1,82.4208
1126.2,82.4193
1126.3,82.4177
1126.4,82.4161
1126.5,82.4146
1126.6,82.413
1126.7,82.4114
1126.8,82.4099
1126.9,82.4083
1127,82.4067
1127.1,82.4051
1127.2,82.4036
1127.3,82.402
1127.4,82.4004
1127.5,82.3988
1127.6,82.3973
1127.7,82.3957
1127.8,82.3941
1127.9,82.3925
1128,82.391
1128.1,82.3894
1128.2,82.3878
1128.3,82.3863
1128.4,82.3847
1128.5,82.3831
1128.6,82.3815
1128.7,82.38
1128.8,82.3784
1128.9,82.3768
1129,82.3752
1129.1,82.3737
1129.2,82.3721
1129.3,82.3705
1129.4,82.3689
1129.5,82.3673
1129.6,82.3658
1129.7,82.3642
1129.8,82.3626
1129.9,82.361
1130,82.3595
1130.1,82.3579
1130.2,82.3563
1130.3,82.3547
1130.4,82.3532
1130.5,82.3516
1130.6,82.35
1130.7,82.3484
1130.8,82.3469
1130.9,82.3453
1131,82.3437
1131.1,82.3421
1131.2,82.3406
1131.3,82.339
1131.4,82.3374
1131.5,82.3358
1131.6,82.3343
1131.7,82.3327
1131.8,82.3311
1131.9,82.3295
1132,82.328
1132.1,82.3264
1132.2,82.3248
1132.3,82.3233
1132.4,82.3217
1132.5,82.3201
1132.6,82.3185
1132.7,82.317
1132.8,82.3154
1132.9,82.3138
1133,82.3123
1133.1,82.3107
1133.2,82.3091
1133.3,82.3076
1133.4,82.306
1133.5,82.3044
1133.6,82.3029
1133.7,82.3013
1133.8,82.2997
1133.9,82.2982
1134,82.2966
1134.1,82.295
1134.2,82.2935
1134.3,82.2919
1134.4,82.2904
1134.5,82.2888
1134.6,82.2872
1134.7,82.2857
1134.8,82.2841
1134.9,82.2826
1135,82.281
1135.1,82.2794
1135.2,82.2779
1135.3,82.2763
1135.4,82.2748
1135.5,82.2732
1135.6,82.2717
1135.7,82.2701
1135.8,82.2685
1135.9,82.267
1136,82.2654
1136.1,82.2639
1136.2,82.2623
1136.3,82.2608
1136.4,82.2592
1136.5,82.2577
1136.6,82.2561
1136.7,82.2546
1136.8,82.253
1136.9,82.2515
1137,82.2499
1137.1,82.2484
1137.2,82.2468
1137.3,82.2453
1137.4,82.2437
1137.5,82.2422
1137.6,82.2406
1137.7,82.2391
1137.8,82.2375
1137.9,82.236
1138,82.2344
1138.1,82.2329
1138.2,82.2314
1138.3,82.2298
1138.4,82.2283
1138.5,82.2267
1138.6,82.2252
1138.7,82.2236
1138.8,82.2221
1138.9,82.2206
1139,82.219
1139.1,82.2175
1139.2,82.2159
1139.3,82.2144
1139.4,82.2129
1139.5,82.2113
1139.6,82.2098
1139.7,82.2082
1139.8,82.2067
1139.9,82.2051
1140,82.2036
1140.1,82.202
1140.2,82.2005
1140.3,82.199
1140.4,82.1974
1140.5,82.1959
1140.6,82.1943
1140.7,82.1928
1140.8,82.1912
1140.9,82.1897
1141,82.1881
1141.1,82.1866
1141.2,82.185
1141.3,82.1835
1141.4,82.1819
1141.5,82.1804
1141.6,82.1788
1141.7,82.1772
1141.8,82.1757
1141.9,82.1741
1142,82.1726
1142.1,82.171
1142.2,82.1695
1142.3,82.1679
1142.4,82.1663
1142.5,82.1648
1142.6,82.1632
1142.7,82.1616
1142.8,82.1601
1142.9,82.1585
1143,82.157
1143.1,82.1554
1143.2,82.1538
1143.3,82.1523
1143.4,82.1507
1143.5,82.1491
1143.6,82.1476
1143.7,82.146
1143.8,82.1444
1143.9,82.1429
1144,82.1413
1144.1,82.1397
1144.2,82.1381
1144.3,82.1366
1144.4,82.135
1144.5,82.1334
1144.6,82.1319
1144.7,82.1303
1144.8,82.1287
1144.9,82.1271
1145,82.1256
1145.1,82.124
1145.2,82.1224
1145.3,82.1209
1145.4,82.1193
1145.5,82.1177
1145.6,82.1161
1145.7,82.1146
1145.8,82.113
1145.9,82.1114
1146,82.1098
1146.1,82.1082
1146.2,82.1067
1146.3,82.1051
1146.4,82.1035
1146.5,82.1019
1146.6,82.1004
1146.7,82.0988
1146.8,82.0972
1146.9,82.0956
1147,82.0941
1147.1,82.0925
1147.2,82.0909
1147.3,82.0893
1147.4,82.0877
1147.5,82.0862
1147.6,82.0846
1147.7,82.083
1147.8,82.0814
1147.9,82.0799
1148,82.0783
1148.1,82.0767
1148.2,82.0751
1148.3,82.0735
1148.4,82.072
1148.5,82.0704
1148.6,82.0688
1148.7,82.0672
1148.8,82.0656
1148.9,82.0641
1149,82.0625
1149.1,82.0609
1149.2,82.0593
1149.3,82.0578
1149.4,82.0562
1149.5,82.0546
1149.6,82.053
1149.7,82.0514
1149.8,82.0499
1149.9,82.0483
1150,82.0467
1150.1,82.0451
1150.2,82.0436
1150.3,82.042
1150.4,82.0404
1150.5,82.0388
1150.6,82.0372
1150.7,82.0357
1150.8,82.0341
1150.9,82.0325
1151,82.0309
1151.1,82.0294
1151.2,82.0278
1151.3,82.0262
1151.4,82.0246
1151.5,82.023
1151.6,82.0215
1151.7,82.0199
1151.8,82.0183
1151.9,82.0167
1152,82.0151
1152.1,82.0136
1152.2,82.012
1152.3,82.0104
1152.4,82.0088
1152.5,82.0072
1152.6,82.0057
1152.7,82.0041
1152.8,82.0025
1152.9,82.0009
1153,81.9993
1153.1,81.9978
1153.2,81.9962
1153.3,81.9946
1153.4,81.993
1153.5,81.9914
1153.6,81.9899
1153.7,81.9883
1153.8,81.9867
1153.9,81.9851
1154,81.9835
1154.1,81.982
1154.2,81.9804
1154.3,81.9788
1154.4,81.9772
1154.5,81.9756
1154.6,81.974
1154.7,81.9725
1154.8,81.9709
1154.9,81.9693
1155,81.9677
1155.1,81.9661
1155.2,81.9646
1155.3,81.963
1155.4,81.9614
1155.5,81.9598
1155.6,81.9582
1155.7,81.9566
1155.8,81.9551
1155.9,81.9535
1156,81.9519
1156.1,81.9503
1156.2,81.9487
1156.3,81.9471
1156.4,81.9456
1156.5,81.944
1156.6,81.9424
1156.7,81.9408
1156.8,81.9392
1156.9,81.9377
1157,81.9361
1157.1,81.9345
1157.2,81.9329
1157.3,81.9314
1157.4,81.9298
1157.5,81.9283
1157.6,81.9267
1157.7,81.9252
1157.8,81.9236
1157.9,81.9221
1158,81.9206
1158.1,81.919
1158.2,81.9175
1158.3,81.916
1158.4,81.9145
1158.5,81.913
1158.6,81.9115
1158.7,81.9101
1158.8,81.9086
1158.9,81.9071
1159,81.9056
1159.1,81.9041
1159.2,81.9027
1159.3,81.9012
1159.4,81.8997
1159.5,81.8982
1159.6,81.8968
1159.7,81.8953
1159.8,81.8938
1159.9,81.8923
1160,81.8909
1160.1,81.8894
1160.2,81.8879
1160.3,81.8864
1160.4,81.8849
1160.5,81.8834
1160.6,81.882
1160.7,81.8805
1160.8,81.879
1160.9,81.8775
1161,81.876
1161.1,81.8745
1161.2,81.873
1161.3,81.8715
1161.4,81.87
1161.5,81.8684
1161.6,81.8669
1161.7,81.8654
1161.8,81.8639
1161.9,81.8624
1162,81.8609
1162.1,81.8593
1162.2,81.8578
1162.3,81.8563
1162.4,81.8548
1162.5,81.8532
1162.6,81.8517
1162.7,81.8502
1162.8,81.8486
1162.9,81.8471
1163,81.8456
1163.1,81.844
1163.2,81.8425
1163.3,81.8409
1163.4,81.8394
1163.5,81.8378
1163.6,81.8363
1163.7,81.8347
1163.8,81.8332
1163.9,81.8316
1164,81.8301
1164.1,81.8285
1164.2,81.827
1164.3,81.8254
1164.4,81.8239
1164.5,81.8223
1164.6,81.8207
1164.7,81.8192
1164.8,81.8176
1164.9,81.816
1165,81.8145
1165.1,81.8129
1165.2,81.8113
1165.3,81.8098
1165.4,81.8082
1165.5,81.8066
1165.6,81.805
1165.7,81.8035
1165.8,81.8019
1165.9,81.8003
1166,81.7987
1166.1,81.7972
1166.2,81.7956
1166.3,81.794
1166.4,81.7924
1166.5,81.7908
1166.6,81.7892
1166.7,81.7877
1166.8,81.7861
1166.9,81.7845
1167,81.7829
1167.1,81.7813
1167.2,81.7797
1167.3,81.7781
1167.4,81.7765
1167.5,81.7749
1167.6,81.7734
1167.7,81.7718
1167.8,81.7702
1167.9,81.7686
1168,81.767
1168.1,81.7654
1168.2,81.7638
1168.3,81.7622
1168.4,81.7606
1168.5,81.759
1168.6,81.7574
1168.7,81.7558
1168.8,81.7542
1168.9,81.7526
1169,81.751
1169.1,81.7494
1169.2,81.7478
1169.3,81.7462
1169.4,81.7446
1169.5,81.743
1169.6,81.7414
1169.7,81.7397
1169.8,81.7381
1169.9,81.7365
1170,81.7349
1170.1,81.7333
1170.2,81.7317
1170.3,81.7301
1170.4,81.7285
1170.5,81.7269
1170.6,81.7253
1170.7,81.7237
1170.8,81.722
1170.9,81.7204
1171,81.7188
1171.1,81.7172
1171.2,81.7156
1171.3,81.714
1171.4,81.7124
1171.5,81.7107
1171.6,81.7091
1171.7,81.7075
1171.8,81.7059
1171.9,81.7043
1172,81.7027
1172.1,81.701
1172.2,81.6994
1172.3,81.6978
1172.4,81.6962
1172.5,81.6946
1172.6,81.693
1172.7,81.6913
1172.8,81.6897
1172.9,81.6881
1173,81.6865
1173.1,81.6848
1173.2,81.6832
1173.3,81.6816
1173.4,81.68
1173.5,81.6784
1173.6,81.6767
1173.7,81.6751
1173.8,81.6735
1173.9,81.6719
1174,81.6702
1174.1,81.6686
1174.2,81.667
1174.3,81.6654
1174.4,81.6638
1174.5,81.6621
1174.6,81.6605
1174.7,81.6589
1174.8,81.6573
1174.9,81.6556
1175,81.654
1175.1,81.6524
1175.2,81.6508
1175.3,81.6491
1175.4,81.6475
1175.5,81.6459
1175.6,81.6443
1175.7,81.6426
1175.8,81.641
1175.9,81.6394
1176,81.6378
1176.1,81.6361
1176.2,81.6345
1176.3,81.6329
1176.4,81.6313
1176.5,81.6296
1176.6,81.628
1176.7,81.6264
1176.8,81.6248
1176.9,81.6231
1177,81.6215
1177.1,81.6199
1177.2,81.6183
1177.3,81.6166
1177.4,81.615
1177.5,81.6134
1177.6,81.6118
1177.7,81.6102
1177.8,81.6085
1177.9,81.6069
1178,81.6053
1178.1,81.6037
1178.2,81.602
1178.3,81.6004
1178.4,81.5988
1178.5,81.5972
1178.6,81.5956
1178.7,81.5939
1178.8,81.5923
1178.9,81.5907
1179,81.5891
1179.1,81.5875
1179.2,81.5858
1179.3,81.5842
1179.4,81.5826
1179.5,81.581
1179.6,81.5794
1179.7,81.5777
1179.8,81.5761
1179.9,81.5745
1180,81.5729
1180.1,81.5713
1180.2,81.5696
1180.3,81.568
1180.4,81.5664
1180.5,81.5648
1180.6,81.5631
1180.7,81.5615
1180.8,81.5599
1180.9,81.5583
1181,81.5567
1181.1,81.555
1181.2,81.5534
1181.3,81.5518
1181.4,81.5502
1181.5,81.5486
1181.6,81.5469
1181.7,81.5453
1181.8,81.5437
1181.9,81.5421
1182,81.5404
1182.1,81.5388
1182.2,81.5372
1182.3,81.5356
1182.4,81.5339
1182.5,81.5323
1182.6,81.5307
1182.7,81.5291
1182.8,81.5275
1182.9,81.5258
1183,81.5242
1183.1,81.5226
1183.2,81.521
1183.3,81.5193
1183.4,81.5177
1183.5,81.5161
1183.6,81.5144
1183.7,81.5128
1183.8,81.5112
1183.9,81.5096
1184,81.5079
1184.1,81.5063
1184.2,81.5047
1184.3,81.5031
1184.4,81.5014
1184.5,81.4998
1184.6,81.4982
1184.7,81.4966
1184.8,81.4949
1184.9,81.4933
1185,81.4917
1185.1,81.4901
1185.2,81.4884
1185.3,81.4868
1185.4,81.4852
1185.5,81.4836
1185.6,81.4819
1185.7,81.4803
1185.8,81.4787
1185.9,81.477
1186,81.4754
1186.1,81.4738
1186.2,81.4722
1186.3,81.4705
1186.4,81.4689
1186.5,81.4673
1186.6,81.4657
1186.7,81.464
1186.8,81.4624
1186.9,81.4608
1187,81.4591
1187.1,81.4575
1187.2,81.4559
1187.3,81.4542
1187.4,81.4526
1187.5,81.451
1187.6,81.4494
1187.7,81.4477
1187.8,81.4461
1187.9,81.4445
1188,81.4428
1188.1,81.4412
1188.2,81.4396
1188.3,81.4379
1188.4,81.4363
1188.5,81.4347
1188.6,81.433
1188.7,81.4314
1188.8,81.4298
1188.9,81.4281
1189,81.4265
1189.1,81.4249
1189.2,81.4233
1189.3,81.4216
1189.4,81.42
1189.5,81.4184
1189.6,81.4167
1189.7,81.4151
1189.8,81.4135
1189.9,81.4118
1190,81.4102
1190.1,81.4086
1190.2,81.4069
1190.3,81.4053
1190.4,81.4037
1190.5,81.402
1190.6,81.4004
1190.7,81.3988
1190.8,81.3971
1190.9,81.3955
1191,81.3939
1191.1,81.3922
1191.2,81.3906
1191.3,81.389
1191.4,81.3873
1191.5,81.3857
1191.6,81.3841
1191.7,81.3825
1191.8,81.3808
1191.9,81.3792
1192,81.3776
1192.1,81.3759
1192.2,81.3743
1192.3,81.3727
1192.4,81.3711
1192.5,81.3694
1192.6,81.3678
1192.7,81.3662
1192.8,81.3645
1192.9,81.3629
1193,81.3613
1193.1,81.3597
1193.2,81.358
1193.3,81.3564
1193.4,81.3548
1193.5,81.3532
1193.6,81.3515
1193.7,81.3499
1193.8,81.3483
1193.9,81.3466
1194,81.345
1194.1,81.3434
1194.2,81.3418
1194.3,81.3401
1194.4,81.3385
1194.5,81.3369
1194.6,81.3353
1194.7,81.3336
1194.8,81.332
1194.9,81.3304
1195,81.3288
1195.1,81.3271
1195.2,81.3255
1195.3,81.3239
1195.4,81.3223
1195.5,81.3206
1195.6,81.319
1195.7,81.3174
1195.8,81.3158
1195.9,81.3141
1196,81.3125
1196.1,81.3109
1196.2,81.3092
1196.3,81.3076
1196.4,81.306
1196.5,81.3044
1196.6,81.3027
1196.7,81.3011
1196.8,81.2995
1196.9,81.2978
1197,81.2962
1197.1,81.2946
1197.2,81.2929
1197.3,81.2913
1197.4,81.2897
1197.5,81.2881
1197.6,81.2864
1197.7,81.2848
1197.8,81.2832
1197.9,81.2815
1198,81.2799
1198.1,81.2783
1198.2,81.2766
1198.3,81.275
1198.4,81.2734
1198.5,81.2718
1198.6,81.2701
1198.7,81.2685
1198.8,81.2669
1198.9,81.2652
1199,81.2636
1199.1,81.262
1199.2,81.2603
1199.3,81.2587
1199.4,81.2571
1199.5,81.2555
1199.6,81.2538
1199.7,81.2522
1199.8,81.2506
1199.9,81.2489
1200,81.2473
1200.1,81.2457
1200.2,81.2441
1200.3,81.2424
1200.4,81.2408
1200.5,81.2392
1200.6,81.2375
1200.7,81.2359
1200.8,81.2343
1200.9,81.2327
1201,81.231
1201.1,81.2294
1201.2,81.2278
1201.3,81.2262
1201.4,81.2245
1201.5,81.2229
1201.6,81.2213
1201.7,81.2197
1201.8,81.218
1201.9,81.2164
1202,81.2148
1202.1,81.2132
1202.2,81.2115
1202.3,81.2099
1202.4,81.2083
1202.5,81.2067
1202.6,81.2051
1202.7,81.2034
1202.8,81.2018
1202.9,81.2002
1203,81.1986
1203.1,81.197
1203.2,81.1953
1203.3,81.1937
1203.4,81.1921
1203.5,81.1905
1203.6,81.1889
1203.7,81.1873
1203.8,81.1857
1203.9,81.184
1204,81.1824
1204.1,81.1808
1204.2,81.1792
1204.3,81.1776
1204.4,81.176
1204.5,81.1744
1204.6,81.1728
1204.7,81.1712
1204.8,81.1696
1204.9,81.168
1205,81.1664
1205.1,81.1648
1205.2,81.1632
1205.3,81.1616
1205.4,81.16
1205.5,81.1584
1205.6,81.1569
1205.7,81.1553
1205.8,81.1537
1205.9,81.1521
1206,81.1506
1206.1,81.149
1206.2,81.1474
1206.3,81.1459
1206.4,81.1443
1206.5,81.1427
1206.6,81.1412
1206.7,81.1396
1206.8,81.138
1206.9,81.1365
1207,81.1349
1207.1,81.1334
1207.2,81.1318
1207.3,81.1302
1207.4,81.1287
1207.5,81.1271
1207.6,81.1256
1207.7,81.124
1207.8,81.1224
1207.9,81.1209
1208,81.1193
1208.1,81.1178
1208.2,81.1162
1208.3,81.1147
1208.4,81.1131
1208.5,81.1116
1208.6,81.11
1208.7,81.1084
1208.8,81.1069
1208.9,81.1053
1209,81.1038
1209.1,81.1022
1209.2,81.1007
1209.3,81.0991
1209.4,81.0976
1209.5,81.096
1209.6,81.0944
1209.7,81.0929
1209.8,81.0913
1209.9,81.0898
1210,81.0882
1210.1,81.0867
1210.2,81.0851
1210.3,81.0835
1210.4,81.082
1210.5,81.0804
1210.6,81.0789
1210.7,81.0773
1210.8,81.0757
1210.9,81.0742
1211,81.0726
1211.1,81.0711
1211.2,81.0695
1211.3,81.0679
1211.4,81.0664
1211.5,81.0648
1211.6,81.0633
1211.7,81.0617
1211.8,81.0602
1211.9,81.0587
1212,81.0571
1212.1,81.0556
1212.2,81.0541
1212.3,81.0525
1212.4,81.051
1212.5,81.0495
1212.6,81.048
1212.7,81.0465
1212.8,81.045
1212.9,81.0435
1213,81.042
1213.1,81.0404
1213.2,81.0389
1213.3,81.0374
1213.4,81.0359
1213.5,81.0344
1213.6,81.0329
1213.7,81.0314
1213.8,81.0299
1213.9,81.0284
1214,81.0269
1214.1,81.0253
1214.2,81.0238
1214.3,81.0223
1214.4,81.0208
1214.5,81.0193
1214.6,81.0178
1214.7,81.0162
1214.8,81.0147
1214.9,81.0132
1215,81.0116
1215.1,81.0101
1215.2,81.0086
1215.3,81.007
1215.4,81.0055
1215.5,81.004
1215.6,81.0024
1215.7,81.0009
1215.8,80.9993
1215.9,80.9978
1216,80.9962
1216.1,80.9947
1216.2,80.9931
1216.3,80.9916
1216.4,80.99
1216.5,80.9885
1216.6,80.9869
1216.7,80.9853
1216.8,80.9838
1216.9,80.9822
1217,80.9806
1217.1,80.9791
1217.2,80.9775
1217.3,80.9759
1217.4,80.9744
1217.5,80.9728
1217.6,80.9712
1217.7,80.9696
1217.8,80.968
1217.9,80.9665
1218,80.9649
1218.1,80.9633
1218.2,80.9617
1218.3,80.9601
1218.4,80.9585
1218.5,80.957
1218.6,80.9554
1218.7,80.9538
1218.8,80.9522
1218.9,80.9506
1219,80.949
1219.1,80.9474
1219.2,80.9458
1219.3,80.9442
1219.4,80.9426
1219.5,80.941
1219.6,80.9394
1219.7,80.9378
1219.8,80.9362
1219.9,80.9346
1220,80.933
1220.1,80.9314
1220.2,80.9298
1220.3,80.9282
1220.4,80.9266
1220.5,80.925
1220.6,80.9233
1220.7,80.9217
1220.8,80.9201
1220.9,80.9185
1221,80.9169
1221.1,80.9153
1221.2,80.9137
1221.3,80.9121
1221.4,80.9105
1221.5,80.9088
1221.6,80.9072
1221.7,80.9056
1221.8,80.904
1221.9,80.9024
1222,80.9008
1222.1,80.8992
1222.2,80.8975
1222.3,80.8959
1222.4,80.8943
1222.5,80.8927
1222.6,80.8911
1222.7,80.8895
1222.8,80.8879
1222.9,80.8862
1223,80.8846
1223.1,80.883
1223.2,80.8814
1223.3,80.8798
1223.4,80.8782
1223.5,80.8766
1223.6,80.875
1223.7,80.8734
1223.8,80.8718
1223.9,80.8702
1224,80.8686
1224.1,80.867
1224.2,80.8654
1224.3,80.8638
1224.4,80.8622
1224.5,80.8606
1224.6,80.859
1224.7,80.8574
1224.8,80.8558
1224.9,80.8542
1225,80.8526
1225.1,80.851
1225.2,80.8494
1225.3,80.8478
1225.4,80.8462
1225.5,80.8446
1225.6,80.843
1225.7,80.8414
1225.8,80.8398
1225.9,80.8382
1226,80.8366
1226.1,80.835
1226.2,80.8334
1226.3,80.8318
1226.4,80.8302
1226.5,80.8286
1226.6,80.827
1226.7,80.8255
1226.8,80.8239
1226.9,80.8223
1227,80.8207
1227.1,80.8191
1227.2,80.8175
1227.3,80.8159
1227.4,80.8143
1227.5,80.8127
1227.6,80.8111
1227.7,80.8095
1227.8,80.8079
1227.9,80.8062
1228,80.8046
1228.1,80.803
1228.2,80.8014
1228.3,80.7998
1228.4,80.7982
1228.5,80.7966
1228.6,80.795
1228.7,80.7934
1228.8,80.7918
1228.9,80.7902
1229,80.7886
1229.1,80.787
1229.2,80.7853
1229.3,80.7837
1229.4,80.7821
1229.5,80.7805
1229.6,80.7789
1229.7,80.7773
1229.8,80.7757
1229.9,80.7741
1230,80.7724
1230.1,80.7708
1230.2,80.7692
1230.3,80.7676
1230.4,80.766
1230.5,80.7643
1230.6,80.7627
1230.7,80.7611
1230.8,80.7595
1230.9,80.7579
1231,80.7562
1231.1,80.7546
1231.2,80.753
1231.3,80.7514
1231.4,80.7498
1231.5,80.7481
1231.6,80.7465
1231.7,80.7449
1231.8,80.7433
1231.9,80.7416
1232,80.74
1232.1,80.7384
1232.2,80.7368
1232.3,80.7351
1232.4,80.7335
1232.5,80.7319
1232.6,80.7302
1232.7,80.7286
1232.8,80.727
1232.9,80.7254
1233,80.7237
1233.1,80.7221
1233.2,80.7205
1233.3,80.7188
1233.4,80.7172
1233.5,80.7156
1233.6,80.714
1233.7,80.7123
1233.8,80.7107
1233.9,80.7091
1234,80.7074
1234.1,80.7058
1234.2,80.7042
1234.3,80.7025
1234.4,80.7009
1234.5,80.6993
1234.6,80.6976
1234.7,80.696
1234.8,80.6944
1234.9,80.6927
1235,80.6911
1235.1,80.6895
1235.2,80.6878
1235.3,80.6862
1235.4,80.6846
1235.5,80.683
1235.6,80.6813
1235.7,80.6797
1235.8,80.6781
1235.9,80.6764
1236,80.6748
1236.1,80.6732
1236.2,80.6715
1236.3,80.6699
1236.4,80.6683
1236.5,80.6666
1236.6,80.665
1236.7,80.6634
1236.8,80.6618
1236.9,80.6601
1237,80.6585
1237.1,80.6569
1237.2,80.6553
1237.3,80.6536
1237.4,80.652
1237.5,80.6504
1237.6,80.6488
1237.7,80.6472
1237.8,80.6456
1237.9,80.644
1238,80.6423
1238.1,80.6407
1238.2,80.6391
1238.3,80.6375
1238.4,80.6359
1238.5,80.6343
1238.6,80.6327
1238.7,80.6311
1238.8,80.6295
1238.9,80.628
1239,80.6264
1239.1,80.6248
1239.2,80.6232
1239.3,80.6216
1239.4,80.62
1239.5,80.6184
1239.6,80.6169
1239.7,80.6153
1239.8,80.6137
1239.9,80.6121
1240,80.6105
1240.1,80.609
1240.2,80.6074
1240.3,80.6058
1240.4,80.6042
1240.5,80.6026
1240.6,80.6011
1240.7,80.5995
1240.8,80.5979
1240.9,80.5963
1241,80.5948
1241.1,80.5932
1241.2,80.5916
1241.3,80.59
1241.4,80.5884
1241.5,80.5869
1241.6,80.5853
1241.7,80.5837
1241.8,80.5821
1241.9,80.5806
1242,80.579
1242.1,80.5774
1242.2,80.5758
1242.3,80.5742
1242.4,80.5727
1242.5,80.5711
1242.6,80.5695
1242.7,80.5679
1242.8,80.5664
1242.9,80.5648
1243,80.5632
1243.1,80.5616
1243.2,80.56
1243.3,80.5585
1243.4,80.5569
1243.5,80.5553
1243.6,80.5537
1243.7,80.5521
1243.8,80.5506
1243.9,80.549
1244,80.5474
1244.1,80.5458
1244.2,80.5442
1244.3,80.5427
1244.4,80.5411
1244.5,80.5395
1244.6,80.5379
1244.7,80.5363
1244.8,80.5348
1244.9,80.5332
1245,80.5316
1245.1,80.53
1245.2,80.5284
1245.3,80.5268
1245.4,80.5253
1245.5,80.5237
1245.6,80.5221
1245.7,80.5205
1245.8,80.5189
1245.9,80.5173
1246,80.5157
1246.1,80.5141
1246.2,80.5126
1246.3,80.511
1246.4,80.5094
1246.5,80.5078
1246.6,80.5062
1246.7,80.5046
1246.8,80.503
1246.9,80.5014
1247,80.4998
1247.1,80.4982
1247.2,80.4966
1247.3,80.495
1247.4,80.4935
1247.5,80.4919
1247.6,80.4903
1247.7,80.4887
1247.8,80.4871
1247.9,80.4855
1248,80.4839
1248.1,80.4823
1248.2,80.4807
1248.3,80.4791
1248.4,80.4775
1248.5,80.4759
1248.6,80.4742
1248.7,80.4726
1248.8,80.471
1248.9,80.4694
1249,80.4678
1249.1,80.4662
1249.2,80.4646
1249.3,80.463
1249.4,80.4614
1249.5,80.4598
1249.6,80.4582
1249.7,80.4565
1249.8,80.4549
1249.9,80.4533
1250,80.4517
1250.1,80.4501
1250.2,80.4485
1250.3,80.4469
1250.4,80.4453
1250.5,80.4436
1250.6,80.442
1250.7,80.4404
1250.8,80.4388
1250.9,80.4372
1251,80.4356
1251.1,80.4339
1251.2,80.4323
1251.3,80.4307
1251.4,80.4291
1251.5,80.4275
1251.6,80.4259
1251.7,80.4243
1251.8,80.4227
1251.9,80.421
1252,80.4194
1252.1,80.4179
1252.2,80.4163
1252.3,80.4147
1252.4,80.4131
1252.5,80.4115
1252.6,80.41
1252.7,80.4084
1252.8,80.4068
1252.9,80.4053
1253,80.4037
1253.1,80.4022
1253.2,80.4006
1253.3,80.3991
1253.4,80.3976
1253.5,80.396
1253.6,80.3945
1253.7,80.3929
1253.8,80.3914
1253.9,80.3899
1254,80.3883
1254.1,80.3868
1254.2,80.3852
1254.3,80.3837
1254.4,80.3822
1254.5,80.3806
1254.6,80.3791
1254.7,80.3775
1254.8,80.376
1254.9,80.3744
1255,80.3729
1255.1,80.3713
1255.2,80.3698
1255.3,80.3682
1255.4,80.3667
1255.5,80.3651
1255.6,80.3636
1255.7,80.362
1255.8,80.3604
1255.9,80.3589
1256,80.3573
1256.1,80.3557
1256.2,80.3542
1256.3,80.3526
1256.4,80.351
1256.5,80.3494
1256.6,80.3479
1256.7,80.3463
1256.8,80.3447
1256.9,80.3431
1257,80.3416
1257.1,80.34
1257.2,80.3384
1257.3,80.3368
1257.4,80.3352
1257.5,80.3336
1257.6,80.332
1257.7,80.3305
1257.8,80.3289
1257.9,80.3273
1258,80.3257
1258.1,80.3241
1258.2,80.3225
1258.3,80.3209
1258.4,80.3193
1258.5,80.3177
1258.6,80.3161
1258.7,80.3145
1258.8,80.3129
1258.9,80.3113
1259,80.3097
1259.1,80.3081
1259.2,80.3064
1259.3,80.3048
1259.4,80.3032
1259.5,80.3016
1259.6,80.3
1259.7,80.2984
1259.8,80.2968
1259.9,80.2952
1260,80.2935
1260.1,80.2919
1260.2,80.2903
1260.3,80.2887
1260.4,80.2871
1260.5,80.2855
1260.6,80.2838
1260.7,80.2822
1260.8,80.2806
1260.9,80.279
1261,80.2773
1261.1,80.2757
1261.2,80.2741
1261.3,80.2725
1261.4,80.2708
1261.5,80.2692
1261.6,80.2676
1261.7,80.266
1261.8,80.2643
1261.9,80.2627
1262,80.2611
1262.1,80.2594
1262.2,80.2578
1262.3,80.2562
1262.4,80.2545
1262.5,80.2529
1262.6,80.2513
1262.7,80.2496
1262.8,80.248
1262.9,80.2464
1263,80.2447
1263.1,80.2431
1263.2,80.2415
1263.3,80.2398
1263.4,80.2382
1263.5,80.2365
1263.6,80.2349
1263.7,80.2333
1263.8,80.2316
1263.9,80.23
1264,80.2283
1264.1,80.2267
1264.2,80.2251
1264.3,80.2234
1264.4,80.2218
1264.5,80.2201
1264.6,80.2185
1264.7,80.2169
1264.8,80.2152
1264.9,80.2136
1265,80.2119
1265.1,80.2103
1265.2,80.2086
1265.3,80.207
1265.4,80.2054
1265.5,80.2037
1265.6,80.2021
1265.7,80.2004
1265.8,80.1988
1265.9,80.1971
1266,80.1955
1266.1,80.1938
1266.2,80.1922
1266.3,80.1906
1266.4,80.1889
1266.5,80.1873
1266.6,80.1856
1266.7,80.184
1266.8,80.1823
1266.9,80.1807
1267,80.1791
1267.1,80.1774
1267.2,80.1758
1267.3,80.1741
1267.4,80.1725
1267.5,80.1708
1267.6,80.1692
1267.7,80.1675
1267.8,80.1659
1267.9,80.1643
1268,80.1626
1268.1,80.161
1268.2,80.1593
1268.3,80.1577
1268.4,80.156
1268.5,80.1544
1268.6,80.1527
1268.7,80.1511
1268.8,80.1495
1268.9,80.1478
1269,80.1462
1269.1,80.1445
1269.2,80.1429
1269.3,80.1412
1269.4,80.1396
1269.5,80.1379
1269.6,80.1363
1269.7,80.1346
1269.8,80.133
1269.9,80.1313
1270,80.1297
1270.1,80.128
1270.2,80.1264
1270.3,80.1247
1270.4,80.1231
1270.5,80.1214
1270.6,80.1198
1270.7,80.1182
1270.8,80.1165
1270.9,80.1149
1271,80.1132
1271.1,80.1116
1271.2,80.1099
1271.3,80.1083
1271.4,80.1066
1271.5,80.105
1271.6,80.1033
1271.7,80.1017
1271.8,80.1
1271.9,80.0984
1272,80.0967
1272.1,80.0951
1272.2,80.0934
1272.3,80.0918
1272.4,80.0901
1272.5,80.0885
1272.6,80.0868
1272.7,80.0852
1272.8,80.0835
1272.9,80.0819
1273,80.0802
1273.1,80.0786
1273.2,80.0769
1273.3,80.0753
1273.4,80.0736
1273.5,80.072
1273.6,80.0703
1273.7,80.0687
1273.8,80.067
1273.9,80.0654
1274,80.0637
1274.1,80.0621
1274.2,80.0604
1274.3,80.0588
1274.4,80.0571
1274.5,80.0555
1274.6,80.0538
1274.7,80.0522
1274.8,80.0505
1274.9,80.0489
1275,80.0472
1275.1,80.0456
1275.2,80.0439
1275.3,80.0423
1275.4,80.0406
1275.5,80.039
1275.6,80.0373
1275.7,80.0357
1275.8,80.034
1275.9,80.0324
1276,80.0307
1276.1,80.0291
1276.2,80.0274
1276.3,80.0258
1276.4,80.0241
1276.5,80.0225
1276.6,80.0208
1276.7,80.0192
1276.8,80.0175
1276.9,80.0159
1277,80.0142
1277.1,80.0126
1277.2,80.0109
1277.3,80.0093
1277.4,80.0076
1277.5,80.006
1277.6,80.0043
1277.7,80.0027
1277.8,80.001
1277.9,79.9994
1278,79.9977
1278.1,79.9961
1278.2,79.9944
1278.3,79.9928
1278.4,79.9911
1278.5,79.9895
1278.6,79.9878
1278.7,79.9862
1278.8,79.9845
1278.9,79.9829
1279,79.9812
1279.1,79.9796
1279.2,79.9779
1279.3,79.9763
1279.4,79.9746
1279.5,79.973
1279.6,79.9713
1279.7,79.9697
1279.8,79.968
1279.9,79.9664
1280,79.9647
1280.1,79.9631
1280.2,79.9614
1280.3,79.9598
1280.4,79.9581
1280.5,79.9565
1280.6,79.9548
1280.7,79.9532
1280.8,79.9515
1280.9,79.9498
1281,79.9482
1281.1,79.9465
1281.2,79.9449
1281.3,79.9432
1281.4,79.9416
1281.5,79.9399
1281.6,79.9383
1281.7,79.9366
1281.8,79.935
1281.9,79.9333
1282,79.9316
1282.1,79.93
1282.2,79.9283
1282.3,79.9267
1282.4,79.925
1282.5,79.9234
1282.6,79.9217
1282.7,79.92
1282.8,79.9184
1282.9,79.9167
1283,79.9151
1283.1,79.9134
1283.2,79.9118
1283.3,79.9101
1283.4,79.9085
1283.5,79.9068
1283.6,79.9051
1283.7,79.9035
1283.8,79.9018
1283.9,79.9002
1284,79.8985
1284.1,79.8969
1284.2,79.8952
1284.3,79.8935
1284.4,79.8919
1284.5,79.8902
1284.6,79.8886
1284.7,79.8869
1284.8,79.8853
1284.9,79.8836
1285,79.8819
1285.1,79.8803
1285.2,79.8786
1285.3,79.877
1285.4,79.8753
1285.5,79.8737
1285.6,79.872
1285.7,79.8704
1285.8,79.8687
1285.9,79.8671
1286,79.8654
1286.1,79.8637
1286.2,79.8621
1286.3,79.8604
1286.4,79.8588
1286.5,79.8571
1286.6,79.8555
1286.7,79.8538
1286.8,79.8522
1286.9,79.8505
1287,79.8489
1287.1,79.8472
1287.2,79.8456
1287.3,79.8439
1287.4,79.8423
1287.5,79.8406
1287.6,79.839
1287.7,79.8373
1287.8,79.8357
1287.9,79.834
1288,79.8324
1288.1,79.8308
1288.2,79.8291
1288.3,79.8275
1288.4,79.8258
1288.5,79.8242
1288.6,79.8226
1288.7,79.8209
1288.8,79.8193
1288.9,79.8176
1289,79.816
1289.1,79.8144
1289.2,79.8127
1289.3,79.8111
1289.4,79.8095
1289.5,79.8078
1289.6,79.8062
1289.7,79.8046
1289.8,79.8029
1289.9,79.8013
1290,79.7997
1290.1,79.798
1290.2,79.7964
1290.3,79.7948
1290.4,79.7931
1290.5,79.7915
1290.6,79.7899
1290.7,79.7883
1290.8,79.7866
1290.9,79.785
1291,79.7834
1291.1,79.7818
1291.2,79.7802
1291.3,79.7785
1291.4,79.7769
1291.5,79.7753
1291.6,79.7737
1291.7,79.7721
1291.8,79.7704
1291.9,79.7688
1292,79.7672
1292.1,79.7656
1292.2,79.764
1292.3,79.7624
1292.4,79.7607
1292.5,79.7591
1292.6,79.7575
1292.7,79.7559
1292.8,79.7543
1292.9,79.7527
1293,79.7511
1293.1,79.7495
1293.2,79.7478
1293.3,79.7462
1293.4,79.7446
1293.5,79.743
1293.6,79.7414
1293.7,79.7398
1293.8,79.7382
1293.9,79.7366
1294,79.735
1294.1,79.7334
1294.2,79.7318
1294.3,79.7301
1294.4,79.7285
1294.5,79.7269
1294.6,79.7253
1294.7,79.7237
1294.8,79.7221
1294.9,79.7205
1295,79.7189
1295.1,79.7173
1295.2,79.7157
1295.3,79.7141
1295.4,79.7125
1295.5,79.7109
1295.6,79.7093
1295.7,79.7077
1295.8,79.7061
1295.9,79.7045
1296,79.7029
1296.1,79.7013
1296.2,79.6997
1296.3,79.6981
1296.4,79.6965
1296.5,79.6949
1296.6,79.6933
1296.7,79.6917
1296.8,79.6901
1296.9,79.6885
1297,79.6869
1297.1,79.6853
1297.2,79.6837
1297.3,79.6821
1297.4,79.6805
1297.5,79.6789
1297.6,79.6773
1297.7,79.6758
1297.8,79.6742
1297.9,79.6726
1298,79.671
1298.1,79.6694
1298.2,79.6678
1298.3,79.6662
1298.4,79.6646
1298.5,79.663
1298.6,79.6614
1298.7,79.6598
1298.8,79.6582
1298.9,79.6566
1299,79.655
1299.1,79.6534
1299.2,79.6519
1299.3,79.6503
1299.4,79.6487
1299.5,79.6471
1299.6,79.6455
1299.7,79.6439
1299.8,79.6423
1299.9,79.6407
1300,79.6391
1300.1,79.6375
1300.2,79.636
1300.3,79.6344
1300.4,79.6328
1300.5,79.6312
1300.6,79.6296
1300.7,79.628
1300.8,79.6264
1300.9,79.6248
1301,79.6232
1301.1,79.6217
1301.2,79.6201
1301.3,79.6185
1301.4,79.6169
1301.5,79.6153
1301.6,79.6137
1301.7,79.6121
1301.8,79.6105
1301.9,79.6089
1302,79.6073
1302.1,79.6057
1302.2,79.6042
1302.3,79.6026
1302.4,79.601
1302.5,79.5994
1302.6,79.5978
1302.7,79.5962
1302.8,79.5946
1302.9,79.593
1303,79.5914
1303.1,79.5898
1303.2,79.5882
1303.3,79.5866
1303.4,79.585
1303.5,79.5834
1303.6,79.5818
1303.7,79.5802
1303.8,79.5786
1303.9,79.577
1304,79.5754
1304.1,79.5738
1304.2,79.5722
1304.3,79.5706
1304.4,79.5691
1304.5,79.5675
1304.6,79.5659
1304.7,79.5642
1304.8,79.5626
1304.9,79.561
1305,79.5594
1305.1,79.5578
1305.2,79.5562
1305.3,79.5546
1305.4,79.553
1305.5,79.5514
1305.6,79.5498
1305.7,79.5482
1305.8,79.5466
1305.9,79.545
1306,79.5434
1306.1,79.5418
1306.2,79.5402
1306.3,79.5386
1306.4,79.537
1306.5,79.5354
1306.6,79.5337
1306.7,79.5321
1306.8,79.5305
1306.9,79.5289
1307,79.5273
1307.1,79.5257
1307.2,79.5241
1307.3,79.5225
1307.4,79.5208
1307.5,79.5192
1307.6,79.5176
1307.7,79.516
1307.8,79.5144
1307.9,79.5128
1308,79.5111
1308.1,79.5095
1308.2,79.5079
1308.3,79.5063
1308.4,79.5047
1308.5,79.5031
1308.6,79.5014
1308.7,79.4998
1308.8,79.4982
1308.9,79.4966
1309,79.4949
1309.1,79.4933
1309.2,79.4917
1309.3,79.4901
1309.4,79.4885
1309.5,79.4868
1309.6,79.4852
1309.7,79.4836
1309.8,79.482
1309.9,79.4803
1310,79.4787
1310.1,79.4771
1310.2,79.4755
1310.3,79.4738
1310.4,79.4722
1310.5,79.4706
1310.6,79.469
1310.7,79.4673
1310.8,79.4657
1310.9,79.4641
1311,79.4625
1311.1,79.4608
1311.2,79.4592
1311.3,79.4576
1311.4,79.456
1311.5,79.4543
1311.6,79.4527
1311.7,79.4511
1311.8,79.4495
1311.9,79.4478
1312,79.4462
1312.1,79.4446
1312.2,79.443
1312.3,79.4414
1312.4,79.4397
1312.5,79.4381
1312.6,79.4365
1312.7,79.4349
1312.8,79.4333
1312.9,79.4316
1313,79.43
1313.1,79.4284
1313.2,79.4268
1313.3,79.4252
1313.4,79.4235
1313.5,79.4219
1313.6,79.4203
1313.7,79.4187
1313.8,79.4171
1313.9,79.4155
1314,79.4138
1314.1,79.4122
1314.2,79.4106
1314.3,79.409
1314.4,79.4074
1314.5,79.4058
1314.6,79.4041
1314.7,79.4025
1314.8,79.4009
1314.9,79.3993
1315,79.3977
1315.1,79.3961
1315.2,79.3945
1315.3,79.3929
1315.4,79.3912
1315.5,79.3896
1315.6,79.388
1315.7,79.3864
1315.8,79.3848
1315.9,79.3832
1316,79.3816
1316.1,79.38
1316.2,79.3784
1316.3,79.3768
1316.4,79.3751
1316.5,79.3735
1316.6,79.3719
1316.7,79.3703
1316.8,79.3687
1316.9,79.3671
1317,79.3655
1317.1,79.3639
1317.2,79.3623
1317.3,79.3607
1317.4,79.3591
1317.5,79.3575
1317.6,79.3559
1317.7,79.3543
1317.8,79.3526
1317.9,79.351
1318,79.3494
1318.1,79.3478
1318.2,79.3462
1318.3,79.3446
1318.4,79.343
1318.5,79.3414
1318.6,79.3398
1318.7,79.3382
1318.8,79.3366
1318.9,79.335
1319,79.3334
1319.1,79.3318
1319.2,79.3302
1319.3,79.3285
1319.4,79.3269
1319.5,79.3253
1319.6,79.3237
1319.7,79.3221
1319.8,79.3205
1319.9,79.3189
1320,79.3173
1320.1,79.3157
1320.2,79.3141
1320.3,79.3125
1320.4,79.3109
1320.5,79.3093
1320.6,79.3077
1320.7,79.3061
1320.8,79.3045
1320.9,79.3028
1321,79.3012
1321.1,79.2996
1321.2,79.298
1321.3,79.2964
1321.4,79.2948
1321.5,79.2932
1321.6,79.2916
1321.7,79.29
1321.8,79.2884
1321.9,79.2868
1322,79.2852
1322.1,79.2836
1322.2,79.282
1322.3,79.2804
1322.4,79.2788
1322.5,79.2772
1322.6,79.2756
1322.7,79.274
1322.8,79.2724
1322.9,79.2708
1323,79.2692
1323.1,79.2676
1323.2,79.266
1323.3,79.2644
1323.4,79.2628
1323.5,79.2611
1323.6,79.2595
1323.7,79.2579
1323.8,79.2563
1323.9,79.2547
1324,79.2531
1324.1,79.2515
1324.2,79.2499
1324.3,79.2483
1324.4,79.2467
1324.5,79.2451
1324.6,79.2435
1324.7,79.2419
1324.8,79.2402
1324.9,79.2386
1325,79.237
1325.1,79.2354
1325.2,79.2338
1325.3,79.2322
1325.4,79.2306
1325.5,79.229
1325.6,79.2273
1325.7,79.2257
1325.8,79.2241
1325.9,79.2225
1326,79.2209
1326.1,79.2193
1326.2,79.2176
1326.3,79.216
1326.4,79.2144
1326.5,79.2128
1326.6,79.2112
1326.7,79.2095
1326.8,79.2079
1326.9,79.2063
1327,79.2047
1327.1,79.203
1327.2,79.2014
1327.3,79.1998
1327.4,79.1982
1327.5,79.1966
1327.6,79.1949
1327.7,79.1933
1327.8,79.1917
1327.9,79.1901
1328,79.1884
1328.1,79.1868
1328.2,79.1852
1328.3,79.1836
1328.4,79.1819
1328.5,79.1803
1328.6,79.1787
1328.7,79.1771
1328.8,79.1754
1328.9,79.1738
1329,79.1722
1329.1,79.1706
1329.2,79.169
1329.3,79.1673
1329.4,79.1657
1329.5,79.1641
1329.6,79.1625
1329.7,79.1608
1329.8,79.1592
1329.9,79.1576
1330,79.156
1330.1,79.1543
1330.2,79.1527
1330.3,79.1511
1330.4,79.1495
1330.5,79.1479
1330.6,79.1462
1330.7,79.1446
1330.8,79.143
1330.9,79.1414
1331,79.1398
1331.1,79.1381
1331.2,79.1365
1331.3,79.1349
1331.4,79.1333
1331.5,79.1317
1331.6,79.1301
1331.7,79.1284
1331.8,79.1268
1331.9,79.1252
1332,79.1236
1332.1,79.122
1332.2,79.1204
1332.3,79.1187
1332.4,79.1171
1332.5,79.1155
1332.6,79.1139
1332.7,79.1123
1332.8,79.1107
1332.9,79.1091
1333,79.1075
1333.1,79.1058
1333.2,79.1042
1333.3,79.1026
1333.4,79.101
1333.5,79.0994
1333.6,79.0978
1333.7,79.0962
1333.8,79.0946
1333.9,79.093
1334,79.0914
1334.1,79.0897
1334.2,79.0881
1334.3,79.0865
1334.4,79.0849
1334.5,79.0833
1334.6,79.0817
1334.7,79.0801
1334.8,79.0785
1334.9,79.0769
1335,79.0753
1335.1,79.0737
1335.2,79.0721
1335.3,79.0705
1335.4,79.0689
1335.5,79.0673
1335.6,79.0657
1335.7,79.0641
1335.8,79.0625
1335.9,79.0609
1336,79.0593
1336.1,79.0577
1336.2,79.0561
1336.3,79.0545
1336.4,79.0529
1336.5,79.0513
1336.6,79.0497
1336.7,79.0481
1336.8,79.0465
1336.9,79.0449
1337,79.0433
1337.1,79.0417
1337.2,79.0401
1337.3,79.0385
1337.4,79.0369
1337.5,79.0353
1337.6,79.0338
1337.7,79.0322
1337.8,79.0306
1337.9,79.029
1338,79.0275
1338.1,79.0259
1338.2,79.0243
1338.3,79.0228
1338.4,79.0212
1338.5,79.0196
1338.6,79.0181
1338.7,79.0165
1338.8,79.015
1338.9,79.0134
1339,79.0119
1339.1,79.0103
1339.2,79.0088
1339.3,79.0072
1339.4,79.0057
1339.5,79.0041
1339.6,79.0026
1339.7,79.001
1339.8,78.9995
1339.9,78.998
1340,78.9964
1340.1,78.9949
1340.2,78.9933
1340.3,78.9918
1340.4,78.9903
1340.5,78.9887
1340.6,78.9872
1340.7,78.9857
1340.8,78.9841
1340.9,78.9826
1341,78.9811
1341.1,78.9796
1341.2,78.978
1341.3,78.9765
1341.4,78.975
1341.5,78.9735
1341.6,78.972
1341.7,78.9704
1341.8,78.9689
1341.9,78.9674
1342,78.9659
1342.1,78.9644
1342.2,78.9628
1342.3,78.9613
1342.4,78.9598
1342.5,78.9583
1342.6,78.9568
1342.7,78.9552
1342.8,78.9537
1342.9,78.9522
1343,78.9507
1343.1,78.9492
1343.2,78.9476
1343.3,78.9461
1343.4,78.9446
1343.5,78.9431
1343.6,78.9415
1343.7,78.94
1343.8,78.9385
1343.9,78.937
1344,78.9354
1344.1,78.9339
1344.2,78.9324
1344.3,78.9308
1344.4,78.9293
1344.5,78.9278
1344.6,78.9263
1344.7,78.9247
1344.8,78.9232
1344.9,78.9217
1345,78.9201
1345.1,78.9186
1345.2,78.9171
1345.3,78.9155
1345.4,78.914
1345.5,78.9125
1345.6,78.9109
1345.7,78.9094
1345.8,78.9079
1345.9,78.9063
1346,78.9048
1346.1,78.9032
1346.2,78.9017
1346.3,78.9002
1346.4,78.8986
1346.5,78.8971
1346.6,78.8955
1346.7,78.894
1346.8,78.8925
1346.9,78.8909
1347,78.8894
1347.1,78.8878
1347.2,78.8863
1347.3,78.8848
1347.4,78.8832
1347.5,78.8817
1347.6,78.8801
1347.7,78.8786
1347.8,78.8771
1347.9,78.8755
1348,78.874
1348.1,78.8724
1348.2,78.8709
1348.3,78.8694
1348.4,78.8678
1348.5,78.8663
1348.6,78.8647
1348.7,78.8632
1348.8,78.8617
1348.9,78.8601
1349,78.8586
1349.1,78.857
1349.2,78.8555
1349.3,78.854
1349.4,78.8524
1349.5,78.8509
1349.6,78.8493
1349.7,78.8478
1349.8,78.8463
1349.9,78.8447
1350,78.8432
1350.1,78.8417
1350.2,78.8401
1350.3,78.8386
1350.4,78.8371
1350.5,78.8356
1350.6,78.8341
1350.7,78.8326
1350.8,78.8311
1350.9,78.8297
1351,78.8282
1351.1,78.8268
1351.2,78.8254
1351.3,78.8239
1351.4,78.8225
1351.5,78.8211
1351.6,78.8198
1351.7,78.8184
1351.8,78.8171
1351.9,78.8157
1352,78.8144
1352.1,78.8131
1352.2,78.8117
1352.3,78.8104
1352.4,78.8091
1352.5,78.8078
1352.6,78.8065
1352.7,78.8052
1352.8,78.8039
1352.9,78.8026
1353,78.8013
1353.1,78.8
1353.2,78.7987
1353.3,78.7974
1353.4,78.796
1353.5,78.7947
1353.6,78.7934
1353.7,78.792
1353.8,78.7907
1353.9,78.7894
1354,78.788
1354.1,78.7866
1354.2,78.7853
1354.3,78.7839
1354.4,78.7825
1354.5,78.7811
1354.6,78.7797
1354.7,78.7783
1354.8,78.7769
1354.9,78.7755
1355,78.7741
1355.1,78.7727
1355.2,78.7712
1355.3,78.7698
1355.4,78.7684
1355.5,78.7669
1355.6,78.7655
1355.7,78.764
1355.8,78.7626
1355.9,78.7611
1356,78.7596
1356.1,78.7582
1356.2,78.7567
1356.3,78.7552
1356.4,78.7537
1356.5,78.7522
1356.6,78.7507
1356.7,78.7492
1356.8,78.7477
1356.9,78.7462
1357,78.7447
1357.1,78.7432
1357.2,78.7417
1357.3,78.7402
1357.4,78.7386
1357.5,78.7371
1357.6,78.7356
1357.7,78.7341
1357.8,78.7325
1357.9,78.731
1358,78.7294
1358.1,78.7279
1358.2,78.7264
1358.3,78.7248
1358.4,78.7233
1358.5,78.7217
1358.6,78.7201
1358.7,78.7186
1358.8,78.717
1358.9,78.7155
1359,78.7139
1359.1,78.7123
1359.2,78.7108
1359.3,78.7092
1359.4,78.7076
1359.5,78.706
1359.6,78.7045
1359.7,78.7029
1359.8,78.7013
1359.9,78.6997
1360,78.6981
1360.1,78.6966
1360.2,78.695
1360.3,78.6934
1360.4,78.6918
1360.5,78.6902
1360.6,78.6886
1360.7,78.687
1360.8,78.6854
1360.9,78.6838
1361,78.6822
1361.1,78.6806
1361.2,78.679
1361.3,78.6774
1361.4,78.6758
1361.5,78.6742
1361.6,78.6726
1361.7,78.671
1361.8,78.6694
1361.9,78.6678
1362,78.6662
1362.1,78.6646
1362.2,78.663
1362.3,78.6613
1362.4,78.6597
1362.5,78.6581
1362.6,78.6565
1362.7,78.6549
1362.8,78.6533
1362.9,78.6517
1363,78.65
1363.1,78.6484
1363.2,78.6468
1363.3,78.6452
1363.4,78.6436
1363.5,78.6419
1363.6,78.6403
1363.7,78.6387
1363.8,78.6371
1363.9,78.6355
1364,78.6338
1364.1,78.6322
1364.2,78.6306
1364.3,78.629
1364.4,78.6273
1364.5,78.6257
1364.6,78.6241
1364.7,78.6225
1364.8,78.6208
1364.9,78.6192
1365,78.6176
1365.1,78.6159
1365.2,78.6143
1365.3,78.6127
1365.4,78.611
1365.5,78.6094
1365.6,78.6078
1365.7,78.6062
1365.8,78.6045
1365.9,78.6029
1366,78.6013
1366.1,78.5996
1366.2,78.598
1366.3,78.5964
1366.4,78.5947
1366.5,78.5931
1366.6,78.5915
1366.7,78.5898
1366.8,78.5882
1366.9,78.5865
1367,78.5849
1367.1,78.5833
1367.2,78.5816
1367.3,78.58
1367.4,78.5784
1367.5,78.5767
1367.6,78.5751
1367.7,78.5735
1367.8,78.5718
1367.9,78.5702
1368,78.5685
1368.1,78.5669
1368.2,78.5653
1368.3,78.5636
1368.4,78.562
1368.5,78.5604
1368.6,78.5587
1368.7,78.5571
1368.8,78.5554
1368.9,78.5538
1369,78.5522
1369.1,78.5505
1369.2,78.5489
1369.3,78.5472
1369.4,78.5456
1369.5,78.544
1369.6,78.5423
1369.7,78.5407
1369.8,78.539
1369.9,78.5374
1370,78.5358
1370.1,78.5341
1370.2,78.5325
1370.3,78.5308
1370.4,78.5292
1370.5,78.5276
1370.6,78.5259
1370.7,78.5243
1370.8,78.5226
1370.9,78.521
1371,78.5193
1371.1,78.5177
1371.2,78.5161
1371.3,78.5144
1371.4,78.5128
1371.5,78.5111
1371.6,78.5095
1371.7,78.5079
1371.8,78.5062
1371.9,78.5046
1372,78.5029
1372.1,78.5013
1372.2,78.4996
1372.3,78.498
1372.4,78.4964
1372.5,78.4947
1372.6,78.4931
1372.7,78.4914
1372.8,78.4898
1372.9,78.4881
1373,78.4865
1373.1,78.4849
1373.2,78.4832
1373.3,78.4816
1373.4,78.4799
1373.5,78.4783
1373.6,78.4766
1373.7,78.475
1373.8,78.4734
1373.9,78.4717
1374,78.4701
1374.1,78.4684
1374.2,78.4668
1374.3,78.4651
1374.4,78.4635
1374.5,78.4619
1374.6,78.4602
1374.7,78.4586
1374.8,78.4569
1374.9,78.4553
1375,78.4536
1375.1,78.452
1375.2,78.4504
1375.3,78.4487
1375.4,78.4471
1375.5,78.4454
1375.6,78.4438
1375.7,78.4421
1375.8,78.4405
1375.9,78.4389
1376,78.4372
1376.1,78.4356
1376.2,78.4339
1376.3,78.4323
1376.4,78.4306
1376.5,78.429
1376.6,78.4274
1376.7,78.4257
1376.8,78.4241
1376.9,78.4224
1377,78.4208
1377.1,78.4191
1377.2,78.4175
1377.3,78.4159
1377.4,78.4142
1377.5,78.4126
1377.6,78.4109
1377.7,78.4093
1377.8,78.4076
1377.9,78.406
1378,78.4044
1378.1,78.4027
1378.2,78.4011
1378.3,78.3994
1378.4,78.3978
1378.5,78.3961
1378.6,78.3945
1378.7,78.3929
1378.8,78.3912
1378.9,78.3896
1379,78.3879
1379.1,78.3863
1379.2,78.3846
1379.3,78.383
1379.4,78.3814
1379.5,78.3797
1379.6,78.3781
1379.7,78.3764
1379.8,78.3748
1379.9,78.3731
1380,78.3715
1380.1,78.3699
1380.2,78.3682
1380.3,78.3666
1380.4,78.3649
1380.5,78.3633
1380.6,78.3616
1380.7,78.36
1380.8,78.3584
1380.9,78.3567
1381,78.3551
1381.1,78.3534
1381.2,78.3518
1381.3,78.3501
1381.4,78.3485
1381.5,78.3469
1381.6,78.3452
1381.7,78.3436
1381.8,78.3419
1381.9,78.3403
1382,78.3386
1382.1,78.337
1382.2,78.3354
1382.3,78.3337
1382.4,78.3321
1382.5,78.3304
1382.6,78.3288
1382.7,78.3272
1382.8,78.3255
1382.9,78.3239
1383,78.3222
1383.1,78.3206
1383.2,78.3189
1383.3,78.3173
1383.4,78.3157
1383.5,78.314
1383.6,78.3124
1383.7,78.3107
1383.8,78.3091
1383.9,78.3074
1384,78.3058
1384.1,78.3042
1384.2,78.3025
1384.3,78.3009
1384.4,78.2992
1384.5,78.2976
1384.6,78.296
1384.7,78.2943
1384.8,78.2927
1384.9,78.291
1385,78.2894
1385.1,78.2877
1385.2,78.2861
1385.3,78.2845
1385.4,78.2828
1385.5,78.2812
1385.6,78.2795
1385.7,78.2779
1385.8,78.2762
1385.9,78.2746
1386,78.273
1386.1,78.2713
1386.2,78.2697
1386.3,78.268
1386.4,78.2664
1386.5,78.2648
1386.6,78.2631
1386.7,78.2615
1386.8,78.2598
1386.9,78.2582
1387,78.2565
1387.1,78.2549
1387.2,78.2533
1387.3,78.2516
1387.4,78.25
1387.5,78.2483
1387.6,78.2467
1387.7,78.2451
1387.8,78.2434
1387.9,78.2418
1388,78.2401
1388.1,78.2385
1388.2,78.2368
1388.3,78.2352
1388.4,78.2336
1388.5,78.2319
1388.6,78.2303
1388.7,78.2286
1388.8,78.227
1388.9,78.2254
1389,78.2237
1389.1,78.2221
1389.2,78.2204
1389.3,78.2188
1389.4,78.2171
1389.5,78.2155
1389.6,78.2139
1389.7,78.2122
1389.8,78.2106
1389.9,78.2089
1390,78.2073
1390.1,78.2057
1390.2,78.204
1390.3,78.2024
1390.4,78.2007
1390.5,78.1991
1390.6,78.1975
1390.7,78.1958
1390.8,78.1942
1390.9,78.1925
1391,78.1909
1391.1,78.1893
1391.2,78.1876
1391.3,78.186
1391.4,78.1843
1391.5,78.1827
1391.6,78.181
1391.7,78.1794
1391.8,78.1778
1391.9,78.1761
1392,78.1745
1392.1,78.1728
1392.2,78.1712
1392.3,78.1696
1392.4,78.1679
1392.5,78.1663
1392.6,78.1646
1392.7,78.163
1392.8,78.1614
1392.9,78.1597
1393,78.1581
1393.1,78.1564
1393.2,78.1548
1393.3,78.1532
1393.4,78.1515
1393.5,78.1499
1393.6,78.1482
1393.7,78.1466
1393.8,78.145
1393.9,78.1433
1394,78.1417
1394.1,78.14
1394.2,78.1384
1394.3,78.1368
1394.4,78.1351
1394.5,78.1335
1394.6,78.1318
1394.7,78.1302
1394.8,78.1286
1394.9,78.1269
1395,78.1253
1395.1,78.1236
1395.2,78.122
1395.3,78.1204
1395.4,78.1187
1395.5,78.1171
1395.6,78.1154
1395.7,78.1138
1395.8,78.1122
1395.9,78.1105
1396,78.1089
1396.1,78.1072
1396.2,78.1056
1396.3,78.104
1396.4,78.1023
1396.5,78.1007
1396.6,78.099
1396.7,78.0974
1396.8,78.0958
1396.9,78.0941
1397,78.0925
1397.1,78.0908
1397.2,78.0892
1397.3,78.0876
1397.4,78.0859
1397.5,78.0843
1397.6,78.0826
1397.7,78.081
1397.8,78.0794
1397.9,78.0777
1398,78.0761
1398.1,78.0744
1398.2,78.0728
1398.3,78.0712
1398.4,78.0695
1398.5,78.0679
1398.6,78.0663
1398.7,78.0646
1398.8,78.063
1398.9,78.0613
1399,78.0597
1399.1,78.0581
1399.2,78.0564
1399.3,78.0548
1399.4,78.0531
1399.5,78.0515
1399.6,78.0499
1399.7,78.0482
1399.8,78.0466
1399.9,78.0449
1400,78.0433
1400.1,78.0417
1400.2,78.04
1400.3,78.0384
1400.4,78.0367
1400.5,78.0351
1400.6,78.0335
1400.7,78.0318
1400.8,78.0302
1400.9,78.0286
1401,78.0269
1401.1,78.0253
1401.2,78.0236
1401.3,78.022
1401.4,78.0204
1401.5,78.0187
1401.6,78.0171
1401.7,78.0154
1401.8,78.0138
1401.9,78.0122
1402,78.0105
1402.1,78.0089
1402.2,78.0072
1402.3,78.0056
1402.4,78.004
1402.5,78.0023
1402.6,78.0007
1402.7,77.9991
1402.8,77.9974
1402.9,77.9958
1403,77.9941
1403.1,77.9925
1403.2,77.9909
1403.3,77.9892
1403.4,77.9876
1403.5,77.9859
1403.6,77.9843
1403.7,77.9827
1403.8,77.981
1403.9,77.9794
1404,77.9778
1404.1,77.9761
1404.2,77.9745
1404.3,77.9728
1404.4,77.9712
1404.5,77.9696
1404.6,77.9679
1404.7,77.9663
1404.8,77.9646
1404.9,77.963
1405,77.9614
1405.1,77.9597
1405.2,77.9581
1405.3,77.9564
1405.4,77.9548
1405.5,77.9532
1405.6,77.9515
1405.7,77.9499
1405.8,77.9483
1405.9,77.9466
1406,77.945
1406.1,77.9433
1406.2,77.9417
1406.3,77.9401
1406.4,77.9384
1406.5,77.9368
1406.6,77.9351
1406.7,77.9335
1406.8,77.9319
1406.9,77.9302
1407,77.9286
1407.1,77.927
1407.2,77.9253
1407.3,77.9237
1407.4,77.922
1407.5,77.9204
1407.6,77.9188
1407.7,77.9171
1407.8,77.9155
1407.9,77.9138
1408,77.9122
1408.1,77.9106
1408.2,77.9089
1408.3,77.9073
1408.4,77.9057
1408.5,77.904
1408.6,77.9024
1408.7,77.9007
1408.8,77.8991
1408.9,77.8975
1409,77.8958
1409.1,77.8942
1409.2,77.8926
1409.3,77.8909
1409.4,77.8893
1409.5,77.8876
1409.6,77.886
1409.7,77.8844
1409.8,77.8827
1409.9,77.8811
1410,77.8794
1410.1,77.8778
1410.2,77.8762
1410.3,77.8745
1410.4,77.8729
1410.5,77.8713
1410.6,77.8696
1410.7,77.868
1410.8,77.8663
1410.9,77.8647
1411,77.8631
1411.1,77.8614
1411.2,77.8598
1411.3,77.8582
1411.4,77.8565
1411.5,77.8549
1411.6,77.8532
1411.7,77.8516
1411.8,77.85
1411.9,77.8483
1412,77.8467
1412.1,77.8451
1412.2,77.8434
1412.3,77.8418
1412.4,77.8401
1412.5,77.8385
1412.6,77.8369
1412.7,77.8352
1412.8,77.8336
1412.9,77.832
1413,77.8303
1413.1,77.8287
1413.2,77.827
1413.3,77.8254
1413.4,77.8238
1413.5,77.8221
1413.6,77.8205
1413.7,77.8189
1413.8,77.8172
1413.9,77.8156
1414,77.8139
1414.1,77.8123
1414.2,77.8107
1414.3,77.809
1414.4,77.8074
1414.5,77.8058
1414.6,77.8041
1414.7,77.8025
1414.8,77.8008
1414.9,77.7992
1415,77.7976
1415.1,77.7959
1415.2,77.7943
1415.3,77.7927
1415.4,77.791
1415.5,77.7894
1415.6,77.7877
1415.7,77.7861
1415.8,77.7845
1415.9,77.7828
1416,77.7812
1416.1,77.7796
1416.2,77.7779
1416.3,77.7763
1416.4,77.7746
1416.5,77.773
1416.6,77.7714
1416.7,77.7697
1416.8,77.7681
1416.9,77.7665
1417,77.7648
1417.1,77.7632
1417.2,77.7615
1417.3,77.7599
1417.4,77.7583
1417.5,77.7566
1417.6,77.755
1417.7,77.7534
1417.8,77.7517
1417.9,77.7501
1418,77.7484
1418.1,77.7468
1418.2,77.7452
1418.3,77.7435
1418.4,77.7419
1418.5,77.7403
1418.6,77.7386
1418.7,77.737
1418.8,77.7354
1418.9,77.7337
1419,77.7321
1419.1,77.7304
1419.2,77.7288
1419.3,77.7272
1419.4,77.7255
1419.5,77.7239
1419.6,77.7223
1419.7,77.7206
1419.8,77.719
1419.9,77.7173
1420,77.7157
1420.1,77.7141
1420.2,77.7124
1420.3,77.7108
1420.4,77.7092
1420.5,77.7075
1420.6,77.7059
1420.7,77.7043
1420.8,77.7026
1420.9,77.701
1421,77.6993
1421.1,77.6977
1421.2,77.6961
1421.3,77.6944
1421.4,77.6928
1421.5,77.6912
1421.6,77.6895
1421.7,77.6879
1421.8,77.6863
1421.9,77.6846
1422,77.683
1422.1,77.6813
1422.2,77.6797
1422.3,77.6781
1422.4,77.6764
1422.5,77.6748
1422.6,77.6732
1422.7,77.6715
1422.8,77.6699
1422.9,77.6683
1423,77.6666
1423.1,77.665
1423.2,77.6634
1423.3,77.6617
1423.4,77.6601
1423.5,77.6584
1423.6,77.6568
1423.7,77.6552
1423.8,77.6535
1423.9,77.6519
1424,77.6503
1424.1,77.6486
1424.2,77.647
1424.3,77.6454
1424.4,77.6437
1424.5,77.6421
1424.6,77.6404
1424.7,77.6388
1424.8,77.6372
1424.9,77.6355
1425,77.6339
1425.1,77.6323
1425.2,77.6306
1425.3,77.629
1425.4,77.6274
1425.5,77.6257
1425.6,77.6241
1425.7,77.6225
1425.8,77.6208
1425.9,77.6192
1426,77.6175
1426.1,77.6159
1426.2,77.6143
1426.3,77.6126
1426.4,77.611
1426.5,77.6094
1426.6,77.6077
1426.7,77.6061
1426.8,77.6045
1426.9,77.6028
1427,77.6012
1427.1,77.5996
1427.2,77.5979
1427.3,77.5963
1427.4,77.5946
1427.5,77.593
1427.6,77.5914
1427.7,77.5897
1427.8,77.5881
1427.9,77.5865
1428,77.5848
1428.1,77.5832
1428.2,77.5816
1428.3,77.5799
1428.4,77.5783
1428.5,77.5767
1428.6,77.575
1428.7,77.5734
1428.8,77.5718
1428.9,77.5701
1429,77.5685
1429.1,77.5668
1429.2,77.5652
1429.3,77.5636
1429.4,77.5619
1429.5,77.5603
1429.6,77.5587
1429.7,77.557
1429.8,77.5554
1429.9,77.5538
1430,77.5521
1430.1,77.5505
1430.2,77.5489
1430.3,77.5472
1430.4,77.5456
1430.5,77.544
1430.6,77.5423
1430.7,77.5407
1430.8,77.539
1430.9,77.5374
1431,77.5358
1431.1,77.5341
1431.2,77.5325
1431.3,77.5309
1431.4,77.5292
1431.5,77.5276
1431.6,77.526
1431.7,77.5243
1431.8,77.5227
1431.9,77.5211
1432,77.5194
1432.1,77.5178
1432.2,77.5162
1432.3,77.5145
1432.4,77.5129
1432.5,77.5113
1432.6,77.5096
1432.7,77.508
1432.8,77.5064
1432.9,77.5047
1433,77.5031
1433.1,77.5014
1433.2,77.4998
1433.3,77.4982
1433.4,77.4965
1433.5,77.4949
1433.6,77.4933
1433.7,77.4916
1433.8,77.49
1433.9,77.4884
1434,77.4867
1434.1,77.4851
1434.2,77.4835
1434.3,77.4818
1434.4,77.4802
1434.5,77.4786
1434.6,77.4769
1434.7,77.4753
1434.8,77.4737
1434.9,77.472
1435,77.4704
1435.1,77.4688
1435.2,77.4671
1435.3,77.4655
1435.4,77.4638
1435.5,77.4622
1435.6,77.4606
1435.7,77.4589
1435.8,77.4573
1435.9,77.4557
1436,77.454
1436.1,77.4524
1436.2,77.4508
1436.3,77.4491
1436.4,77.4475
1436.5,77.4459
1436.6,77.4442
1436.7,77.4426
1436.8,77.441
1436.9,77.4393
1437,77.4377
1437.1,77.4361
1437.2,77.4344
1437.3,77.4328
1437.4,77.4312
1437.5,77.4295
1437.6,77.4279
1437.7,77.4263
1437.8,77.4246
1437.9,77.423
1438,77.4214
1438.1,77.4197
1438.2,77.4181
1438.3,77.4165
1438.4,77.4148
1438.5,77.4132
1438.6,77.4116
1438.7,77.4099
1438.8,77.4083
1438.9,77.4067
1439,77.405
1439.1,77.4034
1439.2,77.4018
1439.3,77.4001
1439.4,77.3985
1439.5,77.3969
1439.6,77.3952
1439.7,77.3936
1439.8,77.392
1439.9,77.3903
1440,77.3887
1440.1,77.3871
1440.2,77.3854
1440.3,77.3838
1440.4,77.3822
1440.5,77.3805
1440.6,77.3789
1440.7,77.3773
1440.8,77.3756
1440.9,77.374
1441,77.3724
1441.1,77.3707
1441.2,77.3691
1441.3,77.3675
1441.4,77.3658
1441.5,77.3642
1441.6,77.3625
1441.7,77.3609
1441.8,77.3593
1441.9,77.3576
1442,77.356
1442.1,77.3544
1442.2,77.3527
1442.3,77.3511
1442.4,77.3495
1442.5,77.3478
1442.6,77.3462
1442.7,77.3446
1442.8,77.3429
1442.9,77.3413
1443,77.3397
1443.1,77.338
1443.2,77.3364
1443.3,77.3348
1443.4,77.3331
1443.5,77.3315
1443.6,77.3299
1443.7,77.3282
1443.8,77.3266
1443.9,77.325
1444,77.3233
1444.1,77.3217
1444.2,77.3201
1444.3,77.3184
1444.4,77.3168
1444.5,77.3152
1444.6,77.3135
1444.7,77.3119
1444.8,77.3103
1444.9,77.3086
1445,77.307
1445.1,77.3054
1445.2,77.3037
1445.3,77.3021
1445.4,77.3005
1445.5,77.2988
1445.6,77.2972
1445.7,77.2956
1445.8,77.2939
1445.9,77.2923
1446,77.2907
1446.1,77.289
1446.2,77.2874
1446.3,77.2858
1446.4,77.2841
1446.5,77.2825
1446.6,77.2809
1446.7,77.2792
1446.8,77.2776
1446.9,77.276
1447,77.2744
1447.1,77.2727
1447.2,77.2711
1447.3,77.2695
1447.4,77.2678
1447.5,77.2662
1447.6,77.2646
1447.7,77.2629
1447.8,77.2613
1447.9,77.2597
1448,77.258
1448.1,77.2564
1448.2,77.2548
1448.3,77.2531
1448.4,77.2515
1448.5,77.2499
1448.6,77.2482
1448.7,77.2466
1448.8,77.245
1448.9,77.2433
1449,77.2417
1449.1,77.2401
1449.2,77.2384
1449.3,77.2368
1449.4,77.2352
1449.5,77.2335
1449.6,77.2319
1449.7,77.2303
1449.8,77.2286
1449.9,77.227
1450,77.2254
1450.1,77.2237
1450.2,77.2221
1450.3,77.2205
1450.4,77.2188
1450.5,77.2172
1450.6,77.2156
1450.7,77.2139
1450.8,77.2123
1450.9,77.2107
1451,77.2091
1451.1,77.2074
1451.2,77.2058
1451.3,77.2042
1451.4,77.2025
1451.5,77.2009
1451.6,77.1993
1451.7,77.1976
1451.8,77.196
1451.9,77.1944
1452,77.1927
1452.1,77.1911
1452.2,77.1895
1452.3,77.1878
1452.4,77.1862
1452.5,77.1846
1452.6,77.1829
1452.7,77.1813
1452.8,77.1797
1452.9,77.178
1453,77.1764
1453.1,77.1748
1453.2,77.1731
1453.3,77.1715
1453.4,77.1699
1453.5,77.1683
1453.6,77.1666
1453.7,77.165
1453.8,77.1634
1453.9,77.1617
1454,77.1601
1454.1,77.1585
1454.2,77.1568
1454.3,77.1552
1454.4,77.1536
1454.5,77.1519
1454.6,77.1503
1454.7,77.1487
1454.8,77.147
1454.9,77.1454
1455,77.1438
1455.1,77.1422
1455.2,77.1405
1455.3,77.1389
1455.4,77.1373
1455.5,77.1356
1455.6,77.134
1455.7,77.1324
1455.8,77.1307
1455.9,77.1291
1456,77.1275
1456.1,77.1258
1456.2,77.1242
1456.3,77.1226
1456.4,77.1209
1456.5,77.1193
1456.6,77.1177
1456.7,77.1161
1456.8,77.1144
1456.9,77.1128
1457,77.1112
1457.1,77.1095
1457.2,77.1079
1457.3,77.1063
1457.4,77.1046
1457.5,77.103
1457.6,77.1014
1457.7,77.0997
1457.8,77.0981
1457.9,77.0965
1458,77.0948
1458.1,77.0932
1458.2,77.0916
1458.3,77.09
1458.4,77.0883
1458.5,77.0867
1458.6,77.0851
1458.7,77.0834
1458.8,77.0818
1458.9,77.0802
1459,77.0785
1459.1,77.0769
1459.2,77.0753
1459.3,77.0736
1459.4,77.072
1459.5,77.0704
1459.6,77.0687
1459.7,77.0671
1459.8,77.0655
1459.9,77.0639
1460,77.0622
1460.1,77.0606
1460.2,77.059
1460.3,77.0573
1460.4,77.0557
1460.5,77.0541
1460.6,77.0524
1460.7,77.0508
1460.8,77.0492
1460.9,77.0475
1461,77.0459
1461.1,77.0443
1461.2,77.0427
1461.3,77.041
1461.4,77.0394
1461.5,77.0378
1461.6,77.0361
1461.7,77.0345
1461.8,77.0329
1461.9,77.0312
1462,77.0296
1462.1,77.028
1462.2,77.0264
1462.3,77.0247
1462.4,77.0231
1462.5,77.0215
1462.6,77.0198
1462.7,77.0182
1462.8,77.0166
1462.9,77.0149
1463,77.0133
1463.1,77.0117
1463.2,77.0101
1463.3,77.0084
1463.4,77.0068
1463.5,77.0052
1463.6,77.0035
1463.7,77.0019
1463.8,77.0003
1463.9,76.9986
1464,76.997
1464.1,76.9954
1464.2,76.9938
1464.3,76.9921
1464.4,76.9905
1464.5,76.9889
1464.6,76.9872
1464.7,76.9856
1464.8,76.984
1464.9,76.9823
1465,76.9807
1465.1,76.9791
1465.2,76.9774
1465.3,76.9758
1465.4,76.9742
1465.5,76.9726
1465.6,76.9709
1465.7,76.9693
1465.8,76.9677
1465.9,76.966
1466,76.9644
1466.1,76.9628
1466.2,76.9611
1466.3,76.9595
1466.4,76.9579
1466.5,76.9562
1466.6,76.9546
1466.7,76.953
1466.8,76.9514
1466.9,76.9497
1467,76.9481
1467.1,76.9465
1467.2,76.9448
1467.3,76.9432
1467.4,76.9416
1467.5,76.9399
1467.6,76.9383
1467.7,76.9367
1467.8,76.935
1467.9,76.9334
1468,76.9318
1468.1,76.9301
1468.2,76.9285
1468.3,76.9269
1468.4,76.9253
1468.5,76.9236
1468.6,76.922
1468.7,76.9204
1468.8,76.9187
1468.9,76.9171
1469,76.9155
1469.1,76.9138
1469.2,76.9122
1469.3,76.9106
1469.4,76.9089
1469.5,76.9073
1469.6,76.9057
1469.7,76.904
1469.8,76.9024
1469.9,76.9008
1470,76.8992
1470.1,76.8975
1470.2,76.8959
1470.3,76.8943
1470.4,76.8926
1470.5,76.891
1470.6,76.8894
1470.7,76.8877
1470.8,76.8861
1470.9,76.8845
1471,76.8828
1471.1,76.8812
1471.2,76.8796
1471.3,76.878
1471.4,76.8763
1471.5,76.8747
1471.6,76.8731
1471.7,76.8714
1471.8,76.8698
1471.9,76.8682
1472,76.8665
1472.1,76.8649
1472.2,76.8633
1472.3,76.8616
1472.4,76.86
1472.5,76.8584
1472.6,76.8568
1472.7,76.8551
1472.8,76.8535
1472.9,76.8519
1473,76.8502
1473.1,76.8486
1473.2,76.847
1473.3,76.8453
1473.4,76.8437
1473.5,76.8421
1473.6,76.8404
1473.7,76.8388
1473.8,76.8372
1473.9,76.8356
1474,76.8339
1474.1,76.8323
1474.2,76.8307
1474.3,76.829
1474.4,76.8274
1474.5,76.8258
1474.6,76.8242
1474.7,76.8225
1474.8,76.8209
1474.9,76.8193
1475,76.8176
1475.1,76.816
1475.2,76.8144
1475.3,76.8128
1475.4,76.8111
1475.5,76.8095
1475.6,76.8079
1475.7,76.8063
1475.8,76.8047
1475.9,76.803
1476,76.8014
1476.1,76.7998
1476.2,76.7982
1476.3,76.7966
1476.4,76.7949
1476.5,76.7933
1476.6,76.7917
1476.7,76.7901
1476.8,76.7885
1476.9,76.7869
1477,76.7853
1477.1,76.7837
1477.2,76.782
1477.3,76.7804
1477.4,76.7788
1477.5,76.7772
1477.6,76.7756
1477.7,76.774
1477.8,76.7724
1477.9,76.7708
1478,76.7692
1478.1,76.7676
1478.2,76.766
1478.3,76.7644
1478.4,76.7628
1478.5,76.7612
1478.6,76.7596
1478.7,76.758
1478.8,76.7564
1478.9,76.7548
1479,76.7532
1479.1,76.7517
1479.2,76.7501
1479.3,76.7485
1479.4,76.7469
1479.5,76.7453
1479.6,76.7437
1479.7,76.7421
1479.8,76.7405
1479.9,76.739
1480,76.7374
1480.1,76.7358
1480.2,76.7342
1480.3,76.7326
1480.4,76.7311
1480.5,76.7295
1480.6,76.7279
1480.7,76.7263
1480.8,76.7248
1480.9,76.7232
1481,76.7216
1481.1,76.72
1481.2,76.7185
1481.3,76.7169
1481.4,76.7153
1481.5,76.7137
1481.6,76.7122
1481.7,76.7106
1481.8,76.709
1481.9,76.7075
1482,76.7059
1482.1,76.7043
1482.2,76.7027
1482.3,76.7012
1482.4,76.6996
1482.5,76.698
1482.6,76.6965
1482.7,76.6949
1482.8,76.6934
1482.9,76.6918
1483,76.6902
1483.1,76.6887
1483.2,76.6871
1483.3,76.6855
1483.4,76.684
1483.5,76.6824
1483.6,76.6809
1483.7,76.6793
1483.8,76.6778
1483.9,76.6762
1484,76.6747
1484.1,76.6731
1484.2,76.6716
1484.3,76.67
1484.4,76.6685
1484.5,76.6669
1484.6,76.6654
1484.7,76.6638
1484.8,76.6623
1484.9,76.6607
1485,76.6592
1485.1,76.6576
1485.2,76.6561
1485.3,76.6545
1485.4,76.653
1485.5,76.6515
1485.6,76.6499
1485.7,76.6484
1485.8,76.6468
1485.9,76.6453
1486,76.6438
1486.1,76.6422
1486.2,76.6407
1486.3,76.6391
1486.4,76.6376
1486.5,76.6361
1486.6,76.6345
1486.7,76.633
1486.8,76.6314
1486.9,76.6299
1487,76.6284
1487.1,76.6268
1487.2,76.6253
1487.3,76.6237
1487.4,76.6222
1487.5,76.6207
1487.6,76.6191
1487.7,76.6176
1487.8,76.616
1487.9,76.6145
1488,76.613
1488.1,76.6114
1488.2,76.6099
1488.3,76.6083
1488.4,76.6068
1488.5,76.6052
1488.6,76.6037
1488.7,76.6022
1488.8,76.6006
1488.9,76.5991
1489,76.5975
1489.1,76.596
1489.2,76.5944
1489.3,76.5929
1489.4,76.5913
1489.5,76.5898
1489.6,76.5882
1489.7,76.5867
1489.8,76.5851
1489.9,76.5836
1490,76.582
1490.1,76.5805
1490.2,76.5789
1490.3,76.5774
1490.4,76.5758
1490.5,76.5743
1490.6,76.5727
1490.7,76.5712
1490.8,76.5696
1490.9,76.5681
1491,76.5665
1491.1,76.5649
1491.2,76.5634
1491.3,76.5618
1491.4,76.5603
1491.5,76.5587
1491.6,76.5572
1491.7,76.5556
1491.8,76.5541
1491.9,76.5525
1492,76.5509
1492.1,76.5494
1492.2,76.5478
1492.3,76.5463
1492.4,76.5447
1492.5,76.5431
1492.6,76.5416
1492.7,76.54
1492.8,76.5385
1492.9,76.5369
1493,76.5354
1493.1,76.5338
1493.2,76.5322
1493.3,76.5307
1493.4,76.5291
1493.5,76.5276
1493.6,76.526
1493.7,76.5244
1493.8,76.5229
1493.9,76.5213
1494,76.5197
1494.1,76.5182
1494.2,76.5166
1494.3,76.5151
1494.4,76.5135
1494.5,76.5119
1494.6,76.5104
1494.7,76.5088
1494.8,76.5072
1494.9,76.5057
1495,76.5041
1495.1,76.5025
1495.2,76.501
1495.3,76.4994
1495.4,76.4978
1495.5,76.4963
1495.6,76.4947
1495.7,76.4931
1495.8,76.4916
1495.9,76.49
1496,76.4884
1496.1,76.4869
1496.2,76.4853
1496.3,76.4837
1496.4,76.4822
1496.5,76.4806
1496.6,76.479
1496.7,76.4775
1496.8,76.4759
1496.9,76.4743
1497,76.4727
1497.1,76.4712
1497.2,76.4696
1497.3,76.468
1497.4,76.4665
1497.5,76.4649
1497.6,76.4633
1497.7,76.4617
1497.8,76.4602
1497.9,76.4586
1498,76.457
1498.1,76.4554
1498.2,76.4539
1498.3,76.4523
1498.4,76.4507
1498.5,76.4491
1498.6,76.4476
1498.7,76.446
1498.8,76.4444
1498.9,76.4428
1499,76.4413
1499.1,76.4397
1499.2,76.4381
1499.3,76.4365
1499.4,76.435
1499.5,76.4334
1499.6,76.4318
1499.7,76.4302
1499.8,76.4287
1499.9,76.4271
1500,76.4255
1500.1,76.4239
1500.2,76.4224
1500.3,76.4208
1500.4,76.4192
1500.5,76.4176
1500.6,76.4161
1500.7,76.4145
1500.8,76.4129
1500.9,76.4113
1501,76.4098
1501.1,76.4082
1501.2,76.4066
1501.3,76.405
1501.4,76.4035
1501.5,76.4019
1501.6,76.4003
1501.7,76.3987
1501.8,76.3972
1501.9,76.3956
1502,76.394
1502.1,76.3924
1502.2,76.3909
1502.3,76.3893
1502.4,76.3877
1502.5,76.3861
1502.6,76.3846
1502.7,76.383
1502.8,76.3814
1502.9,76.3798
1503,76.3783
1503.1,76.3767
1503.2,76.3751
1503.3,76.3735
1503.4,76.372
1503.5,76.3704
1503.6,76.3688
1503.7,76.3672
1503.8,76.3657
1503.9,76.3641
1504,76.3625
1504.1,76.3609
1504.2,76.3594
1504.3,76.3578
1504.4,76.3562
1504.5,76.3546
1504.6,76.3531
1504.7,76.3515
1504.8,76.3499
1504.9,76.3484
1505,76.3468
1505.1,76.3452
1505.2,76.3436
1505.3,76.3421
1505.4,76.3405
1505.5,76.3389
1505.6,76.3373
1505.7,76.3358
1505.8,76.3342
1505.9,76.3326
1506,76.331
1506.1,76.3295
1506.2,76.3279
1506.3,76.3263
1506.4,76.3248
1506.5,76.3232
1506.6,76.3216
1506.7,76.32
1506.8,76.3185
1506.9,76.3169
1507,76.3153
1507.1,76.3137
1507.2,76.3122
1507.3,76.3106
1507.4,76.309
1507.5,76.3075
1507.6,76.3059
1507.7,76.3043
1507.8,76.3027
1507.9,76.3012
1508,76.2996
1508.1,76.298
1508.2,76.2964
1508.3,76.2949
1508.4,76.2933
1508.5,76.2917
1508.6,76.2902
1508.7,76.2886
1508.8,76.287
1508.9,76.2854
1509,76.2839
1509.1,76.2823
1509.2,76.2807
1509.3,76.2791
1509.4,76.2776
1509.5,76.276
1509.6,76.2744
1509.7,76.2729
1509.8,76.2713
1509.9,76.2697
1510,76.2681
1510.1,76.2666
1510.2,76.265
1510.3,76.2634
1510.4,76.2619
1510.5,76.2603
1510.6,76.2587
1510.7,76.2571
1510.8,76.2556
1510.9,76.254
1511,76.2524
1511.1,76.2509
1511.2,76.2493
1511.3,76.2477
1511.4,76.2461
1511.5,76.2446
1511.6,76.243
1511.7,76.2414
1511.8,76.2399
1511.9,76.2383
1512,76.2367
1512.1,76.2351
1512.2,76.2336
1512.3,76.232
1512.4,76.2304
1512.5,76.2289
1512.6,76.2273
1512.7,76.2257
1512.8,76.2242
1512.9,76.2226
1513,76.221
1513.1,76.2195
1513.2,76.2179
1513.3,76.2163
1513.4,76.2148
1513.5,76.2132
1513.6,76.2116
1513.7,76.2101
1513.8,76.2085
1513.9,76.207
1514,76.2054
1514.1,76.2038
1514.2,76.2023
1514.3,76.2007
1514.4,76.1991
1514.5,76.1976
1514.6,76.196
1514.7,76.1945
1514.8,76.1929
1514.9,76.1914
1515,76.1898
1515.1,76.1883
1515.2,76.1867
1515.3,76.1851
1515.4,76.1836
1515.5,76.182
1515.6,76.1805
1515.7,76.179
1515.8,76.1774
1515.9,76.1759
1516,76.1743
1516.1,76.1728
1516.2,76.1712
1516.3,76.1697
1516.4,76.1682
1516.5,76.1666
1516.6,76.1651
1516.7,76.1635
1516.8,76.162
1516.9,76.1605
1517,76.1589
1517.1,76.1574
1517.2,76.1559
1517.3,76.1543
1517.4,76.1528
1517.5,76.1513
1517.6,76.1497
1517.7,76.1482
1517.8,76.1467
1517.9,76.1452
1518,76.1436
1518.1,76.1421
1518.2,76.1406
1518.3,76.139
1518.4,76.1375
1518.5,76.136
1518.6,76.1344
1518.7,76.1329
1518.8,76.1314
1518.9,76.1298
1519,76.1283
1519.1,76.1267
1519.2,76.1252
1519.3,76.1237
1519.4,76.1221
1519.5,76.1206
1519.6,76.1191
1519.7,76.1175
1519.8,76.116
1519.9,76.1144
1520,76.1129
1520.1,76.1113
1520.2,76.1098
1520.3,76.1082
1520.4,76.1067
1520.5,76.1051
1520.6,76.1036
1520.7,76.102
1520.8,76.1005
1520.9,76.0989
1521,76.0974
1521.1,76.0958
1521.2,76.0943
1521.3,76.0927
1521.4,76.0912
1521.5,76.0896
1521.6,76.0881
1521.7,76.0865
1521.8,76.085
1521.9,76.0834
1522,76.0818
1522.1,76.0803
1522.2,76.0787
1522.3,76.0772
1522.4,76.0756
1522.5,76.074
1522.6,76.0725
1522.7,76.0709
1522.8,76.0693
1522.9,76.0678
1523,76.0662
1523.1,76.0646
1523.2,76.0631
1523.3,76.0615
1523.4,76.0599
1523.5,76.0584
1523.6,76.0568
1523.7,76.0552
1523.8,76.0536
1523.9,76.0521
1524,76.0505
1524.1,76.0489
1524.2,76.0473
1524.3,76.0458
1524.4,76.0442
1524.5,76.0426
1524.6,76.041
1524.7,76.0394
1524.8,76.0379
1524.9,76.0363
1525,76.0347
1525.1,76.0331
1525.2,76.0315
1525.3,76.03
1525.4,76.0284
1525.5,76.0268
1525.6,76.0252
1525.7,76.0236
1525.8,76.022
1525.9,76.0204
1526,76.0188
1526.1,76.0173
1526.2,76.0157
1526.3,76.0141
1526.4,76.0125
1526.5,76.0109
1526.6,76.0093
1526.7,76.0077
1526.8,76.0061
1526.9,76.0045
1527,76.0029
1527.1,76.0013
1527.2,75.9997
1527.3,75.9981
1527.4,75.9966
1527.5,75.995
1527.6,75.9934
1527.7,75.9918
1527.8,75.9902
1527.9,75.9886
1528,75.987
1528.1,75.9854
1528.2,75.9838
1528.3,75.9822
1528.4,75.9806
1528.5,75.979
1528.6,75.9774
1528.7,75.9758
1528.8,75.9742
1528.9,75.9726
1529,75.971
1529.1,75.9694
1529.2,75.9678
1529.3,75.9662
1529.4,75.9646
1529.5,75.963
1529.6,75.9614
1529.7,75.9598
1529.8,75.9582
1529.9,75.9566
1530,75.955
1530.1,75.9534
1530.2,75.9518
1530.3,75.9502
1530.4,75.9486
1530.5,75.947
1530.6,75.9454
1530.7,75.9438
1530.8,75.9422
1530.9,75.9406
1531,75.939
1531.1,75.9374
1531.2,75.9358
1531.3,75.9343
1531.4,75.9327
1531.5,75.9311
1531.6,75.9295
1531.7,75.9279
1531.8,75.9263
1531.9,75.9247
1532,75.9231
1532.1,75.9215
1532.2,75.9199
1532.3,75.9183
1532.4,75.9167
1532.5,75.9151
1532.6,75.9135
1532.7,75.9119
1532.8,75.9103
1532.9,75.9087
1533,75.9071
1533.1,75.9055
1533.2,75.9039
1533.3,75.9023
1533.4,75.9007
1533.5,75.8991
1533.6,75.8975
1533.7,75.8959
1533.8,75.8943
1533.9,75.8927
1534,75.8911
1534.1,75.8895
1534.2,75.8879
1534.3,75.8863
1534.4,75.8847
1534.5,75.8831
1534.6,75.8815
1534.7,75.8799
1534.8,75.8783
1534.9,75.8767
1535,75.8751
1535.1,75.8735
1535.2,75.872
1535.3,75.8704
1535.4,75.8688
1535.5,75.8672
1535.6,75.8656
1535.7,75.864
1535.8,75.8624
1535.9,75.8608
1536,75.8592
1536.1,75.8576
1536.2,75.856
1536.3,75.8544
1536.4,75.8528
1536.5,75.8512
1536.6,75.8497
1536.7,75.8481
1536.8,75.8465
1536.9,75.8449
1537,75.8433
1537.1,75.8417
1537.2,75.8401
1537.3,75.8385
1537.4,75.8369
1537.5,75.8354
1537.6,75.8338
1537.7,75.8322
1537.8,75.8306
1537.9,75.829
1538,75.8274
1538.1,75.8259
1538.2,75.8243
1538.3,75.8227
1538.4,75.8211
1538.5,75.8196
1538.6,75.818
1538.7,75.8164
1538.8,75.8148
1538.9,75.8133
1539,75.8117
1539.1,75.8101
1539.2,75.8086
1539.3,75.807
1539.4,75.8054
1539.5,75.8039
1539.6,75.8023
1539.7,75.8007
1539.8,75.7992
1539.9,75.7976
1540,75.796
1540.1,75.7945
1540.2,75.7929
1540.3,75.7914
1540.4,75.7898
1540.5,75.7882
1540.6,75.7867
1540.7,75.7851
1540.8,75.7836
1540.9,75.782
1541,75.7805
1541.1,75.7789
1541.2,75.7774
1541.3,75.7758
1541.4,75.7743
1541.5,75.7727
1541.6,75.7712
1541.7,75.7696
1541.8,75.7681
1541.9,75.7665
1542,75.765
1542.1,75.7634
1542.2,75.7619
1542.3,75.7603
1542.4,75.7588
1542.5,75.7573
1542.6,75.7557
1542.7,75.7542
1542.8,75.7526
1542.9,75.7511
1543,75.7496
1543.1,75.748
1543.2,75.7465
1543.3,75.745
1543.4,75.7434
1543.5,75.7419
1543.6,75.7404
1543.7,75.7388
1543.8,75.7373
1543.9,75.7358
1544,75.7342
1544.1,75.7327
1544.2,75.7312
1544.3,75.7297
1544.4,75.7281
1544.5,75.7266
1544.6,75.7251
1544.7,75.7236
1544.8,75.722
1544.9,75.7205
1545,75.719
1545.1,75.7175
1545.2,75.7159
1545.3,75.7144
1545.4,75.7129
1545.5,75.7113
1545.6,75.7098
1545.7,75.7083
1545.8,75.7068
1545.9,75.7052
1546,75.7037
1546.1,75.7021
1546.2,75.7006
1546.3,75.6991
1546.4,75.6975
1546.5,75.696
1546.6,75.6944
1546.7,75.6929
1546.8,75.6913
1546.9,75.6898
1547,75.6882
1547.1,75.6867
1547.2,75.6851
1547.3,75.6836
1547.4,75.682
1547.5,75.6805
1547.6,75.6789
1547.7,75.6773
1547.8,75.6758
1547.9,75.6742
1548,75.6726
1548.1,75.6711
1548.2,75.6695
1548.3,75.6679
1548.4,75.6664
1548.5,75.6648
1548.6,75.6632
1548.7,75.6617
1548.8,75.6601
1548.9,75.6585
1549,75.6569
1549.1,75.6554
1549.2,75.6538
1549.3,75.6522
1549.4,75.6506
1549.5,75.649
1549.6,75.6475
1549.7,75.6459
1549.8,75.6443
1549.9,75.6427
1550,75.6411
1550.1,75.6395
1550.2,75.6379
1550.3,75.6364
1550.4,75.6348
1550.5,75.6332
1550.6,75.6316
1550.7,75.63
1550.8,75.6284
1550.9,75.6268
1551,75.6252
1551.1,75.6236
1551.2,75.622
1551.3,75.6204
1551.4,75.6188
1551.5,75.6173
1551.6,75.6157
1551.7,75.6141
1551.8,75.6125
1551.9,75.6109
1552,75.6093
1552.1,75.6077
1552.2,75.6061
1552.3,75.6045
1552.4,75.6029
1552.5,75.6013
1552.6,75.5997
1552.7,75.5981
1552.8,75.5965
1552.9,75.5949
1553,75.5933
1553.1,75.5917
1553.2,75.5901
1553.3,75.5884
1553.4,75.5868
1553.5,75.5852
1553.6,75.5836
1553.7,75.582
1553.8,75.5804
1553.9,75.5788
1554,75.5772
1554.1,75.5756
1554.2,75.574
1554.3,75.5724
1554.4,75.5708
1554.5,75.5692
1554.6,75.5676
1554.7,75.566
1554.8,75.5644
1554.9,75.5628
1555,75.5611
1555.1,75.5595
1555.2,75.5579
1555.3,75.5563
1555.4,75.5547
1555.5,75.5531
1555.6,75.5515
1555.7,75.5499
1555.8,75.5483
1555.9,75.5467
1556,75.5451
1556.1,75.5435
1556.2,75.5419
1556.3,75.5403
1556.4,75.5386
1556.5,75.537
1556.6,75.5354
1556.7,75.5338
1556.8,75.5322
1556.9,75.5306
1557,75.529
1557.1,75.5274
1557.2,75.5258
1557.3,75.5242
1557.4,75.5226
1557.5,75.521
1557.6,75.5194
1557.7,75.5178
1557.8,75.5162
1557.9,75.5146
1558,75.5129
1558.1,75.5113
1558.2,75.5097
1558.3,75.5081
1558.4,75.5065
1558.5,75.5049
1558.6,75.5033
1558.7,75.5017
1558.8,75.5001
1558.9,75.4985
1559,75.4969
1559.1,75.4953
1559.2,75.4937
1559.3,75.4921
1559.4,75.4905
1559.5,75.4889
1559.6,75.4873
1559.7,75.4857
1559.8,75.4841
1559.9,75.4825
1560,75.4809
1560.1,75.4793
1560.2,75.4777
1560.3,75.4761
1560.4,75.4745
1560.5,75.473
1560.6,75.4714
1560.7,75.4698
1560.8,75.4682
1560.9,75.4666
1561,75.465
1561.1,75.4634
1561.2,75.4618
1561.3,75.4602
1561.4,75.4586
1561.5,75.457
1561.6,75.4555
1561.7,75.4539
1561.8,75.4523
1561.9,75.4507
1562,75.4491
1562.1,75.4475
1562.2,75.4459
1562.3,75.4443
1562.4,75.4428
1562.5,75.4412
1562.6,75.4396
1562.7,75.438
1562.8,75.4364
1562.9,75.4348
1563,75.4333
1563.1,75.4317
1563.2,75.4301
1563.3,75.4285
1563.4,75.4269
1563.5,75.4254
1563.6,75.4238
1563.7,75.4222
1563.8,75.4206
1563.9,75.419
1564,75.4175
1564.1,75.4159
1564.2,75.4143
1564.3,75.4127
1564.4,75.4112
1564.5,75.4096
1564.6,75.408
1564.7,75.4064
1564.8,75.4049
1564.9,75.4033
1565,75.4017
1565.1,75.4001
1565.2,75.3986
1565.3,75.397
1565.4,75.3954
1565.5,75.3938
1565.6,75.3923
1565.7,75.3907
1565.8,75.3891
1565.9,75.3875
1566,75.386
1566.1,75.3844
1566.2,75.3828
1566.3,75.3813
1566.4,75.3797
1566.5,75.3781
1566.6,75.3765
1566.7,75.375
1566.8,75.3734
1566.9,75.3718
1567,75.3703
1567.1,75.3687
1567.2,75.3671
1567.3,75.3656
1567.4,75.364
1567.5,75.3624
1567.6,75.3608
1567.7,75.3593
1567.8,75.3577
1567.9,75.3561
1568,75.3546
1568.1,75.353
1568.2,75.3514
1568.3,75.3499
1568.4,75.3483
1568.5,75.3467
1568.6,75.3452
1568.7,75.3436
1568.8,75.342
1568.9,75.3405
1569,75.3389
1569.1,75.3374
1569.2,75.3358
1569.3,75.3342
1569.4,75.3327
1569.5,75.3311
1569.6,75.3295
1569.7,75.328
1569.8,75.3264
1569.9,75.3249
1570,75.3233
1570.1,75.3217
1570.2,75.3202
1570.3,75.3186
1570.4,75.3171
1570.5,75.3155
1570.6,75.314
1570.7,75.3124
1570.8,75.3108
1570.9,75.3093
1571,75.3077
1571.1,75.3062
1571.2,75.3046
1571.3,75.3031
1571.4,75.3015
1571.5,75.3
1571.6,75.2984
1571.7,75.2969
1571.8,75.2953
1571.9,75.2938
1572,75.2922
1572.1,75.2906
1572.2,75.2891
1572.3,75.2875
1572.4,75.286
1572.5,75.2844
1572.6,75.2829
1572.7,75.2813
1572.8,75.2798
1572.9,75.2782
1573,75.2767
1573.1,75.2751
1573.2,75.2736
1573.3,75.272
1573.4,75.2705
1573.5,75.2689
1573.6,75.2674
1573.7,75.2658
1573.8,75.2643
1573.9,75.2627
1574,75.2611
1574.1,75.2596
1574.2,75.258
1574.3,75.2565
1574.4,75.2549
1574.5,75.2534
1574.6,75.2518
1574.7,75.2503
1574.8,75.2487
1574.9,75.2471
1575,75.2456
1575.1,75.244
1575.2,75.2425
1575.3,75.2409
1575.4,75.2393
1575.5,75.2378
1575.6,75.2362
1575.7,75.2347
1575.8,75.2331
1575.9,75.2315
1576,75.23
1576.1,75.2284
1576.2,75.2268
1576.3,75.2253
1576.4,75.2237
1576.5,75.2221
1576.6,75.2206
1576.7,75.219
1576.8,75.2174
1576.9,75.2159
1577,75.2143
1577.1,75.2127
1577.2,75.2112
1577.3,75.2096
1577.4,75.208
1577.5,75.2065
1577.6,75.2049
1577.7,75.2033
1577.8,75.2018
1577.9,75.2002
1578,75.1986
1578.1,75.1971
1578.2,75.1955
1578.3,75.1939
1578.4,75.1923
1578.5,75.1908
1578.6,75.1892
1578.7,75.1876
1578.8,75.1861
1578.9,75.1845
1579,75.1829
1579.1,75.1813
1579.2,75.1798
1579.3,75.1782
1579.4,75.1766
1579.5,75.175
1579.6,75.1735
1579.7,75.1719
1579.8,75.1703
1579.9,75.1688
1580,75.1672
1580.1,75.1656
1580.2,75.164
1580.3,75.1625
1580.4,75.1609
1580.5,75.1593
1580.6,75.1577
1580.7,75.1562
1580.8,75.1546
1580.9,75.153
1581,75.1514
1581.1,75.1499
1581.2,75.1483
1581.3,75.1467
1581.4,75.1451
1581.5,75.1436
1581.6,75.142
1581.7,75.1404
1581.8,75.1388
1581.9,75.1372
1582,75.1357
1582.1,75.1341
1582.2,75.1325
1582.3,75.1309
1582.4,75.1294
1582.5,75.1278
1582.6,75.1262
1582.7,75.1246
1582.8,75.123
1582.9,75.1215
1583,75.1199
1583.1,75.1183
1583.2,75.1167
1583.3,75.1151
1583.4,75.1135
1583.5,75.112
1583.6,75.1104
1583.7,75.1088
1583.8,75.1072
1583.9,75.1056
1584,75.104
1584.1,75.1024
1584.2,75.1009
1584.3,75.0993
1584.4,75.0977
1584.5,75.0961
1584.6,75.0945
1584.7,75.0929
1584.8,75.0913
1584.9,75.0897
1585,75.0881
1585.1,75.0865
1585.2,75.0849
1585.3,75.0833
1585.4,75.0818
1585.5,75.0802
1585.6,75.0786
1585.7,75.077
1585.8,75.0754
1585.9,75.0738
1586,75.0722
1586.1,75.0706
1586.2,75.069
1586.3,75.0674
1586.4,75.0658
1586.5,75.0642
1586.6,75.0626
1586.7,75.061
1586.8,75.0594
1586.9,75.0578
1587,75.0562
1587.1,75.0546
1587.2,75.053
1587.3,75.0514
1587.4,75.0498
1587.5,75.0482
1587.6,75.0466
1587.7,75.045
1587.8,75.0434
1587.9,75.0418
1588,75.0402
1588.1,75.0386
1588.2,75.037
1588.3,75.0354
1588.4,75.0338
1588.5,75.0322
1588.6,75.0306
1588.7,75.029
1588.8,75.0274
1588.9,75.0258
1589,75.0242
1589.1,75.0226
1589.2,75.021
1589.3,75.0194
1589.4,75.0178
1589.5,75.0162
1589.6,75.0146
1589.7,75.013
1589.8,75.0114
1589.9,75.0098
1590,75.0082
1590.1,75.0066
1590.2,75.005
1590.3,75.0034
1590.4,75.0018
1590.5,75.0002
1590.6,74.9985
1590.7,74.9969
1590.8,74.9953
1590.9,74.9937
1591,74.9921
1591.1,74.9905
1591.2,74.9889
1591.3,74.9873
1591.4,74.9857
1591.5,74.9841
1591.6,74.9825
1591.7,74.9809
1591.8,74.9793
1591.9,74.9777
1592,74.9761
1592.1,74.9745
1592.2,74.9729
1592.3,74.9713
1592.4,74.9697
1592.5,74.9681
1592.6,74.9665
1592.7,74.9649
1592.8,74.9633
1592.9,74.9617
1593,74.9601
1593.1,74.9585
1593.2,74.9569
1593.3,74.9553
1593.4,74.9537
1593.5,74.9521
1593.6,74.9505
1593.7,74.9488
1593.8,74.9472
1593.9,74.9456
1594,74.944
1594.1,74.9424
1594.2,74.9408
1594.3,74.9392
1594.4,74.9376
1594.5,74.936
1594.6,74.9344
1594.7,74.9328
1594.8,74.9312
1594.9,74.9296
1595,74.928
1595.1,74.9264
1595.2,74.9248
1595.3,74.9232
1595.4,74.9216
1595.5,74.92
1595.6,74.9184
1595.7,74.9168
1595.8,74.9152
1595.9,74.9136
1596,74.912
1596.1,74.9104
1596.2,74.9088
1596.3,74.9072
1596.4,74.9056
1596.5,74.904
1596.6,74.9024
1596.7,74.9008
1596.8,74.8993
1596.9,74.8977
1597,74.8961
1597.1,74.8945
1597.2,74.8929
1597.3,74.8913
1597.4,74.8897
1597.5,74.8881
1597.6,74.8865
1597.7,74.8849
1597.8,74.8834
1597.9,74.8818
1598,74.8802
1598.1,74.8786
1598.2,74.877
1598.3,74.8754
1598.4,74.8738
1598.5,74.8723
1598.6,74.8707
1598.7,74.8691
1598.8,74.8675
1598.9,74.8659
1599,74.8644
1599.1,74.8628
1599.2,74.8612
1599.3,74.8596
1599.4,74.858
1599.5,74.8565
1599.6,74.8549
1599.7,74.8533
1599.8,74.8517
1599.9,74.8502
1600,74.8486
1600.1,74.847
1600.2,74.8455
1600.3,74.8439
1600.4,74.8423
1600.5,74.8408
1600.6,74.8392
1600.7,74.8376
1600.8,74.8361
1600.9,74.8345
1601,74.8329
1601.1,74.8314
1601.2,74.8298
1601.3,74.8283
1601.4,74.8267
1601.5,74.8252
1601.6,74.8236
1601.7,74.822
1601.8,74.8205
1601.9,74.8189
1602,74.8174
1602.1,74.8158
1602.2,74.8143
1602.3,74.8128
1602.4,74.8112
1602.5,74.8097
1602.6,74.8081
1602.7,74.8066
1602.8,74.805
1602.9,74.8035
1603,74.8019
1603.1,74.8004
1603.2,74.7989
1603.3,74.7973
1603.4,74.7958
1603.5,74.7942
1603.6,74.7927
1603.7,74.7912
1603.8,74.7896
1603.9,74.7881
1604,74.7866
1604.1,74.785
1604.2,74.7835
1604.3,74.782
1604.4,74.7804
1604.5,74.7789
1604.6,74.7774
1604.7,74.7758
1604.8,74.7743
1604.9,74.7728
1605,74.7712
1605.1,74.7697
1605.2,74.7681
1605.3,74.7666
1605.4,74.7651
1605.5,74.7635
1605.6,74.762
1605.7,74.7605
1605.8,74.7589
1605.9,74.7574
1606,74.7559
1606.1,74.7543
1606.2,74.7528
1606.3,74.7513
1606.4,74.7497
1606.5,74.7482
1606.6,74.7466
1606.7,74.7451
1606.8,74.7436
1606.9,74.742
1607,74.7405
1607.1,74.739
1607.2,74.7374
1607.3,74.7359
1607.4,74.7343
1607.5,74.7328
1607.6,74.7313
1607.7,74.7297
1607.8,74.7282
1607.9,74.7266
1608,74.7251
1608.1,74.7236
1608.2,74.722
1608.3,74.7205
1608.4,74.7189
1608.5,74.7174
1608.6,74.7159
1608.7,74.7143
1608.8,74.7128
1608.9,74.7113
1609,74.7097
1609.1,74.7082
1609.2,74.7066
1609.3,74.7051
1609.4,74.7036
1609.5,74.702
1609.6,74.7005
1609.7,74.699
1609.8,74.6974
1609.9,74.6959
1610,74.6943
1610.1,74.6928
1610.2,74.6913
1610.3,74.6897
1610.4,74.6882
1610.5,74.6867
1610.6,74.6851
1610.7,74.6836
1610.8,74.6821
1610.9,74.6805
1611,74.679
1611.1,74.6774
1611.2,74.6759
1611.3,74.6744
1611.4,74.6728
1611.5,74.6713
1611.6,74.6698
1611.7,74.6682
1611.8,74.6667
1611.9,74.6652
1612,74.6636
1612.1,74.6621
1612.2,74.6605
1612.3,74.659
1612.4,74.6575
1612.5,74.6559
1612.6,74.6544
1612.7,74.6529
1612.8,74.6513
1612.9,74.6498
1613,74.6482
1613.1,74.6467
1613.2,74.6452
1613.3,74.6436
1613.4,74.6421
1613.5,74.6405
1613.6,74.639
1613.7,74.6375
1613.8,74.6359
1613.9,74.6344
1614,74.6328
1614.1,74.6313
1614.2,74.6298
1614.3,74.6282
1614.4,74.6267
1614.5,74.6251
1614.6,74.6236
1614.7,74.6221
1614.8,74.6205
1614.9,74.619
1615,74.6174
1615.1,74.6159
1615.2,74.6144
1615.3,74.6128
1615.4,74.6113
1615.5,74.6097
1615.6,74.6082
1615.7,74.6066
1615.8,74.6051
1615.9,74.6035
1616,74.602
1616.1,74.6004
1616.2,74.5989
1616.3,74.5974
1616.4,74.5958
1616.5,74.5943
1616.6,74.5927
1616.7,74.5912
1616.8,74.5896
1616.9,74.5881
1617,74.5865
1617.1,74.585
1617.2,74.5834
1617.3,74.5819
1617.4,74.5803
1617.5,74.5788
1617.6,74.5772
1617.7,74.5757
1617.8,74.5741
1617.9,74.5726
1618,74.5711
1618.1,74.5695
1618.2,74.568
1618.3,74.5664
1618.4,74.5649
1618.5,74.5633
1618.6,74.5618
1618.7,74.5602
1618.8,74.5587
1618.9,74.5571
1619,74.5556
1619.1,74.554
1619.2,74.5525
1619.3,74.551
1619.4,74.5494
1619.5,74.5479
1619.6,74.5463
1619.7,74.5448
1619.8,74.5432
1619.9,74.5417
1620,74.5401
1620.1,74.5386
1620.2,74.5371
1620.3,74.5355
1620.4,74.534
1620.5,74.5324
1620.6,74.5309
1620.7,74.5293
1620.8,74.5278
1620.9,74.5263
1621,74.5247
1621.1,74.5232
1621.2,74.5216
1621.3,74.5201
1621.4,74.5185
1621.5,74.517
1621.6,74.5155
1621.7,74.5139
1621.8,74.5124
1621.9,74.5108
1622,74.5093
1622.1,74.5077
1622.2,74.5062
1622.3,74.5047
1622.4,74.5031
1622.5,74.5016
1622.6,74.5
1622.7,74.4985
1622.8,74.4969
1622.9,74.4954
1623,74.4939
1623.1,74.4923
1623.2,74.4908
1623.3,74.4892
1623.4,74.4877
1623.5,74.4862
1623.6,74.4846
1623.7,74.4831
1623.8,74.4815
1623.9,74.48
1624,74.4784
1624.1,74.4769
1624.2,74.4754
1624.3,74.4738
1624.4,74.4723
1624.5,74.4707
1624.6,74.4692
1624.7,74.4676
1624.8,74.4661
1624.9,74.4646
1625,74.463
1625.1,74.4615
1625.2,74.4599
1625.3,74.4584
1625.4,74.4568
1625.5,74.4553
1625.6,74.4537
1625.7,74.4522
1625.8,74.4506
1625.9,74.4491
1626,74.4475
1626.1,74.446
1626.2,74.4444
1626.3,74.4429
1626.4,74.4413
1626.5,74.4398
1626.6,74.4382
1626.7,74.4367
1626.8,74.4351
1626.9,74.4336
1627,74.432
1627.1,74.4305
1627.2,74.4289
1627.3,74.4274
1627.4,74.4258
1627.5,74.4243
1627.6,74.4227
1627.7,74.4212
1627.8,74.4196
1627.9,74.4181
1628,74.4165
1628.1,74.415
1628.2,74.4134
1628.3,74.4119
1628.4,74.4103
1628.5,74.4087
1628.6,74.4072
1628.7,74.4056
1628.8,74.4041
1628.9,74.4025
1629,74.401
1629.1,74.3994
1629.2,74.3979
1629.3,74.3963
1629.4,74.3948
1629.5,74.3932
1629.6,74.3916
1629.7,74.3901
1629.8,74.3885
1629.9,74.387
1630,74.3854
1630.1,74.3839
1630.2,74.3823
1630.3,74.3807
1630.4,74.3792
1630.5,74.3776
1630.6,74.3761
1630.7,74.3745
1630.8,74.373
1630.9,74.3714
1631,74.3698
1631.1,74.3683
1631.2,74.3667
1631.3,74.3652
1631.4,74.3636
1631.5,74.3621
1631.6,74.3605
1631.7,74.3589
1631.8,74.3574
1631.9,74.3558
1632,74.3543
1632.1,74.3527
1632.2,74.3511
1632.3,74.3496
1632.4,74.348
1632.5,74.3465
1632.6,74.3449
1632.7,74.3433
1632.8,74.3418
1632.9,74.3402
1633,74.3386
1633.1,74.3371
1633.2,74.3355
1633.3,74.334
1633.4,74.3324
1633.5,74.3308
1633.6,74.3293
1633.7,74.3277
1633.8,74.3261
1633.9,74.3246
1634,74.323
1634.1,74.3214
1634.2,74.3199
1634.3,74.3183
1634.4,74.3168
1634.5,74.3152
1634.6,74.3136
1634.7,74.3121
1634.8,74.3105
1634.9,74.3089
1635,74.3074
1635.1,74.3058
1635.2,74.3042
1635.3,74.3027
1635.4,74.3011
1635.5,74.2995
1635.6,74.298
1635.7,74.2964
1635.8,74.2948
1635.9,74.2933
1636,74.2917
1636.1,74.2902
1636.2,74.2886
1636.3,74.287
1636.4,74.2855
1636.5,74.2839
1636.6,74.2823
1636.7,74.2808
1636.8,74.2792
1636.9,74.2776
1637,74.2761
1637.1,74.2745
1637.2,74.2729
1637.3,74.2714
1637.4,74.2698
1637.5,74.2682
1637.6,74.2667
1637.7,74.2651
1637.8,74.2635
1637.9,74.262
1638,74.2604
1638.1,74.2588
1638.2,74.2573
1638.3,74.2557
1638.4,74.2541
1638.5,74.2526
1638.6,74.251
1638.7,74.2495
1638.8,74.2479
1638.9,74.2463
1639,74.2448
1639.1,74.2432
1639.2,74.2416
1639.3,74.2401
1639.4,74.2385
1639.5,74.2369
1639.6,74.2354
1639.7,74.2338
1639.8,74.2322
1639.9,74.2307
1640,74.2291
1640.1,74.2275
1640.2,74.226
1640.3,74.2244
1640.4,74.2229
1640.5,74.2213
1640.6,74.2197
1640.7,74.2182
1640.8,74.2166
1640.9,74.215
1641,74.2135
1641.1,74.2119
1641.2,74.2104
1641.3,74.2088
1641.4,74.2072
1641.5,74.2057
1641.6,74.2041
1641.7,74.2026
1641.8,74.201
1641.9,74.1994
1642,74.1979
1642.1,74.1963
1642.2,74.1947
1642.3,74.1932
1642.4,74.1916
1642.5,74.1901
1642.6,74.1885
1642.7,74.187
1642.8,74.1854
1642.9,74.1838
1643,74.1823
1643.1,74.1807
1643.2,74.1792
1643.3,74.1776
1643.4,74.1761
1643.5,74.1745
1643.6,74.173
1643.7,74.1714
1643.8,74.1699
1643.9,74.1683
1644,74.1667
1644.1,74.1652
1644.2,74.1636
1644.3,74.1621
1644.4,74.1605
1644.5,74.159
1644.6,74.1574
1644.7,74.1559
1644.8,74.1543
1644.9,74.1528
1645,74.1513
1645.1,74.1497
1645.2,74.1482
1645.3,74.1466
1645.4,74.1451
1645.5,74.1435
1645.6,74.142
1645.7,74.1404
1645.8,74.1389
1645.9,74.1373
1646,74.1358
1646.1,74.1342
1646.2,74.1327
1646.3,74.1311
1646.4,74.1296
1646.5,74.128
1646.6,74.1265
1646.7,74.1249
1646.8,74.1234
1646.9,74.1218
1647,74.1203
1647.1,74.1187
1647.2,74.1172
1647.3,74.1156
1647.4,74.1141
1647.5,74.1125
1647.6,74.111
1647.7,74.1094
1647.8,74.1079
1647.9,74.1063
1648,74.1048
1648.1,74.1032
1648.2,74.1017
1648.3,74.1001
1648.4,74.0986
1648.5,74.097
1648.6,74.0955
1648.7,74.0939
1648.8,74.0924
1648.9,74.0908
1649,74.0893
1649.1,74.0877
1649.2,74.0862
1649.3,74.0846
1649.4,74.0831
1649.5,74.0815
1649.6,74.0799
1649.7,74.0784
1649.8,74.0768
1649.9,74.0753
1650,74.0737
1650.1,74.0722
1650.2,74.0706
1650.3,74.0691
1650.4,74.0675
1650.5,74.066
1650.6,74.0644
1650.7,74.0629
1650.8,74.0613
1650.9,74.0597
1651,74.0582
1651.1,74.0566
1651.2,74.0551
1651.3,74.0535
1651.4,74.052
1651.5,74.0504
1651.6,74.0489
1651.7,74.0473
1651.8,74.0458
1651.9,74.0442
1652,74.0426
1652.1,74.0411
1652.2,74.0395
1652.3,74.038
1652.4,74.0364
1652.5,74.0349
1652.6,74.0333
1652.7,74.0318
1652.8,74.0302
1652.9,74.0287
1653,74.0271
1653.1,74.0255
1653.2,74.024
1653.3,74.0224
1653.4,74.0209
1653.5,74.0193
1653.6,74.0178
1653.7,74.0162
1653.8,74.0147
1653.9,74.0131
1654,74.0116
1654.1,74.01
1654.2,74.0084
1654.3,74.0069
1654.4,74.0053
1654.5,74.0038
1654.6,74.0022
1654.7,74.0007
1654.8,73.9991
1654.9,73.9976
1655,73.996
1655.1,73.9945
1655.2,73.9929
1655.3,73.9914
1655.4,73.9898
1655.5,73.9883
1655.6,73.9867
1655.7,73.9852
1655.8,73.9836
1655.9,73.9821
1656,73.9805
1656.1,73.979
1656.2,73.9774
1656.3,73.9759
1656.4,73.9743
1656.5,73.9728
1656.6,73.9712
1656.7,73.9697
1656.8,73.9681
1656.9,73.9666
1657,73.965
1657.1,73.9635
1657.2,73.9619
1657.3,73.9604
1657.4,73.9588
1657.5,73.9573
1657.6,73.9557
1657.7,73.9542
1657.8,73.9526
1657.9,73.9511
1658,73.9495
1658.1,73.948
1658.2,73.9464
1658.3,73.9449
1658.4,73.9433
1658.5,73.9417
1658.6,73.9402
1658.7,73.9386
1658.8,73.9371
1658.9,73.9355
1659,73.934
1659.1,73.9324
1659.2,73.9309
1659.3,73.9293
1659.4,73.9277
1659.5,73.9262
1659.6,73.9246
1659.7,73.9231
1659.8,73.9215
1659.9,73.9199
1660,73.9184
1660.1,73.9168
1660.2,73.9153
1660.3,73.9137
1660.4,73.9121
1660.5,73.9106
1660.6,73.909
1660.7,73.9075
1660.8,73.9059
1660.9,73.9043
1661,73.9028
1661.1,73.9012
1661.2,73.8996
1661.3,73.8981
1661.4,73.8965
1661.5,73.895
1661.6,73.8934
1661.7,73.8918
1661.8,73.8903
1661.9,73.8887
1662,73.8872
1662.1,73.8856
1662.2,73.884
1662.3,73.8825
1662.4,73.8809
1662.5,73.8793
1662.6,73.8778
1662.7,73.8762
1662.8,73.8747
1662.9,73.8731
1663,73.8715
1663.1,73.87
1663.2,73.8684
1663.3,73.8668
1663.4,73.8653
1663.5,73.8637
1663.6,73.8622
1663.7,73.8606
1663.8,73.859
1663.9,73.8575
1664,73.8559
1664.1,73.8544
1664.2,73.8528
1664.3,73.8512
1664.4,73.8497
1664.5,73.8481
1664.6,73.8465
1664.7,73.845
1664.8,73.8434
1664.9,73.8418
1665,73.8403
1665.1,73.8387
1665.2,73.8372
1665.3,73.8356
1665.4,73.834
1665.5,73.8325
1665.6,73.8309
1665.7,73.8293
1665.8,73.8278
1665.9,73.8262
1666,73.8246
1666.1,73.8231
1666.2,73.8215
1666.3,73.8199
1666.4,73.8184
1666.5,73.8168
1666.6,73.8153
1666.7,73.8137
1666.8,73.8121
1666.9,73.8106
1667,73.809
1667.1,73.8074
1667.2,73.8059
1667.3,73.8043
1667.4,73.8027
1667.5,73.8012
1667.6,73.7996
1667.7,73.798
1667.8,73.7965
1667.9,73.7949
1668,73.7934
1668.1,73.7918
1668.2,73.7902
1668.3,73.7887
1668.4,73.7871
1668.5,73.7855
1668.6,73.784
1668.7,73.7824
1668.8,73.7809
1668.9,73.7793
1669,73.7777
1669.1,73.7762
1669.2,73.7746
1669.3,73.773
1669.4,73.7715
1669.5,73.7699
1669.6,73.7684
1669.7,73.7668
1669.8,73.7652
1669.9,73.7637
1670,73.7621
1670.1,73.7606
1670.2,73.759
1670.3,73.7574
1670.4,73.7559
1670.5,73.7543
1670.6,73.7528
1670.7,73.7512
1670.8,73.7497
1670.9,73.7481
1671,73.7465
1671.1,73.745
1671.2,73.7434
1671.3,73.7419
1671.4,73.7403
1671.5,73.7388
1671.6,73.7372
1671.7,73.7357
1671.8,73.7341
1671.9,73.7326
1672,73.731
1672.1,73.7295
1672.2,73.7279
1672.3,73.7264
1672.4,73.7248
1672.5,73.7233
1672.6,73.7217
1672.7,73.7202
1672.8,73.7186
1672.9,73.7171
1673,73.7155
1673.1,73.714
1673.2,73.7124
1673.3,73.7109
1673.4,73.7093
1673.5,73.7078
1673.6,73.7063
1673.7,73.7047
1673.8,73.7032
1673.9,73.7016
1674,73.7001
1674.1,73.6985
1674.2,73.697
1674.3,73.6955
1674.4,73.6939
1674.5,73.6924
1674.6,73.6908
1674.7,73.6893
1674.8,73.6877
1674.9,73.6862
1675,73.6847
1675.1,73.6831
1675.2,73.6816
1675.3,73.6801
1675.4,73.6785
1675.5,73.677
1675.6,73.6754
1675.7,73.6739
1675.8,73.6724
1675.9,73.6708
1676,73.6693
1676.1,73.6678
1676.2,73.6662
1676.3,73.6647
1676.4,73.6632
1676.5,73.6616
1676.6,73.6601
1676.7,73.6586
1676.8,73.6571
1676.9,73.6555
1677,73.654
1677.1,73.6525
1677.2,73.651
1677.3,73.6494
1677.4,73.6479
1677.5,73.6464
1677.6,73.6449
1677.7,73.6434
1677.8,73.6419
1677.9,73.6403
1678,73.6388
1678.1,73.6373
1678.2,73.6358
1678.3,73.6343
1678.4,73.6328
1678.5,73.6313
1678.6,73.6298
1678.7,73.6283
1678.8,73.6268
1678.9,73.6253
1679,73.6238
1679.1,73.6223
1679.2,73.6208
1679.3,73.6193
1679.4,73.6177
1679.5,73.6162
1679.6,73.6147
1679.7,73.6132
1679.8,73.6117
1679.9,73.6102
1680,73.6087
1680.1,73.6072
1680.2,73.6057
1680.3,73.6042
1680.4,73.6027
1680.5,73.6012
1680.6,73.5997
1680.7,73.5982
1680.8,73.5967
1680.9,73.5952
1681,73.5938
1681.1,73.5923
1681.2,73.5908
1681.3,73.5893
1681.4,73.5878
1681.5,73.5863
1681.6,73.5848
1681.7,73.5834
1681.8,73.5819
1681.9,73.5804
1682,73.5789
1682.1,73.5774
1682.2,73.5759
1682.3,73.5744
1682.4,73.573
1682.5,73.5715
1682.6,73.57
1682.7,73.5685
1682.8,73.567
1682.9,73.5655
1683,73.564
1683.1,73.5625
1683.2,73.561
1683.3,73.5595
1683.4,73.558
1683.5,73.5565
1683.6,73.555
1683.7,73.5535
1683.8,73.552
1683.9,73.5505
1684,73.549
1684.1,73.5475
1684.2,73.546
1684.3,73.5445
1684.4,73.543
1684.5,73.5415
1684.6,73.54
1684.7,73.5385
1684.8,73.537
1684.9,73.5355
1685,73.534
1685.1,73.5325
1685.2,73.531
1685.3,73.5295
1685.4,73.528
1685.5,73.5265
1685.6,73.525
1685.7,73.5235
1685.8,73.522
1685.9,73.5205
1686,73.519
1686.1,73.5175
1686.2,73.516
1686.3,73.5145
1686.4,73.513
1686.5,73.5115
1686.6,73.51
1686.7,73.5085
1686.8,73.507
1686.9,73.5055
1687,73.504
1687.1,73.5025
1687.2,73.501
1687.3,73.4995
1687.4,73.498
1687.5,73.4965
1687.6,73.495
1687.7,73.4935
1687.8,73.492
1687.9,73.4905
1688,73.4889
1688.1,73.4874
1688.2,73.4859
1688.3,73.4844
1688.4,73.4829
1688.5,73.4814
1688.6,73.4798
1688.7,73.4783
1688.8,73.4768
1688.9,73.4753
1689,73.4738
1689.1,73.4723
1689.2,73.4707
1689.3,73.4692
1689.4,73.4677
1689.5,73.4662
1689.6,73.4646
1689.7,73.4631
1689.8,73.4616
1689.9,73.4601
1690,73.4585
1690.1,73.457
1690.2,73.4555
1690.3,73.454
1690.4,73.4524
1690.5,73.4509
1690.6,73.4494
1690.7,73.4478
1690.8,73.4463
1690.9,73.4448
1691,73.4433
1691.1,73.4417
1691.2,73.4402
1691.3,73.4387
1691.4,73.4371
1691.5,73.4356
1691.6,73.4341
1691.7,73.4325
1691.8,73.431
1691.9,73.4294
1692,73.4279
1692.1,73.4264
1692.2,73.4248
1692.3,73.4233
1692.4,73.4218
1692.5,73.4202
1692.6,73.4187
1692.7,73.4171
1692.8,73.4156
1692.9,73.4141
1693,73.4125
1693.1,73.411
1693.2,73.4094
1693.3,73.4079
1693.4,73.4064
1693.5,73.4048
1693.6,73.4033
1693.7,73.4017
1693.8,73.4002
1693.9,73.3986
1694,73.3971
1694.1,73.3955
1694.2,73.394
1694.3,73.3925
1694.4,73.3909
1694.5,73.3894
1694.6,73.3878
1694.7,73.3863
1694.8,73.3847
1694.9,73.3832
1695,73.3816
1695.1,73.3801
1695.2,73.3786
1695.3,73.377
1695.4,73.3755
1695.5,73.3739
1695.6,73.3724
1695.7,73.3708
1695.8,73.3693
1695.9,73.3677
1696,73.3662
1696.1,73.3646
1696.2,73.3631
1696.3,73.3615
1696.4,73.36
1696.5,73.3584
1696.6,73.3569
1696.7,73.3553
1696.8,73.3538
1696.9,73.3522
1697,73.3507
1697.1,73.3492
1697.2,73.3476
1697.3,73.3461
1697.4,73.3445
1697.5,73.343
1697.6,73.3414
1697.7,73.3399
1697.8,73.3383
1697.9,73.3368
1698,73.3352
1698.1,73.3337
1698.2,73.3321
1698.3,73.3306
1698.4,73.329
1698.5,73.3275
1698.6,73.3259
1698.7,73.3244
1698.8,73.3228
1698.9,73.3213
1699,73.3197
1699.1,73.3182
1699.2,73.3166
1699.3,73.3151
1699.4,73.3135
1699.5,73.312
1699.6,73.3104
1699.7,73.3089
1699.8,73.3073
1699.9,73.3058
1700,73.3042
1700.1,73.3027
1700.2,73.3011
1700.3,73.2996
1700.4,73.298
1700.5,73.2965
1700.6,73.2949
1700.7,73.2934
1700.8,73.2918
1700.9,73.2903
1701,73.2887
1701.1,73.2872
1701.2,73.2856
1701.3,73.284
1701.4,73.2825
1701.5,73.2809
1701.6,73.2794
1701.7,73.2778
1701.8,73.2763
1701.9,73.2747
1702,73.2732
1702.1,73.2716
1702.2,73.2701
1702.3,73.2685
1702.4,73.267
1702.5,73.2654
1702.6,73.2639
1702.7,73.2623
1702.8,73.2608
1702.9,73.2592
1703,73.2577
1703.1,73.2561
1703.2,73.2546
1703.3,73.253
1703.4,73.2515
1703.5,73.2499
1703.6,73.2484
1703.7,73.2468
1703.8,73.2453
1703.9,73.2437
1704,73.2422
1704.1,73.2406
1704.2,73.2391
1704.3,73.2375
1704.4,73.236
1704.5,73.2344
1704.6,73.2329
1704.7,73.2313
1704.8,73.2298
1704.9,73.2282
1705,73.2267
1705.1,73.2251
1705.2,73.2236
1705.3,73.222
1705.4,73.2205
1705.5,73.2189
1705.6,73.2174
1705.7,73.2158
1705.8,73.2143
1705.9,73.2127
1706,73.2112
1706.1,73.2096
1706.2,73.2081
1706.3,73.2065
1706.4,73.205
1706.5,73.2034
1706.6,73.2019
1706.7,73.2003
1706.8,73.1988
1706.9,73.1972
1707,73.1957
1707.1,73.1941
1707.2,73.1926
1707.3,73.191
1707.4,73.1895
1707.5,73.1879
1707.6,73.1864
1707.7,73.1848
1707.8,73.1833
1707.9,73.1817
1708,73.1802
1708.1,73.1787
1708.2,73.1771
1708.3,73.1756
1708.4,73.174
1708.5,73.1725
1708.6,73.1709
1708.7,73.1694
1708.8,73.1678
1708.9,73.1663
1709,73.1647
1709.1,73.1632
1709.2,73.1616
1709.3,73.1601
1709.4,73.1585
1709.5,73.157
1709.6,73.1554
1709.7,73.1539
1709.8,73.1523
1709.9,73.1508
1710,73.1492
1710.1,73.1477
1710.2,73.1461
1710.3,73.1446
1710.4,73.143
1710.5,73.1415
1710.6,73.1399
1710.7,73.1384
1710.8,73.1368
1710.9,73.1352
1711,73.1337
1711.1,73.1321
1711.2,73.1306
1711.3,73.129
1711.4,73.1275
1711.5,73.1259
1711.6,73.1244
1711.7,73.1228
1711.8,73.1213
1711.9,73.1197
1712,73.1182
1712.1,73.1166
1712.2,73.1151
1712.3,73.1135
1712.4,73.112
1712.5,73.1104
1712.6,73.1089
1712.7,73.1073
1712.8,73.1058
1712.9,73.1042
1713,73.1027
1713.1,73.1011
1713.2,73.0996
1713.3,73.0981
1713.4,73.0965
1713.5,73.095
1713.6,73.0934
1713.7,73.0919
1713.8,73.0903
1713.9,73.0888
1714,73.0872
1714.1,73.0857
1714.2,73.0842
1714.3,73.0826
1714.4,73.0811
1714.5,73.0795
1714.6,73.078
1714.7,73.0765
1714.8,73.0749
1714.9,73.0734
1715,73.0718
1715.1,73.0703
1715.2,73.0688
1715.3,73.0672
1715.4,73.0657
1715.5,73.0641
1715.6,73.0626
1715.7,73.0611
1715.8,73.0595
1715.9,73.058
1716,73.0564
1716.1,73.0549
1716.2,73.0534
1716.3,73.0518
1716.4,73.0503
1716.5,73.0488
1716.6,73.0472
1716.7,73.0457
1716.8,73.0441
1716.9,73.0426
1717,73.0411
1717.1,73.0395
1717.2,73.038
1717.3,73.0364
1717.4,73.0349
1717.5,73.0334
1717.6,73.0318
1717.7,73.0303
1717.8,73.0287
1717.9,73.0272
1718,73.0257
1718.1,73.0241
1718.2,73.0226
1718.3,73.0211
1718.4,73.0195
1718.5,73.018
1718.6,73.0165
1718.7,73.0149
1718.8,73.0134
1718.9,73.0118
1719,73.0103
1719.1,73.0088
1719.2,73.0072
1719.3,73.0057
1719.4,73.0042
1719.5,73.0026
1719.6,73.0011
1719.7,72.9996
1719.8,72.998
1719.9,72.9965
1720,72.995
1720.1,72.9934
1720.2,72.9919
1720.3,72.9904
1720.4,72.9888
1720.5,72.9873
1720.6,72.9858
1720.7,72.9842
1720.8,72.9827
1720.9,72.9812
1721,72.9796
1721.1,72.9781
1721.2,72.9766
1721.3,72.975
1721.4,72.9735
1721.5,72.972
1721.6,72.9705
1721.7,72.9689
1721.8,72.9674
1721.9,72.9659
1722,72.9643
1722.1,72.9628
1722.2,72.9613
1722.3,72.9598
1722.4,72.9582
1722.5,72.9567
1722.6,72.9552
1722.7,72.9537
1722.8,72.9521
1722.9,72.9506
1723,72.9491
1723.1,72.9476
1723.2,72.946
1723.3,72.9445
1723.4,72.943
1723.5,72.9415
1723.6,72.9399
1723.7,72.9384
1723.8,72.9369
1723.9,72.9354
1724,72.9338
1724.1,72.9323
1724.2,72.9308
1724.3,72.9293
1724.4,72.9277
1724.5,72.9262
1724.6,72.9247
1724.7,72.9231
1724.8,72.9216
1724.9,72.9201
1725,72.9186
1725.1,72.917
1725.2,72.9155
1725.3,72.914
1725.4,72.9124
1725.5,72.9109
1725.6,72.9094
1725.7,72.9078
1725.8,72.9063
1725.9,72.9048
1726,72.9032
1726.1,72.9017
1726.2,72.9002
1726.3,72.8986
1726.4,72.8971
1726.5,72.8956
1726.6,72.894
1726.7,72.8925
1726.8,72.891
1726.9,72.8894
1727,72.8879
1727.1,72.8864
1727.2,72.8848
1727.3,72.8833
1727.4,72.8818
1727.5,72.8802
1727.6,72.8787
1727.7,72.8772
1727.8,72.8756
1727.9,72.8741
1728,72.8726
1728.1,72.8711
1728.2,72.8695
1728.3,72.868
1728.4,72.8665
1728.5,72.8649
1728.6,72.8634
1728.7,72.8619
1728.8,72.8603
1728.9,72.8588
1729,72.8573
1729.1,72.8557
1729.2,72.8542
1729.3,72.8527
1729.4,72.8511
1729.5,72.8496
1729.6,72.848
1729.7,72.8465
1729.8,72.845
1729.9,72.8434
1730,72.8419
1730.1,72.8404
1730.2,72.8388
1730.3,72.8373
1730.4,72.8358
1730.5,72.8342
1730.6,72.8327
1730.7,72.8311
1730.8,72.8296
1730.9,72.8281
1731,72.8265
1731.1,72.825
1731.2,72.8234
1731.3,72.8219
1731.4,72.8204
1731.5,72.8188
1731.6,72.8173
1731.7,72.8157
1731.8,72.8142
1731.9,72.8127
1732,72.8111
1732.1,72.8096
1732.2,72.8081
1732.3,72.8065
1732.4,72.805
1732.5,72.8034
1732.6,72.8019
1732.7,72.8004
1732.8,72.7988
1732.9,72.7973
1733,72.7957
1733.1,72.7942
1733.2,72.7927
1733.3,72.7911
1733.4,72.7896
1733.5,72.7881
1733.6,72.7865
1733.7,72.785
1733.8,72.7834
1733.9,72.7819
1734,72.7804
1734.1,72.7788
1734.2,72.7773
1734.3,72.7758
1734.4,72.7742
1734.5,72.7727
1734.6,72.7711
1734.7,72.7696
1734.8,72.7681
1734.9,72.7665
1735,72.765
1735.1,72.7634
1735.2,72.7619
1735.3,72.7604
1735.4,72.7588
1735.5,72.7573
1735.6,72.7557
1735.7,72.7542
1735.8,72.7527
1735.9,72.7511
1736,72.7496
1736.1,72.748
1736.2,72.7465
1736.3,72.745
1736.4,72.7434
1736.5,72.7419
1736.6,72.7403
1736.7,72.7388
1736.8,72.7372
1736.9,72.7357
1737,72.7342
1737.1,72.7326
1737.2,72.7311
1737.3,72.7295
1737.4,72.728
1737.5,72.7264
1737.6,72.7249
1737.7,72.7234
1737.8,72.7218
1737.9,72.7203
1738,72.7187
1738.1,72.7172
1738.2,72.7156
1738.3,72.7141
1738.4,72.7126
1738.5,72.711
1738.6,72.7095
1738.7,72.7079
1738.8,72.7064
1738.9,72.7048
1739,72.7033
1739.1,72.7018
1739.2,72.7002
1739.3,72.6987
1739.4,72.6971
1739.5,72.6956
1739.6,72.694
1739.7,72.6925
1739.8,72.691
1739.9,72.6894
1740,72.6879
1740.1,72.6863
1740.2,72.6848
1740.3,72.6832
1740.4,72.6817
1740.5,72.6801
1740.6,72.6786
1740.7,72.6771
1740.8,72.6755
1740.9,72.674
1741,72.6724
1741.1,72.6709
1741.2,72.6693
1741.3,72.6678
1741.4,72.6663
1741.5,72.6647
1741.6,72.6632
1741.7,72.6616
1741.8,72.6601
1741.9,72.6585
1742,72.657
1742.1,72.6554
1742.2,72.6539
1742.3,72.6524
1742.4,72.6508
1742.5,72.6493
1742.6,72.6477
1742.7,72.6462
1742.8,72.6446
1742.9,72.6431
1743,72.6415
1743.1,72.64
1743.2,72.6385
1743.3,72.6369
1743.4,72.6354
1743.5,72.6338
1743.6,72.6323
1743.7,72.6307
1743.8,72.6292
1743.9,72.6277
1744,72.6261
1744.1,72.6246
1744.2,72.623
1744.3,72.6215
1744.4,72.6199
1744.5,72.6184
1744.6,72.6168
1744.7,72.6153
1744.8,72.6138
1744.9,72.6122
1745,72.6107
1745.1,72.6091
1745.2,72.6076
1745.3,72.606
1745.4,72.6045
1745.5,72.6029
1745.6,72.6014
1745.7,72.5998
1745.8,72.5983
1745.9,72.5967
1746,72.5952
1746.1,72.5936
1746.2,72.5921
1746.3,72.5906
1746.4,72.589
1746.5,72.5875
1746.6,72.5859
1746.7,72.5844
1746.8,72.5828
1746.9,72.5813
1747,72.5797
1747.1,72.5782
1747.2,72.5766
1747.3,72.5751
1747.4,72.5735
1747.5,72.572
1747.6,72.5704
1747.7,72.5688
1747.8,72.5673
1747.9,72.5657
1748,72.5642
1748.1,72.5626
1748.2,72.5611
1748.3,72.5595
1748.4,72.558
1748.5,72.5564
1748.6,72.5549
1748.7,72.5533
1748.8,72.5517
1748.9,72.5502
1749,72.5486
1749.1,72.5471
1749.2,72.5455
1749.3,72.5439
1749.4,72.5424
1749.5,72.5408
1749.6,72.5393
1749.7,72.5377
1749.8,72.5361
1749.9,72.5346
1750,72.533
1750.1,72.5315
1750.2,72.5299
1750.3,72.5283
1750.4,72.5268
1750.5,72.5252
1750.6,72.5236
1750.7,72.5221
1750.8,72.5205
1750.9,72.5189
1751,72.5174
1751.1,72.5158
1751.2,72.5142
1751.3,72.5127
1751.4,72.5111
1751.5,72.5095
1751.6,72.508
1751.7,72.5064
1751.8,72.5048
1751.9,72.5032
1752,72.5017
1752.1,72.5001
1752.2,72.4985
1752.3,72.497
1752.4,72.4954
1752.5,72.4938
1752.6,72.4923
1752.7,72.4907
1752.8,72.4891
1752.9,72.4875
1753,72.486
1753.1,72.4844
1753.2,72.4828
1753.3,72.4813
1753.4,72.4797
1753.5,72.4781
1753.6,72.4766
1753.7,72.475
1753.8,72.4734
1753.9,72.4719
1754,72.4703
1754.1,72.4687
1754.2,72.4672
1754.3,72.4656
1754.4,72.464
1754.5,72.4625
1754.6,72.4609
1754.7,72.4593
1754.8,72.4578
1754.9,72.4562
1755,72.4546
1755.1,72.4531
1755.2,72.4515
1755.3,72.4499
1755.4,72.4484
1755.5,72.4468
1755.6,72.4452
1755.7,72.4437
1755.8,72.4421
1755.9,72.4406
1756,72.439
1756.1,72.4374
1756.2,72.4359
1756.3,72.4343
1756.4,72.4327
1756.5,72.4312
1756.6,72.4296
1756.7,72.4281
1756.8,72.4265
1756.9,72.4249
1757,72.4234
1757.1,72.4218
1757.2,72.4202
1757.3,72.4187
1757.4,72.4171
1757.5,72.4156
1757.6,72.414
1757.7,72.4124
1757.8,72.4109
1757.9,72.4093
1758,72.4078
1758.1,72.4062
1758.2,72.4046
1758.3,72.4031
1758.4,72.4015
1758.5,72.4
1758.6,72.3984
1758.7,72.3968
1758.8,72.3953
1758.9,72.3937
1759,72.3922
1759.1,72.3906
1759.2,72.389
1759.3,72.3875
1759.4,72.3859
1759.5,72.3844
1759.6,72.3828
1759.7,72.3812
1759.8,72.3797
1759.9,72.3781
1760,72.3766
1760.1,72.375
1760.2,72.3735
1760.3,72.3719
1760.4,72.3703
1760.5,72.3688
1760.6,72.3672
1760.7,72.3657
1760.8,72.3641
1760.9,72.3626
1761,72.361
1761.1,72.3595
1761.2,72.3579
1761.3,72.3563
1761.4,72.3548
1761.5,72.3532
1761.6,72.3517
1761.7,72.3501
1761.8,72.3486
1761.9,72.347
1762,72.3455
1762.1,72.3439
1762.2,72.3424
1762.3,72.3408
1762.4,72.3393
1762.5,72.3377
1762.6,72.3361
1762.7,72.3346
1762.8,72.333
1762.9,72.3315
1763,72.3299
1763.1,72.3284
1763.2,72.3268
1763.3,72.3253
1763.4,72.3237
1763.5,72.3222
1763.6,72.3206
1763.7,72.3191
1763.8,72.3175
1763.9,72.316
1764,72.3144
1764.1,72.3128
1764.2,72.3113
1764.3,72.3097
1764.4,72.3082
1764.5,72.3066
1764.6,72.3051
1764.7,72.3035
1764.8,72.302
1764.9,72.3004
1765,72.2989
1765.1,72.2973
1765.2,72.2957
1765.3,72.2942
1765.4,72.2926
1765.5,72.2911
1765.6,72.2895
1765.7,72.288
1765.8,72.2864
1765.9,72.2849
1766,72.2833
1766.1,72.2818
1766.2,72.2802
1766.3,72.2786
1766.4,72.2771
1766.5,72.2755
1766.6,72.274
1766.7,72.2724
1766.8,72.2709
1766.9,72.2693
1767,72.2678
1767.1,72.2662
1767.2,72.2647
1767.3,72.2631
1767.4,72.2615
1767.5,72.26
1767.6,72.2584
1767.7,72.2569
1767.8,72.2553
1767.9,72.2538
1768,72.2522
1768.1,72.2507
1768.2,72.2491
1768.3,72.2475
1768.4,72.246
1768.5,72.2444
1768.6,72.2429
1768.7,72.2413
1768.8,72.2398
1768.9,72.2382
1769,72.2367
1769.1,72.2351
1769.2,72.2335
1769.3,72.232
1769.4,72.2304
1769.5,72.2289
1769.6,72.2273
1769.7,72.2258
1769.8,72.2242
1769.9,72.2227
1770,72.2211
1770.1,72.2195
1770.2,72.218
1770.3,72.2164
1770.4,72.2149
1770.5,72.2133
1770.6,72.2118
1770.7,72.2102
1770.8,72.2087
1770.9,72.2071
1771,72.2055
1771.1,72.204
1771.2,72.2024
1771.3,72.2009
1771.4,72.1993
1771.5,72.1978
1771.6,72.1962
1771.7,72.1947
1771.8,72.1931
1771.9,72.1915
1772,72.19
1772.1,72.1884
1772.2,72.1869
1772.3,72.1853
1772.4,72.1838
1772.5,72.1822
1772.6,72.1807
1772.7,72.1791
1772.8,72.1775
1772.9,72.176
1773,72.1744
1773.1,72.1729
1773.2,72.1713
1773.3,72.1698
1773.4,72.1682
1773.5,72.1667
1773.6,72.1651
1773.7,72.1635
1773.8,72.162
1773.9,72.1604
1774,72.1589
1774.1,72.1573
1774.2,72.1558
1774.3,72.1542
1774.4,72.1527
1774.5,72.1511
1774.6,72.1495
1774.7,72.148
1774.8,72.1464
1774.9,72.1449
1775,72.1433
1775.1,72.1418
1775.2,72.1402
1775.3,72.1387
1775.4,72.1371
1775.5,72.1355
1775.6,72.134
1775.7,72.1324
1775.8,72.1309
1775.9,72.1293
1776,72.1278
1776.1,72.1262
1776.2,72.1247
1776.3,72.1231
1776.4,72.1215
1776.5,72.12
1776.6,72.1184
1776.7,72.1169
1776.8,72.1153
1776.9,72.1138
1777,72.1122
1777.1,72.1107
1777.2,72.1091
1777.3,72.1075
1777.4,72.106
1777.5,72.1044
1777.6,72.1029
1777.7,72.1013
1777.8,72.0998
1777.9,72.0982
1778,72.0967
1778.1,72.0951
1778.2,72.0936
1778.3,72.092
1778.4,72.0905
1778.5,72.0889
1778.6,72.0874
1778.7,72.0858
1778.8,72.0843
1778.9,72.0827
1779,72.0812
1779.1,72.0796
1779.2,72.0781
1779.3,72.0765
1779.4,72.075
1779.5,72.0734
1779.6,72.0719
1779.7,72.0703
1779.8,72.0688
1779.9,72.0672
1780,72.0657
1780.1,72.0641
1780.2,72.0626
1780.3,72.061
1780.4,72.0595
1780.5,72.0579
1780.6,72.0564
1780.7,72.0548
1780.8,72.0533
1780.9,72.0517
1781,72.0502
1781.1,72.0486
1781.2,72.0471
1781.3,72.0456
1781.4,72.044
1781.5,72.0425
1781.6,72.0409
1781.7,72.0394
1781.8,72.0378
1781.9,72.0363
1782,72.0347
1782.1,72.0332
1782.2,72.0316
1782.3,72.0301
1782.4,72.0286
1782.5,72.027
1782.6,72.0255
1782.7,72.0239
1782.8,72.0224
1782.9,72.0208
1783,72.0193
1783.1,72.0177
1783.2,72.0162
1783.3,72.0147
1783.4,72.0131
1783.5,72.0116
1783.6,72.01
1783.7,72.0085
1783.8,72.0069
1783.9,72.0054
1784,72.0039
1784.1,72.0023
1784.2,72.0008
1784.3,71.9992
1784.4,71.9977
1784.5,71.9961
1784.6,71.9946
1784.7,71.9931
1784.8,71.9915
1784.9,71.99
1785,71.9884
1785.1,71.9869
1785.2,71.9854
1785.3,71.9838
1785.4,71.9823
1785.5,71.9807
1785.6,71.9792
1785.7,71.9777
1785.8,71.9761
1785.9,71.9746
1786,71.973
1786.1,71.9715
1786.2,71.97
1786.3,71.9684
1786.4,71.9669
1786.5,71.9653
1786.6,71.9638
1786.7,71.9623
1786.8,71.9607
1786.9,71.9592
1787,71.9577
1787.1,71.9561
1787.2,71.9546
1787.3,71.9531
1787.4,71.9515
1787.5,71.95
1787.6,71.9484
1787.7,71.9469
1787.8,71.9454
1787.9,71.9438
1788,71.9423
1788.1,71.9408
1788.2,71.9392
1788.3,71.9377
1788.4,71.9362
1788.5,71.9346
1788.6,71.9331
1788.7,71.9316
1788.8,71.93
1788.9,71.9285
1789,71.9269
1789.1,71.9254
1789.2,71.9239
1789.3,71.9223
1789.4,71.9208
1789.5,71.9193
1789.6,71.9177
1789.7,71.9162
1789.8,71.9147
1789.9,71.9131
1790,71.9116
1790.1,71.9101
1790.2,71.9085
1790.3,71.907
1790.4,71.9055
1790.5,71.9039
1790.6,71.9024
1790.7,71.9008
1790.8,71.8993
1790.9,71.8978
1791,71.8962
1791.1,71.8947
1791.2,71.8932
1791.3,71.8916
1791.4,71.8901
1791.5,71.8886
1791.6,71.887
1791.7,71.8855
1791.8,71.884
1791.9,71.8824
1792,71.8809
1792.1,71.8794
1792.2,71.8778
1792.3,71.8763
1792.4,71.8748
1792.5,71.8732
1792.6,71.8717
1792.7,71.8701
1792.8,71.8686
1792.9,71.8671
1793,71.8655
1793.1,71.864
1793.2,71.8625
1793.3,71.8609
1793.4,71.8594
1793.5,71.8579
1793.6,71.8563
1793.7,71.8548
1793.8,71.8533
1793.9,71.8517
1794,71.8502
1794.1,71.8487
1794.2,71.8471
1794.3,71.8456
1794.4,71.8441
1794.5,71.8425
1794.6,71.841
1794.7,71.8395
1794.8,71.8379
1794.9,71.8364
1795,71.8348
1795.1,71.8333
1795.2,71.8318
1795.3,71.8302
1795.4,71.8287
1795.5,71.8272
1795.6,71.8256
1795.7,71.8241
1795.8,71.8226
1795.9,71.821
1796,71.8195
1796.1,71.818
1796.2,71.8164
1796.3,71.8149
1796.4,71.8134
1796.5,71.8118
1796.6,71.8103
1796.7,71.8088
1796.8,71.8072
1796.9,71.8057
1797,71.8042
1797.1,71.8026
1797.2,71.8011
1797.3,71.7995
1797.4,71.798
1797.5,71.7965
1797.6,71.7949
1797.7,71.7934
1797.8,71.7919
1797.9,71.7903
1798,71.7888
1798.1,71.7873
1798.2,71.7857
1798.3,71.7842
1798.4,71.7827
1798.5,71.7811
1798.6,71.7796
1798.7,71.7781
1798.8,71.7765
1798.9,71.775
1799,71.7735
1799.1,71.7719
1799.2,71.7704
1799.3,71.7689
1799.4,71.7673
1799.5,71.7658
1799.6,71.7643
1799.7,71.7627
1799.8,71.7612
1799.9,71.7597
1800,71.7581
1800.1,71.7566
1800.2,71.7551
1800.3,71.7535
1800.4,71.752
1800.5,71.7505
1800.6,71.7489
1800.7,71.7474
1800.8,71.7459
1800.9,71.7444
1801,71.7428
1801.1,71.7413
1801.2,71.7398
1801.3,71.7382
1801.4,71.7367
1801.5,71.7352
1801.6,71.7337
1801.7,71.7321
1801.8,71.7306
1801.9,71.7291
1802,71.7275
1802.1,71.726
1802.2,71.7245
1802.3,71.723
1802.4,71.7214
1802.5,71.7199
1802.6,71.7184
1802.7,71.7168
1802.8,71.7153
1802.9,71.7138
1803,71.7123
1803.1,71.7107
1803.2,71.7092
1803.3,71.7077
1803.4,71.7061
1803.5,71.7046
1803.6,71.7031
1803.7,71.7015
1803.8,71.7
1803.9,71.6985
1804,71.6969
1804.1,71.6954
1804.2,71.6939
1804.3,71.6924
1804.4,71.6908
1804.5,71.6893
1804.6,71.6878
1804.7,71.6862
1804.8,71.6847
1804.9,71.6832
1805,71.6816
1805.1,71.6801
1805.2,71.6786
1805.3,71.6771
1805.4,71.6755
1805.5,71.674
1805.6,71.6725
1805.7,71.671
1805.8,71.6694
1805.9,71.6679
1806,71.6664
1806.1,71.6649
1806.2,71.6633
1806.3,71.6618
1806.4,71.6603
1806.5,71.6588
1806.6,71.6572
1806.7,71.6557
1806.8,71.6542
1806.9,71.6527
1807,71.6512
1807.1,71.6497
1807.2,71.6481
1807.3,71.6466
1807.4,71.6451
1807.5,71.6436
1807.6,71.6421
1807.7,71.6406
1807.8,71.6391
1807.9,71.6376
1808,71.636
1808.1,71.6345
1808.2,71.633
1808.3,71.6315
1808.4,71.63
1808.5,71.6285
1808.6,71.627
1808.7,71.6255
1808.8,71.624
1808.9,71.6225
1809,71.621
1809.1,71.6195
1809.2,71.618
1809.3,71.6165
1809.4,71.615
1809.5,71.6135
1809.6,71.6119
1809.7,71.6104
1809.8,71.6089
1809.9,71.6074
1810,71.6059
1810.1,71.6044
1810.2,71.6029
1810.3,71.6014
1810.4,71.5999
1810.5,71.5984
1810.6,71.5969
1810.7,71.5954
1810.8,71.5939
1810.9,71.5924
1811,71.5909
1811.1,71.5894
1811.2,71.5878
1811.3,71.5863
1811.4,71.5848
1811.5,71.5833
1811.6,71.5818
1811.7,71.5803
1811.8,71.5788
1811.9,71.5773
1812,71.5758
1812.1,71.5743
1812.2,71.5727
1812.3,71.5712
1812.4,71.5697
1812.5,71.5682
1812.6,71.5667
1812.7,71.5652
1812.8,71.5637
1812.9,71.5622
1813,71.5607
1813.1,71.5591
1813.2,71.5576
1813.3,71.5561
1813.4,71.5546
1813.5,71.5531
1813.6,71.5516
1813.7,71.5501
1813.8,71.5485
1813.9,71.547
1814,71.5455
1814.1,71.544
1814.2,71.5425
1814.3,71.541
1814.4,71.5395
1814.5,71.538
1814.6,71.5365
1814.7,71.535
1814.8,71.5335
1814.9,71.5319
1815,71.5304
1815.1,71.5289
1815.2,71.5274
1815.3,71.5259
1815.4,71.5244
1815.5,71.5229
1815.6,71.5214
1815.7,71.5199
1815.8,71.5184
1815.9,71.5169
1816,71.5154
1816.1,71.5139
1816.2,71.5124
1816.3,71.5109
1816.4,71.5094
1816.5,71.5079
1816.6,71.5064
1816.7,71.5049
1816.8,71.5034
1816.9,71.5019
1817,71.5004
1817.1,71.4989
1817.2,71.4974
1817.3,71.496
1817.4,71.4945
1817.5,71.493
1817.6,71.4915
1817.7,71.49
1817.8,71.4885
1817.9,71.487
1818,71.4855
1818.1,71.484
1818.2,71.4825
1818.3,71.481
1818.4,71.4795
1818.5,71.478
1818.6,71.4764
1818.7,71.4749
1818.8,71.4734
1818.9,71.4719
1819,71.4704
1819.1,71.4689
1819.2,71.4674
1819.3,71.4659
1819.4,71.4644
1819.5,71.4629
1819.6,71.4615
1819.7,71.46
1819.8,71.4585
1819.9,71.457
1820,71.4555
1820.1,71.454
1820.2,71.4525
1820.3,71.451
1820.4,71.4495
1820.5,71.448
1820.6,71.4465
1820.7,71.445
1820.8,71.4436
1820.9,71.4421
1821,71.4406
1821.1,71.4391
1821.2,71.4376
1821.3,71.4361
1821.4,71.4346
1821.5,71.4332
1821.6,71.4317
1821.7,71.4302
1821.8,71.4287
1821.9,71.4272
1822,71.4257
1822.1,71.4242
1822.2,71.4227
1822.3,71.4212
1822.4,71.4198
1822.5,71.4183
1822.6,71.4168
1822.7,71.4153
1822.8,71.4138
1822.9,71.4123
1823,71.4108
1823.1,71.4093
1823.2,71.4078
1823.3,71.4063
1823.4,71.4048
1823.5,71.4033
1823.6,71.4018
1823.7,71.4003
1823.8,71.3988
1823.9,71.3974
1824,71.3959
1824.1,71.3944
1824.2,71.3929
1824.3,71.3914
1824.4,71.3899
1824.5,71.3884
1824.6,71.3869
1824.7,71.3854
1824.8,71.3839
1824.9,71.3824
1825,71.3809
1825.1,71.3794
1825.2,71.3779
1825.3,71.3764
1825.4,71.375
1825.5,71.3735
1825.6,71.372
1825.7,71.3705
1825.8,71.369
1825.9,71.3675
1826,71.366
1826.1,71.3645
1826.2,71.363
1826.3,71.3615
1826.4,71.3601
1826.5,71.3586
1826.6,71.3571
1826.7,71.3556
1826.8,71.3541
1826.9,71.3526
1827,71.3511
1827.1,71.3496
1827.2,71.3481
1827.3,71.3466
1827.4,71.3451
1827.5,71.3436
1827.6,71.3422
1827.7,71.3407
1827.8,71.3392
1827.9,71.3377
1828,71.3362
1828.1,71.3347
1828.2,71.3332
1828.3,71.3317
1828.4,71.3302
1828.5,71.3287
1828.6,71.3272
1828.7,71.3257
1828.8,71.3242
1828.9,71.3227
1829,71.3212
1829.1,71.3197
1829.2,71.3182
1829.3,71.3167
1829.4,71.3152
1829.5,71.3137
1829.6,71.3122
1829.7,71.3107
1829.8,71.3092
1829.9,71.3077
1830,71.3062
1830.1,71.3047
1830.2,71.3032
1830.3,71.3016
1830.4,71.3001
1830.5,71.2986
1830.6,71.2971
1830.7,71.2956
1830.8,71.2941
1830.9,71.2926
1831,71.2911
1831.1,71.2896
1831.2,71.288
1831.3,71.2865
1831.4,71.285
1831.5,71.2835
1831.6,71.282
1831.7,71.2805
1831.8,71.279
1831.9,71.2774
1832,71.2759
1832.1,71.2744
1832.2,71.2729
1832.3,71.2714
1832.4,71.2698
1832.5,71.2683
1832.6,71.2668
1832.7,71.2653
1832.8,71.2638
1832.9,71.2622
1833,71.2607
1833.1,71.2592
1833.2,71.2577
1833.3,71.2561
1833.4,71.2546
1833.5,71.2531
1833.6,71.2516
1833.7,71.2501
1833.8,71.2485
1833.9,71.247
1834,71.2455
1834.1,71.244
1834.2,71.2424
1834.3,71.2409
1834.4,71.2394
1834.5,71.2378
1834.6,71.2363
1834.7,71.2348
1834.8,71.2333
1834.9,71.2317
1835,71.2302
1835.1,71.2287
1835.2,71.2272
1835.3,71.2256
1835.4,71.2241
1835.5,71.2226
1835.6,71.2211
1835.7,71.2195
1835.8,71.218
1835.9,71.2165
1836,71.2149
1836.1,71.2134
1836.2,71.2119
1836.3,71.2103
1836.4,71.2088
1836.5,71.2073
1836.6,71.2057
1836.7,71.2042
1836.8,71.2027
1836.9,71.2012
1837,71.1996
1837.1,71.1981
1837.2,71.1966
1837.3,71.195
1837.4,71.1935
1837.5,71.192
1837.6,71.1904
1837.7,71.1889
1837.8,71.1874
1837.9,71.1859
1838,71.1843
1838.1,71.1828
1838.2,71.1813
1838.3,71.1797
1838.4,71.1782
1838.5,71.1767
1838.6,71.1752
1838.7,71.1736
1838.8,71.1721
1838.9,71.1706
1839,71.1691
1839.1,71.1675
1839.2,71.166
1839.3,71.1645
1839.4,71.163
1839.5,71.1614
1839.6,71.1599
1839.7,71.1584
1839.8,71.1569
1839.9,71.1553
1840,71.1538
1840.1,71.1523
1840.2,71.1508
1840.3,71.1492
1840.4,71.1477
1840.5,71.1462
1840.6,71.1447
1840.7,71.1431
1840.8,71.1416
1840.9,71.1401
1841,71.1386
1841.1,71.137
1841.2,71.1355
1841.3,71.134
1841.4,71.1325
1841.5,71.131
1841.6,71.1295
1841.7,71.1279
1841.8,71.1264
1841.9,71.1249
1842,71.1234
1842.1,71.1219
1842.2,71.1204
1842.3,71.1189
1842.4,71.1174
1842.5,71.1159
1842.6,71.1143
1842.7,71.1128
1842.8,71.1113
1842.9,71.1098
1843,71.1083
1843.1,71.1068
1843.2,71.1053
1843.3,71.1038
1843.4,71.1023
1843.5,71.1008
1843.6,71.0993
1843.7,71.0978
1843.8,71.0963
1843.9,71.0948
1844,71.0934
1844.1,71.0919
1844.2,71.0904
1844.3,71.0889
1844.4,71.0874
1844.5,71.0859
1844.6,71.0844
1844.7,71.0829
1844.8,71.0814
1844.9,71.08
1845,71.0785
1845.1,71.077
1845.2,71.0755
1845.3,71.074
1845.4,71.0726
1845.5,71.0711
1845.6,71.0696
1845.7,71.0682
1845.8,71.0667
1845.9,71.0652
1846,71.0638
1846.1,71.0623
1846.2,71.0609
1846.3,71.0594
1846.4,71.0579
1846.5,71.0565
1846.6,71.055
1846.7,71.0536
1846.8,71.0522
1846.9,71.0507
1847,71.0493
1847.1,71.0479
1847.2,71.0465
1847.3,71.045
1847.4,71.0436
1847.5,71.0422
1847.6,71.0408
1847.7,71.0394
1847.8,71.038
1847.9,71.0366
1848,71.0352
1848.1,71.0337
1848.2,71.0323
1848.3,71.0309
1848.4,71.0295
1848.5,71.0281
1848.6,71.0267
1848.7,71.0252
1848.8,71.0238
1848.9,71.0224
1849,71.0209
1849.1,71.0195
1849.2,71.0181
1849.3,71.0166
1849.4,71.0152
1849.5,71.0137
1849.6,71.0123
1849.7,71.0108
1849.8,71.0093
1849.9,71.0079
1850,71.0064
1850.1,71.0049
1850.2,71.0035
1850.3,71.002
1850.4,71.0005
1850.5,70.999
1850.6,70.9976
1850.7,70.9961
1850.8,70.9946
1850.9,70.9931
1851,70.9916
1851.1,70.9901
1851.2,70.9886
1851.3,70.9871
1851.4,70.9856
1851.5,70.9841
1851.6,70.9826
1851.7,70.9811
1851.8,70.9796
1851.9,70.9781
1852,70.9766
1852.1,70.9751
1852.2,70.9736
1852.3,70.9721
1852.4,70.9706
1852.5,70.9691
1852.6,70.9676
1852.7,70.9661
1852.8,70.9645
1852.9,70.963
1853,70.9615
1853.1,70.96
1853.2,70.9585
1853.3,70.957
1853.4,70.9554
1853.5,70.9539
1853.6,70.9524
1853.7,70.9509
1853.8,70.9493
1853.9,70.9478
1854,70.9463
1854.1,70.9448
1854.2,70.9432
1854.3,70.9417
1854.4,70.9402
1854.5,70.9387
1854.6,70.9371
1854.7,70.9356
1854.8,70.9341
1854.9,70.9325
1855,70.931
1855.1,70.9295
1855.2,70.9279
1855.3,70.9264
1855.4,70.9249
1855.5,70.9233
1855.6,70.9218
1855.7,70.9202
1855.8,70.9187
1855.9,70.9172
1856,70.9156
1856.1,70.9141
1856.2,70.9125
1856.3,70.911
1856.4,70.9094
1856.5,70.9079
1856.6,70.9063
1856.7,70.9048
1856.8,70.9033
1856.9,70.9017
1857,70.9002
1857.1,70.8986
1857.2,70.8971
1857.3,70.8955
1857.4,70.894
1857.5,70.8924
1857.6,70.8909
1857.7,70.8893
1857.8,70.8878
1857.9,70.8862
1858,70.8847
1858.1,70.8831
1858.2,70.8816
1858.3,70.88
1858.4,70.8785
1858.5,70.8769
1858.6,70.8754
1858.7,70.8738
1858.8,70.8723
1858.9,70.8707
1859,70.8692
1859.1,70.8676
1859.2,70.8661
1859.3,70.8645
1859.4,70.863
1859.5,70.8615
1859.6,70.8599
1859.7,70.8584
1859.8,70.8568
1859.9,70.8553
1860,70.8537
1860.1,70.8522
1860.2,70.8506
1860.3,70.8491
1860.4,70.8476
1860.5,70.846
1860.6,70.8445
1860.7,70.8429
1860.8,70.8414
1860.9,70.8399
1861,70.8383
1861.1,70.8368
1861.2,70.8352
1861.3,70.8337
1861.4,70.8322
1861.5,70.8306
1861.6,70.8291
1861.7,70.8276
1861.8,70.826
1861.9,70.8245
1862,70.8229
1862.1,70.8214
1862.2,70.8199
1862.3,70.8183
1862.4,70.8168
1862.5,70.8153
1862.6,70.8137
1862.7,70.8122
1862.8,70.8107
1862.9,70.8092
1863,70.8076
1863.1,70.8061
1863.2,70.8046
1863.3,70.803
1863.4,70.8015
1863.5,70.8
1863.6,70.7985
1863.7,70.7969
1863.8,70.7954
1863.9,70.7939
1864,70.7924
1864.1,70.7908
1864.2,70.7893
1864.3,70.7878
1864.4,70.7863
1864.5,70.7847
1864.6,70.7832
1864.7,70.7817
1864.8,70.7802
1864.9,70.7787
1865,70.7771
1865.1,70.7756
1865.2,70.7741
1865.3,70.7726
1865.4,70.7711
1865.5,70.7695
1865.6,70.768
1865.7,70.7665
1865.8,70.765
1865.9,70.7635
1866,70.762
1866.1,70.7604
1866.2,70.7589
1866.3,70.7574
1866.4,70.7559
1866.5,70.7544
1866.6,70.7529
1866.7,70.7513
1866.8,70.7498
1866.9,70.7483
1867,70.7468
1867.1,70.7453
1867.2,70.7438
1867.3,70.7423
1867.4,70.7408
1867.5,70.7393
1867.6,70.7378
1867.7,70.7363
1867.8,70.7348
1867.9,70.7333
1868,70.7318
1868.1,70.7303
1868.2,70.7288
1868.3,70.7273
1868.4,70.7258
1868.5,70.7243
1868.6,70.7228
1868.7,70.7213
1868.8,70.7198
1868.9,70.7183
1869,70.7168
1869.1,70.7154
1869.2,70.7139
1869.3,70.7124
1869.4,70.7109
1869.5,70.7094
1869.6,70.7079
1869.7,70.7065
1869.8,70.705
1869.9,70.7035
1870,70.702
1870.1,70.7005
1870.2,70.6991
1870.3,70.6976
1870.4,70.6961
1870.5,70.6946
1870.6,70.6931
1870.7,70.6917
1870.8,70.6902
1870.9,70.6887
1871,70.6872
1871.1,70.6857
1871.2,70.6842
1871.3,70.6828
1871.4,70.6813
1871.5,70.6798
1871.6,70.6783
1871.7,70.6768
1871.8,70.6753
1871.9,70.6738
1872,70.6723
1872.1,70.6708
1872.2,70.6693
1872.3,70.6678
1872.4,70.6664
1872.5,70.6649
1872.6,70.6634
1872.7,70.6619
1872.8,70.6604
1872.9,70.6589
1873,70.6574
1873.1,70.6559
1873.2,70.6544
1873.3,70.6529
1873.4,70.6514
1873.5,70.6499
1873.6,70.6484
1873.7,70.6469
1873.8,70.6454
1873.9,70.6439
1874,70.6424
1874.1,70.6409
1874.2,70.6394
1874.3,70.6378
1874.4,70.6363
1874.5,70.6348
1874.6,70.6333
1874.7,70.6318
1874.8,70.6303
1874.9,70.6288
1875,70.6273
1875.1,70.6257
1875.2,70.6242
1875.3,70.6227
1875.4,70.6212
1875.5,70.6197
1875.6,70.6181
1875.7,70.6166
1875.8,70.6151
1875.9,70.6136
1876,70.612
1876.1,70.6105
1876.2,70.609
1876.3,70.6075
1876.4,70.6059
1876.5,70.6044
1876.6,70.6029
1876.7,70.6013
1876.8,70.5998
1876.9,70.5983
1877,70.5967
1877.1,70.5952
1877.2,70.5936
1877.3,70.5921
1877.4,70.5906
1877.5,70.589
1877.6,70.5875
1877.7,70.5859
1877.8,70.5844
1877.9,70.5828
1878,70.5813
1878.1,70.5797
1878.2,70.5782
1878.3,70.5766
1878.4,70.5751
1878.5,70.5735
1878.6,70.572
1878.7,70.5704
1878.8,70.5689
1878.9,70.5673
1879,70.5658
1879.1,70.5642
1879.2,70.5627
1879.3,70.5611
1879.4,70.5595
1879.5,70.558
1879.6,70.5564
1879.7,70.5549
1879.8,70.5533
1879.9,70.5518
1880,70.5502
1880.1,70.5486
1880.2,70.5471
1880.3,70.5455
1880.4,70.544
1880.5,70.5424
1880.6,70.5409
1880.7,70.5393
1880.8,70.5377
1880.9,70.5362
1881,70.5346
1881.1,70.5331
1881.2,70.5315
1881.3,70.53
1881.4,70.5284
1881.5,70.5269
1881.6,70.5253
1881.7,70.5238
1881.8,70.5222
1881.9,70.5207
1882,70.5191
1882.1,70.5176
1882.2,70.516
1882.3,70.5145
1882.4,70.5129
1882.5,70.5114
1882.6,70.5099
1882.7,70.5083
1882.8,70.5068
1882.9,70.5052
1883,70.5037
1883.1,70.5022
1883.2,70.5006
1883.3,70.4991
1883.4,70.4976
1883.5,70.496
1883.6,70.4945
1883.7,70.493
1883.8,70.4914
1883.9,70.4899
1884,70.4884
1884.1,70.4868
1884.2,70.4853
1884.3,70.4838
1884.4,70.4823
1884.5,70.4807
1884.6,70.4792
1884.7,70.4777
1884.8,70.4763
1884.9,70.4748
1885,70.4733
1885.1,70.4719
1885.2,70.4704
1885.3,70.469
1885.4,70.4675
1885.5,70.4661
1885.6,70.4647
1885.7,70.4633
1885.8,70.4618
1885.9,70.4604
1886,70.459
1886.1,70.4576
1886.2,70.4562
1886.3,70.4548
1886.4,70.4534
1886.5,70.4519
1886.6,70.4505
1886.7,70.4491
1886.8,70.4477
1886.9,70.4462
1887,70.4448
1887.1,70.4434
1887.2,70.4419
1887.3,70.4405
1887.4,70.439
1887.5,70.4376
1887.6,70.4361
1887.7,70.4347
1887.8,70.4332
1887.9,70.4317
1888,70.4302
1888.1,70.4288
1888.2,70.4273
1888.3,70.4258
1888.4,70.4243
1888.5,70.4228
1888.6,70.4213
1888.7,70.4198
1888.8,70.4183
1888.9,70.4168
1889,70.4153
1889.1,70.4138
1889.2,70.4123
1889.3,70.4108
1889.4,70.4093
1889.5,70.4077
1889.6,70.4062
1889.7,70.4047
1889.8,70.4032
1889.9,70.4016
1890,70.4001
1890.1,70.3986
1890.2,70.397
1890.3,70.3955
1890.4,70.394
1890.5,70.3924
1890.6,70.3909
1890.7,70.3893
1890.8,70.3878
1890.9,70.3863
1891,70.3847
1891.1,70.3832
1891.2,70.3816
1891.3,70.3801
1891.4,70.3785
1891.5,70.377
1891.6,70.3754
1891.7,70.3739
1891.8,70.3723
1891.9,70.3708
1892,70.3692
1892.1,70.3676
1892.2,70.3661
1892.3,70.3645
1892.4,70.363
1892.5,70.3614
1892.6,70.3599
1892.7,70.3583
1892.8,70.3568
1892.9,70.3552
1893,70.3536
1893.1,70.3521
1893.2,70.3505
1893.3,70.349
1893.4,70.3474
1893.5,70.3458
1893.6,70.3443
1893.7,70.3427
1893.8,70.3412
1893.9,70.3396
1894,70.338
1894.1,70.3365
1894.2,70.3349
1894.3,70.3334
1894.4,70.3318
1894.5,70.3302
1894.6,70.3287
1894.7,70.3271
1894.8,70.3256
1894.9,70.324
1895,70.3224
1895.1,70.3209
1895.2,70.3193
1895.3,70.3178
1895.4,70.3162
1895.5,70.3146
1895.6,70.3131
1895.7,70.3115
1895.8,70.3099
1895.9,70.3084
1896,70.3068
1896.1,70.3053
1896.2,70.3037
1896.3,70.3021
1896.4,70.3006
1896.5,70.299
1896.6,70.2975
1896.7,70.2959
1896.8,70.2943
1896.9,70.2928
1897,70.2912
1897.1,70.2897
1897.2,70.2881
1897.3,70.2865
1897.4,70.285
1897.5,70.2834
1897.6,70.2818
1897.7,70.2803
1897.8,70.2787
1897.9,70.2772
1898,70.2756
1898.1,70.274
1898.2,70.2725
1898.3,70.2709
1898.4,70.2694
1898.5,70.2678
1898.6,70.2662
1898.7,70.2647
1898.8,70.2631
1898.9,70.2615
1899,70.26
1899.1,70.2584
1899.2,70.2569
1899.3,70.2553
1899.4,70.2537
1899.5,70.2522
1899.6,70.2506
1899.7,70.2491
1899.8,70.2475
1899.9,70.2459
1900,70.2444
1900.1,70.2428
1900.2,70.2412
1900.3,70.2397
1900.4,70.2381
1900.5,70.2366
1900.6,70.235
1900.7,70.2334
1900.8,70.2319
1900.9,70.2303
1901,70.2288
1901.1,70.2272
1901.2,70.2256
1901.3,70.2241
1901.4,70.2225
1901.5,70.221
1901.6,70.2194
1901.7,70.2178
1901.8,70.2163
1901.9,70.2147
1902,70.2131
1902.1,70.2116
1902.2,70.21
1902.3,70.2085
1902.4,70.2069
1902.5,70.2053
1902.6,70.2038
1902.7,70.2022
1902.8,70.2007
1902.9,70.1991
1903,70.1975
1903.1,70.196
1903.2,70.1944
1903.3,70.1929
1903.4,70.1913
1903.5,70.1897
1903.6,70.1882
1903.7,70.1866
1903.8,70.185
1903.9,70.1835
1904,70.1819
1904.1,70.1804
1904.2,70.1788
1904.3,70.1772
1904.4,70.1757
1904.5,70.1741
1904.6,70.1726
1904.7,70.171
1904.8,70.1694
1904.9,70.1679
1905,70.1663
1905.1,70.1648
1905.2,70.1632
1905.3,70.1616
1905.4,70.1601
1905.5,70.1585
1905.6,70.1569
1905.7,70.1554
1905.8,70.1538
1905.9,70.1523
1906,70.1507
1906.1,70.1491
1906.2,70.1476
1906.3,70.146
1906.4,70.1445
1906.5,70.1429
1906.6,70.1413
1906.7,70.1398
1906.8,70.1382
1906.9,70.1367
1907,70.1351
1907.1,70.1335
1907.2,70.132
1907.3,70.1304
1907.4,70.1288
1907.5,70.1273
1907.6,70.1257
1907.7,70.1242
1907.8,70.1226
1907.9,70.121
1908,70.1195
1908.1,70.1179
1908.2,70.1164
1908.3,70.1148
1908.4,70.1132
1908.5,70.1117
1908.6,70.1101
1908.7,70.1086
1908.8,70.107
1908.9,70.1054
1909,70.1039
1909.1,70.1023
1909.2,70.1008
1909.3,70.0992
1909.4,70.0976
1909.5,70.0961
1909.6,70.0945
1909.7,70.0929
1909.8,70.0914
1909.9,70.0898
1910,70.0883
1910.1,70.0867
1910.2,70.0851
1910.3,70.0836
1910.4,70.082
1910.5,70.0805
1910.6,70.0789
1910.7,70.0773
1910.8,70.0758
1910.9,70.0742
1911,70.0727
1911.1,70.0711
1911.2,70.0695
1911.3,70.068
1911.4,70.0664
1911.5,70.0648
1911.6,70.0633
1911.7,70.0617
1911.8,70.0602
1911.9,70.0586
1912,70.057
1912.1,70.0555
1912.2,70.0539
1912.3,70.0524
1912.4,70.0508
1912.5,70.0492
1912.6,70.0477
1912.7,70.0461
1912.8,70.0445
1912.9,70.043
1913,70.0414
1913.1,70.0399
1913.2,70.0383
1913.3,70.0367
1913.4,70.0352
1913.5,70.0336
1913.6,70.0321
1913.7,70.0305
1913.8,70.0289
1913.9,70.0274
1914,70.0258
1914.1,70.0243
1914.2,70.0227
1914.3,70.0211
1914.4,70.0196
1914.5,70.018
1914.6,70.0165
1914.7,70.0149
1914.8,70.0133
1914.9,70.0118
1915,70.0102
1915.1,70.0086
1915.2,70.0071
1915.3,70.0055
1915.4,70.004
1915.5,70.0024
1915.6,70.0008
1915.7,69.9993
1915.8,69.9977
1915.9,69.9962
1916,69.9946
1916.1,69.993
1916.2,69.9915
1916.3,69.9899
1916.4,69.9884
1916.5,69.9868
1916.6,69.9852
1916.7,69.9837
1916.8,69.9821
1916.9,69.9806
1917,69.979
1917.1,69.9774
1917.2,69.9759
1917.3,69.9743
1917.4,69.9728
1917.5,69.9712
1917.6,69.9696
1917.7,69.9681
1917.8,69.9665
1917.9,69.965
1918,69.9634
1918.1,69.9619
1918.2,69.9603
1918.3,69.9587
1918.4,69.9572
1918.5,69.9556
1918.6,69.9541
1918.7,69.9525
1918.8,69.9509
1918.9,69.9494
1919,69.9478
1919.1,69.9463
1919.2,69.9447
1919.3,69.9432
1919.4,69.9416
1919.5,69.94
1919.6,69.9385
1919.7,69.9369
1919.8,69.9354
1919.9,69.9338
1920,69.9323
1920.1,69.9307
1920.2,69.9291
1920.3,69.9276
1920.4,69.926
1920.5,69.9245
1920.6,69.9229
1920.7,69.9213
1920.8,69.9198
1920.9,69.9182
1921,69.9167
1921.1,69.9151
1921.2,69.9136
1921.3,69.912
1921.4,69.9104
1921.5,69.9089
1921.6,69.9073
1921.7,69.9058
1921.8,69.9042
1921.9,69.9027
1922,69.9011
1922.1,69.8995
1922.2,69.898
1922.3,69.8964
1922.4,69.8949
1922.5,69.8933
1922.6,69.8917
1922.7,69.8902
1922.8,69.8886
1922.9,69.8871
1923,69.8855
1923.1,69.884
1923.2,69.8824
1923.3,69.8808
1923.4,69.8793
1923.5,69.8777
1923.6,69.8762
1923.7,69.8746
1923.8,69.8731
1923.9,69.8715
1924,69.8699
1924.1,69.8684
1924.2,69.8668
1924.3,69.8653
1924.4,69.8637
1924.5,69.8622
1924.6,69.8606
1924.7,69.859
1924.8,69.8575
1924.9,69.8559
1925,69.8544
1925.1,69.8528
1925.2,69.8512
1925.3,69.8497
1925.4,69.8481
1925.5,69.8466
1925.6,69.845
1925.7,69.8435
1925.8,69.8419
1925.9,69.8403
1926,69.8388
1926.1,69.8372
1926.2,69.8357
1926.3,69.8341
1926.4,69.8326
1926.5,69.831
1926.6,69.8294
1926.7,69.8279
1926.8,69.8263
1926.9,69.8248
1927,69.8232
1927.1,69.8216
1927.2,69.8201
1927.3,69.8185
1927.4,69.817
1927.5,69.8154
1927.6,69.8139
1927.7,69.8123
1927.8,69.8107
1927.9,69.8092
1928,69.8076
1928.1,69.8061
1928.2,69.8045
1928.3,69.803
1928.4,69.8014
1928.5,69.7998
1928.6,69.7983
1928.7,69.7967
1928.8,69.7952
1928.9,69.7936
1929,69.792
1929.1,69.7905
1929.2,69.7889
1929.3,69.7874
1929.4,69.7858
1929.5,69.7843
1929.6,69.7827
1929.7,69.7811
1929.8,69.7796
1929.9,69.778
1930,69.7765
1930.1,69.7749
1930.2,69.7734
1930.3,69.7718
1930.4,69.7702
1930.5,69.7687
1930.6,69.7671
1930.7,69.7656
1930.8,69.764
1930.9,69.7625
1931,69.7609
1931.1,69.7593
1931.2,69.7578
1931.3,69.7562
1931.4,69.7547
1931.5,69.7531
1931.6,69.7516
1931.7,69.75
1931.8,69.7485
1931.9,69.7469
1932,69.7454
1932.1,69.7438
1932.2,69.7423
1932.3,69.7407
1932.4,69.7392
1932.5,69.7376
1932.6,69.7361
1932.7,69.7345
1932.8,69.733
1932.9,69.7314
1933,69.7299
1933.1,69.7284
1933.2,69.7268
1933.3,69.7253
1933.4,69.7238
1933.5,69.7222
1933.6,69.7207
1933.7,69.7192
1933.8,69.7178
1933.9,69.7163
1934,69.7148
1934.1,69.7134
1934.2,69.712
1934.3,69.7106
1934.4,69.7092
1934.5,69.7078
1934.6,69.7065
1934.7,69.7052
1934.8,69.7039
1934.9,69.7026
1935,69.7013
1935.1,69.7
1935.2,69.6988
1935.3,69.6975
1935.4,69.6963
1935.5,69.6951
1935.6,69.6938
1935.7,69.6926
1935.8,69.6913
1935.9,69.6901
1936,69.6888
1936.1,69.6875
1936.2,69.6863
1936.3,69.685
1936.4,69.6837
1936.5,69.6824
1936.6,69.681
1936.7,69.6797
1936.8,69.6784
1936.9,69.677
1937,69.6757
1937.1,69.6743
1937.2,69.6729
1937.3,69.6715
1937.4,69.6701
1937.5,69.6687
1937.6,69.6672
1937.7,69.6658
1937.8,69.6644
1937.9,69.6629
1938,69.6615
1938.1,69.66
1938.2,69.6585
1938.3,69.6571
1938.4,69.6556
1938.5,69.6541
1938.6,69.6526
1938.7,69.6511
1938.8,69.6496
1938.9,69.6481
1939,69.6466
1939.1,69.6451
1939.2,69.6436
1939.3,69.6421
1939.4,69.6406
1939.5,69.639
1939.6,69.6375
1939.7,69.636
1939.8,69.6345
1939.9,69.6329
1940,69.6314
1940.1,69.6299
1940.2,69.6283
1940.3,69.6268
1940.4,69.6253
1940.5,69.6237
1940.6,69.6222
1940.7,69.6206
1940.8,69.6191
1940.9,69.6176
1941,69.616
1941.1,69.6145
1941.2,69.6129
1941.3,69.6114
1941.4,69.6098
1941.5,69.6083
1941.6,69.6067
1941.7,69.6052
1941.8,69.6036
1941.9,69.6021
1942,69.6005
1942.1,69.599
1942.2,69.5974
1942.3,69.5959
1942.4,69.5943
1942.5,69.5928
1942.6,69.5912
1942.7,69.5897
1942.8,69.5881
1942.9,69.5866
1943,69.585
1943.1,69.5835
1943.2,69.5819
1943.3,69.5804
1943.4,69.5788
1943.5,69.5773
1943.6,69.5757
1943.7,69.5742
1943.8,69.5726
1943.9,69.5711
1944,69.5695
1944.1,69.568
1944.2,69.5664
1944.3,69.5649
1944.4,69.5633
1944.5,69.5618
1944.6,69.5602
1944.7,69.5587
1944.8,69.5571
1944.9,69.5555
1945,69.554
1945.1,69.5524
1945.2,69.5509
1945.3,69.5493
1945.4,69.5478
1945.5,69.5462
1945.6,69.5447
1945.7,69.5431
1945.8,69.5416
1945.9,69.54
1946,69.5385
1946.1,69.5369
1946.2,69.5354
1946.3,69.5338
1946.4,69.5323
1946.5,69.5307
1946.6,69.5292
1946.7,69.5276
1946.8,69.526
1946.9,69.5245
1947,69.5229
1947.1,69.5214
1947.2,69.5198
1947.3,69.5183
1947.4,69.5167
1947.5,69.5152
1947.6,69.5136
1947.7,69.5121
1947.8,69.5105
1947.9,69.509
1948,69.5074
1948.1,69.5059
1948.2,69.5043
1948.3,69.5028
1948.4,69.5012
1948.5,69.4997
1948.6,69.4981
1948.7,69.4965
1948.8,69.495
1948.9,69.4934
1949,69.4919
1949.1,69.4903
1949.2,69.4888
1949.3,69.4872
1949.4,69.4857
1949.5,69.4841
1949.6,69.4826
1949.7,69.481
1949.8,69.4795
1949.9,69.4779
1950,69.4764
1950.1,69.4748
1950.2,69.4733
1950.3,69.4717
1950.4,69.4701
1950.5,69.4686
1950.6,69.467
1950.7,69.4655
1950.8,69.4639
1950.9,69.4624
1951,69.4608
1951.1,69.4593
1951.2,69.4577
1951.3,69.4562
1951.4,69.4546
1951.5,69.4531
1951.6,69.4515
1951.7,69.45
1951.8,69.4484
1951.9,69.4469
1952,69.4453
1952.1,69.4438
1952.2,69.4422
1952.3,69.4407
1952.4,69.4391
1952.5,69.4375
1952.6,69.436
1952.7,69.4344
1952.8,69.4329
1952.9,69.4313
1953,69.4298
1953.1,69.4282
1953.2,69.4267
1953.3,69.4251
1953.4,69.4236
1953.5,69.422
1953.6,69.4205
1953.7,69.4189
1953.8,69.4174
1953.9,69.4158
1954,69.4143
1954.1,69.4127
1954.2,69.4112
1954.3,69.4096
1954.4,69.4081
1954.5,69.4065
1954.6,69.4049
1954.7,69.4034
1954.8,69.4018
1954.9,69.4003
1955,69.3987
1955.1,69.3972
1955.2,69.3956
1955.3,69.3941
1955.4,69.3925
1955.5,69.391
1955.6,69.3894
1955.7,69.3879
1955.8,69.3863
1955.9,69.3848
1956,69.3832
1956.1,69.3817
1956.2,69.3801
1956.3,69.3786
1956.4,69.377
1956.5,69.3754
1956.6,69.3739
1956.7,69.3723
1956.8,69.3708
1956.9,69.3692
1957,69.3677
1957.1,69.3661
1957.2,69.3646
1957.3,69.363
1957.4,69.3615
1957.5,69.3599
1957.6,69.3584
1957.7,69.3568
1957.8,69.3553
1957.9,69.3537
1958,69.3522
1958.1,69.3506
1958.2,69.3491
1958.3,69.3475
1958.4,69.346
1958.5,69.3444
1958.6,69.3429
1958.7,69.3413
1958.8,69.3398
1958.9,69.3382
1959,69.3367
1959.1,69.3351
1959.2,69.3336
1959.3,69.332
1959.4,69.3305
1959.5,69.3289
1959.6,69.3274
1959.7,69.3259
1959.8,69.3243
1959.9,69.3228
1960,69.3212
1960.1,69.3197
1960.2,69.3182
1960.3,69.3166
1960.4,69.3151
1960.5,69.3136
1960.6,69.3121
1960.7,69.3105
1960.8,69.309
1960.9,69.3075
1961,69.306
1961.1,69.3045
1961.2,69.303
1961.3,69.3015
1961.4,69.3
1961.5,69.2985
1961.6,69.297
1961.7,69.2955
1961.8,69.294
1961.9,69.2925
1962,69.291
1962.1,69.2895
1962.2,69.2881
1962.3,69.2866
1962.4,69.2851
1962.5,69.2836
1962.6,69.2822
1962.7,69.2807
1962.8,69.2792
1962.9,69.2777
1963,69.2763
1963.1,69.2748
1963.2,69.2733
1963.3,69.2719
1963.4,69.2704
1963.5,69.2689
1963.6,69.2674
1963.7,69.266
1963.8,69.2645
1963.9,69.263
1964,69.2615
1964.1,69.26
1964.2,69.2586
1964.3,69.2571
1964.4,69.2556
1964.5,69.2541
1964.6,69.2526
1964.7,69.2511
1964.8,69.2496
1964.9,69.2482
1965,69.2467
1965.1,69.2452
1965.2,69.2437
1965.3,69.2422
1965.4,69.2407
1965.5,69.2392
1965.6,69.2377
1965.7,69.2362
1965.8,69.2347
1965.9,69.2332
1966,69.2317
1966.1,69.2302
1966.2,69.2287
1966.3,69.2272
1966.4,69.2257
1966.5,69.2242
1966.6,69.2227
1966.7,69.2211
1966.8,69.2196
1966.9,69.2181
1967,69.2166
1967.1,69.2151
1967.2,69.2136
1967.3,69.2121
1967.4,69.2106
1967.5,69.209
1967.6,69.2075
1967.7,69.206
1967.8,69.2045
1967.9,69.203
1968,69.2014
1968.1,69.1999
1968.2,69.1984
1968.3,69.1969
1968.4,69.1954
1968.5,69.1938
1968.6,69.1923
1968.7,69.1908
1968.8,69.1893
1968.9,69.1877
1969,69.1862
1969.1,69.1847
1969.2,69.1832
1969.3,69.1816
1969.4,69.1801
1969.5,69.1786
1969.6,69.177
1969.7,69.1755
1969.8,69.174
1969.9,69.1724
1970,69.1709
1970.1,69.1694
1970.2,69.1679
1970.3,69.1663
1970.4,69.1648
1970.5,69.1633
1970.6,69.1617
1970.7,69.1602
1970.8,69.1587
1970.9,69.1571
1971,69.1556
1971.1,69.1541
1971.2,69.1525
1971.3,69.151
1971.4,69.1495
1971.5,69.1479
1971.6,69.1464
1971.7,69.1448
1971.8,69.1433
1971.9,69.1418
1972,69.1402
1972.1,69.1387
1972.2,69.1372
1972.3,69.1356
1972.4,69.1341
1972.5,69.1326
1972.6,69.131
1972.7,69.1295
1972.8,69.128
1972.9,69.1264
1973,69.1249
1973.1,69.1233
1973.2,69.1218
1973.3,69.1203
1973.4,69.1187
1973.5,69.1172
1973.6,69.1157
1973.7,69.1141
1973.8,69.1126
1973.9,69.1111
1974,69.1095
1974.1,69.108
1974.2,69.1065
1974.3,69.1049
1974.4,69.1034
1974.5,69.1018
1974.6,69.1003
1974.7,69.0988
1974.8,69.0972
1974.9,69.0957
1975,69.0942
1975.1,69.0926
1975.2,69.0911
1975.3,69.0896
1975.4,69.088
1975.5,69.0865
1975.6,69.085
1975.7,69.0834
1975.8,69.0819
1975.9,69.0804
1976,69.0788
1976.1,69.0773
1976.2,69.0757
1976.3,69.0742
1976.4,69.0727
1976.5,69.0711
1976.6,69.0696
1976.7,69.0681
1976.8,69.0665
1976.9,69.065
1977,69.0635
1977.1,69.0619
1977.2,69.0604
1977.3,69.0588
1977.4,69.0573
1977.5,69.0558
1977.6,69.0542
1977.7,69.0527
1977.8,69.0512
1977.9,69.0496
1978,69.0481
1978.1,69.0465
1978.2,69.045
1978.3,69.0435
1978.4,69.0419
1978.5,69.0404
1978.6,69.0388
1978.7,69.0373
1978.8,69.0358
1978.9,69.0342
1979,69.0327
1979.1,69.0312
1979.2,69.0296
1979.3,69.0281
1979.4,69.0266
1979.5,69.025
1979.6,69.0235
1979.7,69.022
1979.8,69.0204
1979.9,69.0189
1980,69.0174
1980.1,69.0158
1980.2,69.0143
1980.3,69.0128
1980.4,69.0113
1980.5,69.0097
1980.6,69.0082
1980.7,69.0067
1980.8,69.0052
1980.9,69.0036
1981,69.0021
1981.1,69.0006
1981.2,68.9991
1981.3,68.9975
1981.4,68.996
1981.5,68.9945
1981.6,68.993
1981.7,68.9915
1981.8,68.99
1981.9,68.9884
1982,68.9869
1982.1,68.9854
1982.2,68.9839
1982.3,68.9824
1982.4,68.9809
1982.5,68.9794
1982.6,68.9779
1982.7,68.9764
1982.8,68.9749
1982.9,68.9734
1983,68.9719
1983.1,68.9704
1983.2,68.9689
1983.3,68.9674
1983.4,68.9659
1983.5,68.9644
1983.6,68.9629
1983.7,68.9614
1983.8,68.9599
1983.9,68.9584
1984,68.9569
1984.1,68.9554
1984.2,68.9539
1984.3,68.9524
1984.4,68.9509
1984.5,68.9495
1984.6,68.948
1984.7,68.9465
1984.8,68.945
1984.9,68.9435
1985,68.942
1985.1,68.9405
1985.2,68.939
1985.3,68.9375
1985.4,68.936
1985.5,68.9345
1985.6,68.933
1985.7,68.9315
1985.8,68.93
1985.9,68.9285
1986,68.927
1986.1,68.9255
1986.2,68.924
1986.3,68.9225
1986.4,68.921
1986.5,68.9195
1986.6,68.918
1986.7,68.9165
1986.8,68.915
1986.9,68.9135
1987,68.912
1987.1,68.9104
1987.2,68.9089
1987.3,68.9074
1987.4,68.9059
1987.5,68.9044
1987.6,68.9029
1987.7,68.9014
1987.8,68.8999
1987.9,68.8984
1988,68.8969
1988.1,68.8953
1988.2,68.8938
1988.3,68.8923
1988.4,68.8908
1988.5,68.8893
1988.6,68.8878
1988.7,68.8863
1988.8,68.8847
1988.9,68.8832
1989,68.8817
1989.1,68.8802
1989.2,68.8787
1989.3,68.8772
1989.4,68.8756
1989.5,68.8741
1989.6,68.8726
1989.7,68.8711
1989.8,68.8696
1989.9,68.868
1990,68.8665
1990.1,68.865
1990.2,68.8635
1990.3,68.862
1990.4,68.8604
1990.5,68.8589
1990.6,68.8574
1990.7,68.8559
1990.8,68.8544
1990.9,68.8528
1991,68.8513
1991.1,68.8498
1991.2,68.8483
1991.3,68.8468
1991.4,68.8452
1991.5,68.8437
1991.6,68.8422
1991.7,68.8407
1991.8,68.8392
1991.9,68.8377
1992,68.8361
1992.1,68.8346
1992.2,68.8331
1992.3,68.8316
1992.4,68.8301
1992.5,68.8286
1992.6,68.8271
1992.7,68.8256
1992.8,68.8241
1992.9,68.8225
1993,68.821
1993.1,68.8195
1993.2,68.818
1993.3,68.8165
1993.4,68.815
1993.5,68.8136
1993.6,68.8121
1993.7,68.8106
1993.8,68.8091
1993.9,68.8076
1994,68.8061
1994.1,68.8046
1994.2,68.8031
1994.3,68.8017
1994.4,68.8002
1994.5,68.7987
1994.6,68.7972
1994.7,68.7957
1994.8,68.7943
1994.9,68.7928
1995,68.7913
1995.1,68.7899
1995.2,68.7884
1995.3,68.787
1995.4,68.7855
1995.5,68.7841
1995.6,68.7826
1995.7,68.7812
1995.8,68.7798
1995.9,68.7784
1996,68.777
1996.1,68.7755
1996.2,68.7741
1996.3,68.7727
1996.4,68.7713
1996.5,68.7699
1996.6,68.7685
1996.7,68.7671
1996.8,68.7657
1996.9,68.7643
1997,68.7629
1997.1,68.7615
1997.2,68.7601
1997.3,68.7587
1997.4,68.7573
1997.5,68.7559
1997.6,68.7545
1997.7,68.7531
1997.8,68.7517
1997.9,68.7503
1998,68.7489
1998.1,68.7474
1998.2,68.746
1998.3,68.7446
1998.4,68.7431
1998.5,68.7417
1998.6,68.7403
1998.7,68.7388
1998.8,68.7374
1998.9,68.7359
1999,68.7345
1999.1,68.733
1999.2,68.7316
1999.3,68.7301
1999.4,68.7286
1999.5,68.7272
1999.6,68.7257
1999.7,68.7242
1999.8,68.7228
1999.9,68.7213
2000,68.7198
2000.1,68.7184
2000.2,68.7169
2000.3,68.7154
2000.4,68.7139
2000.5,68.7125
2000.6,68.711
2000.7,68.7095
2000.8,68.708
2000.9,68.7065
2001,68.7051
2001.1,68.7036
2001.2,68.7021
2001.3,68.7006
2001.4,68.6991
2001.5,68.6976
2001.6,68.6961
2001.7,68.6947
2001.8,68.6932
2001.9,68.6917
2002,68.6902
2002.1,68.6887
2002.2,68.6872
2002.3,68.6857
2002.4,68.6842
2002.5,68.6827
2002.6,68.6812
2002.7,68.6798
2002.8,68.6783
2002.9,68.6768
2003,68.6753
2003.1,68.6738
2003.2,68.6723
2003.3,68.6708
2003.4,68.6693
2003.5,68.6678
2003.6,68.6663
2003.7,68.6648
2003.8,68.6633
2003.9,68.6617
2004,68.6602
2004.1,68.6587
2004.2,68.6572
2004.3,68.6557
2004.4,68.6542
2004.5,68.6527
2004.6,68.6512
2004.7,68.6497
2004.8,68.6482
2004.9,68.6466
2005,68.6451
2005.1,68.6436
2005.2,68.6421
2005.3,68.6406
2005.4,68.6391
2005.5,68.6376
2005.6,68.636
2005.7,68.6345
2005.8,68.633
2005.9,68.6315
2006,68.63
2006.1,68.6284
2006.2,68.6269
2006.3,68.6254
2006.4,68.6239
2006.5,68.6223
2006.6,68.6208
2006.7,68.6193
2006.8,68.6178
2006.9,68.6162
2007,68.6147
2007.1,68.6132
2007.2,68.6117
2007.3,68.6101
2007.4,68.6086
2007.5,68.6071
2007.6,68.6056
2007.7,68.604
2007.8,68.6025
2007.9,68.601
2008,68.5995
2008.1,68.5979
2008.2,68.5964
2008.3,68.5949
2008.4,68.5934
2008.5,68.5918
2008.6,68.5903
2008.7,68.5888
2008.8,68.5872
2008.9,68.5857
2009,68.5842
2009.1,68.5827
2009.2,68.5811
2009.3,68.5796
2009.4,68.5781
2009.5,68.5765
2009.6,68.575
2009.7,68.5735
2009.8,68.5719
2009.9,68.5704
2010,68.5689
2010.1,68.5673
2010.2,68.5658
2010.3,68.5643
2010.4,68.5627
2010.5,68.5612
2010.6,68.5597
2010.7,68.5581
2010.8,68.5566
2010.9,68.5551
2011,68.5535
2011.1,68.552
2011.2,68.5504
2011.3,68.5489
2011.4,68.5474
2011.5,68.5458
2011.6,68.5443
2011.7,68.5428
2011.8,68.5412
2011.9,68.5397
2012,68.5381
2012.1,68.5366
2012.2,68.535
2012.3,68.5335
2012.4,68.532
2012.5,68.5304
2012.6,68.5289
2012.7,68.5273
2012.8,68.5258
2012.9,68.5242
2013,68.5227
2013.1,68.5212
2013.2,68.5196
2013.3,68.5181
2013.4,68.5165
2013.5,68.515
2013.6,68.5134
2013.7,68.5119
2013.8,68.5103
2013.9,68.5088
2014,68.5073
2014.1,68.5057
2014.2,68.5042
2014.3,68.5026
2014.4,68.5011
2014.5,68.4995
2014.6,68.498
2014.7,68.4964
2014.8,68.4949
2014.9,68.4933
2015,68.4918
2015.1,68.4902
2015.2,68.4887
2015.3,68.4871
2015.4,68.4856
2015.5,68.484
2015.6,68.4825
2015.7,68.481
2015.8,68.4794
2015.9,68.4779
2016,68.4763
2016.1,68.4748
2016.2,68.4732
2016.3,68.4717
2016.4,68.4701
2016.5,68.4686
2016.6,68.467
2016.7,68.4655
2016.8,68.4639
2016.9,68.4624
2017,68.4608
2017.1,68.4593
2017.2,68.4578
2017.3,68.4562
2017.4,68.4547
2017.5,68.4531
2017.6,68.4516
2017.7,68.45
2017.8,68.4485
2017.9,68.4469
2018,68.4454
2018.1,68.4439
2018.2,68.4423
2018.3,68.4408
2018.4,68.4392
2018.5,68.4377
2018.6,68.4362
2018.7,68.4346
2018.8,68.4331
2018.9,68.4315
2019,68.43
2019.1,68.4285
2019.2,68.4269
2019.3,68.4254
2019.4,68.4239
2019.5,68.4223
2019.6,68.4208
2019.7,68.4193
2019.8,68.4177
2019.9,68.4162
2020,68.4147
2020.1,68.4131
2020.2,68.4116
2020.3,68.4101
2020.4,68.4085
2020.5,68.407
2020.6,68.4055
2020.7,68.4039
2020.8,68.4024
2020.9,68.4009
2021,68.3993
2021.1,68.3978
2021.2,68.3963
2021.3,68.3948
2021.4,68.3932
2021.5,68.3917
2021.6,68.3902
2021.7,68.3887
2021.8,68.3871
2021.9,68.3856
2022,68.3841
2022.1,68.3825
2022.2,68.381
2022.3,68.3795
2022.4,68.378
2022.5,68.3764
2022.6,68.3749
2022.7,68.3734
2022.8,68.3718
2022.9,68.3703
2023,68.3688
2023.1,68.3673
2023.2,68.3657
2023.3,68.3642
2023.4,68.3627
2023.5,68.3611
2023.6,68.3596
2023.7,68.3581
2023.8,68.3566
2023.9,68.355
2024,68.3535
2024.1,68.352
2024.2,68.3504
2024.3,68.3489
2024.4,68.3474
2024.5,68.3458
2024.6,68.3443
2024.7,68.3428
2024.8,68.3412
2024.9,68.3397
2025,68.3381
2025.1,68.3366
2025.2,68.3351
2025.3,68.3335
2025.4,68.332
2025.5,68.3305
2025.6,68.3289
2025.7,68.3274
2025.8,68.3258
2025.9,68.3243
2026,68.3228
2026.1,68.3212
2026.2,68.3197
2026.3,68.3181
2026.4,68.3166
2026.5,68.315
2026.6,68.3135
2026.7,68.312
2026.8,68.3104
2026.9,68.3089
2027,68.3073
2027.1,68.3058
2027.2,68.3043
2027.3,68.3027
2027.4,68.3012
2027.5,68.2996
2027.6,68.2981
2027.7,68.2965
2027.8,68.295
2027.9,68.2935
2028,68.2919
2028.1,68.2904
2028.2,68.2888
2028.3,68.2873
2028.4,68.2857
2028.5,68.2842
2028.6,68.2826
2028.7,68.2811
2028.8,68.2796
2028.9,68.278
2029,68.2765
2029.1,68.2749
2029.2,68.2734
2029.3,68.2718
2029.4,68.2703
2029.5,68.2687
2029.6,68.2672
2029.7,68.2657
2029.8,68.2641
2029.9,68.2626
2030,68.261
2030.1,68.2595
2030.2,68.2579
2030.3,68.2564
2030.4,68.2548
2030.5,68.2533
2030.6,68.2517
2030.7,68.2502
2030.8,68.2487
2030.9,68.2471
2031,68.2456
2031.1,68.244
2031.2,68.2425
2031.3,68.2409
2031.4,68.2394
2031.5,68.2378
2031.6,68.2363
2031.7,68.2347
2031.8,68.2332
2031.9,68.2316
2032,68.2301
2032.1,68.2285
2032.2,68.227
2032.3,68.2255
2032.4,68.2239
2032.5,68.2224
2032.6,68.2208
2032.7,68.2193
2032.8,68.2177
2032.9,68.2162
2033,68.2146
2033.1,68.2131
2033.2,68.2115
2033.3,68.21
2033.4,68.2085
2033.5,68.207
2033.6,68.2055
2033.7,68.204
2033.8,68.2026
2033.9,68.2011
2034,68.1997
2034.1,68.1983
2034.2,68.1969
2034.3,68.1955
2034.4,68.1942
2034.5,68.1928
2034.6,68.1915
2034.7,68.1902
2034.8,68.1888
2034.9,68.1875
2035,68.1862
2035.1,68.1849
2035.2,68.1835
2035.3,68.1822
2035.4,68.1809
2035.5,68.1795
2035.6,68.1782
2035.7,68.1769
2035.8,68.1755
2035.9,68.1741
2036,68.1728
2036.1,68.1714
2036.2,68.17
2036.3,68.1686
2036.4,68.1672
2036.5,68.1658
2036.6,68.1644
2036.7,68.163
2036.8,68.1616
2036.9,68.1601
2037,68.1587
2037.1,68.1573
2037.2,68.1558
2037.3,68.1544
2037.4,68.1529
2037.5,68.1515
2037.6,68.15
2037.7,68.1485
2037.8,68.1471
2037.9,68.1456
2038,68.1441
2038.1,68.1426
2038.2,68.1412
2038.3,68.1397
2038.4,68.1382
2038.5,68.1367
2038.6,68.1352
2038.7,68.1337
2038.8,68.1322
2038.9,68.1307
2039,68.1292
2039.1,68.1278
2039.2,68.1263
2039.3,68.1248
2039.4,68.1233
2039.5,68.1218
2039.6,68.1203
2039.7,68.1188
2039.8,68.1173
2039.9,68.1158
2040,68.1143
2040.1,68.1128
2040.2,68.1112
2040.3,68.1097
2040.4,68.1082
2040.5,68.1067
2040.6,68.1052
2040.7,68.1037
2040.8,68.1022
2040.9,68.1007
2041,68.0992
2041.1,68.0977
2041.2,68.0962
2041.3,68.0947
2041.4,68.0932
2041.5,68.0917
2041.6,68.0902
2041.7,68.0886
2041.8,68.0871
2041.9,68.0856
2042,68.0841
2042.1,68.0826
2042.2,68.0811
2042.3,68.0796
2042.4,68.0781
2042.5,68.0766
2042.6,68.0751
2042.7,68.0736
2042.8,68.072
2042.9,68.0705
2043,68.069
2043.1,68.0675
2043.2,68.066
2043.3,68.0645
2043.4,68.063
2043.5,68.0615
2043.6,68.06
2043.7,68.0584
2043.8,68.0569
2043.9,68.0554
2044,68.0539
2044.1,68.0524
2044.2,68.0509
2044.3,68.0494
2044.4,68.0479
2044.5,68.0464
2044.6,68.0448
2044.7,68.0433
2044.8,68.0418
2044.9,68.0403
2045,68.0388
2045.1,68.0373
2045.2,68.0358
2045.3,68.0343
2045.4,68.0328
2045.5,68.0312
2045.6,68.0297
2045.7,68.0282
2045.8,68.0267
2045.9,68.0252
2046,68.0237
2046.1,68.0222
2046.2,68.0207
2046.3,68.0192
2046.4,68.0177
2046.5,68.0162
2046.6,68.0146
2046.7,68.0131
2046.8,68.0116
2046.9,68.0101
2047,68.0086
2047.1,68.0071
2047.2,68.0056
2047.3,68.0041
2047.4,68.0026
2047.5,68.0011
2047.6,67.9996
2047.7,67.9981
2047.8,67.9966
2047.9,67.9951
2048,67.9936
2048.1,67.9921
2048.2,67.9905
2048.3,67.989
2048.4,67.9875
2048.5,67.986
2048.6,67.9845
2048.7,67.983
2048.8,67.9815
2048.9,67.98
2049,67.9785
2049.1,67.977
2049.2,67.9755
2049.3,67.974
2049.4,67.9725
2049.5,67.971
2049.6,67.9695
2049.7,67.968
2049.8,67.9665
2049.9,67.965
2050,67.9635
2050.1,67.9621
2050.2,67.9606
2050.3,67.9591
2050.4,67.9576
2050.5,67.9561
2050.6,67.9546
2050.7,67.9531
2050.8,67.9516
2050.9,67.9502
2051,67.9487
2051.1,67.9472
2051.2,67.9457
2051.3,67.9442
2051.4,67.9428
2051.5,67.9413
2051.6,67.9398
2051.7,67.9383
2051.8,67.9369
2051.9,67.9354
2052,67.9339
2052.1,67.9325
2052.2,67.931
2052.3,67.9295
2052.4,67.928
2052.5,67.9266
2052.6,67.9251
2052.7,67.9236
2052.8,67.9222
2052.9,67.9207
2053,67.9192
2053.1,67.9178
2053.2,67.9163
2053.3,67.9149
2053.4,67.9134
2053.5,67.9119
2053.6,67.9105
2053.7,67.909
2053.8,67.9075
2053.9,67.9061
2054,67.9046
2054.1,67.9032
2054.2,67.9017
2054.3,67.9002
2054.4,67.8988
2054.5,67.8973
2054.6,67.8959
2054.7,67.8944
2054.8,67.8929
2054.9,67.8915
2055,67.89
2055.1,67.8886
2055.2,67.8871
2055.3,67.8857
2055.4,67.8842
2055.5,67.8828
2055.6,67.8813
2055.7,67.8799
2055.8,67.8784
2055.9,67.877
2056,67.8755
2056.1,67.8741
2056.2,67.8726
2056.3,67.8712
2056.4,67.8697
2056.5,67.8683
2056.6,67.8669
2056.7,67.8654
2056.8,67.864
2056.9,67.8625
2057,67.8611
2057.1,67.8596
2057.2,67.8582
2057.3,67.8567
2057.4,67.8553
2057.5,67.8538
2057.6,67.8524
2057.7,67.8509
2057.8,67.8494
2057.9,67.848
2058,67.8465
2058.1,67.8451
2058.2,67.8436
2058.3,67.8421
2058.4,67.8406
2058.5,67.8392
2058.6,67.8377
2058.7,67.8362
2058.8,67.8347
2058.9,67.8333
2059,67.8318
2059.1,67.8303
2059.2,67.8288
2059.3,67.8273
2059.4,67.8258
2059.5,67.8243
2059.6,67.8228
2059.7,67.8213
2059.8,67.8198
2059.9,67.8183
2060,67.8168
2060.1,67.8153
2060.2,67.8138
2060.3,67.8123
2060.4,67.8108
2060.5,67.8093
2060.6,67.8078
2060.7,67.8063
2060.8,67.8048
2060.9,67.8033
2061,67.8018
2061.1,67.8003
2061.2,67.7988
2061.3,67.7972
2061.4,67.7957
2061.5,67.7942
2061.6,67.7927
2061.7,67.7912
2061.8,67.7897
2061.9,67.7882
2062,67.7866
2062.1,67.7851
2062.2,67.7836
2062.3,67.7821
2062.4,67.7806
2062.5,67.7791
2062.6,67.7776
2062.7,67.776
2062.8,67.7745
2062.9,67.773
2063,67.7715
2063.1,67.77
2063.2,67.7685
2063.3,67.7669
2063.4,67.7654
2063.5,67.7639
2063.6,67.7624
2063.7,67.7609
2063.8,67.7594
2063.9,67.7579
2064,67.7563
2064.1,67.7548
2064.2,67.7533
2064.3,67.7518
2064.4,67.7503
2064.5,67.7488
2064.6,67.7473
2064.7,67.7457
2064.8,67.7442
2064.9,67.7427
2065,67.7412
2065.1,67.7397
2065.2,67.7382
2065.3,67.7367
2065.4,67.7352
2065.5,67.7337
2065.6,67.7321
2065.7,67.7306
2065.8,67.7291
2065.9,67.7276
2066,67.7261
2066.1,67.7246
2066.2,67.7231
2066.3,67.7216
2066.4,67.7201
2066.5,67.7186
2066.6,67.7171
2066.7,67.7156
2066.8,67.7141
2066.9,67.7126
2067,67.7111
2067.1,67.7096
2067.2,67.7081
2067.3,67.7066
2067.4,67.7051
2067.5,67.7036
2067.6,67.7021
2067.7,67.7006
2067.8,67.6991
2067.9,67.6976
2068,67.6961
2068.1,67.6946
2068.2,67.6931
2068.3,67.6916
2068.4,67.6901
2068.5,67.6886
2068.6,67.6871
2068.7,67.6856
2068.8,67.6841
2068.9,67.6826
2069,67.6811
2069.1,67.6796
2069.2,67.6781
2069.3,67.6766
2069.4,67.6751
2069.5,67.6736
2069.6,67.6721
2069.7,67.6706
2069.8,67.6691
2069.9,67.6676
2070,67.6661
2070.1,67.6646
2070.2,67.6631
2070.3,67.6616
2070.4,67.6601
2070.5,67.6586
2070.6,67.6571
2070.7,67.6556
2070.8,67.6541
2070.9,67.6526
2071,67.6511
2071.1,67.6495
2071.2,67.648
2071.3,67.6465
2071.4,67.645
2071.5,67.6435
2071.6,67.642
2071.7,67.6405
2071.8,67.639
2071.9,67.6375
2072,67.636
2072.1,67.6345
2072.2,67.633
2072.3,67.6315
2072.4,67.63
2072.5,67.6285
2072.6,67.627
2072.7,67.6255
2072.8,67.624
2072.9,67.6225
2073,67.621
2073.1,67.6195
2073.2,67.618
2073.3,67.6165
2073.4,67.615
2073.5,67.6135
2073.6,67.612
2073.7,67.6105
2073.8,67.609
2073.9,67.6075
2074,67.606
2074.1,67.6045
2074.2,67.603
2074.3,67.6015
2074.4,67.6
2074.5,67.5985
2074.6,67.597
2074.7,67.5955
2074.8,67.594
2074.9,67.5925
2075,67.591
2075.1,67.5895
2075.2,67.588
2075.3,67.5865
2075.4,67.585
2075.5,67.5835
2075.6,67.5821
2075.7,67.5806
2075.8,67.5791
2075.9,67.5777
2076,67.5762
2076.1,67.5748
2076.2,67.5735
2076.3,67.5721
2076.4,67.5708
2076.5,67.5695
2076.6,67.5682
2076.7,67.567
2076.8,67.5657
2076.9,67.5645
2077,67.5633
2077.1,67.5621
2077.2,67.5609
2077.3,67.5597
2077.4,67.5584
2077.5,67.5572
2077.6,67.556
2077.7,67.5548
2077.8,67.5535
2077.9,67.5523
2078,67.551
2078.1,67.5497
2078.2,67.5484
2078.3,67.5471
2078.4,67.5458
2078.5,67.5444
2078.6,67.5431
2078.7,67.5417
2078.8,67.5404
2078.9,67.539
2079,67.5376
2079.1,67.5362
2079.2,67.5348
2079.3,67.5333
2079.4,67.5319
2079.5,67.5305
2079.6,67.529
2079.7,67.5275
2079.8,67.5261
2079.9,67.5246
2080,67.5231
2080.1,67.5216
2080.2,67.5202
2080.3,67.5187
2080.4,67.5172
2080.5,67.5157
2080.6,67.5142
2080.7,67.5126
2080.8,67.5111
2080.9,67.5096
2081,67.5081
2081.1,67.5066
2081.2,67.5051
2081.3,67.5035
2081.4,67.502
2081.5,67.5005
2081.6,67.499
2081.7,67.4974
2081.8,67.4959
2081.9,67.4944
2082,67.4928
2082.1,67.4913
2082.2,67.4898
2082.3,67.4882
2082.4,67.4867
2082.5,67.4852
2082.6,67.4836
2082.7,67.4821
2082.8,67.4806
2082.9,67.479
2083,67.4775
2083.1,67.476
2083.2,67.4744
2083.3,67.4729
2083.4,67.4713
2083.5,67.4698
2083.6,67.4683
2083.7,67.4667
2083.8,67.4652
2083.9,67.4637
2084,67.4621
2084.1,67.4606
2084.2,67.459
2084.3,67.4575
2084.4,67.456
2084.5,67.4544
2084.6,67.4529
2084.7,67.4513
2084.8,67.4498
2084.9,67.4483
2085,67.4467
2085.1,67.4452
2085.2,67.4436
2085.3,67.4421
2085.4,67.4406
2085.5,67.439
2085.6,67.4375
2085.7,67.4359
2085.8,67.4344
2085.9,67.4329
2086,67.4313
2086.1,67.4298
2086.2,67.4283
2086.3,67.4267
2086.4,67.4252
2086.5,67.4236
2086.6,67.4221
2086.7,67.4206
2086.8,67.419
2086.9,67.4175
2087,67.4159
2087.1,67.4144
2087.2,67.4129
2087.3,67.4113
2087.4,67.4098
2087.5,67.4082
2087.6,67.4067
2087.7,67.4052
2087.8,67.4036
2087.9,67.4021
2088,67.4005
2088.1,67.399
2088.2,67.3975
2088.3,67.3959
2088.4,67.3944
2088.5,67.3929
2088.6,67.3913
2088.7,67.3898
2088.8,67.3882
2088.9,67.3867
2089,67.3852
2089.1,67.3836
2089.2,67.3821
2089.3,67.3805
2089.4,67.379
2089.5,67.3775
2089.6,67.3759
2089.7,67.3744
2089.8,67.3728
2089.9,67.3713
2090,67.3698
2090.1,67.3682
2090.2,67.3667
2090.3,67.3652
2090.4,67.3636
2090.5,67.3621
2090.6,67.3605
2090.7,67.359
2090.8,67.3575
2090.9,67.3559
2091,67.3544
2091.1,67.3528
2091.2,67.3513
2091.3,67.3498
2091.4,67.3482
2091.5,67.3467
2091.6,67.3451
2091.7,67.3436
2091.8,67.3421
2091.9,67.3405
2092,67.339
2092.1,67.3375
2092.2,67.3359
2092.3,67.3344
2092.4,67.3328
2092.5,67.3313
2092.6,67.3298
2092.7,67.3282
2092.8,67.3267
2092.9,67.3252
2093,67.3236
2093.1,67.3221
2093.2,67.3205
2093.3,67.319
2093.4,67.3175
2093.5,67.3159
2093.6,67.3144
2093.7,67.3129
2093.8,67.3113
2093.9,67.3098
2094,67.3083
2094.1,67.3067
2094.2,67.3052
2094.3,67.3037
2094.4,67.3021
2094.5,67.3006
2094.6,67.2991
2094.7,67.2976
2094.8,67.296
2094.9,67.2945
2095,67.293
2095.1,67.2914
2095.2,67.2899
2095.3,67.2884
2095.4,67.2869
2095.5,67.2853
2095.6,67.2838
2095.7,67.2823
2095.8,67.2808
2095.9,67.2793
2096,67.2777
2096.1,67.2762
2096.2,67.2747
2096.3,67.2732
2096.4,67.2717
2096.5,67.2701
2096.6,67.2686
2096.7,67.2671
2096.8,67.2656
2096.9,67.2641
2097,67.2625
2097.1,67.261
2097.2,67.2595
2097.3,67.258
2097.4,67.2565
2097.5,67.255
2097.6,67.2534
2097.7,67.2519
2097.8,67.2504
2097.9,67.2489
2098,67.2474
2098.1,67.2459
2098.2,67.2443
2098.3,67.2428
2098.4,67.2413
2098.5,67.2398
2098.6,67.2383
2098.7,67.2368
2098.8,67.2352
2098.9,67.2337
2099,67.2322
2099.1,67.2307
2099.2,67.2292
2099.3,67.2277
2099.4,67.2261
2099.5,67.2246
2099.6,67.2231
2099.7,67.2216
2099.8,67.2201
2099.9,67.2185
2100,67.217
2100.1,67.2155
2100.2,67.214
2100.3,67.2125
2100.4,67.2109
2100.5,67.2094
2100.6,67.2079
2100.7,67.2064
2100.8,67.2049
2100.9,67.2033
2101,67.2018
2101.1,67.2003
2101.2,67.1988
2101.3,67.1972
2101.4,67.1957
2101.5,67.1942
2101.6,67.1927
2101.7,67.1911
2101.8,67.1896
2101.9,67.1881
2102,67.1865
2102.1,67.185
2102.2,67.1835
2102.3,67.182
2102.4,67.1804
2102.5,67.1789
2102.6,67.1774
2102.7,67.1758
2102.8,67.1743
2102.9,67.1728
2103,67.1713
2103.1,67.1697
2103.2,67.1682
2103.3,67.1667
2103.4,67.1652
2103.5,67.1636
2103.6,67.1621
2103.7,67.1606
2103.8,67.159
2103.9,67.1575
2104,67.156
2104.1,67.1545
2104.2,67.1529
2104.3,67.1514
2104.4,67.1499
2104.5,67.1484
2104.6,67.1468
2104.7,67.1453
2104.8,67.1438
2104.9,67.1423
2105,67.1407
2105.1,67.1392
2105.2,67.1377
2105.3,67.1362
2105.4,67.1346
2105.5,67.1331
2105.6,67.1316
2105.7,67.13
2105.8,67.1285
2105.9,67.127
2106,67.1255
2106.1,67.1239
2106.2,67.1224
2106.3,67.1209
2106.4,67.1194
2106.5,67.1178
2106.6,67.1163
2106.7,67.1148
2106.8,67.1132
2106.9,67.1117
2107,67.1102
2107.1,67.1086
2107.2,67.1071
2107.3,67.1056
2107.4,67.1041
2107.5,67.1025
2107.6,67.101
2107.7,67.0995
2107.8,67.0979
2107.9,67.0964
2108,67.0949
2108.1,67.0933
2108.2,67.0918
2108.3,67.0903
2108.4,67.0887
2108.5,67.0872
2108.6,67.0857
2108.7,67.0841
2108.8,67.0826
2108.9,67.0811
2109,67.0795
2109.1,67.078
2109.2,67.0765
2109.3,67.0749
2109.4,67.0734
2109.5,67.0719
2109.6,67.0704
2109.7,67.0688
2109.8,67.0673
2109.9,67.0658
2110,67.0643
2110.1,67.0627
2110.2,67.0612
2110.3,67.0597
2110.4,67.0581
2110.5,67.0566
2110.6,67.0551
2110.7,67.0536
2110.8,67.0521
2110.9,67.0505
2111,67.049
2111.1,67.0475
2111.2,67.046
2111.3,67.0444
2111.4,67.0429
2111.5,67.0414
2111.6,67.0399
2111.7,67.0384
2111.8,67.0369
2111.9,67.0353
2112,67.0338
2112.1,67.0323
2112.2,67.0308
2112.3,67.0293
2112.4,67.0278
2112.5,67.0262
2112.6,67.0247
2112.7,67.0232
2112.8,67.0217
2112.9,67.0202
2113,67.0187
2113.1,67.0172
2113.2,67.0156
2113.3,67.0141
2113.4,67.0126
2113.5,67.0111
2113.6,67.0096
2113.7,67.0081
2113.8,67.0066
2113.9,67.0051
2114,67.0035
2114.1,67.002
2114.2,67.0005
2114.3,66.999
2114.4,66.9975
2114.5,66.996
2114.6,66.9945
2114.7,66.9929
2114.8,66.9914
2114.9,66.9899
2115,66.9884
2115.1,66.9869
2115.2,66.9854
2115.3,66.9838
2115.4,66.9823
2115.5,66.9808
2115.6,66.9793
2115.7,66.9778
2115.8,66.9762
2115.9,66.9747
2116,66.9732
2116.1,66.9717
2116.2,66.9701
2116.3,66.9686
2116.4,66.9671
2116.5,66.9656
2116.6,66.9641
2116.7,66.9625
2116.8,66.961
2116.9,66.9595
2117,66.9579
2117.1,66.9564
2117.2,66.9549
2117.3,66.9534
2117.4,66.9518
2117.5,66.9503
2117.6,66.9488
2117.7,66.9473
2117.8,66.9457
2117.9,66.9442
2118,66.9427
2118.1,66.9412
2118.2,66.9396
2118.3,66.9381
2118.4,66.9366
2118.5,66.9351
2118.6,66.9335
2118.7,66.932
2118.8,66.9305
2118.9,66.929
2119,66.9274
2119.1,66.9259
2119.2,66.9244
2119.3,66.9229
2119.4,66.9213
2119.5,66.9198
2119.6,66.9183
2119.7,66.9168
2119.8,66.9153
2119.9,66.9137
2120,66.9122
2120.1,66.9107
2120.2,66.9092
2120.3,66.9077
2120.4,66.9061
2120.5,66.9046
2120.6,66.9031
2120.7,66.9016
2120.8,66.9001
2120.9,66.8986
2121,66.8971
2121.1,66.8955
2121.2,66.894
2121.3,66.8925
2121.4,66.891
2121.5,66.8895
2121.6,66.888
2121.7,66.8865
2121.8,66.885
2121.9,66.8835
2122,66.8819
2122.1,66.8804
2122.2,66.8789
2122.3,66.8774
2122.4,66.8759
2122.5,66.8744
2122.6,66.8729
2122.7,66.8714
2122.8,66.8699
2122.9,66.8684
2123,66.8669
2123.1,66.8654
2123.2,66.8639
2123.3,66.8624
2123.4,66.8609
2123.5,66.8594
2123.6,66.8579
2123.7,66.8564
2123.8,66.8549
2123.9,66.8534
2124,66.8519
2124.1,66.8504
2124.2,66.8489
2124.3,66.8475
2124.4,66.846
2124.5,66.8445
2124.6,66.843
2124.7,66.8415
2124.8,66.84
2124.9,66.8385
2125,66.837
2125.1,66.8356
2125.2,66.8341
2125.3,66.8326
2125.4,66.8312
2125.5,66.8297
2125.6,66.8282
2125.7,66.8268
2125.8,66.8253
2125.9,66.8239
2126,66.8225
2126.1,66.821
2126.2,66.8196
2126.3,66.8182
2126.4,66.8168
2126.5,66.8153
2126.6,66.8139
2126.7,66.8125
2126.8,66.8111
2126.9,66.8097
2127,66.8083
2127.1,66.8069
2127.2,66.8055
2127.3,66.8041
2127.4,66.8026
2127.5,66.8012
2127.6,66.7998
2127.7,66.7984
2127.8,66.797
2127.9,66.7956
2128,66.7941
2128.1,66.7927
2128.2,66.7913
2128.3,66.7899
2128.4,66.7884
2128.5,66.787
2128.6,66.7856
2128.7,66.7841
2128.8,66.7827
2128.9,66.7812
2129,66.7798
2129.1,66.7784
2129.2,66.7769
2129.3,66.7755
2129.4,66.774
2129.5,66.7726
2129.6,66.7711
2129.7,66.7697
2129.8,66.7682
2129.9,66.7667
2130,66.7653
2130.1,66.7638
2130.2,66.7624
2130.3,66.7609
2130.4,66.7594
2130.5,66.758
2130.6,66.7565
2130.7,66.755
2130.8,66.7536
2130.9,66.7521
2131,66.7506
2131.1,66.7492
2131.2,66.7477
2131.3,66.7462
2131.4,66.7448
2131.5,66.7433
2131.6,66.7418
2131.7,66.7403
2131.8,66.7389
2131.9,66.7374
2132,66.7359
2132.1,66.7345
2132.2,66.733
2132.3,66.7316
2132.4,66.7301
2132.5,66.7287
2132.6,66.7273
2132.7,66.7259
2132.8,66.7245
2132.9,66.7232
2133,66.7218
2133.1,66.7205
2133.2,66.7191
2133.3,66.7178
2133.4,66.7164
2133.5,66.7151
2133.6,66.7137
2133.7,66.7124
2133.8,66.711
2133.9,66.7097
2134,66.7083
2134.1,66.7069
2134.2,66.7056
2134.3,66.7042
2134.4,66.7028
2134.5,66.7014
2134.6,66.7
2134.7,66.6986
2134.8,66.6971
2134.9,66.6957
2135,66.6943
2135.1,66.6928
2135.2,66.6914
2135.3,66.6899
2135.4,66.6885
2135.5,66.687
2135.6,66.6855
2135.7,66.6841
2135.8,66.6826
2135.9,66.6811
2136,66.6796
2136.1,66.6781
2136.2,66.6766
2136.3,66.6751
2136.4,66.6736
2136.5,66.6721
2136.6,66.6706
2136.7,66.6691
2136.8,66.6676
2136.9,66.6661
2137,66.6645
2137.1,66.663
2137.2,66.6615
2137.3,66.66
2137.4,66.6585
2137.5,66.6569
2137.6,66.6554
2137.7,66.6539
2137.8,66.6524
2137.9,66.6508
2138,66.6493
2138.1,66.6478
2138.2,66.6462
2138.3,66.6447
2138.4,66.6432
2138.5,66.6416
2138.6,66.6401
2138.7,66.6386
2138.8,66.637
2138.9,66.6355
2139,66.634
2139.1,66.6324
2139.2,66.6309
2139.3,66.6294
2139.4,66.6278
2139.5,66.6263
2139.6,66.6248
2139.7,66.6232
2139.8,66.6217
2139.9,66.6202
2140,66.6186
2140.1,66.6171
2140.2,66.6156
2140.3,66.614
2140.4,66.6125
2140.5,66.6109
2140.6,66.6094
2140.7,66.6079
2140.8,66.6063
2140.9,66.6048
2141,66.6033
2141.1,66.6017
2141.2,66.6002
2141.3,66.5987
2141.4,66.5971
2141.5,66.5956
2141.6,66.5941
2141.7,66.5925
2141.8,66.591
2141.9,66.5895
2142,66.5879
2142.1,66.5864
2142.2,66.5849
2142.3,66.5833
2142.4,66.5818
2142.5,66.5803
2142.6,66.5788
2142.7,66.5772
2142.8,66.5757
2142.9,66.5742
2143,66.5727
2143.1,66.5712
2143.2,66.5697
2143.3,66.5681
2143.4,66.5666
2143.5,66.5651
2143.6,66.5636
2143.7,66.5621
2143.8,66.5606
2143.9,66.5591
2144,66.5576
2144.1,66.5561
2144.2,66.5546
2144.3,66.5531
2144.4,66.5516
2144.5,66.5502
2144.6,66.5487
2144.7,66.5472
2144.8,66.5457
2144.9,66.5442
2145,66.5428
2145.1,66.5413
2145.2,66.5398
2145.3,66.5383
2145.4,66.5369
2145.5,66.5354
2145.6,66.5339
2145.7,66.5325
2145.8,66.531
2145.9,66.5295
2146,66.528
2146.1,66.5266
2146.2,66.5251
2146.3,66.5236
2146.4,66.5222
2146.5,66.5207
2146.6,66.5192
2146.7,66.5177
2146.8,66.5163
2146.9,66.5148
2147,66.5133
2147.1,66.5118
2147.2,66.5103
2147.3,66.5088
2147.4,66.5074
2147.5,66.5059
2147.6,66.5044
2147.7,66.5029
2147.8,66.5014
2147.9,66.4999
2148,66.4984
2148.1,66.4969
2148.2,66.4954
2148.3,66.4939
2148.4,66.4924
2148.5,66.4909
2148.6,66.4894
2148.7,66.4879
2148.8,66.4864
2148.9,66.4849
2149,66.4834
2149.1,66.4819
2149.2,66.4804
2149.3,66.4789
2149.4,66.4774
2149.5,66.4759
2149.6,66.4744
2149.7,66.4728
2149.8,66.4713
2149.9,66.4698
2150,66.4683
2150.1,66.4668
2150.2,66.4653
2150.3,66.4637
2150.4,66.4622
2150.5,66.4607
2150.6,66.4592
2150.7,66.4577
2150.8,66.4562
2150.9,66.4546
2151,66.4531
2151.1,66.4516
2151.2,66.4501
2151.3,66.4485
2151.4,66.447
2151.5,66.4455
2151.6,66.444
2151.7,66.4424
2151.8,66.4409
2151.9,66.4394
2152,66.4379
2152.1,66.4363
2152.2,66.4348
2152.3,66.4333
2152.4,66.4318
2152.5,66.4302
2152.6,66.4287
2152.7,66.4272
2152.8,66.4257
2152.9,66.4241
2153,66.4226
2153.1,66.4211
2153.2,66.4196
2153.3,66.418
2153.4,66.4165
2153.5,66.415
2153.6,66.4135
2153.7,66.4119
2153.8,66.4104
2153.9,66.4089
2154,66.4074
2154.1,66.4058
2154.2,66.4043
2154.3,66.4028
2154.4,66.4013
2154.5,66.3997
2154.6,66.3982
2154.7,66.3967
2154.8,66.3952
2154.9,66.3937
2155,66.3921
2155.1,66.3906
2155.2,66.3891
2155.3,66.3876
2155.4,66.386
2155.5,66.3845
2155.6,66.383
2155.7,66.3815
2155.8,66.3799
2155.9,66.3784
2156,66.3769
2156.1,66.3754
2156.2,66.3739
2156.3,66.3723
2156.4,66.3708
2156.5,66.3693
2156.6,66.3678
2156.7,66.3662
2156.8,66.3647
2156.9,66.3632
2157,66.3617
2157.1,66.3602
2157.2,66.3587
2157.3,66.3571
2157.4,66.3556
2157.5,66.3541
2157.6,66.3526
2157.7,66.3511
2157.8,66.3496
2157.9,66.3481
2158,66.3465
2158.1,66.345
2158.2,66.3435
2158.3,66.342
2158.4,66.3405
2158.5,66.339
2158.6,66.3375
2158.7,66.336
2158.8,66.3345
2158.9,66.333
2159,66.3316
2159.1,66.3301
2159.2,66.3286
2159.3,66.3271
2159.4,66.3256
2159.5,66.3242
2159.6,66.3227
2159.7,66.3212
2159.8,66.3198
2159.9,66.3183
2160,66.3169
2160.1,66.3154
2160.2,66.314
2160.3,66.3125
2160.4,66.3111
2160.5,66.3096
2160.6,66.3082
2160.7,66.3068
2160.8,66.3053
2160.9,66.3039
2161,66.3025
2161.1,66.3011
2161.2,66.2996
2161.3,66.2982
2161.4,66.2968
2161.5,66.2953
2161.6,66.2939
2161.7,66.2924
2161.8,66.291
2161.9,66.2896
2162,66.2881
2162.1,66.2867
2162.2,66.2852
2162.3,66.2838
2162.4,66.2823
2162.5,66.2809
2162.6,66.2794
2162.7,66.2779
2162.8,66.2765
2162.9,66.275
2163,66.2736
2163.1,66.2721
2163.2,66.2706
2163.3,66.2692
2163.4,66.2677
2163.5,66.2662
2163.6,66.2648
2163.7,66.2633
2163.8,66.2618
2163.9,66.2603
2164,66.2589
2164.1,66.2574
2164.2,66.2559
2164.3,66.2545
2164.4,66.253
2164.5,66.2515
2164.6,66.25
2164.7,66.2486
2164.8,66.2471
2164.9,66.2456
2165,66.2441
2165.1,66.2427
2165.2,66.2412
2165.3,66.2397
2165.4,66.2382
2165.5,66.2367
2165.6,66.2353
2165.7,66.2338
2165.8,66.2323
2165.9,66.2308
2166,66.2293
2166.1,66.2279
2166.2,66.2264
2166.3,66.2249
2166.4,66.2234
2166.5,66.2219
2166.6,66.2205
2166.7,66.219
2166.8,66.2175
2166.9,66.216
2167,66.2145
2167.1,66.213
2167.2,66.2115
2167.3,66.21
2167.4,66.2086
2167.5,66.2071
2167.6,66.2056
2167.7,66.2041
2167.8,66.2026
2167.9,66.2011
2168,66.1996
2168.1,66.1981
2168.2,66.1966
2168.3,66.1951
2168.4,66.1936
2168.5,66.1921
2168.6,66.1906
2168.7,66.1891
2168.8,66.1876
2168.9,66.1861
2169,66.1846
2169.1,66.1831
2169.2,66.1816
2169.3,66.1801
2169.4,66.1786
2169.5,66.1771
2169.6,66.1756
2169.7,66.1741
2169.8,66.1726
2169.9,66.1711
2170,66.1696
2170.1,66.1681
2170.2,66.1666
2170.3,66.1651
2170.4,66.1635
2170.5,66.162
2170.6,66.1605
2170.7,66.159
2170.8,66.1575
2170.9,66.156
2171,66.1545
2171.1,66.1529
2171.2,66.1514
2171.3,66.1499
2171.4,66.1484
2171.5,66.1469
2171.6,66.1453
2171.7,66.1438
2171.8,66.1423
2171.9,66.1408
2172,66.1393
2172.1,66.1377
2172.2,66.1362
2172.3,66.1347
2172.4,66.1332
2172.5,66.1317
2172.6,66.1302
2172.7,66.1286
2172.8,66.1271
2172.9,66.1256
2173,66.1241
2173.1,66.1226
2173.2,66.1211
2173.3,66.1195
2173.4,66.118
2173.5,66.1165
2173.6,66.115
2173.7,66.1135
2173.8,66.112
2173.9,66.1105
2174,66.109
2174.1,66.1075
2174.2,66.106
2174.3,66.1046
2174.4,66.1032
2174.5,66.1017
2174.6,66.1003
2174.7,66.0989
2174.8,66.0975
2174.9,66.0962
2175,66.0948
2175.1,66.0934
2175.2,66.0921
2175.3,66.0907
2175.4,66.0894
2175.5,66.088
2175.6,66.0866
2175.7,66.0853
2175.8,66.0839
2175.9,66.0825
2176,66.0812
2176.1,66.0798
2176.2,66.0784
2176.3,66.077
2176.4,66.0756
2176.5,66.0742
2176.6,66.0728
2176.7,66.0714
2176.8,66.0699
2176.9,66.0685
2177,66.0671
2177.1,66.0656
2177.2,66.0642
2177.3,66.0627
2177.4,66.0613
2177.5,66.0598
2177.6,66.0583
2177.7,66.0568
2177.8,66.0554
2177.9,66.0539
2178,66.0524
2178.1,66.0509
2178.2,66.0494
2178.3,66.0479
2178.4,66.0464
2178.5,66.0449
2178.6,66.0434
2178.7,66.0419
2178.8,66.0404
2178.9,66.0389
2179,66.0373
2179.1,66.0358
2179.2,66.0343
2179.3,66.0328
2179.4,66.0313
2179.5,66.0298
2179.6,66.0282
2179.7,66.0267
2179.8,66.0252
2179.9,66.0237
2180,66.0221
2180.1,66.0206
2180.2,66.0191
2180.3,66.0176
2180.4,66.016
2180.5,66.0145
2180.6,66.013
2180.7,66.0114
2180.8,66.0099
2180.9,66.0084
2181,66.0069
2181.1,66.0053
2181.2,66.0038
2181.3,66.0023
2181.4,66.0007
2181.5,65.9992
2181.6,65.9977
2181.7,65.9961
2181.8,65.9946
2181.9,65.9931
2182,65.9915
2182.1,65.99
2182.2,65.9885
2182.3,65.987
2182.4,65.9854
2182.5,65.9839
2182.6,65.9824
2182.7,65.9808
2182.8,65.9793
2182.9,65.9778
2183,65.9762
2183.1,65.9747
2183.2,65.9732
2183.3,65.9716
2183.4,65.9701
2183.5,65.9686
2183.6,65.967
2183.7,65.9655
2183.8,65.964
2183.9,65.9624
2184,65.9609
2184.1,65.9594
2184.2,65.9578
2184.3,65.9563
2184.4,65.9548
2184.5,65.9532
2184.6,65.9517
2184.7,65.9502
2184.8,65.9486
2184.9,65.9471
2185,65.9456
2185.1,65.944
2185.2,65.9425
2185.3,65.941
2185.4,65.9394
2185.5,65.9379
2185.6,65.9364
2185.7,65.9348
2185.8,65.9333
2185.9,65.9318
2186,65.9303
2186.1,65.9287
2186.2,65.9272
2186.3,65.9257
2186.4,65.9241
2186.5,65.9226
2186.6,65.9211
2186.7,65.9195
2186.8,65.918
2186.9,65.9165
2187,65.9149
2187.1,65.9134
2187.2,65.9119
2187.3,65.9103
2187.4,65.9088
2187.5,65.9073
2187.6,65.9058
2187.7,65.9042
2187.8,65.9027
2187.9,65.9012
2188,65.8996
2188.1,65.8981
2188.2,65.8966
2188.3,65.8951
2188.4,65.8935
2188.5,65.892
2188.6,65.8905
2188.7,65.889
2188.8,65.8874
2188.9,65.8859
2189,65.8844
2189.1,65.8829
2189.2,65.8813
2189.3,65.8798
2189.4,65.8783
2189.5,65.8768
2189.6,65.8752
2189.7,65.8737
2189.8,65.8722
2189.9,65.8707
2190,65.8692
2190.1,65.8676
2190.2,65.8661
2190.3,65.8646
2190.4,65.8631
2190.5,65.8615
2190.6,65.86
2190.7,65.8585
2190.8,65.857
2190.9,65.8555
2191,65.8539
2191.1,65.8524
2191.2,65.8509
2191.3,65.8494
2191.4,65.8478
2191.5,65.8463
2191.6,65.8448
2191.7,65.8433
2191.8,65.8417
2191.9,65.8402
2192,65.8387
2192.1,65.8372
2192.2,65.8356
2192.3,65.8341
2192.4,65.8326
2192.5,65.8311
2192.6,65.8295
2192.7,65.828
2192.8,65.8265
2192.9,65.825
2193,65.8234
2193.1,65.8219
2193.2,65.8204
2193.3,65.8189
2193.4,65.8173
2193.5,65.8158
2193.6,65.8143
2193.7,65.8128
2193.8,65.8112
2193.9,65.8097
2194,65.8082
2194.1,65.8067
2194.2,65.8051
2194.3,65.8036
2194.4,65.8021
2194.5,65.8006
2194.6,65.799
2194.7,65.7975
2194.8,65.796
2194.9,65.7945
2195,65.7929
2195.1,65.7914
2195.2,65.7899
2195.3,65.7883
2195.4,65.7868
2195.5,65.7853
2195.6,65.7838
2195.7,65.7822
2195.8,65.7807
2195.9,65.7792
2196,65.7777
2196.1,65.7761
2196.2,65.7746
2196.3,65.7731
2196.4,65.7716
2196.5,65.77
2196.6,65.7685
2196.7,65.767
2196.8,65.7655
2196.9,65.7639
2197,65.7624
2197.1,65.7609
2197.2,65.7594
2197.3,65.7578
2197.4,65.7563
2197.5,65.7548
2197.6,65.7533
2197.7,65.7517
2197.8,65.7502
2197.9,65.7487
2198,65.7472
2198.1,65.7456
2198.2,65.7441
2198.3,65.7426
2198.4,65.741
2198.5,65.7395
2198.6,65.738
2198.7,65.7365
2198.8,65.7349
2198.9,65.7334
2199,65.7319
2199.1,65.7304
2199.2,65.7289
2199.3,65.7273
2199.4,65.7258
2199.5,65.7243
2199.6,65.7228
2199.7,65.7212
2199.8,65.7197
2199.9,65.7182
2200,65.7167
2200.1,65.7151
2200.2,65.7136
2200.3,65.7121
2200.4,65.7106
2200.5,65.709
2200.6,65.7075
2200.7,65.706
2200.8,65.7045
2200.9,65.703
2201,65.7014
2201.1,65.6999
2201.2,65.6984
2201.3,65.6969
2201.4,65.6953
2201.5,65.6938
2201.6,65.6923
2201.7,65.6908
2201.8,65.6893
2201.9,65.6877
2202,65.6862
2202.1,65.6847
2202.2,65.6832
2202.3,65.6816
2202.4,65.6801
2202.5,65.6786
2202.6,65.6771
2202.7,65.6755
2202.8,65.674
2202.9,65.6725
2203,65.671
2203.1,65.6694
2203.2,65.6679
2203.3,65.6664
2203.4,65.6649
2203.5,65.6633
2203.6,65.6618
2203.7,65.6603
2203.8,65.6588
2203.9,65.6572
2204,65.6557
2204.1,65.6542
2204.2,65.6526
2204.3,65.6511
2204.4,65.6496
2204.5,65.648
2204.6,65.6465
2204.7,65.645
2204.8,65.6435
2204.9,65.6419
2205,65.6404
2205.1,65.6389
2205.2,65.6373
2205.3,65.6358
2205.4,65.6343
2205.5,65.6327
2205.6,65.6312
2205.7,65.6297
2205.8,65.6281
2205.9,65.6266
2206,65.6251
2206.1,65.6235
2206.2,65.622
2206.3,65.6205
2206.4,65.6189
2206.5,65.6174
2206.6,65.6159
2206.7,65.6144
2206.8,65.6128
2206.9,65.6113
2207,65.6098
2207.1,65.6082
2207.2,65.6067
2207.3,65.6052
2207.4,65.6036
2207.5,65.6021
2207.6,65.6006
2207.7,65.599
2207.8,65.5975
2207.9,65.596
2208,65.5945
2208.1,65.5929
2208.2,65.5914
2208.3,65.5899
2208.4,65.5883
2208.5,65.5868
2208.6,65.5853
2208.7,65.5838
2208.8,65.5822
2208.9,65.5807
2209,65.5792
2209.1,65.5776
2209.2,65.5761
2209.3,65.5746
2209.4,65.5731
2209.5,65.5715
2209.6,65.57
2209.7,65.5685
2209.8,65.567
2209.9,65.5654
2210,65.5639
2210.1,65.5624
2210.2,65.5609
2210.3,65.5593
2210.4,65.5578
2210.5,65.5563
2210.6,65.5548
2210.7,65.5533
2210.8,65.5517
2210.9,65.5502
2211,65.5487
2211.1,65.5472
2211.2,65.5456
2211.3,65.5441
2211.4,65.5426
2211.5,65.5411
2211.6,65.5396
2211.7,65.5381
2211.8,65.5365
2211.9,65.535
2212,65.5335
2212.1,65.532
2212.2,65.5305
2212.3,65.529
2212.4,65.5275
2212.5,65.526
2212.6,65.5244
2212.7,65.5229
2212.8,65.5214
2212.9,65.5199
2213,65.5184
2213.1,65.5169
2213.2,65.5154
2213.3,65.5139
2213.4,65.5124
2213.5,65.5109
2213.6,65.5094
2213.7,65.5079
2213.8,65.5064
2213.9,65.5049
2214,65.5034
2214.1,65.5019
2214.2,65.5004
2214.3,65.4989
2214.4,65.4974
2214.5,65.4959
2214.6,65.4944
2214.7,65.4929
2214.8,65.4914
2214.9,65.49
2215,65.4885
2215.1,65.487
2215.2,65.4855
2215.3,65.484
2215.4,65.4825
2215.5,65.481
2215.6,65.4795
2215.7,65.478
2215.8,65.4765
2215.9,65.4751
2216,65.4736
2216.1,65.4721
2216.2,65.4706
2216.3,65.4691
2216.4,65.4676
2216.5,65.4661
2216.6,65.4646
2216.7,65.4632
2216.8,65.4617
2216.9,65.4602
2217,65.4587
2217.1,65.4572
2217.2,65.4557
2217.3,65.4542
2217.4,65.4528
2217.5,65.4513
2217.6,65.4498
2217.7,65.4483
2217.8,65.4468
2217.9,65.4453
2218,65.4438
2218.1,65.4424
2218.2,65.4409
2218.3,65.4394
2218.4,65.4379
2218.5,65.4364
2218.6,65.4349
2218.7,65.4334
2218.8,65.4319
2218.9,65.4305
2219,65.429
2219.1,65.4275
2219.2,65.426
2219.3,65.4245
2219.4,65.423
2219.5,65.4215
2219.6,65.4201
2219.7,65.4186
2219.8,65.4171
2219.9,65.4156
2220,65.4141
2220.1,65.4126
2220.2,65.4112
2220.3,65.4097
2220.4,65.4082
2220.5,65.4067
2220.6,65.4052
2220.7,65.4037
2220.8,65.4023
2220.9,65.4008
2221,65.3993
2221.1,65.3978
2221.2,65.3963
2221.3,65.3949
2221.4,65.3934
2221.5,65.3919
2221.6,65.3904
2221.7,65.3889
2221.8,65.3875
2221.9,65.386
2222,65.3845
2222.1,65.383
2222.2,65.3816
2222.3,65.3801
2222.4,65.3786
2222.5,65.3771
2222.6,65.3756
2222.7,65.3741
2222.8,65.3727
2222.9,65.3712
2223,65.3697
2223.1,65.3682
2223.2,65.3667
2223.3,65.3653
2223.4,65.3638
2223.5,65.3623
2223.6,65.3608
2223.7,65.3593
2223.8,65.3579
2223.9,65.3564
2224,65.3549
2224.1,65.3534
2224.2,65.3519
2224.3,65.3505
2224.4,65.349
2224.5,65.3475
2224.6,65.346
2224.7,65.3445
2224.8,65.3431
2224.9,65.3416
2225,65.3401
2225.1,65.3386
2225.2,65.3371
2225.3,65.3357
2225.4,65.3342
2225.5,65.3327
2225.6,65.3312
2225.7,65.3297
2225.8,65.3283
2225.9,65.3268
2226,65.3253
2226.1,65.3238
2226.2,65.3223
2226.3,65.3209
2226.4,65.3194
2226.5,65.3179
2226.6,65.3164
2226.7,65.3149
2226.8,65.3135
2226.9,65.312
2227,65.3105
2227.1,65.309
2227.2,65.3075
2227.3,65.306
2227.4,65.3045
2227.5,65.3031
2227.6,65.3016
2227.7,65.3001
2227.8,65.2986
2227.9,65.2971
2228,65.2956
2228.1,65.2941
2228.2,65.2926
2228.3,65.2911
2228.4,65.2896
2228.5,65.2882
2228.6,65.2867
2228.7,65.2852
2228.8,65.2837
2228.9,65.2822
2229,65.2807
2229.1,65.2792
2229.2,65.2777
2229.3,65.2762
2229.4,65.2747
2229.5,65.2732
2229.6,65.2717
2229.7,65.2702
2229.8,65.2687
2229.9,65.2672
2230,65.2657
2230.1,65.2642
2230.2,65.2627
2230.3,65.2612
2230.4,65.2597
2230.5,65.2582
2230.6,65.2567
2230.7,65.2552
2230.8,65.2537
2230.9,65.2522
2231,65.2507
2231.1,65.2492
2231.2,65.2477
2231.3,65.2462
2231.4,65.2447
2231.5,65.2432
2231.6,65.2417
2231.7,65.2402
2231.8,65.2387
2231.9,65.2372
2232,65.2356
2232.1,65.2341
2232.2,65.2326
2232.3,65.2311
2232.4,65.2296
2232.5,65.2281
2232.6,65.2266
2232.7,65.2251
2232.8,65.2236
2232.9,65.2221
2233,65.2205
2233.1,65.219
2233.2,65.2175
2233.3,65.216
2233.4,65.2145
2233.5,65.213
2233.6,65.2115
2233.7,65.2099
2233.8,65.2084
2233.9,65.2069
2234,65.2054
2234.1,65.2039
2234.2,65.2024
2234.3,65.2009
2234.4,65.1993
2234.5,65.1978
2234.6,65.1963
2234.7,65.1948
2234.8,65.1933
2234.9,65.1918
2235,65.1902
2235.1,65.1887
2235.2,65.1872
2235.3,65.1857
2235.4,65.1842
2235.5,65.1827
2235.6,65.1811
2235.7,65.1796
2235.8,65.1781
2235.9,65.1766
2236,65.1751
2236.1,65.1736
2236.2,65.1721
2236.3,65.1705
2236.4,65.169
2236.5,65.1675
2236.6,65.166
2236.7,65.1645
2236.8,65.163
2236.9,65.1615
2237,65.16
2237.1,65.1585
2237.2,65.1569
2237.3,65.1554
2237.4,65.1539
2237.5,65.1524
2237.6,65.1509
2237.7,65.1494
2237.8,65.1479
2237.9,65.1464
2238,65.1449
2238.1,65.1434
2238.2,65.1419
2238.3,65.1404
2238.4,65.1389
2238.5,65.1374
2238.6,65.1359
2238.7,65.1344
2238.8,65.1329
2238.9,65.1314
2239,65.1299
2239.1,65.1284
2239.2,65.1269
2239.3,65.1254
2239.4,65.1239
2239.5,65.1224
2239.6,65.1209
2239.7,65.1194
2239.8,65.1179
2239.9,65.1164
2240,65.1149
2240.1,65.1134
2240.2,65.1119
2240.3,65.1104
2240.4,65.1089
2240.5,65.1074
2240.6,65.1059
2240.7,65.1045
2240.8,65.103
2240.9,65.1015
2241,65.1
2241.1,65.0985
2241.2,65.097
2241.3,65.0955
2241.4,65.094
2241.5,65.0925
2241.6,65.091
2241.7,65.0895
2241.8,65.088
2241.9,65.0865
2242,65.0851
2242.1,65.0836
2242.2,65.0821
2242.3,65.0806
2242.4,65.0791
2242.5,65.0776
2242.6,65.0761
2242.7,65.0746
2242.8,65.0731
2242.9,65.0716
2243,65.0701
2243.1,65.0687
2243.2,65.0672
2243.3,65.0657
2243.4,65.0642
2243.5,65.0627
2243.6,65.0612
2243.7,65.0597
2243.8,65.0582
2243.9,65.0567
2244,65.0552
2244.1,65.0537
2244.2,65.0523
2244.3,65.0508
2244.4,65.0493
2244.5,65.0478
2244.6,65.0463
2244.7,65.0448
2244.8,65.0433
2244.9,65.0418
2245,65.0403
2245.1,65.0388
2245.2,65.0373
2245.3,65.0358
2245.4,65.0343
2245.5,65.0328
2245.6,65.0313
2245.7,65.0298
2245.8,65.0283
2245.9,65.0269
2246,65.0254
2246.1,65.0239
2246.2,65.0224
2246.3,65.0209
2246.4,65.0194
2246.5,65.0179
2246.6,65.0164
2246.7,65.0149
2246.8,65.0134
2246.9,65.0119
2247,65.0104
2247.1,65.0089
2247.2,65.0074
2247.3,65.0059
2247.4,65.0044
2247.5,65.0029
2247.6,65.0014
2247.7,64.9999
2247.8,64.9984
2247.9,64.9969
2248,64.9954
2248.1,64.994
2248.2,64.9925
2248.3,64.991
2248.4,64.9895
2248.5,64.988
2248.6,64.9865
2248.7,64.985
2248.8,64.9835
2248.9,64.982
2249,64.9805
2249.1,64.9791
2249.2,64.9776
2249.3,64.9761
2249.4,64.9746
2249.5,64.9731
2249.6,64.9716
2249.7,64.9701
2249.8,64.9686
2249.9,64.9671
2250,64.9656
2250.1,64.9641
2250.2,64.9626
2250.3,64.9611
2250.4,64.9597
2250.5,64.9582
2250.6,64.9567
2250.7,64.9552
2250.8,64.9536
2250.9,64.9521
2251,64.9506
2251.1,64.9491
2251.2,64.9476
2251.3,64.9461
2251.4,64.9446
2251.5,64.9431
2251.6,64.9416
2251.7,64.9401
2251.8,64.9386
2251.9,64.9371
2252,64.9356
2252.1,64.9341
2252.2,64.9325
2252.3,64.931
2252.4,64.9295
2252.5,64.928
2252.6,64.9265
2252.7,64.925
2252.8,64.9235
2252.9,64.922
2253,64.9204
2253.1,64.9189
2253.2,64.9174
2253.3,64.9159
2253.4,64.9144
2253.5,64.9129
2253.6,64.9113
2253.7,64.9098
2253.8,64.9083
2253.9,64.9068
2254,64.9053
2254.1,64.9038
2254.2,64.9023
2254.3,64.9007
2254.4,64.8992
2254.5,64.8977
2254.6,64.8962
2254.7,64.8947
2254.8,64.8932
2254.9,64.8917
2255,64.8901
2255.1,64.8886
2255.2,64.8871
2255.3,64.8856
2255.4,64.8841
2255.5,64.8826
2255.6,64.8811
2255.7,64.8795
2255.8,64.878
2255.9,64.8765
2256,64.875
2256.1,64.8735
2256.2,64.872
2256.3,64.8705
2256.4,64.869
2256.5,64.8675
2256.6,64.866
2256.7,64.8645
2256.8,64.8629
2256.9,64.8614
2257,64.8599
2257.1,64.8584
2257.2,64.8569
2257.3,64.8554
2257.4,64.8539
2257.5,64.8524
2257.6,64.8509
2257.7,64.8494
2257.8,64.8479
2257.9,64.8464
2258,64.8449
2258.1,64.8434
2258.2,64.8419
2258.3,64.8404
2258.4,64.8389
2258.5,64.8374
2258.6,64.8359
2258.7,64.8344
2258.8,64.8329
2258.9,64.8314
2259,64.8299
2259.1,64.8284
2259.2,64.8269
2259.3,64.8254
2259.4,64.8239
2259.5,64.8224
2259.6,64.821
2259.7,64.8195
2259.8,64.818
2259.9,64.8165
2260,64.815
2260.1,64.8135
2260.2,64.812
2260.3,64.8105
2260.4,64.809
2260.5,64.8075
2260.6,64.806
2260.7,64.8045
2260.8,64.803
2260.9,64.8015
2261,64.8
2261.1,64.7986
2261.2,64.7971
2261.3,64.7956
2261.4,64.7941
2261.5,64.7926
2261.6,64.7911
2261.7,64.7896
2261.8,64.7881
2261.9,64.7866
2262,64.7851
2262.1,64.7836
2262.2,64.7822
2262.3,64.7807
2262.4,64.7792
2262.5,64.7777
2262.6,64.7762
2262.7,64.7747
2262.8,64.7732
2262.9,64.7717
2263,64.7703
2263.1,64.7688
2263.2,64.7673
2263.3,64.7658
2263.4,64.7643
2263.5,64.7628
2263.6,64.7614
2263.7,64.7599
2263.8,64.7584
2263.9,64.7569
2264,64.7554
2264.1,64.7539
2264.2,64.7525
2264.3,64.751
2264.4,64.7495
2264.5,64.748
2264.6,64.7465
2264.7,64.7451
2264.8,64.7436
2264.9,64.7421
2265,64.7407
2265.1,64.7392
2265.2,64.7378
2265.3,64.7363
2265.4,64.7349
2265.5,64.7334
2265.6,64.732
2265.7,64.7305
2265.8,64.7291
2265.9,64.7277
2266,64.7263
2266.1,64.7248
2266.2,64.7234
2266.3,64.722
2266.4,64.7206
2266.5,64.7192
2266.6,64.7177
2266.7,64.7163
2266.8,64.7149
2266.9,64.7135
2267,64.7121
2267.1,64.7106
2267.2,64.7092
2267.3,64.7078
2267.4,64.7064
2267.5,64.7049
2267.6,64.7035
2267.7,64.7021
2267.8,64.7007
2267.9,64.6993
2268,64.6978
2268.1,64.6964
2268.2,64.695
2268.3,64.6936
2268.4,64.6922
2268.5,64.6908
2268.6,64.6894
2268.7,64.688
2268.8,64.6866
2268.9,64.6851
2269,64.6837
2269.1,64.6823
2269.2,64.6809
2269.3,64.6795
2269.4,64.6781
2269.5,64.6767
2269.6,64.6753
2269.7,64.6738
2269.8,64.6724
2269.9,64.671
2270,64.6696
2270.1,64.6682
2270.2,64.6667
2270.3,64.6653
2270.4,64.6639
2270.5,64.6624
2270.6,64.661
2270.7,64.6596
2270.8,64.6581
2270.9,64.6567
2271,64.6552
2271.1,64.6538
2271.2,64.6524
2271.3,64.6509
2271.4,64.6495
2271.5,64.648
2271.6,64.6466
2271.7,64.6451
2271.8,64.6437
2271.9,64.6422
2272,64.6408
2272.1,64.6393
2272.2,64.6379
2272.3,64.6364
2272.4,64.635
2272.5,64.6335
2272.6,64.6321
2272.7,64.6306
2272.8,64.6291
2272.9,64.6277
2273,64.6262
2273.1,64.6248
2273.2,64.6233
2273.3,64.6219
2273.4,64.6204
2273.5,64.619
2273.6,64.6175
2273.7,64.616
2273.8,64.6146
2273.9,64.6131
2274,64.6117
2274.1,64.6102
2274.2,64.6088
2274.3,64.6073
2274.4,64.6059
2274.5,64.6044
2274.6,64.6029
2274.7,64.6015
2274.8,64.6
2274.9,64.5986
2275,64.5971
2275.1,64.5957
2275.2,64.5942
2275.3,64.5928
2275.4,64.5913
2275.5,64.5898
2275.6,64.5884
2275.7,64.5869
2275.8,64.5855
2275.9,64.584
2276,64.5826
2276.1,64.5811
2276.2,64.5797
2276.3,64.5782
2276.4,64.5768
2276.5,64.5753
2276.6,64.5739
2276.7,64.5724
2276.8,64.571
2276.9,64.5695
2277,64.5681
2277.1,64.5666
2277.2,64.5652
2277.3,64.5637
2277.4,64.5623
2277.5,64.5608
2277.6,64.5594
2277.7,64.558
2277.8,64.5566
2277.9,64.5553
2278,64.5539
2278.1,64.5527
2278.2,64.5515
2278.3,64.5503
2278.4,64.5492
2278.5,64.5481
2278.6,64.547
2278.7,64.5459
2278.8,64.5449
2278.9,64.5438
2279,64.5428
2279.1,64.5418
2279.2,64.5407
2279.3,64.5397
2279.4,64.5386
2279.5,64.5376
2279.6,64.5365
2279.7,64.5354
2279.8,64.5342
2279.9,64.5331
2280,64.5319
2280.1,64.5307
2280.2,64.5295
2280.3,64.5283
2280.4,64.527
2280.5,64.5257
2280.6,64.5244
2280.7,64.5231
2280.8,64.5218
2280.9,64.5204
2281,64.5191
2281.1,64.5177
2281.2,64.5163
2281.3,64.5149
2281.4,64.5135
2281.5,64.5121
2281.6,64.5106
2281.7,64.5092
2281.8,64.5077
2281.9,64.5063
2282,64.5048
2282.1,64.5033
2282.2,64.5018
2282.3,64.5004
2282.4,64.4989
2282.5,64.4974
2282.6,64.4959
2282.7,64.4944
2282.8,64.4929
2282.9,64.4914
2283,64.4899
2283.1,64.4884
2283.2,64.4868
2283.3,64.4853
2283.4,64.4838
2283.5,64.4823
2283.6,64.4808
2283.7,64.4793
2283.8,64.4778
2283.9,64.4762
2284,64.4747
2284.1,64.4732
2284.2,64.4717
2284.3,64.4702
2284.4,64.4686
2284.5,64.4671
2284.6,64.4656
2284.7,64.4641
2284.8,64.4625
2284.9,64.461
2285,64.4595
2285.1,64.458
2285.2,64.4565
2285.3,64.4549
2285.4,64.4534
2285.5,64.4519
2285.6,64.4504
2285.7,64.4488
2285.8,64.4473
2285.9,64.4458
2286,64.4443
2286.1,64.4427
2286.2,64.4412
2286.3,64.4397
2286.4,64.4382
2286.5,64.4366
2286.6,64.4351
2286.7,64.4336
2286.8,64.4321
2286.9,64.4306
2287,64.429
2287.1,64.4275
2287.2,64.426
2287.3,64.4245
2287.4,64.4229
2287.5,64.4214
2287.6,64.4199
2287.7,64.4184
2287.8,64.4168
2287.9,64.4153
2288,64.4138
2288.1,64.4123
2288.2,64.4107
2288.3,64.4092
2288.4,64.4077
2288.5,64.4062
2288.6,64.4046
2288.7,64.4031
2288.8,64.4016
2288.9,64.4001
2289,64.3986
2289.1,64.397
2289.2,64.3955
2289.3,64.394
2289.4,64.3925
2289.5,64.3909
2289.6,64.3894
2289.7,64.3879
2289.8,64.3864
2289.9,64.3848
2290,64.3833
2290.1,64.3818
2290.2,64.3803
2290.3,64.3787
2290.4,64.3772
2290.5,64.3757
2290.6,64.3742
2290.7,64.3727
2290.8,64.3711
2290.9,64.3696
2291,64.3681
2291.1,64.3666
2291.2,64.365
2291.3,64.3635
2291.4,64.362
2291.5,64.3605
2291.6,64.3589
2291.7,64.3574
2291.8,64.3559
2291.9,64.3544
2292,64.3528
2292.1,64.3513
2292.2,64.3498
2292.3,64.3483
2292.4,64.3468
2292.5,64.3452
2292.6,64.3437
2292.7,64.3422
2292.8,64.3407
2292.9,64.3391
2293,64.3376
2293.1,64.3361
2293.2,64.3346
2293.3,64.333
2293.4,64.3315
2293.5,64.33
2293.6,64.3285
2293.7,64.3269
2293.8,64.3254
2293.9,64.3239
2294,64.3224
2294.1,64.3208
2294.2,64.3193
2294.3,64.3178
2294.4,64.3163
2294.5,64.3148
2294.6,64.3132
2294.7,64.3117
2294.8,64.3102
2294.9,64.3087
2295,64.3071
2295.1,64.3056
2295.2,64.3041
2295.3,64.3026
2295.4,64.301
2295.5,64.2995
2295.6,64.298
2295.7,64.2965
2295.8,64.2949
2295.9,64.2934
2296,64.2919
2296.1,64.2904
2296.2,64.2888
2296.3,64.2873
2296.4,64.2858
2296.5,64.2843
2296.6,64.2828
2296.7,64.2812
2296.8,64.2797
2296.9,64.2782
2297,64.2767
2297.1,64.2751
2297.2,64.2736
2297.3,64.2721
2297.4,64.2706
2297.5,64.269
2297.6,64.2675
2297.7,64.266
2297.8,64.2645
2297.9,64.263
2298,64.2614
2298.1,64.2599
2298.2,64.2584
2298.3,64.2569
2298.4,64.2553
2298.5,64.2538
2298.6,64.2523
2298.7,64.2508
2298.8,64.2492
2298.9,64.2477
2299,64.2462
2299.1,64.2447
2299.2,64.2432
2299.3,64.2416
2299.4,64.2401
2299.5,64.2386
2299.6,64.2371
2299.7,64.2355
2299.8,64.234
2299.9,64.2325
2300,64.231
2300.1,64.2294
2300.2,64.2279
2300.3,64.2264
2300.4,64.2249
2300.5,64.2233
2300.6,64.2218
2300.7,64.2203
2300.8,64.2188
2300.9,64.2173
2301,64.2157
2301.1,64.2142
2301.2,64.2127
2301.3,64.2112
2301.4,64.2096
2301.5,64.2081
2301.6,64.2066
2301.7,64.2051
2301.8,64.2035
2301.9,64.202
2302,64.2005
2302.1,64.199
2302.2,64.1974
2302.3,64.1959
2302.4,64.1944
2302.5,64.1929
2302.6,64.1914
2302.7,64.1898
2302.8,64.1883
2302.9,64.1868
2303,64.1853
2303.1,64.1837
2303.2,64.1822
2303.3,64.1807
2303.4,64.1792
2303.5,64.1776
2303.6,64.1761
2303.7,64.1746
2303.8,64.1731
2303.9,64.1716
2304,64.17
2304.1,64.1685
2304.2,64.167
2304.3,64.1655
2304.4,64.1639
2304.5,64.1624
2304.6,64.1609
2304.7,64.1594
2304.8,64.1579
2304.9,64.1563
2305,64.1548
2305.1,64.1533
2305.2,64.1518
2305.3,64.1502
2305.4,64.1487
2305.5,64.1472
2305.6,64.1457
2305.7,64.1441
2305.8,64.1426
2305.9,64.1411
2306,64.1396
2306.1,64.1381
2306.2,64.1365
2306.3,64.135
2306.4,64.1335
2306.5,64.132
2306.6,64.1304
2306.7,64.1289
2306.8,64.1274
2306.9,64.1259
2307,64.1243
2307.1,64.1228
2307.2,64.1213
2307.3,64.1198
2307.4,64.1183
2307.5,64.1167
2307.6,64.1152
2307.7,64.1137
2307.8,64.1122
2307.9,64.1106
2308,64.1091
2308.1,64.1076
2308.2,64.1061
2308.3,64.1045
2308.4,64.103
2308.5,64.1015
2308.6,64.1
2308.7,64.0985
2308.8,64.0969
2308.9,64.0954
2309,64.0939
2309.1,64.0924
2309.2,64.0908
2309.3,64.0893
2309.4,64.0878
2309.5,64.0863
2309.6,64.0847
2309.7,64.0832
2309.8,64.0817
2309.9,64.0802
2310,64.0787
2310.1,64.0771
2310.2,64.0756
2310.3,64.0741
2310.4,64.0726
2310.5,64.071
2310.6,64.0695
2310.7,64.068
2310.8,64.0665
2310.9,64.0649
2311,64.0634
2311.1,64.0619
2311.2,64.0604
2311.3,64.0589
2311.4,64.0573
2311.5,64.0558
2311.6,64.0543
2311.7,64.0528
2311.8,64.0512
2311.9,64.0497
2312,64.0482
2312.1,64.0467
2312.2,64.0452
2312.3,64.0436
2312.4,64.0421
2312.5,64.0406
2312.6,64.0391
2312.7,64.0375
2312.8,64.036
2312.9,64.0345
2313,64.033
2313.1,64.0314
2313.2,64.0299
2313.3,64.0284
2313.4,64.0269
2313.5,64.0254
2313.6,64.0238
2313.7,64.0223
2313.8,64.0208
2313.9,64.0193
2314,64.0177
2314.1,64.0162
2314.2,64.0147
2314.3,64.0132
2314.4,64.0116
2314.5,64.0101
2314.6,64.0086
2314.7,64.0071
2314.8,64.0056
2314.9,64.004
2315,64.0025
2315.1,64.001
2315.2,63.9995
2315.3,63.9979
2315.4,63.9964
2315.5,63.9949
2315.6,63.9934
2315.7,63.9919
2315.8,63.9903
2315.9,63.9888
2316,63.9873
2316.1,63.9858
2316.2,63.9842
2316.3,63.9827
2316.4,63.9812
2316.5,63.9797
2316.6,63.9782
2316.7,63.9766
2316.8,63.9751
2316.9,63.9736
2317,63.9721
2317.1,63.9705
2317.2,63.969
2317.3,63.9675
2317.4,63.966
2317.5,63.9645
2317.6,63.9629
2317.7,63.9614
2317.8,63.9599
2317.9,63.9584
2318,63.9568
2318.1,63.9553
2318.2,63.9538
2318.3,63.9523
2318.4,63.9507
2318.5,63.9492
2318.6,63.9477
2318.7,63.9462
2318.8,63.9447
2318.9,63.9431
2319,63.9416
2319.1,63.9401
2319.2,63.9386
2319.3,63.937
2319.4,63.9355
2319.5,63.934
2319.6,63.9325
2319.7,63.931
2319.8,63.9294
2319.9,63.9279
2320,63.9264
2320.1,63.9249
2320.2,63.9233
2320.3,63.9218
2320.4,63.9203
2320.5,63.9188
2320.6,63.9172
2320.7,63.9157
2320.8,63.9142
2320.9,63.9127
2321,63.9112
2321.1,63.9096
2321.2,63.9081
2321.3,63.9066
2321.4,63.9051
2321.5,63.9035
2321.6,63.902
2321.7,63.9005
2321.8,63.899
2321.9,63.8974
2322,63.8959
2322.1,63.8944
2322.2,63.8929
2322.3,63.8914
2322.4,63.8898
2322.5,63.8883
2322.6,63.8868
2322.7,63.8853
2322.8,63.8837
2322.9,63.8822
2323,63.8807
2323.1,63.8792
2323.2,63.8777
2323.3,63.8761
2323.4,63.8746
2323.5,63.8731
2323.6,63.8716
2323.7,63.87
2323.8,63.8685
2323.9,63.867
2324,63.8655
2324.1,63.864
2324.2,63.8624
2324.3,63.8609
2324.4,63.8594
2324.5,63.8579
2324.6,63.8563
2324.7,63.8548
2324.8,63.8533
2324.9,63.8518
2325,63.8503
2325.1,63.8487
2325.2,63.8472
2325.3,63.8457
2325.4,63.8442
2325.5,63.8426
2325.6,63.8411
2325.7,63.8396
2325.8,63.8381
2325.9,63.8366
2326,63.835
2326.1,63.8335
2326.2,63.832
2326.3,63.8305
2326.4,63.8289
2326.5,63.8274
2326.6,63.8259
2326.7,63.8244
2326.8,63.8229
2326.9,63.8213
2327,63.8198
2327.1,63.8183
2327.2,63.8168
2327.3,63.8152
2327.4,63.8137
2327.5,63.8122
2327.6,63.8107
2327.7,63.8092
2327.8,63.8076
2327.9,63.8061
2328,63.8046
2328.1,63.8031
2328.2,63.8016
2328.3,63.8
2328.4,63.7985
2328.5,63.797
2328.6,63.7955
2328.7,63.7939
2328.8,63.7924
2328.9,63.7909
2329,63.7894
2329.1,63.7879
2329.2,63.7863
2329.3,63.7848
2329.4,63.7833
2329.5,63.7818
2329.6,63.7802
2329.7,63.7787
2329.8,63.7772
2329.9,63.7757
2330,63.7741
2330.1,63.7726
2330.2,63.7711
2330.3,63.7696
2330.4,63.7681
2330.5,63.7665
2330.6,63.765
2330.7,63.7635
2330.8,63.762
2330.9,63.7604
2331,63.7589
2331.1,63.7574
2331.2,63.7559
2331.3,63.7544
2331.4,63.7528
2331.5,63.7513
2331.6,63.7498
2331.7,63.7483
2331.8,63.7467
2331.9,63.7452
2332,63.7437
2332.1,63.7422
2332.2,63.7407
2332.3,63.7391
2332.4,63.7376
2332.5,63.7361
2332.6,63.7346
2332.7,63.733
2332.8,63.7315
2332.9,63.73
2333,63.7285
2333.1,63.7269
2333.2,63.7254
2333.3,63.7239
2333.4,63.7224
2333.5,63.7209
2333.6,63.7193
2333.7,63.7178
2333.8,63.7163
2333.9,63.7148
2334,63.7132
2334.1,63.7117
2334.2,63.7102
2334.3,63.7087
2334.4,63.7072
2334.5,63.7056
2334.6,63.7041
2334.7,63.7026
2334.8,63.7011
2334.9,63.6995
2335,63.698
2335.1,63.6965
2335.2,63.695
2335.3,63.6935
2335.4,63.6919
2335.5,63.6904
2335.6,63.6889
2335.7,63.6874
2335.8,63.6858
2335.9,63.6843
2336,63.6828
2336.1,63.6813
2336.2,63.6798
2336.3,63.6782
2336.4,63.6767
2336.5,63.6752
2336.6,63.6737
2336.7,63.6722
2336.8,63.6706
2336.9,63.6691
2337,63.6676
2337.1,63.6661
2337.2,63.6645
2337.3,63.663
2337.4,63.6615
2337.5,63.66
2337.6,63.6585
2337.7,63.6569
2337.8,63.6554
2337.9,63.6539
2338,63.6524
2338.1,63.6508
2338.2,63.6493
2338.3,63.6478
2338.4,63.6463
2338.5,63.6448
2338.6,63.6432
2338.7,63.6417
2338.8,63.6402
2338.9,63.6387
2339,63.6371
2339.1,63.6356
2339.2,63.6341
2339.3,63.6326
2339.4,63.6311
2339.5,63.6295
2339.6,63.628
2339.7,63.6265
2339.8,63.625
2339.9,63.6234
2340,63.6219
2340.1,63.6204
2340.2,63.6189
2340.3,63.6174
2340.4,63.6158
2340.5,63.6143
2340.6,63.6128
2340.7,63.6113
2340.8,63.6097
2340.9,63.6082
2341,63.6067
2341.1,63.6052
2341.2,63.6036
2341.3,63.6021
2341.4,63.6006
2341.5,63.5991
2341.6,63.5976
2341.7,63.596
2341.8,63.5945
2341.9,63.593
2342,63.5915
2342.1,63.5899
2342.2,63.5884
2342.3,63.5869
2342.4,63.5854
2342.5,63.5839
2342.6,63.5823
2342.7,63.5808
2342.8,63.5793
2342.9,63.5778
2343,63.5762
2343.1,63.5747
2343.2,63.5732
2343.3,63.5717
2343.4,63.5701
2343.5,63.5686
2343.6,63.5671
2343.7,63.5656
2343.8,63.5641
2343.9,63.5625
2344,63.561
2344.1,63.5595
2344.2,63.558
2344.3,63.5564
2344.4,63.5549
2344.5,63.5534
2344.6,63.5519
2344.7,63.5504
2344.8,63.5488
2344.9,63.5473
2345,63.5458
2345.1,63.5443
2345.2,63.5427
2345.3,63.5412
2345.4,63.5397
2345.5,63.5382
2345.6,63.5367
2345.7,63.5351
2345.8,63.5336
2345.9,63.5321
2346,63.5306
2346.1,63.529
2346.2,63.5275
2346.3,63.526
2346.4,63.5245
2346.5,63.523
2346.6,63.5214
2346.7,63.5199
2346.8,63.5184
2346.9,63.5169
2347,63.5153
2347.1,63.5138
2347.2,63.5123
2347.3,63.5108
2347.4,63.5093
2347.5,63.5077
2347.6,63.5062
2347.7,63.5047
2347.8,63.5032
2347.9,63.5016
2348,63.5001
2348.1,63.4986
2348.2,63.4971
2348.3,63.4956
2348.4,63.494
2348.5,63.4925
2348.6,63.491
2348.7,63.4895
2348.8,63.4879
2348.9,63.4864
2349,63.4849
2349.1,63.4834
2349.2,63.4819
2349.3,63.4803
2349.4,63.4788
2349.5,63.4773
2349.6,63.4758
2349.7,63.4742
2349.8,63.4727
2349.9,63.4712
2350,63.4697
2350.1,63.4682
2350.2,63.4666
2350.3,63.4651
2350.4,63.4636
2350.5,63.4621
2350.6,63.4605
2350.7,63.459
2350.8,63.4575
2350.9,63.456
2351,63.4545
2351.1,63.4529
2351.2,63.4514
2351.3,63.4499
2351.4,63.4484
2351.5,63.4468
2351.6,63.4453
2351.7,63.4438
2351.8,63.4423
2351.9,63.4408
2352,63.4392
2352.1,63.4377
2352.2,63.4362
2352.3,63.4347
2352.4,63.4331
2352.5,63.4316
2352.6,63.4301
2352.7,63.4286
2352.8,63.4271
2352.9,63.4255
2353,63.424
2353.1,63.4225
2353.2,63.421
2353.3,63.4194
2353.4,63.4179
2353.5,63.4164
2353.6,63.4149
2353.7,63.4134
2353.8,63.4118
2353.9,63.4103
2354,63.4088
2354.1,63.4073
2354.2,63.4057
2354.3,63.4042
2354.4,63.4027
2354.5,63.4012
2354.6,63.3997
2354.7,63.3981
2354.8,63.3966
2354.9,63.3951
2355,63.3936
2355.1,63.392
2355.2,63.3905
2355.3,63.389
2355.4,63.3875
2355.5,63.386
2355.6,63.3844
2355.7,63.3829
2355.8,63.3814
2355.9,63.3799
2356,63.3783
2356.1,63.3768
2356.2,63.3753
2356.3,63.3738
2356.4,63.3723
2356.5,63.3707
2356.6,63.3692
2356.7,63.3677
2356.8,63.3662
2356.9,63.3646
2357,63.3631
2357.1,63.3616
2357.2,63.3601
2357.3,63.3586
2357.4,63.357
2357.5,63.3555
2357.6,63.354
2357.7,63.3525
2357.8,63.3509
2357.9,63.3494
2358,63.3479
2358.1,63.3464
2358.2,63.3449
2358.3,63.3433
2358.4,63.3418
2358.5,63.3403
2358.6,63.3388
2358.7,63.3372
2358.8,63.3357
2358.9,63.3342
2359,63.3327
2359.1,63.3312
2359.2,63.3296
2359.3,63.3281
2359.4,63.3266
2359.5,63.3251
2359.6,63.3235
2359.7,63.322
2359.8,63.3205
2359.9,63.319
2360,63.3174
2360.1,63.3159
2360.2,63.3144
2360.3,63.3129
2360.4,63.3114
2360.5,63.3098
2360.6,63.3083
2360.7,63.3068
2360.8,63.3053
2360.9,63.3037
2361,63.3022
2361.1,63.3007
2361.2,63.2992
2361.3,63.2977
2361.4,63.2961
2361.5,63.2946
2361.6,63.2931
2361.7,63.2916
2361.8,63.29
2361.9,63.2885
2362,63.287
2362.1,63.2855
2362.2,63.284
2362.3,63.2824
2362.4,63.2809
2362.5,63.2794
2362.6,63.2779
2362.7,63.2763
2362.8,63.2748
2362.9,63.2733
2363,63.2718
2363.1,63.2703
2363.2,63.2687
2363.3,63.2672
2363.4,63.2657
2363.5,63.2642
2363.6,63.2626
2363.7,63.2611
2363.8,63.2596
2363.9,63.2581
2364,63.2566
2364.1,63.255
2364.2,63.2535
2364.3,63.252
2364.4,63.2505
2364.5,63.2489
2364.6,63.2474
2364.7,63.2459
2364.8,63.2444
2364.9,63.2428
2365,63.2413
2365.1,63.2398
2365.2,63.2383
2365.3,63.2368
2365.4,63.2352
2365.5,63.2337
2365.6,63.2322
2365.7,63.2307
2365.8,63.2291
2365.9,63.2276
2366,63.2261
2366.1,63.2246
2366.2,63.2231
2366.3,63.2215
2366.4,63.22
2366.5,63.2185
2366.6,63.217
2366.7,63.2154
2366.8,63.2139
2366.9,63.2124
2367,63.2109
2367.1,63.2094
2367.2,63.2078
2367.3,63.2063
2367.4,63.2048
2367.5,63.2033
2367.6,63.2017
2367.7,63.2002
2367.8,63.1987
2367.9,63.1972
2368,63.1957
2368.1,63.1941
2368.2,63.1926
2368.3,63.1911
2368.4,63.1896
2368.5,63.188
2368.6,63.1865
2368.7,63.185
2368.8,63.1835
2368.9,63.1819
2369,63.1804
2369.1,63.1789
2369.2,63.1774
2369.3,63.1759
2369.4,63.1743
2369.5,63.1728
2369.6,63.1713
2369.7,63.1698
2369.8,63.1682
2369.9,63.1667
2370,63.1652
2370.1,63.1637
2370.2,63.1622
2370.3,63.1606
2370.4,63.1591
2370.5,63.1576
2370.6,63.1561
2370.7,63.1545
2370.8,63.153
2370.9,63.1515
2371,63.15
2371.1,63.1484
2371.2,63.1469
2371.3,63.1454
2371.4,63.1439
2371.5,63.1424
2371.6,63.1408
2371.7,63.1393
2371.8,63.1378
2371.9,63.1363
2372,63.1347
2372.1,63.1332
2372.2,63.1317
2372.3,63.1302
2372.4,63.1287
2372.5,63.1271
2372.6,63.1256
2372.7,63.1241
2372.8,63.1226
2372.9,63.121
2373,63.1195
2373.1,63.118
2373.2,63.1165
2373.3,63.115
2373.4,63.1134
2373.5,63.1119
2373.6,63.1104
2373.7,63.1089
2373.8,63.1073
2373.9,63.1058
2374,63.1043
2374.1,63.1028
2374.2,63.1013
2374.3,63.0997
2374.4,63.0982
2374.5,63.0967
2374.6,63.0952
2374.7,63.0936
2374.8,63.0921
2374.9,63.0906
2375,63.0891
2375.1,63.0876
2375.2,63.086
2375.3,63.0845
2375.4,63.083
2375.5,63.0815
2375.6,63.0799
2375.7,63.0784
2375.8,63.0769
2375.9,63.0754
2376,63.0739
2376.1,63.0723
2376.2,63.0708
2376.3,63.0693
2376.4,63.0678
2376.5,63.0662
2376.6,63.0647
2376.7,63.0632
2376.8,63.0617
2376.9,63.0602
2377,63.0586
2377.1,63.0571
2377.2,63.0556
2377.3,63.0541
2377.4,63.0525
2377.5,63.051
2377.6,63.0495
2377.7,63.048
2377.8,63.0464
2377.9,63.0449
2378,63.0434
2378.1,63.0419
2378.2,63.0404
2378.3,63.0388
2378.4,63.0373
2378.5,63.0358
2378.6,63.0343
2378.7,63.0327
2378.8,63.0312
2378.9,63.0297
2379,63.0282
2379.1,63.0267
2379.2,63.0251
2379.3,63.0236
2379.4,63.0221
2379.5,63.0206
2379.6,63.019
2379.7,63.0175
2379.8,63.016
2379.9,63.0145
2380,63.013
2380.1,63.0114
2380.2,63.0099
2380.3,63.0084
2380.4,63.0069
2380.5,63.0053
2380.6,63.0038
2380.7,63.0023
2380.8,63.0008
2380.9,62.9993
2381,62.9977
2381.1,62.9962
2381.2,62.9947
2381.3,62.9932
2381.4,62.9916
2381.5,62.9901
2381.6,62.9886
2381.7,62.9871
2381.8,62.9856
2381.9,62.984
2382,62.9825
2382.1,62.981
2382.2,62.9795
2382.3,62.9779
2382.4,62.9764
2382.5,62.9749
2382.6,62.9734
2382.7,62.9719
2382.8,62.9703
2382.9,62.9688
2383,62.9673
2383.1,62.9658
2383.2,62.9642
2383.3,62.9627
2383.4,62.9612
2383.5,62.9597
2383.6,62.9581
2383.7,62.9566
2383.8,62.9551
2383.9,62.9536
2384,62.9521
2384.1,62.9505
2384.2,62.949
2384.3,62.9475
2384.4,62.946
2384.5,62.9444
2384.6,62.9429
2384.7,62.9414
2384.8,62.9399
2384.9,62.9384
2385,62.9368
2385.1,62.9353
2385.2,62.9338
2385.3,62.9323
2385.4,62.9307
2385.5,62.9292
2385.6,62.9277
2385.7,62.9262
2385.8,62.9247
2385.9,62.9231
2386,62.9216
2386.1,62.9201
2386.2,62.9186
2386.3,62.917
2386.4,62.9155
2386.5,62.914
2386.6,62.9125
2386.7,62.911
2386.8,62.9094
2386.9,62.9079
2387,62.9064
2387.1,62.9049
2387.2,62.9033
2387.3,62.9018
2387.4,62.9003
2387.5,62.8988
2387.6,62.8972
2387.7,62.8957
2387.8,62.8942
2387.9,62.8927
2388,62.8912
2388.1,62.8896
2388.2,62.8881
2388.3,62.8866
2388.4,62.8851
2388.5,62.8835
2388.6,62.882
2388.7,62.8805
2388.8,62.879
2388.9,62.8775
2389,62.8759
2389.1,62.8744
2389.2,62.8729
2389.3,62.8714
2389.4,62.8698
2389.5,62.8683
2389.6,62.8668
2389.7,62.8653
2389.8,62.8637
2389.9,62.8622
2390,62.8607
2390.1,62.8592
2390.2,62.8577
2390.3,62.8561
2390.4,62.8546
2390.5,62.8531
2390.6,62.8516
2390.7,62.85
2390.8,62.8485
2390.9,62.847
2391,62.8455
2391.1,62.844
2391.2,62.8424
2391.3,62.8409
2391.4,62.8394
2391.5,62.8379
2391.6,62.8363
2391.7,62.8348
2391.8,62.8333
2391.9,62.8318
2392,62.8303
2392.1,62.8287
2392.2,62.8272
2392.3,62.8257
2392.4,62.8242
2392.5,62.8226
2392.6,62.8211
2392.7,62.8196
2392.8,62.8181
2392.9,62.8166
2393,62.815
2393.1,62.8135
2393.2,62.812
2393.3,62.8105
2393.4,62.8089
2393.5,62.8074
2393.6,62.8059
2393.7,62.8044
2393.8,62.8029
2393.9,62.8013
2394,62.7998
2394.1,62.7983
2394.2,62.7968
2394.3,62.7952
2394.4,62.7937
2394.5,62.7922
2394.6,62.7907
2394.7,62.7892
2394.8,62.7876
2394.9,62.7861
2395,62.7846
2395.1,62.7831
2395.2,62.7815
2395.3,62.78
2395.4,62.7785
2395.5,62.777
2395.6,62.7755
2395.7,62.7739
2395.8,62.7724
2395.9,62.7709
2396,62.7694
2396.1,62.7678
2396.2,62.7663
2396.3,62.7648
2396.4,62.7633
2396.5,62.7618
2396.6,62.7602
2396.7,62.7587
2396.8,62.7572
2396.9,62.7557
2397,62.7541
2397.1,62.7526
2397.2,62.7511
2397.3,62.7496
2397.4,62.748
2397.5,62.7465
2397.6,62.745
2397.7,62.7435
2397.8,62.742
2397.9,62.7404
2398,62.7389
2398.1,62.7374
2398.2,62.7359
2398.3,62.7343
2398.4,62.7328
2398.5,62.7313
2398.6,62.7298
2398.7,62.7283
2398.8,62.7267
2398.9,62.7252
2399,62.7237
2399.1,62.7222
2399.2,62.7206
2399.3,62.7191
2399.4,62.7176
2399.5,62.7161
2399.6,62.7146
2399.7,62.713
2399.8,62.7115
2399.9,62.71
2400,62.7085
2400.1,62.7069
2400.2,62.7054
2400.3,62.7039
2400.4,62.7024
2400.5,62.7009
2400.6,62.6993
2400.7,62.6978
2400.8,62.6963
2400.9,62.6948
2401,62.6932
2401.1,62.6917
2401.2,62.6902
2401.3,62.6887
2401.4,62.6872
2401.5,62.6856
2401.6,62.6841
2401.7,62.6826
2401.8,62.6811
2401.9,62.6795
2402,62.678
2402.1,62.6765
2402.2,62.675
2402.3,62.6735
2402.4,62.6719
2402.5,62.6704
2402.6,62.6689
2402.7,62.6674
2402.8,62.6658
2402.9,62.6643
2403,62.6628
2403.1,62.6613
2403.2,62.6598
2403.3,62.6582
2403.4,62.6567
2403.5,62.6552
2403.6,62.6537
2403.7,62.6521
2403.8,62.6506
2403.9,62.6491
2404,62.6476
2404.1,62.6461
2404.2,62.6445
2404.3,62.643
2404.4,62.6415
2404.5,62.64
2404.6,62.6384
2404.7,62.6369
2404.8,62.6354
2404.9,62.6339
2405,62.6324
2405.1,62.6308
2405.2,62.6293
2405.3,62.6278
2405.4,62.6263
2405.5,62.6247
2405.6,62.6232
2405.7,62.6217
2405.8,62.6202
2405.9,62.6187
2406,62.6171
2406.1,62.6156
2406.2,62.6141
2406.3,62.6126
2406.4,62.611
2406.5,62.6095
2406.6,62.608
2406.7,62.6065
2406.8,62.605
2406.9,62.6034
2407,62.6019
2407.1,62.6004
2407.2,62.5989
2407.3,62.5973
2407.4,62.5958
2407.5,62.5943
2407.6,62.5928
2407.7,62.5913
2407.8,62.5897
2407.9,62.5882
2408,62.5867
2408.1,62.5852
2408.2,62.5837
2408.3,62.5821
2408.4,62.5806
2408.5,62.5791
2408.6,62.5776
2408.7,62.576
2408.8,62.5745
2408.9,62.573
2409,62.5715
2409.1,62.57
2409.2,62.5684
2409.3,62.5669
2409.4,62.5654
2409.5,62.5639
2409.6,62.5623
2409.7,62.5608
2409.8,62.5593
2409.9,62.5578
2410,62.5563
2410.1,62.5548
2410.2,62.5532
2410.3,62.5517
2410.4,62.5502
2410.5,62.5487
2410.6,62.5472
2410.7,62.5457
2410.8,62.5442
2410.9,62.5427
2411,62.5411
2411.1,62.5396
2411.2,62.5381
2411.3,62.5366
2411.4,62.5351
2411.5,62.5336
2411.6,62.5321
2411.7,62.5306
2411.8,62.5291
2411.9,62.5276
2412,62.5261
2412.1,62.5246
2412.2,62.5231
2412.3,62.5216
2412.4,62.5201
2412.5,62.5186
2412.6,62.5171
2412.7,62.5156
2412.8,62.5141
2412.9,62.5126
2413,62.5111
2413.1,62.5096
2413.2,62.5081
2413.3,62.5066
2413.4,62.5051
2413.5,62.5036
2413.6,62.5021
2413.7,62.5007
2413.8,62.4992
2413.9,62.4977
2414,62.4962
2414.1,62.4947
2414.2,62.4932
2414.3,62.4918
2414.4,62.4903
2414.5,62.4888
2414.6,62.4873
2414.7,62.4858
2414.8,62.4844
2414.9,62.4829
2415,62.4814
2415.1,62.4799
2415.2,62.4784
2415.3,62.477
2415.4,62.4755
2415.5,62.474
2415.6,62.4725
2415.7,62.4711
2415.8,62.4696
2415.9,62.4681
2416,62.4666
2416.1,62.4652
2416.2,62.4637
2416.3,62.4622
2416.4,62.4607
2416.5,62.4593
2416.6,62.4578
2416.7,62.4563
2416.8,62.4549
2416.9,62.4534
2417,62.4519
2417.1,62.4505
2417.2,62.449
2417.3,62.4475
2417.4,62.446
2417.5,62.4446
2417.6,62.4431
2417.7,62.4416
2417.8,62.4402
2417.9,62.4387
2418,62.4372
2418.1,62.4358
2418.2,62.4343
2418.3,62.4328
2418.4,62.4314
2418.5,62.4299
2418.6,62.4284
2418.7,62.427
2418.8,62.4255
2418.9,62.424
2419,62.4226
2419.1,62.4211
2419.2,62.4197
2419.3,62.4182
2419.4,62.4167
2419.5,62.4153
2419.6,62.4138
2419.7,62.4124
2419.8,62.4109
2419.9,62.4095
2420,62.408
2420.1,62.4066
2420.2,62.4051
2420.3,62.4037
2420.4,62.4022
2420.5,62.4008
2420.6,62.3993
2420.7,62.3979
2420.8,62.3964
2420.9,62.395
2421,62.3935
2421.1,62.3921
2421.2,62.3906
2421.3,62.3892
2421.4,62.3878
2421.5,62.3863
2421.6,62.3849
2421.7,62.3834
2421.8,62.382
2421.9,62.3805
2422,62.3791
2422.1,62.3776
2422.2,62.3762
2422.3,62.3747
2422.4,62.3733
2422.5,62.3718
2422.6,62.3704
2422.7,62.3689
2422.8,62.3675
2422.9,62.366
2423,62.3646
2423.1,62.3631
2423.2,62.3617
2423.3,62.3602
2423.4,62.3588
2423.5,62.3573
2423.6,62.3559
2423.7,62.3544
2423.8,62.353
2423.9,62.3515
2424,62.3501
2424.1,62.3486
2424.2,62.3471
2424.3,62.3457
2424.4,62.3442
2424.5,62.3428
2424.6,62.3413
2424.7,62.3398
2424.8,62.3384
2424.9,62.3369
2425,62.3355
2425.1,62.334
2425.2,62.3325
2425.3,62.3311
2425.4,62.3296
2425.5,62.3282
2425.6,62.3267
2425.7,62.3252
2425.8,62.3238
2425.9,62.3223
2426,62.3208
2426.1,62.3194
2426.2,62.3179
2426.3,62.3164
2426.4,62.315
2426.5,62.3135
2426.6,62.312
2426.7,62.3105
2426.8,62.3091
2426.9,62.3076
2427,62.3061
2427.1,62.3047
2427.2,62.3032
2427.3,62.3017
2427.4,62.3003
2427.5,62.2988
2427.6,62.2973
2427.7,62.2958
2427.8,62.2944
2427.9,62.2929
2428,62.2914
2428.1,62.29
2428.2,62.2885
2428.3,62.287
2428.4,62.2856
2428.5,62.2841
2428.6,62.2826
2428.7,62.2811
2428.8,62.2797
2428.9,62.2782
2429,62.2767
2429.1,62.2753
2429.2,62.2738
2429.3,62.2723
2429.4,62.2708
2429.5,62.2694
2429.6,62.2679
2429.7,62.2664
2429.8,62.265
2429.9,62.2635
2430,62.262
2430.1,62.2605
2430.2,62.2591
2430.3,62.2576
2430.4,62.2561
2430.5,62.2546
2430.6,62.2532
2430.7,62.2517
2430.8,62.2502
2430.9,62.2487
2431,62.2473
2431.1,62.2458
2431.2,62.2443
2431.3,62.2428
2431.4,62.2414
2431.5,62.2399
2431.6,62.2384
2431.7,62.2369
2431.8,62.2355
2431.9,62.234
2432,62.2325
2432.1,62.231
2432.2,62.2295
2432.3,62.2281
2432.4,62.2266
2432.5,62.2251
2432.6,62.2236
2432.7,62.2221
2432.8,62.2207
2432.9,62.2192
2433,62.2177
2433.1,62.2162
2433.2,62.2147
2433.3,62.2133
2433.4,62.2118
2433.5,62.2103
2433.6,62.2088
2433.7,62.2073
2433.8,62.2058
2433.9,62.2044
2434,62.2029
2434.1,62.2014
2434.2,62.1999
2434.3,62.1984
2434.4,62.1969
2434.5,62.1955
2434.6,62.194
2434.7,62.1925
2434.8,62.191
2434.9,62.1895
2435,62.188
2435.1,62.1866
2435.2,62.1851
2435.3,62.1836
2435.4,62.1821
2435.5,62.1806
2435.6,62.1791
2435.7,62.1777
2435.8,62.1762
2435.9,62.1747
2436,62.1732
2436.1,62.1717
2436.2,62.1702
2436.3,62.1688
2436.4,62.1673
2436.5,62.1658
2436.6,62.1643
2436.7,62.1628
2436.8,62.1614
2436.9,62.1599
2437,62.1584
2437.1,62.1569
2437.2,62.1554
2437.3,62.1539
2437.4,62.1525
2437.5,62.151
2437.6,62.1495
2437.7,62.148
2437.8,62.1465
2437.9,62.1451
2438,62.1436
2438.1,62.1421
2438.2,62.1406
2438.3,62.1391
2438.4,62.1377
2438.5,62.1362
2438.6,62.1347
2438.7,62.1332
2438.8,62.1317
2438.9,62.1303
2439,62.1288
2439.1,62.1273
2439.2,62.1258
2439.3,62.1243
2439.4,62.1229
2439.5,62.1214
2439.6,62.1199
2439.7,62.1184
2439.8,62.1169
2439.9,62.1155
2440,62.114
2440.1,62.1125
2440.2,62.111
2440.3,62.1095
2440.4,62.1081
2440.5,62.1066
2440.6,62.1051
2440.7,62.1036
2440.8,62.1021
2440.9,62.1007
2441,62.0992
2441.1,62.0977
2441.2,62.0962
2441.3,62.0947
2441.4,62.0933
2441.5,62.0918
2441.6,62.0903
2441.7,62.0888
2441.8,62.0873
2441.9,62.0859
2442,62.0844
2442.1,62.0829
2442.2,62.0814
2442.3,62.0799
2442.4,62.0785
2442.5,62.077
2442.6,62.0755
2442.7,62.074
2442.8,62.0725
2442.9,62.0711
2443,62.0696
2443.1,62.0681
2443.2,62.0666
2443.3,62.0651
2443.4,62.0637
2443.5,62.0622
2443.6,62.0607
2443.7,62.0592
2443.8,62.0577
2443.9,62.0563
2444,62.0548
2444.1,62.0533
2444.2,62.0518
2444.3,62.0504
2444.4,62.0489
2444.5,62.0474
2444.6,62.0459
2444.7,62.0444
2444.8,62.043
2444.9,62.0415
2445,62.04
2445.1,62.0385
2445.2,62.037
2445.3,62.0356
2445.4,62.0341
2445.5,62.0326
2445.6,62.0311
2445.7,62.0296
2445.8,62.0282
2445.9,62.0267
2446,62.0252
2446.1,62.0237
2446.2,62.0222
2446.3,62.0208
2446.4,62.0193
2446.5,62.0178
2446.6,62.0163
2446.7,62.0148
2446.8,62.0134
2446.9,62.0119
2447,62.0104
2447.1,62.0089
2447.2,62.0075
2447.3,62.006
2447.4,62.0045
2447.5,62.003
2447.6,62.0015
2447.7,62.0001
2447.8,61.9986
2447.9,61.9971
2448,61.9956
2448.1,61.9941
2448.2,61.9927
2448.3,61.9912
2448.4,61.9897
2448.5,61.9882
2448.6,61.9868
2448.7,61.9853
2448.8,61.9838
2448.9,61.9823
2449,61.9808
2449.1,61.9794
2449.2,61.9779
2449.3,61.9764
2449.4,61.9749
2449.5,61.9735
2449.6,61.972
2449.7,61.9705
2449.8,61.969
2449.9,61.9676
2450,61.9661
2450.1,61.9646
2450.2,61.9631
2450.3,61.9617
2450.4,61.9602
2450.5,61.9587
2450.6,61.9573
2450.7,61.9558
2450.8,61.9543
2450.9,61.9528
2451,61.9514
2451.1,61.9499
2451.2,61.9484
2451.3,61.947
2451.4,61.9455
2451.5,61.944
2451.6,61.9426
2451.7,61.9411
2451.8,61.9396
2451.9,61.9382
2452,61.9367
2452.1,61.9352
2452.2,61.9338
2452.3,61.9323
2452.4,61.9308
2452.5,61.9294
2452.6,61.9279
2452.7,61.9265
2452.8,61.925
2452.9,61.9236
2453,61.9221
2453.1,61.9207
2453.2,61.9192
2453.3,61.9178
2453.4,61.9163
2453.5,61.9149
2453.6,61.9134
2453.7,61.912
2453.8,61.9105
2453.9,61.9091
2454,61.9077
2454.1,61.9062
2454.2,61.9048
2454.3,61.9033
2454.4,61.9019
2454.5,61.9005
2454.6,61.899
2454.7,61.8976
2454.8,61.8962
2454.9,61.8947
2455,61.8933
2455.1,61.8918
2455.2,61.8904
2455.3,61.8889
2455.4,61.8875
2455.5,61.8861
2455.6,61.8846
2455.7,61.8832
2455.8,61.8817
2455.9,61.8803
2456,61.8788
2456.1,61.8774
2456.2,61.8759
2456.3,61.8745
2456.4,61.873
2456.5,61.8716
2456.6,61.8701
2456.7,61.8686
2456.8,61.8672
2456.9,61.8657
2457,61.8643
2457.1,61.8628
2457.2,61.8613
2457.3,61.8599
2457.4,61.8584
2457.5,61.8569
2457.6,61.8555
2457.7,61.854
2457.8,61.8525
2457.9,61.8511
2458,61.8496
2458.1,61.8481
2458.2,61.8466
2458.3,61.8452
2458.4,61.8437
2458.5,61.8422
2458.6,61.8408
2458.7,61.8393
2458.8,61.8378
2458.9,61.8363
2459,61.8349
2459.1,61.8334
2459.2,61.8319
2459.3,61.8304
2459.4,61.8289
2459.5,61.8275
2459.6,61.826
2459.7,61.8245
2459.8,61.823
2459.9,61.8216
2460,61.8201
2460.1,61.8186
2460.2,61.8171
2460.3,61.8156
2460.4,61.8141
2460.5,61.8127
2460.6,61.8112
2460.7,61.8097
2460.8,61.8082
2460.9,61.8067
2461,61.8052
2461.1,61.8037
2461.2,61.8023
2461.3,61.8008
2461.4,61.7993
2461.5,61.7978
2461.6,61.7963
2461.7,61.7948
2461.8,61.7933
2461.9,61.7918
2462,61.7903
2462.1,61.7888
2462.2,61.7873
2462.3,61.7858
2462.4,61.7843
2462.5,61.7828
2462.6,61.7813
2462.7,61.7799
2462.8,61.7784
2462.9,61.7769
2463,61.7754
2463.1,61.7739
2463.2,61.7724
2463.3,61.7709
2463.4,61.7694
2463.5,61.7679
2463.6,61.7664
2463.7,61.7649
2463.8,61.7634
2463.9,61.7618
2464,61.7603
2464.1,61.7588
2464.2,61.7573
2464.3,61.7558
2464.4,61.7543
2464.5,61.7528
2464.6,61.7513
2464.7,61.7498
2464.8,61.7483
2464.9,61.7468
2465,61.7453
2465.1,61.7438
2465.2,61.7423
2465.3,61.7408
2465.4,61.7393
2465.5,61.7378
2465.6,61.7363
2465.7,61.7348
2465.8,61.7333
2465.9,61.7318
2466,61.7303
2466.1,61.7288
2466.2,61.7273
2466.3,61.7258
2466.4,61.7243
2466.5,61.7227
2466.6,61.7212
2466.7,61.7197
2466.8,61.7182
2466.9,61.7167
2467,61.7152
2467.1,61.7137
2467.2,61.7122
2467.3,61.7107
2467.4,61.7092
2467.5,61.7077
2467.6,61.7062
2467.7,61.7047
2467.8,61.7032
2467.9,61.7017
2468,61.7002
2468.1,61.6987
2468.2,61.6972
2468.3,61.6957
2468.4,61.6942
2468.5,61.6927
2468.6,61.6912
2468.7,61.6897
2468.8,61.6882
2468.9,61.6867
2469,61.6852
2469.1,61.6837
2469.2,61.6822
2469.3,61.6807
2469.4,61.6792
2469.5,61.6776
2469.6,61.6761
2469.7,61.6746
2469.8,61.6731
2469.9,61.6716
2470,61.6701
2470.1,61.6686
2470.2,61.6671
2470.3,61.6656
2470.4,61.6641
2470.5,61.6626
2470.6,61.6611
2470.7,61.6596
2470.8,61.6581
2470.9,61.6566
2471,61.6551
2471.1,61.6536
2471.2,61.6521
2471.3,61.6506
2471.4,61.6491
2471.5,61.6476
2471.6,61.6461
2471.7,61.6446
2471.8,61.6431
2471.9,61.6416
2472,61.6401
2472.1,61.6386
2472.2,61.6371
2472.3,61.6356
2472.4,61.6341
2472.5,61.6326
2472.6,61.6311
2472.7,61.6296
2472.8,61.6281
2472.9,61.6266
2473,61.6251
2473.1,61.6236
2473.2,61.6221
2473.3,61.6206
2473.4,61.6191
2473.5,61.6176
2473.6,61.6161
2473.7,61.6146
2473.8,61.6131
2473.9,61.6116
2474,61.6101
2474.1,61.6086
2474.2,61.6071
2474.3,61.6056
2474.4,61.6041
2474.5,61.6026
2474.6,61.6011
2474.7,61.5996
2474.8,61.5981
2474.9,61.5966
2475,61.5951
2475.1,61.5937
2475.2,61.5922
2475.3,61.5907
2475.4,61.5892
2475.5,61.5877
2475.6,61.5862
2475.7,61.5847
2475.8,61.5832
2475.9,61.5817
2476,61.5802
2476.1,61.5788
2476.2,61.5773
2476.3,61.5758
2476.4,61.5743
2476.5,61.5728
2476.6,61.5713
2476.7,61.5699
2476.8,61.5684
2476.9,61.5669
2477,61.5654
2477.1,61.5639
2477.2,61.5625
2477.3,61.561
2477.4,61.5595
2477.5,61.558
2477.6,61.5566
2477.7,61.5551
2477.8,61.5536
2477.9,61.5522
2478,61.5507
2478.1,61.5492
2478.2,61.5478
2478.3,61.5463
2478.4,61.5448
2478.5,61.5434
2478.6,61.5419
2478.7,61.5405
2478.8,61.539
2478.9,61.5375
2479,61.5361
2479.1,61.5346
2479.2,61.5331
2479.3,61.5317
2479.4,61.5302
2479.5,61.5288
2479.6,61.5273
2479.7,61.5259
2479.8,61.5244
2479.9,61.5229
2480,61.5215
2480.1,61.52
2480.2,61.5186
2480.3,61.5171
2480.4,61.5156
2480.5,61.5142
2480.6,61.5127
2480.7,61.5113
2480.8,61.5098
2480.9,61.5084
2481,61.5069
2481.1,61.5055
2481.2,61.504
2481.3,61.5026
2481.4,61.5011
2481.5,61.4997
2481.6,61.4982
2481.7,61.4968
2481.8,61.4953
2481.9,61.4939
2482,61.4924
2482.1,61.491
2482.2,61.4896
2482.3,61.4881
2482.4,61.4867
2482.5,61.4853
2482.6,61.4838
2482.7,61.4824
2482.8,61.4809
2482.9,61.4795
2483,61.4781
2483.1,61.4766
2483.2,61.4752
2483.3,61.4738
2483.4,61.4723
2483.5,61.4709
2483.6,61.4694
2483.7,61.468
2483.8,61.4666
2483.9,61.4651
2484,61.4637
2484.1,61.4622
2484.2,61.4608
2484.3,61.4593
2484.4,61.4579
2484.5,61.4564
2484.6,61.455
2484.7,61.4535
2484.8,61.4521
2484.9,61.4506
2485,61.4491
2485.1,61.4477
2485.2,61.4462
2485.3,61.4447
2485.4,61.4433
2485.5,61.4418
2485.6,61.4403
2485.7,61.4388
2485.8,61.4373
2485.9,61.4359
2486,61.4344
2486.1,61.4329
2486.2,61.4314
2486.3,61.4299
2486.4,61.4285
2486.5,61.427
2486.6,61.4255
2486.7,61.424
2486.8,61.4225
2486.9,61.421
2487,61.4195
2487.1,61.418
2487.2,61.4165
2487.3,61.415
2487.4,61.4135
2487.5,61.412
2487.6,61.4106
2487.7,61.4091
2487.8,61.4076
2487.9,61.4061
2488,61.4046
2488.1,61.4031
2488.2,61.4016
2488.3,61.4001
2488.4,61.3986
2488.5,61.3971
2488.6,61.3956
2488.7,61.3941
2488.8,61.3926
2488.9,61.3911
2489,61.3896
2489.1,61.3881
2489.2,61.3866
2489.3,61.385
2489.4,61.3835
2489.5,61.382
2489.6,61.3805
2489.7,61.379
2489.8,61.3775
2489.9,61.376
2490,61.3745
2490.1,61.373
2490.2,61.3715
2490.3,61.37
2490.4,61.3685
2490.5,61.367
2490.6,61.3655
2490.7,61.3639
2490.8,61.3624
2490.9,61.3609
2491,61.3594
2491.1,61.3579
2491.2,61.3564
2491.3,61.3549
2491.4,61.3534
2491.5,61.3519
2491.6,61.3504
2491.7,61.3488
2491.8,61.3473
2491.9,61.3458
2492,61.3443
2492.1,61.3428
2492.2,61.3413
2492.3,61.3398
2492.4,61.3383
2492.5,61.3368
2492.6,61.3352
2492.7,61.3337
2492.8,61.3322
2492.9,61.3307
2493,61.3292
2493.1,61.3277
2493.2,61.3262
2493.3,61.3246
2493.4,61.3231
2493.5,61.3216
2493.6,61.3201
2493.7,61.3186
2493.8,61.3171
2493.9,61.3156
2494,61.3141
2494.1,61.3125
2494.2,61.311
2494.3,61.3095
2494.4,61.308
2494.5,61.3065
2494.6,61.305
2494.7,61.3035
2494.8,61.302
2494.9,61.3004
2495,61.2989
2495.1,61.2974
2495.2,61.2959
2495.3,61.2944
2495.4,61.2929
2495.5,61.2914
2495.6,61.2899
2495.7,61.2883
2495.8,61.2868
2495.9,61.2853
2496,61.2838
2496.1,61.2823
2496.2,61.2808
2496.3,61.2793
2496.4,61.2778
2496.5,61.2763
2496.6,61.2748
2496.7,61.2732
2496.8,61.2717
2496.9,61.2702
2497,61.2687
2497.1,61.2672
2497.2,61.2657
2497.3,61.2642
2497.4,61.2627
2497.5,61.2612
2497.6,61.2597
2497.7,61.2582
2497.8,61.2567
2497.9,61.2551
2498,61.2536
2498.1,61.2521
2498.2,61.2506
2498.3,61.2491
2498.4,61.2476
2498.5,61.2461
2498.6,61.2446
2498.7,61.2431
2498.8,61.2416
2498.9,61.2401
2499,61.2386
2499.1,61.2371
2499.2,61.2356
2499.3,61.2341
2499.4,61.2326
2499.5,61.2311
2499.6,61.2296
2499.7,61.2281
2499.8,61.2266
2499.9,61.2251
2500,61.2236
2500.1,61.2221
2500.2,61.2206
2500.3,61.2191
2500.4,61.2176
2500.5,61.2161
2500.6,61.2146
2500.7,61.2132
2500.8,61.2117
2500.9,61.2102
2501,61.2087
2501.1,61.2072
2501.2,61.2057
2501.3,61.2042
2501.4,61.2027
2501.5,61.2012
2501.6,61.1997
2501.7,61.1982
2501.8,61.1967
2501.9,61.1953
2502,61.1938
2502.1,61.1923
2502.2,61.1908
2502.3,61.1893
2502.4,61.1878
2502.5,61.1863
2502.6,61.1848
2502.7,61.1834
2502.8,61.1819
2502.9,61.1804
2503,61.1789
2503.1,61.1774
2503.2,61.1759
2503.3,61.1744
2503.4,61.173
2503.5,61.1715
2503.6,61.17
2503.7,61.1685
2503.8,61.167
2503.9,61.1655
2504,61.164
2504.1,61.1626
2504.2,61.1611
2504.3,61.1596
2504.4,61.1581
2504.5,61.1566
2504.6,61.1551
2504.7,61.1537
2504.8,61.1522
2504.9,61.1507
2505,61.1492
2505.1,61.1477
2505.2,61.1463
2505.3,61.1448
2505.4,61.1433
2505.5,61.1418
2505.6,61.1403
2505.7,61.1389
2505.8,61.1374
2505.9,61.1359
2506,61.1344
2506.1,61.1329
2506.2,61.1315
2506.3,61.13
2506.4,61.1285
2506.5,61.127
2506.6,61.1255
2506.7,61.124
2506.8,61.1226
2506.9,61.1211
2507,61.1196
2507.1,61.1181
2507.2,61.1167
2507.3,61.1152
2507.4,61.1137
2507.5,61.1122
2507.6,61.1107
2507.7,61.1093
2507.8,61.1078
2507.9,61.1063
2508,61.1048
2508.1,61.1033
2508.2,61.1019
2508.3,61.1004
2508.4,61.0989
2508.5,61.0974
2508.6,61.096
2508.7,61.0945
2508.8,61.093
2508.9,61.0915
2509,61.0901
2509.1,61.0886
2509.2,61.0871
2509.3,61.0856
2509.4,61.0842
2509.5,61.0827
2509.6,61.0812
2509.7,61.0798
2509.8,61.0783
2509.9,61.0768
2510,61.0753
2510.1,61.0739
2510.2,61.0724
2510.3,61.0709
2510.4,61.0695
2510.5,61.068
2510.6,61.0665
2510.7,61.0651
2510.8,61.0636
2510.9,61.0621
2511,61.0607
2511.1,61.0592
2511.2,61.0577
2511.3,61.0563
2511.4,61.0548
2511.5,61.0533
2511.6,61.0519
2511.7,61.0504
2511.8,61.0489
2511.9,61.0475
2512,61.046
2512.1,61.0446
2512.2,61.0431
2512.3,61.0416
2512.4,61.0402
2512.5,61.0387
2512.6,61.0372
2512.7,61.0358
2512.8,61.0343
2512.9,61.0328
2513,61.0314
2513.1,61.0299
2513.2,61.0284
2513.3,61.027
2513.4,61.0255
2513.5,61.024
2513.6,61.0226
2513.7,61.0211
2513.8,61.0196
2513.9,61.0182
2514,61.0167
2514.1,61.0152
2514.2,61.0138
2514.3,61.0123
2514.4,61.0108
2514.5,61.0093
2514.6,61.0079
2514.7,61.0064
2514.8,61.0049
2514.9,61.0035
2515,61.002
2515.1,61.0005
2515.2,60.999
2515.3,60.9976
2515.4,60.9961
2515.5,60.9946
2515.6,60.9931
2515.7,60.9916
2515.8,60.9902
2515.9,60.9887
2516,60.9872
2516.1,60.9857
2516.2,60.9843
2516.3,60.9828
2516.4,60.9813
2516.5,60.9798
2516.6,60.9783
2516.7,60.9769
2516.8,60.9754
2516.9,60.9739
2517,60.9724
2517.1,60.9709
2517.2,60.9694
2517.3,60.968
2517.4,60.9665
2517.5,60.965
2517.6,60.9635
2517.7,60.962
2517.8,60.9605
2517.9,60.9591
2518,60.9576
2518.1,60.9561
2518.2,60.9546
2518.3,60.9531
2518.4,60.9516
2518.5,60.9502
2518.6,60.9487
2518.7,60.9472
2518.8,60.9457
2518.9,60.9442
2519,60.9427
2519.1,60.9412
2519.2,60.9398
2519.3,60.9383
2519.4,60.9368
2519.5,60.9353
2519.6,60.9338
2519.7,60.9323
2519.8,60.9308
2519.9,60.9294
2520,60.9279
2520.1,60.9264
2520.2,60.9249
2520.3,60.9234
2520.4,60.9219
2520.5,60.9204
2520.6,60.919
2520.7,60.9175
2520.8,60.916
2520.9,60.9145
2521,60.913
2521.1,60.9115
2521.2,60.91
2521.3,60.9085
2521.4,60.9071
2521.5,60.9056
2521.6,60.9041
2521.7,60.9026
2521.8,60.9011
2521.9,60.8996
2522,60.8981
2522.1,60.8966
2522.2,60.8952
2522.3,60.8937
2522.4,60.8922
2522.5,60.8907
2522.6,60.8892
2522.7,60.8877
2522.8,60.8862
2522.9,60.8847
2523,60.8832
2523.1,60.8818
2523.2,60.8803
2523.3,60.8788
2523.4,60.8773
2523.5,60.8758
2523.6,60.8743
2523.7,60.8728
2523.8,60.8713
2523.9,60.8698
2524,60.8683
2524.1,60.8668
2524.2,60.8653
2524.3,60.8638
2524.4,60.8623
2524.5,60.8608
2524.6,60.8593
2524.7,60.8578
2524.8,60.8563
2524.9,60.8548
2525,60.8533
2525.1,60.8518
2525.2,60.8503
2525.3,60.8488
2525.4,60.8473
2525.5,60.8458
2525.6,60.8443
2525.7,60.8428
2525.8,60.8413
2525.9,60.8398
2526,60.8383
2526.1,60.8368
2526.2,60.8353
2526.3,60.8338
2526.4,60.8323
2526.5,60.8307
2526.6,60.8292
2526.7,60.8277
2526.8,60.8262
2526.9,60.8247
2527,60.8232
2527.1,60.8217
2527.2,60.8202
2527.3,60.8187
2527.4,60.8172
2527.5,60.8156
2527.6,60.8141
2527.7,60.8126
2527.8,60.8111
2527.9,60.8096
2528,60.8081
2528.1,60.8066
2528.2,60.8051
2528.3,60.8036
2528.4,60.8021
2528.5,60.8005
2528.6,60.799
2528.7,60.7975
2528.8,60.796
2528.9,60.7945
2529,60.793
2529.1,60.7915
2529.2,60.79
2529.3,60.7885
2529.4,60.787
2529.5,60.7855
2529.6,60.784
2529.7,60.7824
2529.8,60.7809
2529.9,60.7794
2530,60.7779
2530.1,60.7764
2530.2,60.7749
2530.3,60.7734
2530.4,60.7719
2530.5,60.7704
2530.6,60.7689
2530.7,60.7674
2530.8,60.7659
2530.9,60.7643
2531,60.7628
2531.1,60.7613
2531.2,60.7598
2531.3,60.7583
2531.4,60.7568
2531.5,60.7553
2531.6,60.7538
2531.7,60.7523
2531.8,60.7508
2531.9,60.7493
2532,60.7478
2532.1,60.7463
2532.2,60.7447
2532.3,60.7432
2532.4,60.7417
2532.5,60.7402
2532.6,60.7387
2532.7,60.7372
2532.8,60.7357
2532.9,60.7342
2533,60.7327
2533.1,60.7312
2533.2,60.7297
2533.3,60.7281
2533.4,60.7266
2533.5,60.7251
2533.6,60.7236
2533.7,60.7221
2533.8,60.7206
2533.9,60.7191
2534,60.7176
2534.1,60.7161
2534.2,60.7145
2534.3,60.713
2534.4,60.7115
2534.5,60.71
2534.6,60.7085
2534.7,60.707
2534.8,60.7055
2534.9,60.704
2535,60.7024
2535.1,60.7009
2535.2,60.6994
2535.3,60.6979
2535.4,60.6964
2535.5,60.6949
2535.6,60.6934
2535.7,60.6919
2535.8,60.6904
2535.9,60.6889
2536,60.6873
2536.1,60.6858
2536.2,60.6843
2536.3,60.6828
2536.4,60.6813
2536.5,60.6798
2536.6,60.6783
2536.7,60.6768
2536.8,60.6753
2536.9,60.6738
2537,60.6723
2537.1,60.6708
2537.2,60.6693
2537.3,60.6678
2537.4,60.6663
2537.5,60.6648
2537.6,60.6633
2537.7,60.6618
2537.8,60.6603
2537.9,60.6588
2538,60.6573
2538.1,60.6558
2538.2,60.6543
2538.3,60.6528
2538.4,60.6513
2538.5,60.6498
2538.6,60.6483
2538.7,60.6468
2538.8,60.6453
2538.9,60.6438
2539,60.6423
2539.1,60.6408
2539.2,60.6393
2539.3,60.6378
2539.4,60.6363
2539.5,60.6348
2539.6,60.6333
2539.7,60.6318
2539.8,60.6303
2539.9,60.6288
2540,60.6274
2540.1,60.6259
2540.2,60.6244
2540.3,60.6229
2540.4,60.6214
2540.5,60.6199
2540.6,60.6184
2540.7,60.6169
2540.8,60.6155
2540.9,60.614
2541,60.6125
2541.1,60.611
2541.2,60.6095
2541.3,60.608
2541.4,60.6065
2541.5,60.6051
2541.6,60.6036
2541.7,60.6021
2541.8,60.6006
2541.9,60.5992
2542,60.5977
2542.1,60.5962
2542.2,60.5947
2542.3,60.5933
2542.4,60.5918
2542.5,60.5903
2542.6,60.5888
2542.7,60.5874
2542.8,60.5859
2542.9,60.5844
2543,60.583
2543.1,60.5815
2543.2,60.58
2543.3,60.5786
2543.4,60.5771
2543.5,60.5757
2543.6,60.5742
2543.7,60.5727
2543.8,60.5713
2543.9,60.5698
2544,60.5684
2544.1,60.5669
2544.2,60.5654
2544.3,60.564
2544.4,60.5625
2544.5,60.5611
2544.6,60.5596
2544.7,60.5582
2544.8,60.5567
2544.9,60.5553
2545,60.5538
2545.1,60.5524
2545.2,60.5509
2545.3,60.5495
2545.4,60.548
2545.5,60.5466
2545.6,60.5451
2545.7,60.5437
2545.8,60.5422
2545.9,60.5408
2546,60.5393
2546.1,60.5379
2546.2,60.5364
2546.3,60.535
2546.4,60.5335
2546.5,60.5321
2546.6,60.5306
2546.7,60.5292
2546.8,60.5277
2546.9,60.5263
2547,60.5248
2547.1,60.5234
2547.2,60.5219
2547.3,60.5205
2547.4,60.519
2547.5,60.5176
2547.6,60.5161
2547.7,60.5147
2547.8,60.5132
2547.9,60.5118
2548,60.5103
2548.1,60.5088
2548.2,60.5074
2548.3,60.5059
2548.4,60.5045
2548.5,60.503
2548.6,60.5016
2548.7,60.5001
2548.8,60.4987
2548.9,60.4972
2549,60.4957
2549.1,60.4943
2549.2,60.4928
2549.3,60.4914
2549.4,60.4899
2549.5,60.4885
2549.6,60.487
2549.7,60.4855
2549.8,60.4841
2549.9,60.4826
2550,60.4812
2550.1,60.4797
2550.2,60.4782
2550.3,60.4768
2550.4,60.4753
2550.5,60.4739
2550.6,60.4724
2550.7,60.471
2550.8,60.4695
2550.9,60.468
2551,60.4666
2551.1,60.4651
2551.2,60.4637
2551.3,60.4622
2551.4,60.4607
2551.5,60.4593
2551.6,60.4578
2551.7,60.4564
2551.8,60.4549
2551.9,60.4535
2552,60.452
2552.1,60.4506
2552.2,60.4491
2552.3,60.4477
2552.4,60.4462
2552.5,60.4448
2552.6,60.4433
2552.7,60.4418
2552.8,60.4404
2552.9,60.4389
2553,60.4375
2553.1,60.436
2553.2,60.4346
2553.3,60.4331
2553.4,60.4317
2553.5,60.4302
2553.6,60.4288
2553.7,60.4273
2553.8,60.4259
2553.9,60.4244
2554,60.4229
2554.1,60.4215
2554.2,60.42
2554.3,60.4186
2554.4,60.4171
2554.5,60.4157
2554.6,60.4142
2554.7,60.4128
2554.8,60.4113
2554.9,60.4098
2555,60.4084
2555.1,60.4069
2555.2,60.4055
2555.3,60.404
2555.4,60.4025
2555.5,60.4011
2555.6,60.3996
2555.7,60.3982
2555.8,60.3967
2555.9,60.3953
2556,60.3938
2556.1,60.3923
2556.2,60.3909
2556.3,60.3894
2556.4,60.388
2556.5,60.3865
2556.6,60.385
2556.7,60.3836
2556.8,60.3821
2556.9,60.3807
2557,60.3792
2557.1,60.3777
2557.2,60.3763
2557.3,60.3748
2557.4,60.3734
2557.5,60.3719
2557.6,60.3704
2557.7,60.369
2557.8,60.3675
2557.9,60.366
2558,60.3646
2558.1,60.3631
2558.2,60.3617
2558.3,60.3602
2558.4,60.3587
2558.5,60.3573
2558.6,60.3558
2558.7,60.3543
2558.8,60.3529
2558.9,60.3514
2559,60.3499
2559.1,60.3485
2559.2,60.347
2559.3,60.3455
2559.4,60.3441
2559.5,60.3426
2559.6,60.3411
2559.7,60.3397
2559.8,60.3382
2559.9,60.3367
2560,60.3353
2560.1,60.3338
2560.2,60.3323
2560.3,60.3309
2560.4,60.3294
2560.5,60.3279
2560.6,60.3265
2560.7,60.325
2560.8,60.3236
2560.9,60.3221
2561,60.3206
2561.1,60.3192
2561.2,60.3177
2561.3,60.3162
2561.4,60.3148
2561.5,60.3133
2561.6,60.3119
2561.7,60.3104
2561.8,60.3089
2561.9,60.3075
2562,60.306
2562.1,60.3045
2562.2,60.3031
2562.3,60.3016
2562.4,60.3002
2562.5,60.2987
2562.6,60.2972
2562.7,60.2958
2562.8,60.2943
2562.9,60.2929
2563,60.2914
2563.1,60.2899
2563.2,60.2885
2563.3,60.287
2563.4,60.2856
2563.5,60.2841
2563.6,60.2826
2563.7,60.2812
2563.8,60.2797
2563.9,60.2783
2564,60.2768
2564.1,60.2753
2564.2,60.2739
2564.3,60.2724
2564.4,60.271
2564.5,60.2695
2564.6,60.268
2564.7,60.2666
2564.8,60.2651
2564.9,60.2637
2565,60.2622
2565.1,60.2607
2565.2,60.2593
2565.3,60.2578
2565.4,60.2564
2565.5,60.2549
2565.6,60.2534
2565.7,60.252
2565.8,60.2505
2565.9,60.2491
2566,60.2476
2566.1,60.2461
2566.2,60.2447
2566.3,60.2432
2566.4,60.2418
2566.5,60.2403
2566.6,60.2389
2566.7,60.2374
2566.8,60.2359
2566.9,60.2345
2567,60.233
2567.1,60.2315
2567.2,60.2301
2567.3,60.2286
2567.4,60.2272
2567.5,60.2257
2567.6,60.2242
2567.7,60.2228
2567.8,60.2213
2567.9,60.2198
2568,60.2184
2568.1,60.2169
2568.2,60.2155
2568.3,60.214
2568.4,60.2125
2568.5,60.2111
2568.6,60.2096
2568.7,60.2081
2568.8,60.2067
2568.9,60.2052
2569,60.2037
2569.1,60.2023
2569.2,60.2008
2569.3,60.1993
2569.4,60.1978
2569.5,60.1964
2569.6,60.1949
2569.7,60.1934
2569.8,60.192
2569.9,60.1905
2570,60.189
2570.1,60.1876
2570.2,60.1861
2570.3,60.1846
2570.4,60.1831
2570.5,60.1817
2570.6,60.1802
2570.7,60.1787
2570.8,60.1773
2570.9,60.1758
2571,60.1743
2571.1,60.1728
2571.2,60.1714
2571.3,60.1699
2571.4,60.1684
2571.5,60.167
2571.6,60.1655
2571.7,60.164
2571.8,60.1625
2571.9,60.1611
2572,60.1596
2572.1,60.1581
2572.2,60.1566
2572.3,60.1552
2572.4,60.1537
2572.5,60.1522
2572.6,60.1508
2572.7,60.1493
2572.8,60.1478
2572.9,60.1463
2573,60.1449
2573.1,60.1434
2573.2,60.1419
2573.3,60.1404
2573.4,60.139
2573.5,60.1375
2573.6,60.136
2573.7,60.1346
2573.8,60.1331
2573.9,60.1316
2574,60.1301
2574.1,60.1287
2574.2,60.1272
2574.3,60.1257
2574.4,60.1242
2574.5,60.1228
2574.6,60.1213
2574.7,60.1198
2574.8,60.1183
2574.9,60.1169
2575,60.1154
2575.1,60.1139
2575.2,60.1124
2575.3,60.111
2575.4,60.1095
2575.5,60.108
2575.6,60.1065
2575.7,60.1051
2575.8,60.1036
2575.9,60.1021
2576,60.1006
2576.1,60.0991
2576.2,60.0977
2576.3,60.0962
2576.4,60.0947
2576.5,60.0932
2576.6,60.0917
2576.7,60.0903
2576.8,60.0888
2576.9,60.0873
2577,60.0858
2577.1,60.0843
2577.2,60.0829
2577.3,60.0814
2577.4,60.0799
2577.5,60.0784
2577.6,60.0769
2577.7,60.0754
2577.8,60.074
2577.9,60.0725
2578,60.071
2578.1,60.0695
2578.2,60.068
2578.3,60.0666
2578.4,60.0651
2578.5,60.0636
2578.6,60.0621
2578.7,60.0606
2578.8,60.0592
2578.9,60.0577
2579,60.0562
2579.1,60.0547
2579.2,60.0532
2579.3,60.0518
2579.4,60.0503
2579.5,60.0488
2579.6,60.0473
2579.7,60.0458
2579.8,60.0444
2579.9,60.0429
2580,60.0414
2580.1,60.0399
2580.2,60.0384
2580.3,60.037
2580.4,60.0355
2580.5,60.034
2580.6,60.0325
2580.7,60.031
2580.8,60.0296
2580.9,60.0281
2581,60.0266
2581.1,60.0251
2581.2,60.0236
2581.3,60.0222
2581.4,60.0207
2581.5,60.0192
2581.6,60.0177
2581.7,60.0162
2581.8,60.0148
2581.9,60.0133
2582,60.0118
2582.1,60.0103
2582.2,60.0088
2582.3,60.0074
2582.4,60.0059
2582.5,60.0044
2582.6,60.0029
2582.7,60.0014
2582.8,60
2582.9,59.9985
2583,59.997
2583.1,59.9955
2583.2,59.994
2583.3,59.9926
2583.4,59.9911
2583.5,59.9896
2583.6,59.9881
2583.7,59.9867
2583.8,59.9852
2583.9,59.9837
2584,59.9822
2584.1,59.9807
2584.2,59.9793
2584.3,59.9778
2584.4,59.9763
2584.5,59.9748
2584.6,59.9733
2584.7,59.9719
2584.8,59.9704
2584.9,59.9689
2585,59.9674
2585.1,59.9659
2585.2,59.9645
2585.3,59.963
2585.4,59.9615
2585.5,59.96
2585.6,59.9586
2585.7,59.9571
2585.8,59.9556
2585.9,59.9541
2586,59.9527
2586.1,59.9512
2586.2,59.9497
2586.3,59.9482
2586.4,59.9468
2586.5,59.9453
2586.6,59.9438
2586.7,59.9423
2586.8,59.9409
2586.9,59.9394
2587,59.9379
2587.1,59.9364
2587.2,59.935
2587.3,59.9335
2587.4,59.932
2587.5,59.9306
2587.6,59.9291
2587.7,59.9276
2587.8,59.9262
2587.9,59.9247
2588,59.9232
2588.1,59.9218
2588.2,59.9203
2588.3,59.9188
2588.4,59.9174
2588.5,59.9159
2588.6,59.9144
2588.7,59.913
2588.8,59.9115
2588.9,59.91
2589,59.9086
2589.1,59.9071
2589.2,59.9056
2589.3,59.9042
2589.4,59.9027
2589.5,59.9013
2589.6,59.8998
2589.7,59.8983
2589.8,59.8969
2589.9,59.8954
2590,59.8939
2590.1,59.8925
2590.2,59.891
2590.3,59.8895
2590.4,59.888
2590.5,59.8866
2590.6,59.8851
2590.7,59.8836
2590.8,59.8822
2590.9,59.8807
2591,59.8792
2591.1,59.8778
2591.2,59.8763
2591.3,59.8748
2591.4,59.8733
2591.5,59.8719
2591.6,59.8704
2591.7,59.8689
2591.8,59.8675
2591.9,59.866
2592,59.8645
2592.1,59.863
2592.2,59.8616
2592.3,59.8601
2592.4,59.8586
2592.5,59.8572
2592.6,59.8557
2592.7,59.8542
2592.8,59.8527
2592.9,59.8513
2593,59.8498
2593.1,59.8483
2593.2,59.8468
2593.3,59.8454
2593.4,59.8439
2593.5,59.8424
2593.6,59.841
2593.7,59.8395
2593.8,59.838
2593.9,59.8365
2594,59.8351
2594.1,59.8336
2594.2,59.8321
2594.3,59.8306
2594.4,59.8292
2594.5,59.8277
2594.6,59.8262
2594.7,59.8247
2594.8,59.8233
2594.9,59.8218
2595,59.8203
2595.1,59.8189
2595.2,59.8174
2595.3,59.8159
2595.4,59.8144
2595.5,59.813
2595.6,59.8115
2595.7,59.81
2595.8,59.8085
2595.9,59.8071
2596,59.8056
2596.1,59.8041
2596.2,59.8026
2596.3,59.8012
2596.4,59.7997
2596.5,59.7982
2596.6,59.7967
2596.7,59.7953
2596.8,59.7938
2596.9,59.7923
2597,59.7908
2597.1,59.7894
2597.2,59.7879
2597.3,59.7864
2597.4,59.7849
2597.5,59.7835
2597.6,59.782
2597.7,59.7805
2597.8,59.779
2597.9,59.7776
2598,59.7761
2598.1,59.7746
2598.2,59.7732
2598.3,59.7717
2598.4,59.7702
2598.5,59.7687
2598.6,59.7673
2598.7,59.7658
2598.8,59.7643
2598.9,59.7629
2599,59.7614
2599.1,59.7599
2599.2,59.7584
2599.3,59.757
2599.4,59.7555
2599.5,59.754
2599.6,59.7526
2599.7,59.7511
2599.8,59.7496
2599.9,59.7482
2600,59.7467
2600.1,59.7452
2600.2,59.7438
2600.3,59.7423
2600.4,59.7408
2600.5,59.7394
2600.6,59.7379
2600.7,59.7364
2600.8,59.735
2600.9,59.7335
2601,59.732
2601.1,59.7305
2601.2,59.7291
2601.3,59.7276
2601.4,59.7261
2601.5,59.7247
2601.6,59.7232
2601.7,59.7217
2601.8,59.7203
2601.9,59.7188
2602,59.7173
2602.1,59.7158
2602.2,59.7144
2602.3,59.7129
2602.4,59.7114
2602.5,59.7099
2602.6,59.7085
2602.7,59.707
2602.8,59.7055
2602.9,59.704
2603,59.7026
2603.1,59.7011
2603.2,59.6996
2603.3,59.6981
2603.4,59.6967
2603.5,59.6952
2603.6,59.6937
2603.7,59.6922
2603.8,59.6907
2603.9,59.6893
2604,59.6878
2604.1,59.6863
2604.2,59.6848
2604.3,59.6834
2604.4,59.6819
2604.5,59.6804
2604.6,59.6789
2604.7,59.6774
2604.8,59.6759
2604.9,59.6745
2605,59.673
2605.1,59.6715
2605.2,59.67
2605.3,59.6685
2605.4,59.6671
2605.5,59.6656
2605.6,59.6641
2605.7,59.6626
2605.8,59.6611
2605.9,59.6597
2606,59.6582
2606.1,59.6567
2606.2,59.6552
2606.3,59.6537
2606.4,59.6523
2606.5,59.6508
2606.6,59.6493
2606.7,59.6478
2606.8,59.6463
2606.9,59.6449
2607,59.6434
2607.1,59.6419
2607.2,59.6404
2607.3,59.6389
2607.4,59.6375
2607.5,59.636
2607.6,59.6345
2607.7,59.633
2607.8,59.6315
2607.9,59.6301
2608,59.6286
2608.1,59.6271
2608.2,59.6256
2608.3,59.6241
2608.4,59.6227
2608.5,59.6212
2608.6,59.6197
2608.7,59.6182
2608.8,59.6167
2608.9,59.6153
2609,59.6138
2609.1,59.6123
2609.2,59.6108
2609.3,59.6093
2609.4,59.6078
2609.5,59.6064
2609.6,59.6049
2609.7,59.6034
2609.8,59.6019
2609.9,59.6004
2610,59.599
2610.1,59.5975
2610.2,59.596
2610.3,59.5945
2610.4,59.593
2610.5,59.5915
2610.6,59.5901
2610.7,59.5886
2610.8,59.5871
2610.9,59.5856
2611,59.5841
2611.1,59.5826
2611.2,59.5812
2611.3,59.5797
2611.4,59.5782
2611.5,59.5767
2611.6,59.5752
2611.7,59.5737
2611.8,59.5723
2611.9,59.5708
2612,59.5693
2612.1,59.5678
2612.2,59.5663
2612.3,59.5648
2612.4,59.5634
2612.5,59.5619
2612.6,59.5604
2612.7,59.5589
2612.8,59.5574
2612.9,59.556
2613,59.5545
2613.1,59.553
2613.2,59.5515
2613.3,59.55
2613.4,59.5486
2613.5,59.5471
2613.6,59.5456
2613.7,59.5441
2613.8,59.5426
2613.9,59.5412
2614,59.5397
2614.1,59.5382
2614.2,59.5367
2614.3,59.5352
2614.4,59.5338
2614.5,59.5323
2614.6,59.5308
2614.7,59.5293
2614.8,59.5279
2614.9,59.5264
2615,59.5249
2615.1,59.5234
2615.2,59.522
2615.3,59.5205
2615.4,59.519
2615.5,59.5175
2615.6,59.516
2615.7,59.5146
2615.8,59.5131
2615.9,59.5116
2616,59.5102
2616.1,59.5087
2616.2,59.5072
2616.3,59.5057
2616.4,59.5043
2616.5,59.5028
2616.6,59.5013
2616.7,59.4999
2616.8,59.4984
2616.9,59.4969
2617,59.4954
2617.1,59.494
2617.2,59.4925
2617.3,59.491
2617.4,59.4896
2617.5,59.4881
2617.6,59.4866
2617.7,59.4852
2617.8,59.4837
2617.9,59.4823
2618,59.4808
2618.1,59.4793
2618.2,59.4779
2618.3,59.4764
2618.4,59.4749
2618.5,59.4735
2618.6,59.472
2618.7,59.4705
2618.8,59.4691
2618.9,59.4676
2619,59.4662
2619.1,59.4647
2619.2,59.4632
2619.3,59.4618
2619.4,59.4603
2619.5,59.4589
2619.6,59.4574
2619.7,59.4559
2619.8,59.4545
2619.9,59.453
2620,59.4516
2620.1,59.4501
2620.2,59.4486
2620.3,59.4472
2620.4,59.4457
2620.5,59.4443
2620.6,59.4428
2620.7,59.4413
2620.8,59.4399
2620.9,59.4384
2621,59.437
2621.1,59.4355
2621.2,59.4341
2621.3,59.4326
2621.4,59.4312
2621.5,59.4297
2621.6,59.4283
2621.7,59.4268
2621.8,59.4254
2621.9,59.4239
2622,59.4225
2622.1,59.421
2622.2,59.4196
2622.3,59.4181
2622.4,59.4167
2622.5,59.4153
2622.6,59.4138
2622.7,59.4124
2622.8,59.4109
2622.9,59.4095
2623,59.4081
2623.1,59.4066
2623.2,59.4052
2623.3,59.4038
2623.4,59.4024
2623.5,59.4009
2623.6,59.3995
2623.7,59.3981
2623.8,59.3967
2623.9,59.3952
2624,59.3938
2624.1,59.3924
2624.2,59.391
2624.3,59.3896
2624.4,59.3881
2624.5,59.3867
2624.6,59.3853
2624.7,59.3838
2624.8,59.3824
2624.9,59.381
2625,59.3796
2625.1,59.3781
2625.2,59.3767
2625.3,59.3753
2625.4,59.3739
2625.5,59.3724
2625.6,59.371
2625.7,59.3696
2625.8,59.3682
2625.9,59.3667
2626,59.3653
2626.1,59.3639
2626.2,59.3625
2626.3,59.3611
2626.4,59.3597
2626.5,59.3583
2626.6,59.3568
2626.7,59.3554
2626.8,59.354
2626.9,59.3526
2627,59.3512
2627.1,59.3498
2627.2,59.3484
2627.3,59.347
2627.4,59.3456
2627.5,59.3442
2627.6,59.3428
2627.7,59.3414
2627.8,59.34
2627.9,59.3385
2628,59.3371
2628.1,59.3357
2628.2,59.3343
2628.3,59.3329
2628.4,59.3314
2628.5,59.33
2628.6,59.3286
2628.7,59.3272
2628.8,59.3257
2628.9,59.3243
2629,59.3229
2629.1,59.3215
2629.2,59.32
2629.3,59.3186
2629.4,59.3172
2629.5,59.3157
2629.6,59.3143
2629.7,59.3129
2629.8,59.3114
2629.9,59.31
2630,59.3086
2630.1,59.3071
2630.2,59.3057
2630.3,59.3043
2630.4,59.3029
2630.5,59.3014
2630.6,59.3
2630.7,59.2986
2630.8,59.2972
2630.9,59.2957
2631,59.2943
2631.1,59.2929
2631.2,59.2915
2631.3,59.29
2631.4,59.2886
2631.5,59.2872
2631.6,59.2857
2631.7,59.2843
2631.8,59.2829
2631.9,59.2815
2632,59.28
2632.1,59.2786
2632.2,59.2772
2632.3,59.2757
2632.4,59.2743
2632.5,59.2729
2632.6,59.2714
2632.7,59.27
2632.8,59.2686
2632.9,59.2671
2633,59.2657
2633.1,59.2643
2633.2,59.2628
2633.3,59.2614
2633.4,59.2599
2633.5,59.2585
2633.6,59.257
2633.7,59.2556
2633.8,59.2542
2633.9,59.2527
2634,59.2513
2634.1,59.2498
2634.2,59.2484
2634.3,59.2469
2634.4,59.2455
2634.5,59.244
2634.6,59.2426
2634.7,59.2411
2634.8,59.2397
2634.9,59.2382
2635,59.2368
2635.1,59.2353
2635.2,59.2339
2635.3,59.2324
2635.4,59.231
2635.5,59.2295
2635.6,59.2281
2635.7,59.2266
2635.8,59.2251
2635.9,59.2237
2636,59.2222
2636.1,59.2208
2636.2,59.2193
2636.3,59.2179
2636.4,59.2164
2636.5,59.215
2636.6,59.2135
2636.7,59.212
2636.8,59.2106
2636.9,59.2091
2637,59.2077
2637.1,59.2062
2637.2,59.2047
2637.3,59.2033
2637.4,59.2018
2637.5,59.2003
2637.6,59.1989
2637.7,59.1974
2637.8,59.196
2637.9,59.1945
2638,59.193
2638.1,59.1916
2638.2,59.1901
2638.3,59.1886
2638.4,59.1872
2638.5,59.1857
2638.6,59.1842
2638.7,59.1828
2638.8,59.1813
2638.9,59.1798
2639,59.1784
2639.1,59.1769
2639.2,59.1754
2639.3,59.174
2639.4,59.1725
2639.5,59.171
2639.6,59.1696
2639.7,59.1681
2639.8,59.1666
2639.9,59.1652
2640,59.1637
2640.1,59.1622
2640.2,59.1608
2640.3,59.1593
2640.4,59.1578
2640.5,59.1564
2640.6,59.1549
2640.7,59.1534
2640.8,59.152
2640.9,59.1505
2641,59.149
2641.1,59.1476
2641.2,59.1461
2641.3,59.1446
2641.4,59.1431
2641.5,59.1417
2641.6,59.1402
2641.7,59.1387
2641.8,59.1373
2641.9,59.1358
2642,59.1343
2642.1,59.1329
2642.2,59.1314
2642.3,59.1299
2642.4,59.1285
2642.5,59.127
2642.6,59.1255
2642.7,59.1241
2642.8,59.1226
2642.9,59.1211
2643,59.1197
2643.1,59.1182
2643.2,59.1167
2643.3,59.1152
2643.4,59.1138
2643.5,59.1123
2643.6,59.1108
2643.7,59.1094
2643.8,59.1079
2643.9,59.1064
2644,59.105
2644.1,59.1035
2644.2,59.102
2644.3,59.1006
2644.4,59.0991
2644.5,59.0976
2644.6,59.0962
2644.7,59.0947
2644.8,59.0932
2644.9,59.0917
2645,59.0903
2645.1,59.0888
2645.2,59.0873
2645.3,59.0859
2645.4,59.0844
2645.5,59.0829
2645.6,59.0814
2645.7,59.08
2645.8,59.0785
2645.9,59.077
2646,59.0755
2646.1,59.0741
2646.2,59.0726
2646.3,59.0711
2646.4,59.0696
2646.5,59.0682
2646.6,59.0667
2646.7,59.0652
2646.8,59.0637
2646.9,59.0623
2647,59.0608
2647.1,59.0593
2647.2,59.0579
2647.3,59.0564
2647.4,59.0549
2647.5,59.0534
2647.6,59.052
2647.7,59.0505
2647.8,59.049
2647.9,59.0475
2648,59.0461
2648.1,59.0446
2648.2,59.0431
2648.3,59.0417
2648.4,59.0402
2648.5,59.0387
2648.6,59.0372
2648.7,59.0358
2648.8,59.0343
2648.9,59.0328
2649,59.0314
2649.1,59.0299
2649.2,59.0284
2649.3,59.027
2649.4,59.0255
2649.5,59.024
2649.6,59.0225
2649.7,59.0211
2649.8,59.0196
2649.9,59.0181
2650,59.0167
2650.1,59.0152
2650.2,59.0137
2650.3,59.0122
2650.4,59.0108
2650.5,59.0093
2650.6,59.0078
2650.7,59.0064
2650.8,59.0049
2650.9,59.0034
2651,59.002
2651.1,59.0005
2651.2,58.999
2651.3,58.9975
2651.4,58.9961
2651.5,58.9946
2651.6,58.9931
2651.7,58.9917
2651.8,58.9902
2651.9,58.9887
2652,58.9873
2652.1,58.9858
2652.2,58.9843
2652.3,58.9828
2652.4,58.9814
2652.5,58.9799
2652.6,58.9784
2652.7,58.977
2652.8,58.9755
2652.9,58.974
2653,58.9726
2653.1,58.9711
2653.2,58.9696
2653.3,58.9682
2653.4,58.9667
2653.5,58.9652
2653.6,58.9637
2653.7,58.9623
2653.8,58.9608
2653.9,58.9593
2654,58.9579
2654.1,58.9564
2654.2,58.9549
2654.3,58.9535
2654.4,58.952
2654.5,58.9505
2654.6,58.9491
2654.7,58.9476
2654.8,58.9461
2654.9,58.9446
2655,58.9432
2655.1,58.9417
2655.2,58.9402
2655.3,58.9388
2655.4,58.9373
2655.5,58.9358
2655.6,58.9344
2655.7,58.9329
2655.8,58.9314
2655.9,58.9299
2656,58.9285
2656.1,58.927
2656.2,58.9255
2656.3,58.924
2656.4,58.9226
2656.5,58.9211
2656.6,58.9196
2656.7,58.9182
2656.8,58.9167
2656.9,58.9152
2657,58.9137
2657.1,58.9123
2657.2,58.9108
2657.3,58.9093
2657.4,58.9078
2657.5,58.9064
2657.6,58.9049
2657.7,58.9034
2657.8,58.9019
2657.9,58.9005
2658,58.899
2658.1,58.8975
2658.2,58.8961
2658.3,58.8946
2658.4,58.8931
2658.5,58.8916
2658.6,58.8902
2658.7,58.8887
2658.8,58.8872
2658.9,58.8858
2659,58.8843
2659.1,58.8828
2659.2,58.8813
2659.3,58.8799
2659.4,58.8784
2659.5,58.8769
2659.6,58.8755
2659.7,58.874
2659.8,58.8725
2659.9,58.8711
2660,58.8696
2660.1,58.8682
2660.2,58.8667
2660.3,58.8652
2660.4,58.8638
2660.5,58.8623
2660.6,58.8608
2660.7,58.8594
2660.8,58.8579
2660.9,58.8565
2661,58.855
2661.1,58.8535
2661.2,58.8521
2661.3,58.8506
2661.4,58.8492
2661.5,58.8477
2661.6,58.8463
2661.7,58.8448
2661.8,58.8433
2661.9,58.8419
2662,58.8404
2662.1,58.839
2662.2,58.8375
2662.3,58.836
2662.4,58.8346
2662.5,58.8331
2662.6,58.8317
2662.7,58.8302
2662.8,58.8287
2662.9,58.8273
2663,58.8258
2663.1,58.8243
2663.2,58.8229
2663.3,58.8214
2663.4,58.82
2663.5,58.8185
2663.6,58.817
2663.7,58.8156
2663.8,58.8141
2663.9,58.8126
2664,58.8112
2664.1,58.8097
2664.2,58.8083
2664.3,58.8068
2664.4,58.8053
2664.5,58.8039
2664.6,58.8024
2664.7,58.801
2664.8,58.7995
2664.9,58.798
2665,58.7966
2665.1,58.7951
2665.2,58.7937
2665.3,58.7922
2665.4,58.7908
2665.5,58.7893
2665.6,58.7878
2665.7,58.7864
2665.8,58.7849
2665.9,58.7835
2666,58.782
2666.1,58.7806
2666.2,58.7791
2666.3,58.7776
2666.4,58.7762
2666.5,58.7747
2666.6,58.7733
2666.7,58.7718
2666.8,58.7704
2666.9,58.7689
2667,58.7675
2667.1,58.766
2667.2,58.7645
2667.3,58.7631
2667.4,58.7616
2667.5,58.7602
2667.6,58.7587
2667.7,58.7573
2667.8,58.7558
2667.9,58.7544
2668,58.7529
2668.1,58.7515
2668.2,58.75
2668.3,58.7486
2668.4,58.7471
2668.5,58.7457
2668.6,58.7442
2668.7,58.7428
2668.8,58.7413
2668.9,58.7399
2669,58.7384
2669.1,58.737
2669.2,58.7355
2669.3,58.7341
2669.4,58.7326
2669.5,58.7312
2669.6,58.7297
2669.7,58.7283
2669.8,58.7268
2669.9,58.7254
2670,58.7239
2670.1,58.7225
2670.2,58.721
2670.3,58.7196
2670.4,58.7181
2670.5,58.7167
2670.6,58.7152
2670.7,58.7138
2670.8,58.7123
2670.9,58.7109
2671,58.7094
2671.1,58.708
2671.2,58.7065
2671.3,58.7051
2671.4,58.7036
2671.5,58.7022
2671.6,58.7007
2671.7,58.6993
2671.8,58.6978
2671.9,58.6964
2672,58.6949
2672.1,58.6934
2672.2,58.692
2672.3,58.6905
2672.4,58.6891
2672.5,58.6876
2672.6,58.6862
2672.7,58.6847
2672.8,58.6832
2672.9,58.6818
2673,58.6803
2673.1,58.6789
2673.2,58.6774
2673.3,58.6759
2673.4,58.6745
2673.5,58.673
2673.6,58.6716
2673.7,58.6701
2673.8,58.6687
2673.9,58.6672
2674,58.6658
2674.1,58.6643
2674.2,58.6628
2674.3,58.6614
2674.4,58.6599
2674.5,58.6585
2674.6,58.657
2674.7,58.6556
2674.8,58.6541
2674.9,58.6527
2675,58.6512
2675.1,58.6497
2675.2,58.6483
2675.3,58.6468
2675.4,58.6454
2675.5,58.6439
2675.6,58.6425
2675.7,58.641
2675.8,58.6395
2675.9,58.6381
2676,58.6366
2676.1,58.6352
2676.2,58.6337
2676.3,58.6323
2676.4,58.6308
2676.5,58.6293
2676.6,58.6279
2676.7,58.6264
2676.8,58.625
2676.9,58.6235
2677,58.622
2677.1,58.6206
2677.2,58.6191
2677.3,58.6177
2677.4,58.6162
2677.5,58.6147
2677.6,58.6133
2677.7,58.6118
2677.8,58.6103
2677.9,58.6089
2678,58.6074
2678.1,58.6059
2678.2,58.6045
2678.3,58.603
2678.4,58.6016
2678.5,58.6001
2678.6,58.5986
2678.7,58.5972
2678.8,58.5957
2678.9,58.5942
2679,58.5928
2679.1,58.5913
2679.2,58.5898
2679.3,58.5884
2679.4,58.5869
2679.5,58.5855
2679.6,58.584
2679.7,58.5825
2679.8,58.5811
2679.9,58.5796
2680,58.5782
2680.1,58.5767
2680.2,58.5752
2680.3,58.5738
2680.4,58.5723
2680.5,58.5709
2680.6,58.5694
2680.7,58.5679
2680.8,58.5665
2680.9,58.565
2681,58.5636
2681.1,58.5621
2681.2,58.5606
2681.3,58.5592
2681.4,58.5577
2681.5,58.5563
2681.6,58.5548
2681.7,58.5533
2681.8,58.5519
2681.9,58.5504
2682,58.5489
2682.1,58.5475
2682.2,58.546
2682.3,58.5446
2682.4,58.5431
2682.5,58.5416
2682.6,58.5402
2682.7,58.5387
2682.8,58.5372
2682.9,58.5358
2683,58.5343
2683.1,58.5328
2683.2,58.5314
2683.3,58.5299
2683.4,58.5284
2683.5,58.527
2683.6,58.5255
2683.7,58.5241
2683.8,58.5226
2683.9,58.5211
2684,58.5197
2684.1,58.5182
2684.2,58.5167
2684.3,58.5153
2684.4,58.5138
2684.5,58.5123
2684.6,58.5109
2684.7,58.5094
2684.8,58.5079
2684.9,58.5065
2685,58.505
2685.1,58.5035
2685.2,58.5021
2685.3,58.5006
2685.4,58.4991
2685.5,58.4977
2685.6,58.4962
2685.7,58.4947
2685.8,58.4933
2685.9,58.4918
2686,58.4903
2686.1,58.4889
2686.2,58.4874
2686.3,58.4859
2686.4,58.4845
2686.5,58.483
2686.6,58.4815
2686.7,58.4801
2686.8,58.4786
2686.9,58.4771
2687,58.4757
2687.1,58.4742
2687.2,58.4727
2687.3,58.4713
2687.4,58.4698
2687.5,58.4683
2687.6,58.4669
2687.7,58.4654
2687.8,58.4639
2687.9,58.4625
2688,58.461
2688.1,58.4595
2688.2,58.4581
2688.3,58.4566
2688.4,58.4551
2688.5,58.4537
2688.6,58.4522
2688.7,58.4507
2688.8,58.4493
2688.9,58.4478
2689,58.4463
2689.1,58.4449
2689.2,58.4434
2689.3,58.442
2689.4,58.4405
2689.5,58.439
2689.6,58.4376
2689.7,58.4361
2689.8,58.4346
2689.9,58.4332
2690,58.4317
2690.1,58.4302
2690.2,58.4288
2690.3,58.4273
2690.4,58.4258
2690.5,58.4244
2690.6,58.4229
2690.7,58.4214
2690.8,58.42
2690.9,58.4185
2691,58.417
2691.1,58.4156
2691.2,58.4141
2691.3,58.4126
2691.4,58.4112
2691.5,58.4097
2691.6,58.4082
2691.7,58.4068
2691.8,58.4053
2691.9,58.4038
2692,58.4024
2692.1,58.4009
2692.2,58.3994
2692.3,58.398
2692.4,58.3965
2692.5,58.395
2692.6,58.3936
2692.7,58.3921
2692.8,58.3906
2692.9,58.3891
2693,58.3877
2693.1,58.3862
2693.2,58.3847
2693.3,58.3833
2693.4,58.3818
2693.5,58.3803
2693.6,58.3789
2693.7,58.3774
2693.8,58.3759
2693.9,58.3744
2694,58.373
2694.1,58.3715
2694.2,58.37
2694.3,58.3686
2694.4,58.3671
2694.5,58.3656
2694.6,58.3641
2694.7,58.3627
2694.8,58.3612
2694.9,58.3597
2695,58.3582
2695.1,58.3568
2695.2,58.3553
2695.3,58.3538
2695.4,58.3523
2695.5,58.3509
2695.6,58.3494
2695.7,58.3479
2695.8,58.3464
2695.9,58.345
2696,58.3435
2696.1,58.342
2696.2,58.3405
2696.3,58.3391
2696.4,58.3376
2696.5,58.3361
2696.6,58.3346
2696.7,58.3331
2696.8,58.3316
2696.9,58.3302
2697,58.3287
2697.1,58.3272
2697.2,58.3257
2697.3,58.3242
2697.4,58.3227
2697.5,58.3213
2697.6,58.3198
2697.7,58.3183
2697.8,58.3168
2697.9,58.3153
2698,58.3138
2698.1,58.3123
2698.2,58.3109
2698.3,58.3094
2698.4,58.3079
2698.5,58.3064
2698.6,58.3049
2698.7,58.3034
2698.8,58.3019
2698.9,58.3004
2699,58.299
2699.1,58.2975
2699.2,58.296
2699.3,58.2945
2699.4,58.293
2699.5,58.2915
2699.6,58.29
2699.7,58.2885
2699.8,58.287
2699.9,58.2855
2700,58.284
2700.1,58.2826
2700.2,58.2811
2700.3,58.2796
2700.4,58.2781
2700.5,58.2766
2700.6,58.2751
2700.7,58.2736
2700.8,58.2721
2700.9,58.2706
2701,58.2691
2701.1,58.2677
2701.2,58.2662
2701.3,58.2647
2701.4,58.2632
2701.5,58.2617
2701.6,58.2602
2701.7,58.2587
2701.8,58.2572
2701.9,58.2557
2702,58.2543
2702.1,58.2528
2702.2,58.2513
2702.3,58.2498
2702.4,58.2483
2702.5,58.2468
2702.6,58.2453
2702.7,58.2439
2702.8,58.2424
2702.9,58.2409
2703,58.2394
2703.1,58.2379
2703.2,58.2364
2703.3,58.2349
2703.4,58.2335
2703.5,58.232
2703.6,58.2305
2703.7,58.229
2703.8,58.2275
2703.9,58.226
2704,58.2246
2704.1,58.2231
2704.2,58.2216
2704.3,58.2201
2704.4,58.2186
2704.5,58.2172
2704.6,58.2157
2704.7,58.2142
2704.8,58.2127
2704.9,58.2112
2705,58.2097
2705.1,58.2083
2705.2,58.2068
2705.3,58.2053
2705.4,58.2038
2705.5,58.2023
2705.6,58.2009
2705.7,58.1994
2705.8,58.1979
2705.9,58.1964
2706,58.1949
2706.1,58.1935
2706.2,58.192
2706.3,58.1905
2706.4,58.189
2706.5,58.1875
2706.6,58.1861
2706.7,58.1846
2706.8,58.1831
2706.9,58.1816
2707,58.1801
2707.1,58.1787
2707.2,58.1772
2707.3,58.1757
2707.4,58.1742
2707.5,58.1727
2707.6,58.1713
2707.7,58.1698
2707.8,58.1683
2707.9,58.1668
2708,58.1653
2708.1,58.1639
2708.2,58.1624
2708.3,58.1609
2708.4,58.1594
2708.5,58.1579
2708.6,58.1565
2708.7,58.155
2708.8,58.1535
2708.9,58.152
2709,58.1506
2709.1,58.1491
2709.2,58.1476
2709.3,58.1461
2709.4,58.1447
2709.5,58.1432
2709.6,58.1417
2709.7,58.1402
2709.8,58.1388
2709.9,58.1373
2710,58.1358
2710.1,58.1343
2710.2,58.1329
2710.3,58.1314
2710.4,58.1299
2710.5,58.1284
2710.6,58.127
2710.7,58.1255
2710.8,58.124
2710.9,58.1225
2711,58.1211
2711.1,58.1196
2711.2,58.1181
2711.3,58.1166
2711.4,58.1152
2711.5,58.1137
2711.6,58.1122
2711.7,58.1107
2711.8,58.1093
2711.9,58.1078
2712,58.1063
2712.1,58.1048
2712.2,58.1034
2712.3,58.1019
2712.4,58.1004
2712.5,58.0989
2712.6,58.0975
2712.7,58.096
2712.8,58.0945
2712.9,58.093
2713,58.0916
2713.1,58.0901
2713.2,58.0886
2713.3,58.0871
2713.4,58.0857
2713.5,58.0842
2713.6,58.0827
2713.7,58.0812
2713.8,58.0798
2713.9,58.0783
2714,58.0768
2714.1,58.0753
2714.2,58.0738
2714.3,58.0724
2714.4,58.0709
2714.5,58.0694
2714.6,58.0679
2714.7,58.0665
2714.8,58.065
2714.9,58.0635
2715,58.062
2715.1,58.0606
2715.2,58.0591
2715.3,58.0576
2715.4,58.0561
2715.5,58.0546
2715.6,58.0532
2715.7,58.0517
2715.8,58.0502
2715.9,58.0487
2716,58.0473
2716.1,58.0458
2716.2,58.0443
2716.3,58.0428
2716.4,58.0414
2716.5,58.0399
2716.6,58.0384
2716.7,58.0369
2716.8,58.0355
2716.9,58.034
2717,58.0325
2717.1,58.031
2717.2,58.0295
2717.3,58.0281
2717.4,58.0266
2717.5,58.0251
2717.6,58.0236
2717.7,58.0222
2717.8,58.0207
2717.9,58.0192
2718,58.0177
2718.1,58.0163
2718.2,58.0148
2718.3,58.0133
2718.4,58.0118
2718.5,58.0103
2718.6,58.0089
2718.7,58.0074
2718.8,58.0059
2718.9,58.0044
2719,58.003
2719.1,58.0015
2719.2,58
2719.3,57.9985
2719.4,57.9971
2719.5,57.9956
2719.6,57.9941
2719.7,57.9926
2719.8,57.9911
2719.9,57.9897
2720,57.9882
2720.1,57.9867
2720.2,57.9852
2720.3,57.9837
2720.4,57.9823
2720.5,57.9808
2720.6,57.9793
2720.7,57.9778
2720.8,57.9763
2720.9,57.9749
2721,57.9734
2721.1,57.9719
2721.2,57.9704
2721.3,57.9689
2721.4,57.9675
2721.5,57.966
2721.6,57.9645
2721.7,57.963
2721.8,57.9615
2721.9,57.96
2722,57.9586
2722.1,57.9571
2722.2,57.9556
2722.3,57.9541
2722.4,57.9526
2722.5,57.9511
2722.6,57.9497
2722.7,57.9482
2722.8,57.9467
2722.9,57.9452
2723,57.9437
2723.1,57.9423
2723.2,57.9408
2723.3,57.9393
2723.4,57.9378
2723.5,57.9363
2723.6,57.9348
2723.7,57.9334
2723.8,57.9319
2723.9,57.9304
2724,57.9289
2724.1,57.9274
2724.2,57.926
2724.3,57.9245
2724.4,57.923
2724.5,57.9215
2724.6,57.92
2724.7,57.9186
2724.8,57.9171
2724.9,57.9156
2725,57.9141
2725.1,57.9126
2725.2,57.9111
2725.3,57.9097
2725.4,57.9082
2725.5,57.9067
2725.6,57.9052
2725.7,57.9037
2725.8,57.9023
2725.9,57.9008
2726,57.8993
2726.1,57.8978
2726.2,57.8963
2726.3,57.8948
2726.4,57.8934
2726.5,57.8919
2726.6,57.8904
2726.7,57.8889
2726.8,57.8874
2726.9,57.886
2727,57.8845
2727.1,57.883
2727.2,57.8815
2727.3,57.8801
2727.4,57.8786
2727.5,57.8771
2727.6,57.8756
2727.7,57.8741
2727.8,57.8727
2727.9,57.8712
2728,57.8697
2728.1,57.8682
2728.2,57.8668
2728.3,57.8653
2728.4,57.8638
2728.5,57.8623
2728.6,57.8609
2728.7,57.8594
2728.8,57.8579
2728.9,57.8564
2729,57.855
2729.1,57.8535
2729.2,57.852
2729.3,57.8505
2729.4,57.8491
2729.5,57.8476
2729.6,57.8461
2729.7,57.8447
2729.8,57.8432
2729.9,57.8417
2730,57.8402
2730.1,57.8388
2730.2,57.8373
2730.3,57.8358
2730.4,57.8343
2730.5,57.8329
2730.6,57.8314
2730.7,57.8299
2730.8,57.8285
2730.9,57.827
2731,57.8255
2731.1,57.824
2731.2,57.8226
2731.3,57.8211
2731.4,57.8196
2731.5,57.8182
2731.6,57.8167
2731.7,57.8152
2731.8,57.8137
2731.9,57.8123
2732,57.8108
2732.1,57.8093
2732.2,57.8079
2732.3,57.8064
2732.4,57.8049
2732.5,57.8034
2732.6,57.802
2732.7,57.8005
2732.8,57.799
2732.9,57.7976
2733,57.7961
2733.1,57.7946
2733.2,57.7932
2733.3,57.7917
2733.4,57.7902
2733.5,57.7887
2733.6,57.7873
2733.7,57.7858
2733.8,57.7843
2733.9,57.7829
2734,57.7814
2734.1,57.7799
2734.2,57.7785
2734.3,57.777
2734.4,57.7755
2734.5,57.774
2734.6,57.7726
2734.7,57.7711
2734.8,57.7696
2734.9,57.7682
2735,57.7667
2735.1,57.7652
2735.2,57.7638
2735.3,57.7623
2735.4,57.7608
2735.5,57.7594
2735.6,57.7579
2735.7,57.7564
2735.8,57.7549
2735.9,57.7535
2736,57.752
2736.1,57.7505
2736.2,57.7491
2736.3,57.7476
2736.4,57.7461
2736.5,57.7447
2736.6,57.7432
2736.7,57.7417
2736.8,57.7403
2736.9,57.7388
2737,57.7373
2737.1,57.7358
2737.2,57.7344
2737.3,57.7329
2737.4,57.7314
2737.5,57.73
2737.6,57.7285
2737.7,57.727
2737.8,57.7256
2737.9,57.7241
2738,57.7226
2738.1,57.7212
2738.2,57.7197
2738.3,57.7182
2738.4,57.7167
2738.5,57.7153
2738.6,57.7138
2738.7,57.7123
2738.8,57.7109
2738.9,57.7094
2739,57.7079
2739.1,57.7065
2739.2,57.705
2739.3,57.7035
2739.4,57.7021
2739.5,57.7006
2739.6,57.6991
2739.7,57.6977
2739.8,57.6962
2739.9,57.6947
2740,57.6932
2740.1,57.6918
2740.2,57.6903
2740.3,57.6888
2740.4,57.6874
2740.5,57.6859
2740.6,57.6844
2740.7,57.683
2740.8,57.6815
2740.9,57.68
2741,57.6786
2741.1,57.6771
2741.2,57.6756
2741.3,57.6742
2741.4,57.6727
2741.5,57.6712
2741.6,57.6697
2741.7,57.6683
2741.8,57.6668
2741.9,57.6653
2742,57.6639
2742.1,57.6624
2742.2,57.6609
2742.3,57.6595
2742.4,57.658
2742.5,57.6565
2742.6,57.6551
2742.7,57.6536
2742.8,57.6521
2742.9,57.6507
2743,57.6492
2743.1,57.6477
2743.2,57.6463
2743.3,57.6448
2743.4,57.6433
2743.5,57.6418
2743.6,57.6404
2743.7,57.6389
2743.8,57.6374
2743.9,57.636
2744,57.6345
2744.1,57.633
2744.2,57.6316
2744.3,57.6301
2744.4,57.6286
2744.5,57.6272
2744.6,57.6257
2744.7,57.6242
2744.8,57.6228
2744.9,57.6213
2745,57.6198
2745.1,57.6184
2745.2,57.6169
2745.3,57.6154
2745.4,57.6139
2745.5,57.6125
2745.6,57.611
2745.7,57.6095
2745.8,57.6081
2745.9,57.6066
2746,57.6051
2746.1,57.6037
2746.2,57.6022
2746.3,57.6007
2746.4,57.5993
2746.5,57.5978
2746.6,57.5963
2746.7,57.5949
2746.8,57.5934
2746.9,57.5919
2747,57.5905
2747.1,57.589
2747.2,57.5875
2747.3,57.5861
2747.4,57.5846
2747.5,57.5831
2747.6,57.5817
2747.7,57.5802
2747.8,57.5787
2747.9,57.5773
2748,57.5758
2748.1,57.5743
2748.2,57.5729
2748.3,57.5714
2748.4,57.5699
2748.5,57.5684
2748.6,57.567
2748.7,57.5655
2748.8,57.564
2748.9,57.5626
2749,57.5611
2749.1,57.5596
2749.2,57.5582
2749.3,57.5567
2749.4,57.5552
2749.5,57.5538
2749.6,57.5523
2749.7,57.5508
2749.8,57.5494
2749.9,57.5479
2750,57.5464
2750.1,57.545
2750.2,57.5435
2750.3,57.5421
2750.4,57.5406
2750.5,57.5391
2750.6,57.5377
2750.7,57.5362
2750.8,57.5347
2750.9,57.5333
2751,57.5318
2751.1,57.5304
2751.2,57.5289
2751.3,57.5274
2751.4,57.526
2751.5,57.5245
2751.6,57.5231
2751.7,57.5216
2751.8,57.5201
2751.9,57.5187
2752,57.5172
2752.1,57.5157
2752.2,57.5143
2752.3,57.5128
2752.4,57.5113
2752.5,57.5099
2752.6,57.5084
2752.7,57.507
2752.8,57.5055
2752.9,57.504
2753,57.5026
2753.1,57.5011
2753.2,57.4996
2753.3,57.4982
2753.4,57.4967
2753.5,57.4952
2753.6,57.4938
2753.7,57.4923
2753.8,57.4908
2753.9,57.4894
2754,57.4879
2754.1,57.4864
2754.2,57.485
2754.3,57.4835
2754.4,57.482
2754.5,57.4806
2754.6,57.4791
2754.7,57.4777
2754.8,57.4762
2754.9,57.4747
2755,57.4733
2755.1,57.4718
2755.2,57.4703
2755.3,57.4689
2755.4,57.4674
2755.5,57.4659
2755.6,57.4645
2755.7,57.463
2755.8,57.4616
2755.9,57.4601
2756,57.4587
2756.1,57.4572
2756.2,57.4557
2756.3,57.4543
2756.4,57.4528
2756.5,57.4514
2756.6,57.4499
2756.7,57.4485
2756.8,57.447
2756.9,57.4456
2757,57.4441
2757.1,57.4427
2757.2,57.4412
2757.3,57.4398
2757.4,57.4383
2757.5,57.4369
2757.6,57.4354
2757.7,57.434
2757.8,57.4325
2757.9,57.4311
2758,57.4297
2758.1,57.4282
2758.2,57.4268
2758.3,57.4253
2758.4,57.4239
2758.5,57.4224
2758.6,57.421
2758.7,57.4196
2758.8,57.4181
2758.9,57.4167
2759,57.4152
2759.1,57.4138
2759.2,57.4124
2759.3,57.4109
2759.4,57.4095
2759.5,57.408
2759.6,57.4066
2759.7,57.4052
2759.8,57.4037
2759.9,57.4023
2760,57.4009
2760.1,57.3994
2760.2,57.398
2760.3,57.3965
2760.4,57.3951
2760.5,57.3937
2760.6,57.3922
2760.7,57.3908
2760.8,57.3893
2760.9,57.3879
2761,57.3864
2761.1,57.385
2761.2,57.3836
2761.3,57.3821
2761.4,57.3807
2761.5,57.3792
2761.6,57.3778
2761.7,57.3763
2761.8,57.3749
2761.9,57.3734
2762,57.372
2762.1,57.3705
2762.2,57.3691
2762.3,57.3677
2762.4,57.3662
2762.5,57.3648
2762.6,57.3633
2762.7,57.3619
2762.8,57.3604
2762.9,57.359
2763,57.3575
2763.1,57.3561
2763.2,57.3546
2763.3,57.3532
2763.4,57.3517
2763.5,57.3503
2763.6,57.3488
2763.7,57.3474
2763.8,57.3459
2763.9,57.3445
2764,57.343
2764.1,57.3416
2764.2,57.3401
2764.3,57.3387
2764.4,57.3372
2764.5,57.3358
2764.6,57.3343
2764.7,57.3329
2764.8,57.3314
2764.9,57.33
2765,57.3286
2765.1,57.3271
2765.2,57.3257
2765.3,57.3242
2765.4,57.3228
2765.5,57.3214
2765.6,57.3199
2765.7,57.3185
2765.8,57.317
2765.9,57.3156
2766,57.3142
2766.1,57.3127
2766.2,57.3113
2766.3,57.3099
2766.4,57.3084
2766.5,57.307
2766.6,57.3056
2766.7,57.3041
2766.8,57.3027
2766.9,57.3013
2767,57.2998
2767.1,57.2984
2767.2,57.297
2767.3,57.2955
2767.4,57.2941
2767.5,57.2927
2767.6,57.2912
2767.7,57.2898
2767.8,57.2884
2767.9,57.2869
2768,57.2855
2768.1,57.2841
2768.2,57.2826
2768.3,57.2812
2768.4,57.2798
2768.5,57.2783
2768.6,57.2769
2768.7,57.2754
2768.8,57.274
2768.9,57.2726
2769,57.2711
2769.1,57.2697
2769.2,57.2682
2769.3,57.2668
2769.4,57.2654
2769.5,57.2639
2769.6,57.2625
2769.7,57.2611
2769.8,57.2596
2769.9,57.2582
2770,57.2568
2770.1,57.2553
2770.2,57.2539
2770.3,57.2525
2770.4,57.251
2770.5,57.2496
2770.6,57.2482
2770.7,57.2468
2770.8,57.2453
2770.9,57.2439
2771,57.2425
2771.1,57.2411
2771.2,57.2397
2771.3,57.2382
2771.4,57.2368
2771.5,57.2354
2771.6,57.234
2771.7,57.2326
2771.8,57.2311
2771.9,57.2297
2772,57.2283
2772.1,57.2269
2772.2,57.2254
2772.3,57.224
2772.4,57.2226
2772.5,57.2212
2772.6,57.2197
2772.7,57.2183
2772.8,57.2169
2772.9,57.2155
2773,57.214
2773.1,57.2126
2773.2,57.2112
2773.3,57.2097
2773.4,57.2083
2773.5,57.2069
2773.6,57.2054
2773.7,57.204
2773.8,57.2026
2773.9,57.2011
2774,57.1997
2774.1,57.1983
2774.2,57.1968
2774.3,57.1954
2774.4,57.194
2774.5,57.1925
2774.6,57.1911
2774.7,57.1897
2774.8,57.1882
2774.9,57.1868
2775,57.1854
2775.1,57.1839
2775.2,57.1825
2775.3,57.1811
2775.4,57.1797
2775.5,57.1782
2775.6,57.1768
2775.7,57.1754
2775.8,57.1739
2775.9,57.1725
2776,57.1711
2776.1,57.1697
2776.2,57.1682
2776.3,57.1668
2776.4,57.1654
2776.5,57.164
2776.6,57.1625
2776.7,57.1611
2776.8,57.1597
2776.9,57.1583
2777,57.1568
2777.1,57.1554
2777.2,57.154
2777.3,57.1525
2777.4,57.1511
2777.5,57.1497
2777.6,57.1483
2777.7,57.1468
2777.8,57.1454
2777.9,57.144
2778,57.1425
2778.1,57.1411
2778.2,57.1397
2778.3,57.1383
2778.4,57.1368
2778.5,57.1354
2778.6,57.134
2778.7,57.1325
2778.8,57.1311
2778.9,57.1296
2779,57.1282
2779.1,57.1268
2779.2,57.1253
2779.3,57.1239
2779.4,57.1225
2779.5,57.121
2779.6,57.1196
2779.7,57.1181
2779.8,57.1167
2779.9,57.1153
2780,57.1138
2780.1,57.1124
2780.2,57.1109
2780.3,57.1095
2780.4,57.108
2780.5,57.1066
2780.6,57.1052
2780.7,57.1037
2780.8,57.1023
2780.9,57.1008
2781,57.0994
2781.1,57.0979
2781.2,57.0965
2781.3,57.095
2781.4,57.0936
2781.5,57.0921
2781.6,57.0907
2781.7,57.0892
2781.8,57.0878
2781.9,57.0863
2782,57.0849
2782.1,57.0834
2782.2,57.082
2782.3,57.0805
2782.4,57.0791
2782.5,57.0776
2782.6,57.0761
2782.7,57.0747
2782.8,57.0732
2782.9,57.0718
2783,57.0703
2783.1,57.0689
2783.2,57.0674
2783.3,57.0659
2783.4,57.0645
2783.5,57.063
2783.6,57.0616
2783.7,57.0601
2783.8,57.0586
2783.9,57.0572
2784,57.0557
2784.1,57.0543
2784.2,57.0528
2784.3,57.0513
2784.4,57.0499
2784.5,57.0484
2784.6,57.047
2784.7,57.0455
2784.8,57.044
2784.9,57.0426
2785,57.0411
2785.1,57.0397
2785.2,57.0382
2785.3,57.0367
2785.4,57.0353
2785.5,57.0338
2785.6,57.0323
2785.7,57.0309
2785.8,57.0294
2785.9,57.028
2786,57.0265
2786.1,57.025
2786.2,57.0236
2786.3,57.0221
2786.4,57.0206
2786.5,57.0192
2786.6,57.0177
2786.7,57.0162
2786.8,57.0148
2786.9,57.0133
2787,57.0118
2787.1,57.0104
2787.2,57.0089
2787.3,57.0074
2787.4,57.006
2787.5,57.0045
2787.6,57.003
2787.7,57.0016
2787.8,57.0001
2787.9,56.9986
2788,56.9972
2788.1,56.9957
2788.2,56.9943
2788.3,56.9928
2788.4,56.9913
2788.5,56.9899
2788.6,56.9884
2788.7,56.9869
2788.8,56.9855
2788.9,56.984
2789,56.9826
2789.1,56.9811
2789.2,56.9796
2789.3,56.9782
2789.4,56.9767
2789.5,56.9752
2789.6,56.9738
2789.7,56.9723
2789.8,56.9709
2789.9,56.9694
2790,56.9679
2790.1,56.9665
2790.2,56.965
2790.3,56.9636
2790.4,56.9621
2790.5,56.9606
2790.6,56.9592
2790.7,56.9577
2790.8,56.9563
2790.9,56.9548
2791,56.9533
2791.1,56.9519
2791.2,56.9504
2791.3,56.949
2791.4,56.9475
2791.5,56.9461
2791.6,56.9446
2791.7,56.9431
2791.8,56.9417
2791.9,56.9402
2792,56.9388
2792.1,56.9373
2792.2,56.9359
2792.3,56.9344
2792.4,56.933
2792.5,56.9315
2792.6,56.9301
2792.7,56.9286
2792.8,56.9272
2792.9,56.9257
2793,56.9243
2793.1,56.9228
2793.2,56.9214
2793.3,56.92
2793.4,56.9185
2793.5,56.9171
2793.6,56.9156
2793.7,56.9142
2793.8,56.9128
2793.9,56.9113
2794,56.9099
2794.1,56.9085
2794.2,56.907
2794.3,56.9056
2794.4,56.9042
2794.5,56.9027
2794.6,56.9013
2794.7,56.8999
2794.8,56.8985
2794.9,56.897
2795,56.8956
2795.1,56.8942
2795.2,56.8928
2795.3,56.8913
2795.4,56.8899
2795.5,56.8885
2795.6,56.8871
2795.7,56.8856
2795.8,56.8842
2795.9,56.8828
2796,56.8814
2796.1,56.88
2796.2,56.8786
2796.3,56.8772
2796.4,56.8758
2796.5,56.8744
2796.6,56.873
2796.7,56.8716
2796.8,56.8702
2796.9,56.8688
2797,56.8674
2797.1,56.866
2797.2,56.8646
2797.3,56.8632
2797.4,56.8619
2797.5,56.8605
2797.6,56.8591
2797.7,56.8578
2797.8,56.8564
2797.9,56.8551
2798,56.8537
2798.1,56.8524
2798.2,56.851
2798.3,56.8497
2798.4,56.8484
2798.5,56.847
2798.6,56.8457
2798.7,56.8444
2798.8,56.843
2798.9,56.8417
2799,56.8404
2799.1,56.839
2799.2,56.8377
2799.3,56.8363
2799.4,56.8349
2799.5,56.8336
2799.6,56.8322
2799.7,56.8308
2799.8,56.8294
2799.9,56.8281
2800,56.8267
2800.1,56.8253
2800.2,56.8239
2800.3,56.8225
2800.4,56.8211
2800.5,56.8197
2800.6,56.8182
2800.7,56.8168
2800.8,56.8154
2800.9,56.814
2801,56.8126
2801.1,56.8111
2801.2,56.8097
2801.3,56.8083
2801.4,56.8068
2801.5,56.8054
2801.6,56.8039
2801.7,56.8025
2801.8,56.8011
2801.9,56.7996
2802,56.7982
2802.1,56.7967
2802.2,56.7953
2802.3,56.7938
2802.4,56.7924
2802.5,56.7909
2802.6,56.7895
2802.7,56.788
2802.8,56.7866
2802.9,56.7851
2803,56.7837
2803.1,56.7822
2803.2,56.7807
2803.3,56.7793
2803.4,56.7778
2803.5,56.7764
2803.6,56.7749
2803.7,56.7734
2803.8,56.772
2803.9,56.7705
2804,56.7691
2804.1,56.7676
2804.2,56.7661
2804.3,56.7647
2804.4,56.7632
2804.5,56.7617
2804.6,56.7603
2804.7,56.7588
2804.8,56.7573
2804.9,56.7559
2805,56.7544
2805.1,56.7529
2805.2,56.7514
2805.3,56.75
2805.4,56.7485
2805.5,56.747
2805.6,56.7455
2805.7,56.7441
2805.8,56.7426
2805.9,56.7411
2806,56.7396
2806.1,56.7382
2806.2,56.7367
2806.3,56.7352
2806.4,56.7337
2806.5,56.7322
2806.6,56.7307
2806.7,56.7293
2806.8,56.7278
2806.9,56.7263
2807,56.7248
2807.1,56.7233
2807.2,56.7218
2807.3,56.7203
2807.4,56.7188
2807.5,56.7174
2807.6,56.7159
2807.7,56.7144
2807.8,56.7129
2807.9,56.7114
2808,56.7099
2808.1,56.7084
2808.2,56.7069
2808.3,56.7054
2808.4,56.7039
2808.5,56.7025
2808.6,56.701
2808.7,56.6995
2808.8,56.698
2808.9,56.6965
2809,56.695
2809.1,56.6935
2809.2,56.692
2809.3,56.6906
2809.4,56.6891
2809.5,56.6876
2809.6,56.6861
2809.7,56.6846
2809.8,56.6831
2809.9,56.6816
2810,56.6802
2810.1,56.6787
2810.2,56.6772
2810.3,56.6757
2810.4,56.6742
2810.5,56.6727
2810.6,56.6713
2810.7,56.6698
2810.8,56.6683
2810.9,56.6668
2811,56.6653
2811.1,56.6639
2811.2,56.6624
2811.3,56.6609
2811.4,56.6594
2811.5,56.6579
2811.6,56.6565
2811.7,56.655
2811.8,56.6535
2811.9,56.652
2812,56.6506
2812.1,56.6491
2812.2,56.6476
2812.3,56.6461
2812.4,56.6447
2812.5,56.6432
2812.6,56.6417
2812.7,56.6402
2812.8,56.6388
2812.9,56.6373
2813,56.6358
2813.1,56.6343
2813.2,56.6329
2813.3,56.6314
2813.4,56.6299
2813.5,56.6285
2813.6,56.627
2813.7,56.6255
2813.8,56.624
2813.9,56.6226
2814,56.6211
2814.1,56.6196
2814.2,56.6182
2814.3,56.6167
2814.4,56.6152
2814.5,56.6138
2814.6,56.6123
2814.7,56.6109
2814.8,56.6094
2814.9,56.6079
2815,56.6065
2815.1,56.605
2815.2,56.6036
2815.3,56.6021
2815.4,56.6006
2815.5,56.5992
2815.6,56.5977
2815.7,56.5963
2815.8,56.5948
2815.9,56.5933
2816,56.5919
2816.1,56.5904
2816.2,56.589
2816.3,56.5875
2816.4,56.586
2816.5,56.5846
2816.6,56.5831
2816.7,56.5817
2816.8,56.5802
2816.9,56.5788
2817,56.5773
2817.1,56.5758
2817.2,56.5744
2817.3,56.5729
2817.4,56.5715
2817.5,56.57
2817.6,56.5686
2817.7,56.5671
2817.8,56.5657
2817.9,56.5642
2818,56.5628
2818.1,56.5613
2818.2,56.5599
2818.3,56.5584
2818.4,56.557
2818.5,56.5555
2818.6,56.5541
2818.7,56.5526
2818.8,56.5512
2818.9,56.5497
2819,56.5483
2819.1,56.5469
2819.2,56.5454
2819.3,56.544
2819.4,56.5426
2819.5,56.5411
2819.6,56.5397
2819.7,56.5383
2819.8,56.5368
2819.9,56.5354
2820,56.534
2820.1,56.5326
2820.2,56.5311
2820.3,56.5297
2820.4,56.5283
2820.5,56.5269
2820.6,56.5255
2820.7,56.5241
2820.8,56.5226
2820.9,56.5212
2821,56.5198
2821.1,56.5184
2821.2,56.517
2821.3,56.5155
2821.4,56.5141
2821.5,56.5127
2821.6,56.5113
2821.7,56.5099
2821.8,56.5084
2821.9,56.507
2822,56.5056
2822.1,56.5042
2822.2,56.5027
2822.3,56.5013
2822.4,56.4999
2822.5,56.4985
2822.6,56.497
2822.7,56.4956
2822.8,56.4942
2822.9,56.4927
2823,56.4913
2823.1,56.4899
2823.2,56.4884
2823.3,56.487
2823.4,56.4855
2823.5,56.4841
2823.6,56.4827
2823.7,56.4812
2823.8,56.4798
2823.9,56.4784
2824,56.4769
2824.1,56.4755
2824.2,56.474
2824.3,56.4726
2824.4,56.4711
2824.5,56.4697
2824.6,56.4683
2824.7,56.4668
2824.8,56.4654
2824.9,56.4639
2825,56.4625
2825.1,56.461
2825.2,56.4596
2825.3,56.4581
2825.4,56.4567
2825.5,56.4552
2825.6,56.4538
2825.7,56.4523
2825.8,56.4509
2825.9,56.4494
2826,56.4479
2826.1,56.4465
2826.2,56.445
2826.3,56.4436
2826.4,56.4421
2826.5,56.4406
2826.6,56.4392
2826.7,56.4377
2826.8,56.4362
2826.9,56.4348
2827,56.4333
2827.1,56.4318
2827.2,56.4304
2827.3,56.4289
2827.4,56.4274
2827.5,56.4259
2827.6,56.4245
2827.7,56.423
2827.8,56.4215
2827.9,56.42
2828,56.4186
2828.1,56.4171
2828.2,56.4156
2828.3,56.4141
2828.4,56.4126
2828.5,56.4112
2828.6,56.4097
2828.7,56.4082
2828.8,56.4067
2828.9,56.4052
2829,56.4037
2829.1,56.4023
2829.2,56.4008
2829.3,56.3993
2829.4,56.3978
2829.5,56.3963
2829.6,56.3948
2829.7,56.3933
2829.8,56.3918
2829.9,56.3903
2830,56.3888
2830.1,56.3873
2830.2,56.3858
2830.3,56.3843
2830.4,56.3828
2830.5,56.3813
2830.6,56.3798
2830.7,56.3784
2830.8,56.3769
2830.9,56.3754
2831,56.3739
2831.1,56.3724
2831.2,56.3709
2831.3,56.3694
2831.4,56.3679
2831.5,56.3664
2831.6,56.3649
2831.7,56.3634
2831.8,56.3619
2831.9,56.3604
2832,56.3589
2832.1,56.3574
2832.2,56.3559
2832.3,56.3544
2832.4,56.3529
2832.5,56.3514
2832.6,56.35
2832.7,56.3485
2832.8,56.347
2832.9,56.3455
2833,56.344
2833.1,56.3425
2833.2,56.341
2833.3,56.3395
2833.4,56.3381
2833.5,56.3366
2833.6,56.3351
2833.7,56.3336
2833.8,56.3321
2833.9,56.3306
2834,56.3292
2834.1,56.3277
2834.2,56.3262
2834.3,56.3247
2834.4,56.3233
2834.5,56.3218
2834.6,56.3203
2834.7,56.3188
2834.8,56.3174
2834.9,56.3159
2835,56.3144
2835.1,56.313
2835.2,56.3115
2835.3,56.31
2835.4,56.3086
2835.5,56.3071
2835.6,56.3056
2835.7,56.3042
2835.8,56.3027
2835.9,56.3012
2836,56.2998
2836.1,56.2983
2836.2,56.2969
2836.3,56.2955
2836.4,56.2941
2836.5,56.2927
2836.6,56.2913
2836.7,56.2899
2836.8,56.2886
2836.9,56.2872
2837,56.2859
2837.1,56.2846
2837.2,56.2832
2837.3,56.2819
2837.4,56.2806
2837.5,56.2792
2837.6,56.2779
2837.7,56.2766
2837.8,56.2752
2837.9,56.2739
2838,56.2725
2838.1,56.2712
2838.2,56.2698
2838.3,56.2685
2838.4,56.2671
2838.5,56.2657
2838.6,56.2643
2838.7,56.2629
2838.8,56.2615
2838.9,56.2601
2839,56.2587
2839.1,56.2573
2839.2,56.2559
2839.3,56.2544
2839.4,56.253
2839.5,56.2516
2839.6,56.2501
2839.7,56.2487
2839.8,56.2473
2839.9,56.2458
2840,56.2444
2840.1,56.2429
2840.2,56.2414
2840.3,56.24
2840.4,56.2385
2840.5,56.2371
2840.6,56.2356
2840.7,56.2341
2840.8,56.2326
2840.9,56.2312
2841,56.2297
2841.1,56.2282
2841.2,56.2267
2841.3,56.2252
2841.4,56.2238
2841.5,56.2223
2841.6,56.2208
2841.7,56.2193
2841.8,56.2178
2841.9,56.2163
2842,56.2148
2842.1,56.2134
2842.2,56.2119
2842.3,56.2104
2842.4,56.2089
2842.5,56.2074
2842.6,56.2059
2842.7,56.2044
2842.8,56.2029
2842.9,56.2014
2843,56.1999
2843.1,56.1984
2843.2,56.1969
2843.3,56.1954
2843.4,56.1939
2843.5,56.1924
2843.6,56.1909
2843.7,56.1895
2843.8,56.188
2843.9,56.1865
2844,56.185
2844.1,56.1835
2844.2,56.182
2844.3,56.1805
2844.4,56.179
2844.5,56.1775
2844.6,56.176
2844.7,56.1745
2844.8,56.173
2844.9,56.1715
2845,56.17
2845.1,56.1685
2845.2,56.167
2845.3,56.1655
2845.4,56.164
2845.5,56.1625
2845.6,56.161
2845.7,56.1595
2845.8,56.158
2845.9,56.1565
2846,56.155
2846.1,56.1535
2846.2,56.152
2846.3,56.1505
2846.4,56.149
2846.5,56.1475
2846.6,56.146
2846.7,56.1445
2846.8,56.143
2846.9,56.1415
2847,56.14
2847.1,56.1385
2847.2,56.137
2847.3,56.1355
2847.4,56.134
2847.5,56.1325
2847.6,56.131
2847.7,56.1295
2847.8,56.128
2847.9,56.1265
2848,56.125
2848.1,56.1235
2848.2,56.122
2848.3,56.1205
2848.4,56.119
2848.5,56.1175
2848.6,56.116
2848.7,56.1145
2848.8,56.113
2848.9,56.1115
2849,56.11
2849.1,56.1085
2849.2,56.107
2849.3,56.1055
2849.4,56.1041
2849.5,56.1026
2849.6,56.1011
2849.7,56.0996
2849.8,56.0981
2849.9,56.0966
2850,56.0951
2850.1,56.0936
2850.2,56.0921
2850.3,56.0906
2850.4,56.0891
2850.5,56.0876
2850.6,56.0861
2850.7,56.0846
2850.8,56.0831
2850.9,56.0816
2851,56.0801
2851.1,56.0786
2851.2,56.0771
2851.3,56.0756
2851.4,56.0741
2851.5,56.0726
2851.6,56.0711
2851.7,56.0696
2851.8,56.0681
2851.9,56.0666
2852,56.0651
2852.1,56.0636
2852.2,56.0621
2852.3,56.0606
2852.4,56.0591
2852.5,56.0576
2852.6,56.0561
2852.7,56.0546
2852.8,56.0531
2852.9,56.0516
2853,56.0501
2853.1,56.0486
2853.2,56.0471
2853.3,56.0456
2853.4,56.0441
2853.5,56.0426
2853.6,56.0411
2853.7,56.0396
2853.8,56.0381
2853.9,56.0366
2854,56.0351
2854.1,56.0336
2854.2,56.0321
2854.3,56.0306
2854.4,56.0291
2854.5,56.0276
2854.6,56.0261
2854.7,56.0246
2854.8,56.0232
2854.9,56.0217
2855,56.0202
2855.1,56.0187
2855.2,56.0172
2855.3,56.0157
2855.4,56.0142
2855.5,56.0127
2855.6,56.0112
2855.7,56.0097
2855.8,56.0082
2855.9,56.0067
2856,56.0052
2856.1,56.0037
2856.2,56.0022
2856.3,56.0007
2856.4,55.9992
2856.5,55.9977
2856.6,55.9962
2856.7,55.9947
2856.8,55.9932
2856.9,55.9917
2857,55.9902
2857.1,55.9887
2857.2,55.9872
2857.3,55.9857
2857.4,55.9842
2857.5,55.9827
2857.6,55.9812
2857.7,55.9797
2857.8,55.9782
2857.9,55.9767
2858,55.9752
2858.1,55.9737
2858.2,55.9722
2858.3,55.9707
2858.4,55.9692
2858.5,55.9677
2858.6,55.9662
2858.7,55.9647
2858.8,55.9632
2858.9,55.9617
2859,55.9602
2859.1,55.9587
2859.2,55.9572
2859.3,55.9557
2859.4,55.9542
2859.5,55.9527
2859.6,55.9512
2859.7,55.9497
2859.8,55.9482
2859.9,55.9467
2860,55.9452
2860.1,55.9438
2860.2,55.9423
2860.3,55.9408
2860.4,55.9393
2860.5,55.9378
2860.6,55.9363
2860.7,55.9348
2860.8,55.9333
2860.9,55.9318
2861,55.9303
2861.1,55.9288
2861.2,55.9273
2861.3,55.9258
2861.4,55.9243
2861.5,55.9228
2861.6,55.9213
2861.7,55.9198
2861.8,55.9183
2861.9,55.9168
2862,55.9153
2862.1,55.9138
2862.2,55.9123
2862.3,55.9108
2862.4,55.9093
2862.5,55.9078
2862.6,55.9063
2862.7,55.9048
2862.8,55.9033
2862.9,55.9018
2863,55.9003
2863.1,55.8988
2863.2,55.8973
2863.3,55.8958
2863.4,55.8943
2863.5,55.8928
2863.6,55.8913
2863.7,55.8898
2863.8,55.8883
2863.9,55.8868
2864,55.8853
2864.1,55.8838
2864.2,55.8823
2864.3,55.8808
2864.4,55.8793
2864.5,55.8778
2864.6,55.8763
2864.7,55.8748
2864.8,55.8733
2864.9,55.8718
2865,55.8703
2865.1,55.8688
2865.2,55.8673
2865.3,55.8658
2865.4,55.8643
2865.5,55.8628
2865.6,55.8613
2865.7,55.8598
2865.8,55.8583
2865.9,55.8568
2866,55.8553
2866.1,55.8538
2866.2,55.8523
2866.3,55.8508
2866.4,55.8493
2866.5,55.8478
2866.6,55.8463
2866.7,55.8449
2866.8,55.8434
2866.9,55.8419
2867,55.8404
2867.1,55.8389
2867.2,55.8374
2867.3,55.8359
2867.4,55.8344
2867.5,55.8329
2867.6,55.8314
2867.7,55.8299
2867.8,55.8284
2867.9,55.8269
2868,55.8254
2868.1,55.8239
2868.2,55.8224
2868.3,55.8209
2868.4,55.8194
2868.5,55.8179
2868.6,55.8164
2868.7,55.8149
2868.8,55.8134
2868.9,55.8119
2869,55.8104
2869.1,55.8089
2869.2,55.8074
2869.3,55.8059
2869.4,55.8044
2869.5,55.8029
2869.6,55.8014
2869.7,55.7999
2869.8,55.7984
2869.9,55.7969
2870,55.7954
2870.1,55.7939
2870.2,55.7924
2870.3,55.7909
2870.4,55.7894
2870.5,55.7879
2870.6,55.7864
2870.7,55.7849
2870.8,55.7834
2870.9,55.7819
2871,55.7804
2871.1,55.7789
2871.2,55.7774
2871.3,55.7759
2871.4,55.7744
2871.5,55.7729
2871.6,55.7714
2871.7,55.7699
2871.8,55.7684
2871.9,55.7669
2872,55.7654
2872.1,55.7639
2872.2,55.7624
2872.3,55.7609
2872.4,55.7594
2872.5,55.7579
2872.6,55.7565
2872.7,55.755
2872.8,55.7535
2872.9,55.752
2873,55.7505
2873.1,55.749
2873.2,55.7475
2873.3,55.746
2873.4,55.7445
2873.5,55.743
2873.6,55.7415
2873.7,55.74
2873.8,55.7385
2873.9,55.737
2874,55.7355
2874.1,55.734
2874.2,55.7325
2874.3,55.731
2874.4,55.7295
2874.5,55.728
2874.6,55.7265
2874.7,55.725
2874.8,55.7235
2874.9,55.722
2875,55.7205
2875.1,55.719
2875.2,55.7175
2875.3,55.716
2875.4,55.7145
2875.5,55.713
2875.6,55.7115
2875.7,55.71
2875.8,55.7085
2875.9,55.707
2876,55.7055
2876.1,55.704
2876.2,55.7025
2876.3,55.701
2876.4,55.6995
2876.5,55.698
2876.6,55.6965
2876.7,55.695
2876.8,55.6935
2876.9,55.692
2877,55.6905
2877.1,55.689
2877.2,55.6875
2877.3,55.686
2877.4,55.6845
2877.5,55.683
2877.6,55.6815
2877.7,55.68
2877.8,55.6785
2877.9,55.677
2878,55.6755
2878.1,55.674
2878.2,55.6725
2878.3,55.671
2878.4,55.6695
2878.5,55.668
2878.6,55.6666
2878.7,55.6651
2878.8,55.6636
2878.9,55.6621
2879,55.6606
2879.1,55.6591
2879.2,55.6576
2879.3,55.6561
2879.4,55.6546
2879.5,55.6531
2879.6,55.6516
2879.7,55.6501
2879.8,55.6486
2879.9,55.6471
2880,55.6456
2880.1,55.6441
2880.2,55.6426
2880.3,55.6411
2880.4,55.6396
2880.5,55.6381
2880.6,55.6366
2880.7,55.6351
2880.8,55.6336
2880.9,55.6321
2881,55.6306
2881.1,55.6291
2881.2,55.6276
2881.3,55.6261
2881.4,55.6246
2881.5,55.6231
2881.6,55.6216
2881.7,55.6201
2881.8,55.6186
2881.9,55.6171
2882,55.6156
2882.1,55.6141
2882.2,55.6126
2882.3,55.6111
2882.4,55.6096
2882.5,55.6081
2882.6,55.6066
2882.7,55.6051
2882.8,55.6036
2882.9,55.6021
2883,55.6006
2883.1,55.5991
2883.2,55.5976
2883.3,55.5961
2883.4,55.5946
2883.5,55.5931
2883.6,55.5917
2883.7,55.5902
2883.8,55.5887
2883.9,55.5872
2884,55.5857
2884.1,55.5842
2884.2,55.5827
2884.3,55.5812
2884.4,55.5797
2884.5,55.5782
2884.6,55.5767
2884.7,55.5752
2884.8,55.5737
2884.9,55.5722
2885,55.5707
2885.1,55.5692
2885.2,55.5677
2885.3,55.5662
2885.4,55.5647
2885.5,55.5633
2885.6,55.5618
2885.7,55.5603
2885.8,55.5588
2885.9,55.5573
2886,55.5558
2886.1,55.5543
2886.2,55.5529
2886.3,55.5514
2886.4,55.5499
2886.5,55.5484
2886.6,55.5469
2886.7,55.5455
2886.8,55.544
2886.9,55.5426
2887,55.5411
2887.1,55.5397
2887.2,55.5383
2887.3,55.537
2887.4,55.5357
2887.5,55.5344
2887.6,55.5331
2887.7,55.5319
2887.8,55.5308
2887.9,55.5296
2888,55.5285
2888.1,55.5273
2888.2,55.5262
2888.3,55.5251
2888.4,55.524
2888.5,55.5229
2888.6,55.5218
2888.7,55.5206
2888.8,55.5195
2888.9,55.5183
2889,55.5172
2889.1,55.516
2889.2,55.5148
2889.3,55.5136
2889.4,55.5123
2889.5,55.511
2889.6,55.5098
2889.7,55.5085
2889.8,55.5071
2889.9,55.5058
2890,55.5045
2890.1,55.5031
2890.2,55.5017
2890.3,55.5003
2890.4,55.4989
2890.5,55.4975
2890.6,55.4961
2890.7,55.4947
2890.8,55.4932
2890.9,55.4918
2891,55.4904
2891.1,55.4889
2891.2,55.4874
2891.3,55.486
2891.4,55.4845
2891.5,55.483
2891.6,55.4816
2891.7,55.4801
2891.8,55.4786
2891.9,55.4771
2892,55.4757
2892.1,55.4742
2892.2,55.4727
2892.3,55.4712
2892.4,55.4697
2892.5,55.4682
2892.6,55.4667
2892.7,55.4653
2892.8,55.4638
2892.9,55.4623
2893,55.4608
2893.1,55.4593
2893.2,55.4578
2893.3,55.4563
2893.4,55.4548
2893.5,55.4533
2893.6,55.4518
2893.7,55.4504
2893.8,55.4489
2893.9,55.4474
2894,55.4459
2894.1,55.4444
2894.2,55.4429
2894.3,55.4414
2894.4,55.4399
2894.5,55.4384
2894.6,55.4369
2894.7,55.4354
2894.8,55.4339
2894.9,55.4324
2895,55.431
2895.1,55.4295
2895.2,55.428
2895.3,55.4265
2895.4,55.425
2895.5,55.4235
2895.6,55.422
2895.7,55.4205
2895.8,55.419
2895.9,55.4175
2896,55.416
2896.1,55.4145
2896.2,55.413
2896.3,55.4115
2896.4,55.41
2896.5,55.4086
2896.6,55.4071
2896.7,55.4056
2896.8,55.4041
2896.9,55.4026
2897,55.4011
2897.1,55.3996
2897.2,55.3981
2897.3,55.3966
2897.4,55.3951
2897.5,55.3936
2897.6,55.3921
2897.7,55.3906
2897.8,55.3891
2897.9,55.3876
2898,55.3862
2898.1,55.3847
2898.2,55.3832
2898.3,55.3817
2898.4,55.3802
2898.5,55.3787
2898.6,55.3772
2898.7,55.3757
2898.8,55.3742
2898.9,55.3727
2899,55.3712
2899.1,55.3697
2899.2,55.3682
2899.3,55.3667
2899.4,55.3652
2899.5,55.3637
2899.6,55.3623
2899.7,55.3608
2899.8,55.3593
2899.9,55.3578
2900,55.3563
2900.1,55.3548
2900.2,55.3533
2900.3,55.3518
2900.4,55.3503
2900.5,55.3488
2900.6,55.3473
2900.7,55.3458
2900.8,55.3443
2900.9,55.3428
2901,55.3413
2901.1,55.3399
2901.2,55.3384
2901.3,55.3369
2901.4,55.3354
2901.5,55.3339
2901.6,55.3324
2901.7,55.3309
2901.8,55.3294
2901.9,55.3279
2902,55.3264
2902.1,55.3249
2902.2,55.3234
2902.3,55.3219
2902.4,55.3204
2902.5,55.3189
2902.6,55.3175
2902.7,55.316
2902.8,55.3145
2902.9,55.313
2903,55.3115
2903.1,55.31
2903.2,55.3085
2903.3,55.307
2903.4,55.3055
2903.5,55.304
2903.6,55.3025
2903.7,55.301
2903.8,55.2995
2903.9,55.298
2904,55.2966
2904.1,55.2951
2904.2,55.2936
2904.3,55.2921
2904.4,55.2906
2904.5,55.2891
2904.6,55.2876
2904.7,55.2861
2904.8,55.2846
2904.9,55.2831
2905,55.2816
2905.1,55.2801
2905.2,55.2786
2905.3,55.2771
2905.4,55.2756
2905.5,55.2742
2905.6,55.2727
2905.7,55.2712
2905.8,55.2697
2905.9,55.2682
2906,55.2667
2906.1,55.2652
2906.2,55.2637
2906.3,55.2622
2906.4,55.2607
2906.5,55.2592
2906.6,55.2577
2906.7,55.2562
2906.8,55.2547
2906.9,55.2532
2907,55.2518
2907.1,55.2503
2907.2,55.2488
2907.3,55.2473
2907.4,55.2458
2907.5,55.2443
2907.6,55.2428
2907.7,55.2413
2907.8,55.2398
2907.9,55.2383
2908,55.2368
2908.1,55.2353
2908.2,55.2338
2908.3,55.2323
2908.4,55.2309
2908.5,55.2294
2908.6,55.2279
2908.7,55.2264
2908.8,55.2249
2908.9,55.2234
2909,55.2219
2909.1,55.2204
2909.2,55.2189
2909.3,55.2174
2909.4,55.2159
2909.5,55.2144
2909.6,55.2129
2909.7,55.2114
2909.8,55.2099
2909.9,55.2085
2910,55.207
2910.1,55.2055
2910.2,55.204
2910.3,55.2025
2910.4,55.201
2910.5,55.1995
2910.6,55.198
2910.7,55.1965
2910.8,55.195
2910.9,55.1935
2911,55.192
2911.1,55.1905
2911.2,55.189
2911.3,55.1875
2911.4,55.1861
2911.5,55.1846
2911.6,55.1831
2911.7,55.1816
2911.8,55.1801
2911.9,55.1786
2912,55.1771
2912.1,55.1756
2912.2,55.1741
2912.3,55.1726
2912.4,55.1712
2912.5,55.1697
2912.6,55.1682
2912.7,55.1667
2912.8,55.1652
2912.9,55.1637
2913,55.1622
2913.1,55.1608
2913.2,55.1593
2913.3,55.1578
2913.4,55.1563
2913.5,55.1548
2913.6,55.1534
2913.7,55.1519
2913.8,55.1504
2913.9,55.1489
2914,55.1475
2914.1,55.146
2914.2,55.1445
2914.3,55.1431
2914.4,55.1416
2914.5,55.1402
2914.6,55.1387
2914.7,55.1373
2914.8,55.1358
2914.9,55.1344
2915,55.1329
2915.1,55.1315
2915.2,55.1301
2915.3,55.1286
2915.4,55.1272
2915.5,55.1258
2915.6,55.1244
2915.7,55.123
2915.8,55.1216
2915.9,55.1201
2916,55.1187
2916.1,55.1173
2916.2,55.1159
2916.3,55.1145
2916.4,55.1131
2916.5,55.1117
2916.6,55.1103
2916.7,55.1089
2916.8,55.1075
2916.9,55.1061
2917,55.1046
2917.1,55.1032
2917.2,55.1018
2917.3,55.1004
2917.4,55.099
2917.5,55.0976
2917.6,55.0961
2917.7,55.0947
2917.8,55.0933
2917.9,55.0919
2918,55.0904
2918.1,55.089
2918.2,55.0876
2918.3,55.0861
2918.4,55.0847
2918.5,55.0833
2918.6,55.0818
2918.7,55.0804
2918.8,55.0789
2918.9,55.0775
2919,55.076
2919.1,55.0746
2919.2,55.0732
2919.3,55.0717
2919.4,55.0703
2919.5,55.0688
2919.6,55.0674
2919.7,55.0659
2919.8,55.0645
2919.9,55.063
2920,55.0616
2920.1,55.0601
2920.2,55.0587
2920.3,55.0572
2920.4,55.0558
2920.5,55.0543
2920.6,55.0528
2920.7,55.0514
2920.8,55.0499
2920.9,55.0485
2921,55.047
2921.1,55.0455
2921.2,55.0441
2921.3,55.0426
2921.4,55.0411
2921.5,55.0397
2921.6,55.0382
2921.7,55.0368
2921.8,55.0353
2921.9,55.0338
2922,55.0324
2922.1,55.0309
2922.2,55.0294
2922.3,55.0279
2922.4,55.0265
2922.5,55.025
2922.6,55.0235
2922.7,55.0221
2922.8,55.0206
2922.9,55.0191
2923,55.0176
2923.1,55.0162
2923.2,55.0147
2923.3,55.0132
2923.4,55.0118
2923.5,55.0103
2923.6,55.0088
2923.7,55.0073
2923.8,55.0059
2923.9,55.0044
2924,55.0029
2924.1,55.0014
2924.2,55
2924.3,54.9985
2924.4,54.997
2924.5,54.9955
2924.6,54.9941
2924.7,54.9926
2924.8,54.9911
2924.9,54.9896
2925,54.9882
2925.1,54.9867
2925.2,54.9852
2925.3,54.9837
2925.4,54.9823
2925.5,54.9808
2925.6,54.9793
2925.7,54.9779
2925.8,54.9764
2925.9,54.9749
2926,54.9735
2926.1,54.972
2926.2,54.9705
2926.3,54.9691
2926.4,54.9676
2926.5,54.9661
2926.6,54.9646
2926.7,54.9632
2926.8,54.9617
2926.9,54.9602
2927,54.9588
2927.1,54.9573
2927.2,54.9558
2927.3,54.9544
2927.4,54.9529
2927.5,54.9514
2927.6,54.95
2927.7,54.9485
2927.8,54.947
2927.9,54.9456
2928,54.9441
2928.1,54.9427
2928.2,54.9412
2928.3,54.9397
2928.4,54.9383
2928.5,54.9368
2928.6,54.9353
2928.7,54.9339
2928.8,54.9324
2928.9,54.9309
2929,54.9295
2929.1,54.928
2929.2,54.9265
2929.3,54.9251
2929.4,54.9236
2929.5,54.9221
2929.6,54.9207
2929.7,54.9192
2929.8,54.9177
2929.9,54.9163
2930,54.9148
2930.1,54.9133
2930.2,54.9119
2930.3,54.9104
2930.4,54.9089
2930.5,54.9075
2930.6,54.906
2930.7,54.9045
2930.8,54.9031
2930.9,54.9016
2931,54.9001
2931.1,54.8986
2931.2,54.8972
2931.3,54.8957
2931.4,54.8942
2931.5,54.8928
2931.6,54.8913
2931.7,54.8898
2931.8,54.8884
2931.9,54.8869
2932,54.8854
2932.1,54.884
2932.2,54.8825
2932.3,54.881
2932.4,54.8796
2932.5,54.8781
2932.6,54.8766
2932.7,54.8751
2932.8,54.8737
2932.9,54.8722
2933,54.8707
2933.1,54.8693
2933.2,54.8678
2933.3,54.8663
2933.4,54.8649
2933.5,54.8634
2933.6,54.8619
2933.7,54.8605
2933.8,54.859
2933.9,54.8575
2934,54.8561
2934.1,54.8546
2934.2,54.8532
2934.3,54.8517
2934.4,54.8502
2934.5,54.8488
2934.6,54.8473
2934.7,54.8459
2934.8,54.8444
2934.9,54.843
2935,54.8415
2935.1,54.8401
2935.2,54.8386
2935.3,54.8372
2935.4,54.8357
2935.5,54.8343
2935.6,54.8328
2935.7,54.8314
2935.8,54.8299
2935.9,54.8285
2936,54.827
2936.1,54.8256
2936.2,54.8241
2936.3,54.8227
2936.4,54.8212
2936.5,54.8198
2936.6,54.8184
2936.7,54.8169
2936.8,54.8155
2936.9,54.814
2937,54.8126
2937.1,54.8112
2937.2,54.8097
2937.3,54.8083
2937.4,54.8069
2937.5,54.8055
2937.6,54.804
2937.7,54.8026
2937.8,54.8012
2937.9,54.7998
2938,54.7983
2938.1,54.7969
2938.2,54.7955
2938.3,54.7941
2938.4,54.7926
2938.5,54.7912
2938.6,54.7898
2938.7,54.7884
2938.8,54.787
2938.9,54.7855
2939,54.7841
2939.1,54.7827
2939.2,54.7813
2939.3,54.7798
2939.4,54.7784
2939.5,54.777
2939.6,54.7755
2939.7,54.7741
2939.8,54.7727
2939.9,54.7713
2940,54.7698
2940.1,54.7684
2940.2,54.767
2940.3,54.7655
2940.4,54.7641
2940.5,54.7627
2940.6,54.7612
2940.7,54.7598
2940.8,54.7583
2940.9,54.7569
2941,54.7555
2941.1,54.754
2941.2,54.7526
2941.3,54.7511
2941.4,54.7497
2941.5,54.7483
2941.6,54.7468
2941.7,54.7454
2941.8,54.7439
2941.9,54.7425
2942,54.741
2942.1,54.7396
2942.2,54.7381
2942.3,54.7367
2942.4,54.7353
2942.5,54.7338
2942.6,54.7324
2942.7,54.7309
2942.8,54.7295
2942.9,54.728
2943,54.7266
2943.1,54.7251
2943.2,54.7237
2943.3,54.7222
2943.4,54.7208
2943.5,54.7193
2943.6,54.7179
2943.7,54.7164
2943.8,54.715
2943.9,54.7135
2944,54.7121
2944.1,54.7106
2944.2,54.7092
2944.3,54.7077
2944.4,54.7063
2944.5,54.7048
2944.6,54.7034
2944.7,54.7019
2944.8,54.7005
2944.9,54.699
2945,54.6975
2945.1,54.6961
2945.2,54.6946
2945.3,54.6932
2945.4,54.6917
2945.5,54.6903
2945.6,54.6888
2945.7,54.6874
2945.8,54.6859
2945.9,54.6845
2946,54.683
2946.1,54.6816
2946.2,54.6801
2946.3,54.6787
2946.4,54.6772
2946.5,54.6758
2946.6,54.6743
2946.7,54.6729
2946.8,54.6714
2946.9,54.67
2947,54.6685
2947.1,54.6671
2947.2,54.6656
2947.3,54.6642
2947.4,54.6628
2947.5,54.6613
2947.6,54.6599
2947.7,54.6585
2947.8,54.657
2947.9,54.6556
2948,54.6542
2948.1,54.6527
2948.2,54.6513
2948.3,54.6499
2948.4,54.6485
2948.5,54.6471
2948.6,54.6456
2948.7,54.6442
2948.8,54.6428
2948.9,54.6414
2949,54.64
2949.1,54.6386
2949.2,54.6372
2949.3,54.6358
2949.4,54.6344
2949.5,54.633
2949.6,54.6316
2949.7,54.6302
2949.8,54.6288
2949.9,54.6274
2950,54.626
2950.1,54.6246
2950.2,54.6233
2950.3,54.6219
2950.4,54.6206
2950.5,54.6192
2950.6,54.6179
2950.7,54.6165
2950.8,54.6152
2950.9,54.6139
2951,54.6126
2951.1,54.6113
2951.2,54.6099
2951.3,54.6086
2951.4,54.6073
2951.5,54.606
2951.6,54.6047
2951.7,54.6034
2951.8,54.602
2951.9,54.6007
2952,54.5994
2952.1,54.598
2952.2,54.5967
2952.3,54.5954
2952.4,54.594
2952.5,54.5927
2952.6,54.5913
2952.7,54.5899
2952.8,54.5886
2952.9,54.5872
2953,54.5858
2953.1,54.5844
2953.2,54.5831
2953.3,54.5817
2953.4,54.5803
2953.5,54.5789
2953.6,54.5775
2953.7,54.5761
2953.8,54.5747
2953.9,54.5733
2954,54.5719
2954.1,54.5705
2954.2,54.5691
2954.3,54.5677
2954.4,54.5662
2954.5,54.5648
2954.6,54.5634
2954.7,54.562
2954.8,54.5606
2954.9,54.5592
2955,54.5578
2955.1,54.5563
2955.2,54.5549
2955.3,54.5535
2955.4,54.5521
2955.5,54.5507
2955.6,54.5492
2955.7,54.5478
2955.8,54.5464
2955.9,54.545
2956,54.5436
2956.1,54.5421
2956.2,54.5407
2956.3,54.5393
2956.4,54.5379
2956.5,54.5364
2956.6,54.535
2956.7,54.5336
2956.8,54.5322
2956.9,54.5307
2957,54.5293
2957.1,54.5279
2957.2,54.5264
2957.3,54.525
2957.4,54.5236
2957.5,54.5222
2957.6,54.5207
2957.7,54.5193
2957.8,54.5179
2957.9,54.5164
2958,54.515
2958.1,54.5135
2958.2,54.5121
2958.3,54.5107
2958.4,54.5092
2958.5,54.5078
2958.6,54.5063
2958.7,54.5049
2958.8,54.5035
2958.9,54.502
2959,54.5006
2959.1,54.4991
2959.2,54.4977
2959.3,54.4962
2959.4,54.4948
2959.5,54.4933
2959.6,54.4919
2959.7,54.4905
2959.8,54.489
2959.9,54.4876
2960,54.4861
2960.1,54.4846
2960.2,54.4832
2960.3,54.4817
2960.4,54.4803
2960.5,54.4788
2960.6,54.4774
2960.7,54.4759
2960.8,54.4745
2960.9,54.473
2961,54.4716
2961.1,54.4701
2961.2,54.4686
2961.3,54.4672
2961.4,54.4657
2961.5,54.4643
2961.6,54.4628
2961.7,54.4614
2961.8,54.4599
2961.9,54.4584
2962,54.457
2962.1,54.4555
2962.2,54.4541
2962.3,54.4526
2962.4,54.4511
2962.5,54.4497
2962.6,54.4482
2962.7,54.4468
2962.8,54.4453
2962.9,54.4439
2963,54.4424
2963.1,54.4409
2963.2,54.4395
2963.3,54.438
2963.4,54.4366
2963.5,54.4351
2963.6,54.4336
2963.7,54.4322
2963.8,54.4307
2963.9,54.4292
2964,54.4278
2964.1,54.4263
2964.2,54.4249
2964.3,54.4234
2964.4,54.4219
2964.5,54.4205
2964.6,54.419
2964.7,54.4175
2964.8,54.4161
2964.9,54.4146
2965,54.4131
2965.1,54.4117
2965.2,54.4102
2965.3,54.4087
2965.4,54.4073
2965.5,54.4058
2965.6,54.4043
2965.7,54.4029
2965.8,54.4014
2965.9,54.3999
2966,54.3985
2966.1,54.397
2966.2,54.3955
2966.3,54.3941
2966.4,54.3926
2966.5,54.3911
2966.6,54.3897
2966.7,54.3882
2966.8,54.3867
2966.9,54.3852
2967,54.3838
2967.1,54.3823
2967.2,54.3808
2967.3,54.3793
2967.4,54.3779
2967.5,54.3764
2967.6,54.3749
2967.7,54.3734
2967.8,54.372
2967.9,54.3705
2968,54.369
2968.1,54.3675
2968.2,54.3661
2968.3,54.3646
2968.4,54.3631
2968.5,54.3616
2968.6,54.3602
2968.7,54.3587
2968.8,54.3572
2968.9,54.3557
2969,54.3542
2969.1,54.3528
2969.2,54.3513
2969.3,54.3498
2969.4,54.3483
2969.5,54.3469
2969.6,54.3454
2969.7,54.3439
2969.8,54.3424
2969.9,54.3409
2970,54.3395
2970.1,54.338
2970.2,54.3365
2970.3,54.335
2970.4,54.3336
2970.5,54.3321
2970.6,54.3306
2970.7,54.3291
2970.8,54.3276
2970.9,54.3262
2971,54.3247
2971.1,54.3232
2971.2,54.3217
2971.3,54.3202
2971.4,54.3188
2971.5,54.3173
2971.6,54.3158
2971.7,54.3143
2971.8,54.3129
2971.9,54.3114
2972,54.3099
2972.1,54.3084
2972.2,54.307
2972.3,54.3055
2972.4,54.304
2972.5,54.3025
2972.6,54.3011
2972.7,54.2996
2972.8,54.2981
2972.9,54.2966
2973,54.2952
2973.1,54.2937
2973.2,54.2922
2973.3,54.2907
2973.4,54.2893
2973.5,54.2878
2973.6,54.2863
2973.7,54.2849
2973.8,54.2834
2973.9,54.2819
2974,54.2804
2974.1,54.279
2974.2,54.2775
2974.3,54.276
2974.4,54.2746
2974.5,54.2731
2974.6,54.2716
2974.7,54.2702
2974.8,54.2687
2974.9,54.2672
2975,54.2658
2975.1,54.2643
2975.2,54.2629
2975.3,54.2614
2975.4,54.2599
2975.5,54.2585
2975.6,54.257
2975.7,54.2555
2975.8,54.2541
2975.9,54.2526
2976,54.2512
2976.1,54.2497
2976.2,54.2482
2976.3,54.2468
2976.4,54.2453
2976.5,54.2439
2976.6,54.2424
2976.7,54.2409
2976.8,54.2395
2976.9,54.238
2977,54.2366
2977.1,54.2351
2977.2,54.2337
2977.3,54.2322
2977.4,54.2307
2977.5,54.2293
2977.6,54.2278
2977.7,54.2264
2977.8,54.2249
2977.9,54.2234
2978,54.222
2978.1,54.2205
2978.2,54.2191
2978.3,54.2176
2978.4,54.2161
2978.5,54.2147
2978.6,54.2132
2978.7,54.2118
2978.8,54.2103
2978.9,54.2088
2979,54.2074
2979.1,54.2059
2979.2,54.2045
2979.3,54.203
2979.4,54.2015
2979.5,54.2001
2979.6,54.1986
2979.7,54.1971
2979.8,54.1957
2979.9,54.1942
2980,54.1928
2980.1,54.1913
2980.2,54.1898
2980.3,54.1884
2980.4,54.1869
2980.5,54.1854
2980.6,54.1839
2980.7,54.1825
2980.8,54.181
2980.9,54.1795
2981,54.1781
2981.1,54.1766
2981.2,54.1751
2981.3,54.1737
2981.4,54.1722
2981.5,54.1707
2981.6,54.1692
2981.7,54.1678
2981.8,54.1663
2981.9,54.1648
2982,54.1633
2982.1,54.1619
2982.2,54.1604
2982.3,54.1589
2982.4,54.1575
2982.5,54.156
2982.6,54.1545
2982.7,54.153
2982.8,54.1516
2982.9,54.1501
2983,54.1486
2983.1,54.1471
2983.2,54.1457
2983.3,54.1442
2983.4,54.1427
2983.5,54.1412
2983.6,54.1398
2983.7,54.1383
2983.8,54.1368
2983.9,54.1353
2984,54.1339
2984.1,54.1324
2984.2,54.1309
2984.3,54.1294
2984.4,54.128
2984.5,54.1265
2984.6,54.125
2984.7,54.1235
2984.8,54.1221
2984.9,54.1206
2985,54.1191
2985.1,54.1176
2985.2,54.1161
2985.3,54.1147
2985.4,54.1132
2985.5,54.1117
2985.6,54.1102
2985.7,54.1088
2985.8,54.1073
2985.9,54.1058
2986,54.1043
2986.1,54.1029
2986.2,54.1014
2986.3,54.0999
2986.4,54.0984
2986.5,54.097
2986.6,54.0955
2986.7,54.094
2986.8,54.0925
2986.9,54.091
2987,54.0896
2987.1,54.0881
2987.2,54.0866
2987.3,54.0851
2987.4,54.0837
2987.5,54.0822
2987.6,54.0807
2987.7,54.0792
2987.8,54.0777
2987.9,54.0763
2988,54.0748
2988.1,54.0733
2988.2,54.0718
2988.3,54.0704
2988.4,54.0689
2988.5,54.0674
2988.6,54.0659
2988.7,54.0644
2988.8,54.063
2988.9,54.0615
2989,54.06
2989.1,54.0585
2989.2,54.0571
2989.3,54.0556
2989.4,54.0541
2989.5,54.0527
2989.6,54.0512
2989.7,54.0499
2989.8,54.0485
2989.9,54.0472
2990,54.0459
2990.1,54.0446
2990.2,54.0433
2990.3,54.0421
2990.4,54.0408
2990.5,54.0396
2990.6,54.0384
2990.7,54.0372
2990.8,54.0359
2990.9,54.0347
2991,54.0335
2991.1,54.0323
2991.2,54.0311
2991.3,54.0298
2991.4,54.0286
2991.5,54.0273
2991.6,54.026
2991.7,54.0247
2991.8,54.0234
2991.9,54.0221
2992,54.0208
2992.1,54.0195
2992.2,54.0181
2992.3,54.0168
2992.4,54.0154
2992.5,54.0141
2992.6,54.0127
2992.7,54.0113
2992.8,54.0099
2992.9,54.0085
2993,54.0071
2993.1,54.0057
2993.2,54.0043
2993.3,54.0029
2993.4,54.0015
2993.5,54.0001
2993.6,53.9987
2993.7,53.9972
2993.8,53.9958
2993.9,53.9944
2994,53.9929
2994.1,53.9915
2994.2,53.9901
2994.3,53.9886
2994.4,53.9872
2994.5,53.9858
2994.6,53.9843
2994.7,53.9829
2994.8,53.9815
2994.9,53.98
2995,53.9786
2995.1,53.9771
2995.2,53.9757
2995.3,53.9743
2995.4,53.9728
2995.5,53.9714
2995.6,53.97
2995.7,53.9685
2995.8,53.9671
2995.9,53.9656
2996,53.9642
2996.1,53.9627
2996.2,53.9613
2996.3,53.9599
2996.4,53.9584
2996.5,53.957
2996.6,53.9555
2996.7,53.9541
2996.8,53.9527
2996.9,53.9512
2997,53.9498
2997.1,53.9483
2997.2,53.9469
2997.3,53.9455
2997.4,53.944
2997.5,53.9426
2997.6,53.9411
2997.7,53.9397
2997.8,53.9382
2997.9,53.9368
2998,53.9354
2998.1,53.9339
2998.2,53.9325
2998.3,53.931
2998.4,53.9296
2998.5,53.9281
2998.6,53.9267
2998.7,53.9253
2998.8,53.9238
2998.9,53.9224
2999,53.9209
2999.1,53.9195
2999.2,53.918
2999.3,53.9166
2999.4,53.9151
2999.5,53.9137
2999.6,53.9123
2999.7,53.9108
2999.8,53.9094
2999.9,53.9079
3000,53.9065
3000.1,53.905
3000.2,53.9036
3000.3,53.9022
3000.4,53.9007
3000.5,53.8993
3000.6,53.8978
3000.7,53.8964
3000.8,53.8949
3000.9,53.8935
3001,53.892
3001.1,53.8906
3001.2,53.8892
3001.3,53.8877
3001.4,53.8863
3001.5,53.8848
3001.6,53.8834
3001.7,53.8819
3001.8,53.8805
3001.9,53.8791
3002,53.8776
3002.1,53.8762
3002.2,53.8747
3002.3,53.8733
3002.4,53.8718
3002.5,53.8704
3002.6,53.869
3002.7,53.8675
3002.8,53.8661
3002.9,53.8646
3003,53.8632
3003.1,53.8618
3003.2,53.8603
3003.3,53.8589
3003.4,53.8574
3003.5,53.856
3003.6,53.8546
3003.7,53.8531
3003.8,53.8517
3003.9,53.8503
3004,53.8488
3004.1,53.8474
3004.2,53.8459
3004.3,53.8445
3004.4,53.8431
3004.5,53.8416
3004.6,53.8402
3004.7,53.8388
3004.8,53.8373
3004.9,53.8359
3005,53.8345
3005.1,53.833
3005.2,53.8316
3005.3,53.8302
3005.4,53.8287
3005.5,53.8273
3005.6,53.8259
3005.7,53.8244
3005.8,53.823
3005.9,53.8216
3006,53.8202
3006.1,53.8187
3006.2,53.8173
3006.3,53.8159
3006.4,53.8145
3006.5,53.813
3006.6,53.8116
3006.7,53.8102
3006.8,53.8088
3006.9,53.8074
3007,53.806
3007.1,53.8045
3007.2,53.8031
3007.3,53.8017
3007.4,53.8003
3007.5,53.7989
3007.6,53.7975
3007.7,53.7961
3007.8,53.7947
3007.9,53.7933
3008,53.7919
3008.1,53.7905
3008.2,53.7891
3008.3,53.7877
3008.4,53.7863
3008.5,53.7849
3008.6,53.7835
3008.7,53.7821
3008.8,53.7807
3008.9,53.7793
3009,53.7779
3009.1,53.7765
3009.2,53.7751
3009.3,53.7737
3009.4,53.7723
3009.5,53.7709
3009.6,53.7695
3009.7,53.7681
3009.8,53.7667
3009.9,53.7653
3010,53.7639
3010.1,53.7625
3010.2,53.7611
3010.3,53.7598
3010.4,53.7584
3010.5,53.757
3010.6,53.7556
3010.7,53.7542
3010.8,53.7528
3010.9,53.7514
3011,53.75
3011.1,53.7486
3011.2,53.7472
3011.3,53.7458
3011.4,53.7445
3011.5,53.7431
3011.6,53.7417
3011.7,53.7403
3011.8,53.7389
3011.9,53.7375
3012,53.7362
3012.1,53.7348
3012.2,53.7334
3012.3,53.732
3012.4,53.7306
3012.5,53.7293
3012.6,53.7279
3012.7,53.7265
3012.8,53.7251
3012.9,53.7238
3013,53.7224
3013.1,53.721
3013.2,53.7196
3013.3,53.7182
3013.4,53.7169
3013.5,53.7155
3013.6,53.7141
3013.7,53.7127
3013.8,53.7113
3013.9,53.7099
3014,53.7085
3014.1,53.7071
3014.2,53.7057
3014.3,53.7043
3014.4,53.7029
3014.5,53.7015
3014.6,53.7001
3014.7,53.6987
3014.8,53.6973
3014.9,53.6958
3015,53.6944
3015.1,53.693
3015.2,53.6916
3015.3,53.6902
3015.4,53.6887
3015.5,53.6873
3015.6,53.6859
3015.7,53.6844
3015.8,53.683
3015.9,53.6816
3016,53.6801
3016.1,53.6787
3016.2,53.6772
3016.3,53.6758
3016.4,53.6744
3016.5,53.6729
3016.6,53.6715
3016.7,53.67
3016.8,53.6686
3016.9,53.6671
3017,53.6657
3017.1,53.6642
3017.2,53.6628
3017.3,53.6613
3017.4,53.6599
3017.5,53.6585
3017.6,53.657
3017.7,53.6556
3017.8,53.6541
3017.9,53.6527
3018,53.6512
3018.1,53.6498
3018.2,53.6483
3018.3,53.6469
3018.4,53.6454
3018.5,53.644
3018.6,53.6425
3018.7,53.6411
3018.8,53.6396
3018.9,53.6382
3019,53.6367
3019.1,53.6353
3019.2,53.6338
3019.3,53.6324
3019.4,53.6309
3019.5,53.6295
3019.6,53.628
3019.7,53.6266
3019.8,53.6251
3019.9,53.6237
3020,53.6222
3020.1,53.6208
3020.2,53.6193
3020.3,53.6179
3020.4,53.6165
3020.5,53.615
3020.6,53.6136
3020.7,53.6121
3020.8,53.6107
3020.9,53.6092
3021,53.6078
3021.1,53.6063
3021.2,53.6049
3021.3,53.6034
3021.4,53.602
3021.5,53.6006
3021.6,53.5991
3021.7,53.5977
3021.8,53.5962
3021.9,53.5948
3022,53.5933
3022.1,53.5919
3022.2,53.5905
3022.3,53.589
3022.4,53.5876
3022.5,53.5862
3022.6,53.5847
3022.7,53.5833
3022.8,53.5818
3022.9,53.5804
3023,53.579
3023.1,53.5775
3023.2,53.5761
3023.3,53.5747
3023.4,53.5732
3023.5,53.5718
3023.6,53.5704
3023.7,53.5689
3023.8,53.5675
3023.9,53.5661
3024,53.5646
3024.1,53.5632
3024.2,53.5618
3024.3,53.5603
3024.4,53.5589
3024.5,53.5575
3024.6,53.556
3024.7,53.5546
3024.8,53.5532
3024.9,53.5517
3025,53.5503
3025.1,53.5489
3025.2,53.5475
3025.3,53.546
3025.4,53.5446
3025.5,53.5432
3025.6,53.5417
3025.7,53.5403
3025.8,53.5389
3025.9,53.5374
3026,53.536
3026.1,53.5346
3026.2,53.5331
3026.3,53.5317
3026.4,53.5303
3026.5,53.5288
3026.6,53.5274
3026.7,53.5259
3026.8,53.5245
3026.9,53.5231
3027,53.5216
3027.1,53.5202
3027.2,53.5188
3027.3,53.5173
3027.4,53.5159
3027.5,53.5145
3027.6,53.513
3027.7,53.5116
3027.8,53.5102
3027.9,53.5087
3028,53.5073
3028.1,53.5058
3028.2,53.5044
3028.3,53.503
3028.4,53.5015
3028.5,53.5001
3028.6,53.4987
3028.7,53.4972
3028.8,53.4958
3028.9,53.4944
3029,53.4929
3029.1,53.4915
3029.2,53.49
3029.3,53.4886
3029.4,53.4872
3029.5,53.4857
3029.6,53.4843
3029.7,53.4829
3029.8,53.4814
3029.9,53.48
3030,53.4786
3030.1,53.4771
3030.2,53.4757
3030.3,53.4743
3030.4,53.4728
3030.5,53.4714
3030.6,53.47
3030.7,53.4685
3030.8,53.4671
3030.9,53.4657
3031,53.4642
3031.1,53.4628
3031.2,53.4614
3031.3,53.4599
3031.4,53.4585
3031.5,53.4571
3031.6,53.4556
3031.7,53.4542
3031.8,53.4528
3031.9,53.4514
3032,53.45
3032.1,53.4486
3032.2,53.4473
3032.3,53.446
3032.4,53.4448
3032.5,53.4435
3032.6,53.4423
3032.7,53.4411
3032.8,53.4398
3032.9,53.4386
3033,53.4374
3033.1,53.4362
3033.2,53.435
3033.3,53.4337
3033.4,53.4325
3033.5,53.4313
3033.6,53.43
3033.7,53.4288
3033.8,53.4276
3033.9,53.4263
3034,53.4251
3034.1,53.4238
3034.2,53.4225
3034.3,53.4213
3034.4,53.42
3034.5,53.4188
3034.6,53.4175
3034.7,53.4162
3034.8,53.415
3034.9,53.4137
3035,53.4124
3035.1,53.4111
3035.2,53.4098
3035.3,53.4085
3035.4,53.4072
3035.5,53.4058
3035.6,53.4045
3035.7,53.4032
3035.8,53.4018
3035.9,53.4004
3036,53.3991
3036.1,53.3977
3036.2,53.3963
3036.3,53.3949
3036.4,53.3935
3036.5,53.3921
3036.6,53.3906
3036.7,53.3892
3036.8,53.3878
3036.9,53.3864
3037,53.3849
3037.1,53.3835
3037.2,53.382
3037.3,53.3806
3037.4,53.3791
3037.5,53.3776
3037.6,53.3762
3037.7,53.3747
3037.8,53.3733
3037.9,53.3718
3038,53.3703
3038.1,53.3689
3038.2,53.3674
3038.3,53.3659
3038.4,53.3645
3038.5,53.363
3038.6,53.3615
3038.7,53.36
3038.8,53.3586
3038.9,53.3571
3039,53.3556
3039.1,53.3542
3039.2,53.3527
3039.3,53.3512
3039.4,53.3497
3039.5,53.3483
3039.6,53.3468
3039.7,53.3453
3039.8,53.3439
3039.9,53.3424
3040,53.3409
3040.1,53.3394
3040.2,53.338
3040.3,53.3365
3040.4,53.335
3040.5,53.3336
3040.6,53.3321
3040.7,53.3306
3040.8,53.3291
3040.9,53.3277
3041,53.3262
3041.1,53.3247
3041.2,53.3233
3041.3,53.3218
3041.4,53.3203
3041.5,53.3188
3041.6,53.3174
3041.7,53.3159
3041.8,53.3144
3041.9,53.313
3042,53.3115
3042.1,53.31
3042.2,53.3086
3042.3,53.3071
3042.4,53.3056
3042.5,53.3041
3042.6,53.3027
3042.7,53.3012
3042.8,53.2997
3042.9,53.2983
3043,53.2968
3043.1,53.2953
3043.2,53.2938
3043.3,53.2924
3043.4,53.2909
3043.5,53.2894
3043.6,53.288
3043.7,53.2865
3043.8,53.285
3043.9,53.2836
3044,53.2821
3044.1,53.2806
3044.2,53.2791
3044.3,53.2777
3044.4,53.2762
3044.5,53.2747
3044.6,53.2733
3044.7,53.2718
3044.8,53.2703
3044.9,53.2688
3045,53.2674
3045.1,53.2659
3045.2,53.2644
3045.3,53.263
3045.4,53.2615
3045.5,53.26
3045.6,53.2586
3045.7,53.2571
3045.8,53.2556
3045.9,53.2541
3046,53.2527
3046.1,53.2512
3046.2,53.2497
3046.3,53.2483
3046.4,53.2468
3046.5,53.2453
3046.6,53.2439
3046.7,53.2424
3046.8,53.2409
3046.9,53.2394
3047,53.238
3047.1,53.2365
3047.2,53.235
3047.3,53.2336
3047.4,53.2321
3047.5,53.2306
3047.6,53.2291
3047.7,53.2277
3047.8,53.2262
3047.9,53.2247
3048,53.2233
3048.1,53.2218
3048.2,53.2203
3048.3,53.2189
3048.4,53.2174
3048.5,53.2159
3048.6,53.2144
3048.7,53.213
3048.8,53.2115
3048.9,53.21
3049,53.2086
3049.1,53.2071
3049.2,53.2056
3049.3,53.2042
3049.4,53.2027
3049.5,53.2012
3049.6,53.1998
3049.7,53.1983
3049.8,53.1968
3049.9,53.1954
3050,53.1939
3050.1,53.1924
3050.2,53.191
3050.3,53.1895
3050.4,53.188
3050.5,53.1866
3050.6,53.1851
3050.7,53.1836
3050.8,53.1822
3050.9,53.1807
3051,53.1792
3051.1,53.1778
3051.2,53.1763
3051.3,53.1749
3051.4,53.1734
3051.5,53.1719
3051.6,53.1705
3051.7,53.169
3051.8,53.1676
3051.9,53.1661
3052,53.1647
3052.1,53.1632
3052.2,53.1617
3052.3,53.1603
3052.4,53.1588
3052.5,53.1574
3052.6,53.1559
3052.7,53.1545
3052.8,53.153
3052.9,53.1516
3053,53.1501
3053.1,53.1487
3053.2,53.1472
3053.3,53.1458
3053.4,53.1443
3053.5,53.1429
3053.6,53.1414
3053.7,53.14
3053.8,53.1385
3053.9,53.1371
3054,53.1356
3054.1,53.1342
3054.2,53.1327
3054.3,53.1313
3054.4,53.1298
3054.5,53.1284
3054.6,53.1269
3054.7,53.1255
3054.8,53.1241
3054.9,53.1226
3055,53.1212
3055.1,53.1197
3055.2,53.1183
3055.3,53.1168
3055.4,53.1154
3055.5,53.1139
3055.6,53.1125
3055.7,53.111
3055.8,53.1096
3055.9,53.1081
3056,53.1067
3056.1,53.1052
3056.2,53.1038
3056.3,53.1023
3056.4,53.1009
3056.5,53.0994
3056.6,53.098
3056.7,53.0965
3056.8,53.0951
3056.9,53.0936
3057,53.0921
3057.1,53.0907
3057.2,53.0892
3057.3,53.0878
3057.4,53.0863
3057.5,53.0849
3057.6,53.0834
3057.7,53.082
3057.8,53.0805
3057.9,53.0791
3058,53.0776
3058.1,53.0761
3058.2,53.0747
3058.3,53.0732
3058.4,53.0718
3058.5,53.0703
3058.6,53.0688
3058.7,53.0674
3058.8,53.0659
3058.9,53.0645
3059,53.063
3059.1,53.0615
3059.2,53.0601
3059.3,53.0586
3059.4,53.0571
3059.5,53.0557
3059.6,53.0542
3059.7,53.0528
3059.8,53.0513
3059.9,53.0498
3060,53.0484
3060.1,53.0469
3060.2,53.0454
3060.3,53.044
3060.4,53.0425
3060.5,53.0411
3060.6,53.0396
3060.7,53.0381
3060.8,53.0367
3060.9,53.0352
3061,53.0338
3061.1,53.0323
3061.2,53.0309
3061.3,53.0294
3061.4,53.0279
3061.5,53.0265
3061.6,53.025
3061.7,53.0236
3061.8,53.0221
3061.9,53.0207
3062,53.0192
3062.1,53.0177
3062.2,53.0163
3062.3,53.0148
3062.4,53.0134
3062.5,53.0119
3062.6,53.0105
3062.7,53.009
3062.8,53.0075
3062.9,53.0061
3063,53.0046
3063.1,53.0032
3063.2,53.0017
3063.3,53.0002
3063.4,52.9988
3063.5,52.9973
3063.6,52.9959
3063.7,52.9944
3063.8,52.9929
3063.9,52.9915
3064,52.99
3064.1,52.9885
3064.2,52.9871
3064.3,52.9856
3064.4,52.9841
3064.5,52.9826
3064.6,52.9812
3064.7,52.9797
3064.8,52.9782
3064.9,52.9767
3065,52.9753
3065.1,52.9738
3065.2,52.9723
3065.3,52.9708
3065.4,52.9694
3065.5,52.9679
3065.6,52.9664
3065.7,52.9649
3065.8,52.9634
3065.9,52.962
3066,52.9605
3066.1,52.959
3066.2,52.9575
3066.3,52.956
3066.4,52.9546
3066.5,52.9531
3066.6,52.9516
3066.7,52.9501
3066.8,52.9487
3066.9,52.9472
3067,52.9457
3067.1,52.9442
3067.2,52.9428
3067.3,52.9413
3067.4,52.9398
3067.5,52.9384
3067.6,52.9369
3067.7,52.9354
3067.8,52.9339
3067.9,52.9325
3068,52.931
3068.1,52.9295
3068.2,52.9281
3068.3,52.9266
3068.4,52.9251
3068.5,52.9237
3068.6,52.9222
3068.7,52.9207
3068.8,52.9193
3068.9,52.9178
3069,52.9163
3069.1,52.9149
3069.2,52.9134
3069.3,52.912
3069.4,52.9105
3069.5,52.909
3069.6,52.9076
3069.7,52.9061
3069.8,52.9047
3069.9,52.9032
3070,52.9017
3070.1,52.9003
3070.2,52.8988
3070.3,52.8974
3070.4,52.8959
3070.5,52.8944
3070.6,52.893
3070.7,52.8915
3070.8,52.8901
3070.9,52.8886
3071,52.8871
3071.1,52.8857
3071.2,52.8842
3071.3,52.8828
3071.4,52.8813
3071.5,52.8799
3071.6,52.8784
3071.7,52.8769
3071.8,52.8755
3071.9,52.874
3072,52.8726
3072.1,52.8711
3072.2,52.8696
3072.3,52.8682
3072.4,52.8667
3072.5,52.8653
3072.6,52.8638
3072.7,52.8623
3072.8,52.8609
3072.9,52.8594
3073,52.8579
3073.1,52.8565
3073.2,52.855
3073.3,52.8535
3073.4,52.8521
3073.5,52.8506
3073.6,52.8491
3073.7,52.8476
3073.8,52.8462
3073.9,52.8447
3074,52.8432
3074.1,52.8418
3074.2,52.8403
3074.3,52.8388
3074.4,52.8373
3074.5,52.8359
3074.6,52.8344
3074.7,52.8329
3074.8,52.8314
3074.9,52.83
3075,52.8285
3075.1,52.827
3075.2,52.8255
3075.3,52.8241
3075.4,52.8226
3075.5,52.8211
3075.6,52.8197
3075.7,52.8182
3075.8,52.8167
3075.9,52.8152
3076,52.8138
3076.1,52.8123
3076.2,52.8108
3076.3,52.8093
3076.4,52.8079
3076.5,52.8064
3076.6,52.8049
3076.7,52.8035
3076.8,52.802
3076.9,52.8005
3077,52.7991
3077.1,52.7976
3077.2,52.7961
3077.3,52.7947
3077.4,52.7932
3077.5,52.7917
3077.6,52.7903
3077.7,52.7888
3077.8,52.7873
3077.9,52.7859
3078,52.7844
3078.1,52.7829
3078.2,52.7815
3078.3,52.78
3078.4,52.7786
3078.5,52.7771
3078.6,52.7756
3078.7,52.7742
3078.8,52.7727
3078.9,52.7713
3079,52.7698
3079.1,52.7683
3079.2,52.7669
3079.3,52.7654
3079.4,52.764
3079.5,52.7625
3079.6,52.7611
3079.7,52.7596
3079.8,52.7582
3079.9,52.7567
3080,52.7553
3080.1,52.7538
3080.2,52.7524
3080.3,52.7509
3080.4,52.7495
3080.5,52.748
3080.6,52.7466
3080.7,52.7451
3080.8,52.7437
3080.9,52.7422
3081,52.7408
3081.1,52.7393
3081.2,52.7379
3081.3,52.7365
3081.4,52.735
3081.5,52.7336
3081.6,52.7321
3081.7,52.7307
3081.8,52.7293
3081.9,52.7278
3082,52.7264
3082.1,52.7249
3082.2,52.7235
3082.3,52.7221
3082.4,52.7206
3082.5,52.7192
3082.6,52.7178
3082.7,52.7163
3082.8,52.7149
3082.9,52.7135
3083,52.7121
3083.1,52.7107
3083.2,52.7093
3083.3,52.7079
3083.4,52.7065
3083.5,52.7051
3083.6,52.7037
3083.7,52.7023
3083.8,52.7009
3083.9,52.6996
3084,52.6982
3084.1,52.6969
3084.2,52.6955
3084.3,52.6942
3084.4,52.6928
3084.5,52.6915
3084.6,52.6902
3084.7,52.6888
3084.8,52.6875
3084.9,52.6861
3085,52.6848
3085.1,52.6834
3085.2,52.6821
3085.3,52.6807
3085.4,52.6794
3085.5,52.678
3085.6,52.6766
3085.7,52.6753
3085.8,52.6739
3085.9,52.6725
3086,52.6712
3086.1,52.6698
3086.2,52.6684
3086.3,52.667
3086.4,52.6656
3086.5,52.6642
3086.6,52.6628
3086.7,52.6614
3086.8,52.66
3086.9,52.6586
3087,52.6572
3087.1,52.6558
3087.2,52.6544
3087.3,52.653
3087.4,52.6516
3087.5,52.6502
3087.6,52.6488
3087.7,52.6474
3087.8,52.646
3087.9,52.6446
3088,52.6432
3088.1,52.6417
3088.2,52.6403
3088.3,52.6389
3088.4,52.6375
3088.5,52.6361
3088.6,52.6347
3088.7,52.6332
3088.8,52.6318
3088.9,52.6304
3089,52.629
3089.1,52.6276
3089.2,52.6262
3089.3,52.6248
3089.4,52.6234
3089.5,52.622
3089.6,52.6207
3089.7,52.6193
3089.8,52.618
3089.9,52.6167
3090,52.6153
3090.1,52.614
3090.2,52.6127
3090.3,52.6114
3090.4,52.6101
3090.5,52.6088
3090.6,52.6075
3090.7,52.6062
3090.8,52.6049
3090.9,52.6036
3091,52.6023
3091.1,52.601
3091.2,52.5997
3091.3,52.5984
3091.4,52.5971
3091.5,52.5958
3091.6,52.5944
3091.7,52.5931
3091.8,52.5918
3091.9,52.5904
3092,52.589
3092.1,52.5876
3092.2,52.5863
3092.3,52.5849
3092.4,52.5835
3092.5,52.5821
3092.6,52.5806
3092.7,52.5792
3092.8,52.5778
3092.9,52.5764
3093,52.5749
3093.1,52.5735
3093.2,52.572
3093.3,52.5706
3093.4,52.5691
3093.5,52.5677
3093.6,52.5662
3093.7,52.5647
3093.8,52.5633
3093.9,52.5618
3094,52.5603
3094.1,52.5589
3094.2,52.5574
3094.3,52.5559
3094.4,52.5544
3094.5,52.553
3094.6,52.5515
3094.7,52.55
3094.8,52.5485
3094.9,52.547
3095,52.5456
3095.1,52.5441
3095.2,52.5426
3095.3,52.5411
3095.4,52.5396
3095.5,52.5382
3095.6,52.5367
3095.7,52.5352
3095.8,52.5337
3095.9,52.5322
3096,52.5308
3096.1,52.5293
3096.2,52.5278
3096.3,52.5263
3096.4,52.5248
3096.5,52.5233
3096.6,52.5219
3096.7,52.5204
3096.8,52.5189
3096.9,52.5174
3097,52.5159
3097.1,52.5145
3097.2,52.513
3097.3,52.5115
3097.4,52.51
3097.5,52.5085
3097.6,52.5071
3097.7,52.5056
3097.8,52.5041
3097.9,52.5026
3098,52.5011
3098.1,52.4997
3098.2,52.4982
3098.3,52.4967
3098.4,52.4952
3098.5,52.4937
3098.6,52.4923
3098.7,52.4908
3098.8,52.4893
3098.9,52.4878
3099,52.4863
3099.1,52.4849
3099.2,52.4834
3099.3,52.4819
3099.4,52.4804
3099.5,52.4789
3099.6,52.4775
3099.7,52.476
3099.8,52.4745
3099.9,52.473
3100,52.4716
3100.1,52.4701
3100.2,52.4686
3100.3,52.4672
3100.4,52.4657
3100.5,52.4642
3100.6,52.4628
3100.7,52.4613
3100.8,52.4599
3100.9,52.4584
3101,52.4569
3101.1,52.4555
3101.2,52.454
3101.3,52.4526
3101.4,52.4512
3101.5,52.4497
3101.6,52.4483
3101.7,52.4468
3101.8,52.4454
3101.9,52.444
3102,52.4425
3102.1,52.4411
3102.2,52.4397
3102.3,52.4383
3102.4,52.4368
3102.5,52.4354
3102.6,52.434
3102.7,52.4326
3102.8,52.4312
3102.9,52.4298
3103,52.4284
3103.1,52.427
3103.2,52.4255
3103.3,52.4241
3103.4,52.4227
3103.5,52.4213
3103.6,52.4199
3103.7,52.4185
3103.8,52.4171
3103.9,52.4156
3104,52.4142
3104.1,52.4128
3104.2,52.4114
3104.3,52.41
3104.4,52.4085
3104.5,52.4071
3104.6,52.4057
3104.7,52.4043
3104.8,52.4028
3104.9,52.4014
3105,52.4
3105.1,52.3985
3105.2,52.3971
3105.3,52.3956
3105.4,52.3942
3105.5,52.3928
3105.6,52.3913
3105.7,52.3899
3105.8,52.3884
3105.9,52.387
3106,52.3855
3106.1,52.3841
3106.2,52.3826
3106.3,52.3812
3106.4,52.3797
3106.5,52.3783
3106.6,52.3768
3106.7,52.3754
3106.8,52.3739
3106.9,52.3724
3107,52.371
3107.1,52.3695
3107.2,52.3681
3107.3,52.3666
3107.4,52.3651
3107.5,52.3637
3107.6,52.3622
3107.7,52.3607
3107.8,52.3593
3107.9,52.3578
3108,52.3563
3108.1,52.3549
3108.2,52.3534
3108.3,52.3519
3108.4,52.3505
3108.5,52.349
3108.6,52.3475
3108.7,52.3461
3108.8,52.3446
3108.9,52.3431
3109,52.3417
3109.1,52.3402
3109.2,52.3387
3109.3,52.3372
3109.4,52.3358
3109.5,52.3343
3109.6,52.3328
3109.7,52.3314
3109.8,52.3299
3109.9,52.3284
3110,52.3269
3110.1,52.3255
3110.2,52.324
3110.3,52.3225
3110.4,52.3211
3110.5,52.3196
3110.6,52.3181
3110.7,52.3166
3110.8,52.3152
3110.9,52.3137
3111,52.3122
3111.1,52.3108
3111.2,52.3093
3111.3,52.3078
3111.4,52.3063
3111.5,52.3049
3111.6,52.3034
3111.7,52.3019
3111.8,52.3005
3111.9,52.299
3112,52.2975
3112.1,52.296
3112.2,52.2946
3112.3,52.2931
3112.4,52.2916
3112.5,52.2902
3112.6,52.2887
3112.7,52.2872
3112.8,52.2858
3112.9,52.2843
3113,52.2828
3113.1,52.2814
3113.2,52.2799
3113.3,52.2784
3113.4,52.2769
3113.5,52.2755
3113.6,52.274
3113.7,52.2725
3113.8,52.2711
3113.9,52.2696
3114,52.2681
3114.1,52.2667
3114.2,52.2652
3114.3,52.2637
3114.4,52.2623
3114.5,52.2608
3114.6,52.2593
3114.7,52.2579
3114.8,52.2564
3114.9,52.2549
3115,52.2535
3115.1,52.252
3115.2,52.2506
3115.3,52.2491
3115.4,52.2476
3115.5,52.2462
3115.6,52.2447
3115.7,52.2433
3115.8,52.2418
3115.9,52.2403
3116,52.2389
3116.1,52.2374
3116.2,52.236
3116.3,52.2345
3116.4,52.2331
3116.5,52.2317
3116.6,52.2302
3116.7,52.2288
3116.8,52.2273
3116.9,52.2259
3117,52.2245
3117.1,52.223
3117.2,52.2216
3117.3,52.2202
3117.4,52.2188
3117.5,52.2174
3117.6,52.216
3117.7,52.2146
3117.8,52.2132
3117.9,52.2118
3118,52.2104
3118.1,52.209
3118.2,52.2076
3118.3,52.2063
3118.4,52.2049
3118.5,52.2035
3118.6,52.2022
3118.7,52.2008
3118.8,52.1994
3118.9,52.1981
3119,52.1967
3119.1,52.1953
3119.2,52.1939
3119.3,52.1926
3119.4,52.1912
3119.5,52.1898
3119.6,52.1884
3119.7,52.1871
3119.8,52.1857
3119.9,52.1843
3120,52.1829
3120.1,52.1815
3120.2,52.1801
3120.3,52.1787
3120.4,52.1773
3120.5,52.1759
3120.6,52.1745
3120.7,52.1731
3120.8,52.1716
3120.9,52.1702
3121,52.1688
3121.1,52.1674
3121.2,52.166
3121.3,52.1646
3121.4,52.1631
3121.5,52.1617
3121.6,52.1603
3121.7,52.1589
3121.8,52.1575
3121.9,52.156
3122,52.1546
3122.1,52.1532
3122.2,52.1518
3122.3,52.1503
3122.4,52.1489
3122.5,52.1475
3122.6,52.1461
3122.7,52.1446
3122.8,52.1432
3122.9,52.1418
3123,52.1404
3123.1,52.1389
3123.2,52.1375
3123.3,52.1361
3123.4,52.1347
3123.5,52.1332
3123.6,52.1318
3123.7,52.1304
3123.8,52.129
3123.9,52.1275
3124,52.1261
3124.1,52.1247
3124.2,52.1232
3124.3,52.1218
3124.4,52.1204
3124.5,52.119
3124.6,52.1175
3124.7,52.1161
3124.8,52.1147
3124.9,52.1132
3125,52.1118
3125.1,52.1103
3125.2,52.1089
3125.3,52.1075
3125.4,52.106
3125.5,52.1046
3125.6,52.1032
3125.7,52.1017
3125.8,52.1003
3125.9,52.0988
3126,52.0974
3126.1,52.096
3126.2,52.0945
3126.3,52.0931
3126.4,52.0916
3126.5,52.0902
3126.6,52.0887
3126.7,52.0873
3126.8,52.0858
3126.9,52.0844
3127,52.0829
3127.1,52.0815
3127.2,52.08
3127.3,52.0786
3127.4,52.0771
3127.5,52.0757
3127.6,52.0742
3127.7,52.0728
3127.8,52.0713
3127.9,52.0699
3128,52.0684
3128.1,52.067
3128.2,52.0655
3128.3,52.064
3128.4,52.0626
3128.5,52.0611
3128.6,52.0597
3128.7,52.0582
3128.8,52.0567
3128.9,52.0553
3129,52.0538
3129.1,52.0523
3129.2,52.0509
3129.3,52.0494
3129.4,52.0479
3129.5,52.0465
3129.6,52.045
3129.7,52.0435
3129.8,52.0421
3129.9,52.0406
3130,52.0391
3130.1,52.0377
3130.2,52.0362
3130.3,52.0347
3130.4,52.0333
3130.5,52.0318
3130.6,52.0303
3130.7,52.0289
3130.8,52.0274
3130.9,52.0259
3131,52.0245
3131.1,52.023
3131.2,52.0216
3131.3,52.0201
3131.4,52.0186
3131.5,52.0172
3131.6,52.0158
3131.7,52.0143
3131.8,52.0129
3131.9,52.0116
3132,52.0102
3132.1,52.0088
3132.2,52.0074
3132.3,52.0061
3132.4,52.0047
3132.5,52.0034
3132.6,52.0021
3132.7,52.0008
3132.8,51.9994
3132.9,51.9981
3133,51.9968
3133.1,51.9955
3133.2,51.9943
3133.3,51.993
3133.4,51.9916
3133.5,51.9903
3133.6,51.989
3133.7,51.9877
3133.8,51.9864
3133.9,51.985
3134,51.9837
3134.1,51.9823
3134.2,51.981
3134.3,51.9796
3134.4,51.9782
3134.5,51.9768
3134.6,51.9754
3134.7,51.974
3134.8,51.9726
3134.9,51.9712
3135,51.9698
3135.1,51.9683
3135.2,51.9669
3135.3,51.9654
3135.4,51.964
3135.5,51.9625
3135.6,51.9611
3135.7,51.9596
3135.8,51.9582
3135.9,51.9567
3136,51.9552
3136.1,51.9537
3136.2,51.9523
3136.3,51.9508
3136.4,51.9493
3136.5,51.9478
3136.6,51.9463
3136.7,51.9449
3136.8,51.9434
3136.9,51.9419
3137,51.9404
3137.1,51.9389
3137.2,51.9374
3137.3,51.9359
3137.4,51.9345
3137.5,51.933
3137.6,51.9315
3137.7,51.93
3137.8,51.9285
3137.9,51.927
3138,51.9255
3138.1,51.924
3138.2,51.9225
3138.3,51.921
3138.4,51.9195
3138.5,51.9181
3138.6,51.9166
3138.7,51.9151
3138.8,51.9136
3138.9,51.9121
3139,51.9106
3139.1,51.9091
3139.2,51.9076
3139.3,51.9061
3139.4,51.9046
3139.5,51.9031
3139.6,51.9016
3139.7,51.9001
3139.8,51.8986
3139.9,51.8971
3140,51.8957
3140.1,51.8942
3140.2,51.8927
3140.3,51.8912
3140.4,51.8897
3140.5,51.8882
3140.6,51.8867
3140.7,51.8852
3140.8,51.8837
3140.9,51.8822
3141,51.8807
3141.1,51.8792
3141.2,51.8777
3141.3,51.8762
3141.4,51.8747
3141.5,51.8732
3141.6,51.8717
3141.7,51.8703
3141.8,51.8688
3141.9,51.8673
3142,51.8658
3142.1,51.8643
3142.2,51.8628
3142.3,51.8613
3142.4,51.8598
3142.5,51.8583
3142.6,51.8568
3142.7,51.8553
3142.8,51.8538
3142.9,51.8523
3143,51.8508
3143.1,51.8493
3143.2,51.8479
3143.3,51.8464
3143.4,51.8449
3143.5,51.8434
3143.6,51.8419
3143.7,51.8404
3143.8,51.8389
3143.9,51.8374
3144,51.8359
3144.1,51.8344
3144.2,51.8329
3144.3,51.8314
3144.4,51.8299
3144.5,51.8285
3144.6,51.827
3144.7,51.8255
3144.8,51.824
3144.9,51.8225
3145,51.821
3145.1,51.8195
3145.2,51.818
3145.3,51.8165
3145.4,51.815
3145.5,51.8135
3145.6,51.8121
3145.7,51.8106
3145.8,51.8091
3145.9,51.8076
3146,51.8061
3146.1,51.8046
3146.2,51.8031
3146.3,51.8016
3146.4,51.8001
3146.5,51.7987
3146.6,51.7972
3146.7,51.7957
3146.8,51.7942
3146.9,51.7927
3147,51.7912
3147.1,51.7898
3147.2,51.7883
3147.3,51.7868
3147.4,51.7853
3147.5,51.7838
3147.6,51.7823
3147.7,51.7809
3147.8,51.7794
3147.9,51.7779
3148,51.7764
3148.1,51.7749
3148.2,51.7735
3148.3,51.772
3148.4,51.7705
3148.5,51.769
3148.6,51.7675
3148.7,51.766
3148.8,51.7646
3148.9,51.7631
3149,51.7616
3149.1,51.7601
3149.2,51.7586
3149.3,51.7571
3149.4,51.7556
3149.5,51.7542
3149.6,51.7527
3149.7,51.7512
3149.8,51.7497
3149.9,51.7482
3150,51.7467
3150.1,51.7452
3150.2,51.7438
3150.3,51.7423
3150.4,51.7408
3150.5,51.7393
3150.6,51.7378
3150.7,51.7363
3150.8,51.7348
3150.9,51.7333
3151,51.7319
3151.1,51.7304
3151.2,51.7289
3151.3,51.7274
3151.4,51.7259
3151.5,51.7244
3151.6,51.7229
3151.7,51.7215
3151.8,51.72
3151.9,51.7185
3152,51.717
3152.1,51.7155
3152.2,51.714
3152.3,51.7125
3152.4,51.7111
3152.5,51.7096
3152.6,51.7081
3152.7,51.7066
3152.8,51.7051
3152.9,51.7036
3153,51.7021
3153.1,51.7007
3153.2,51.6992
3153.3,51.6977
3153.4,51.6962
3153.5,51.6947
3153.6,51.6932
3153.7,51.6917
3153.8,51.6903
3153.9,51.6888
3154,51.6873
3154.1,51.6858
3154.2,51.6843
3154.3,51.6828
3154.4,51.6813
3154.5,51.6798
3154.6,51.6784
3154.7,51.6769
3154.8,51.6754
3154.9,51.6739
3155,51.6724
3155.1,51.6709
3155.2,51.6694
3155.3,51.668
3155.4,51.6665
3155.5,51.665
3155.6,51.6635
3155.7,51.662
3155.8,51.6605
3155.9,51.659
3156,51.6576
3156.1,51.6561
3156.2,51.6546
3156.3,51.6531
3156.4,51.6516
3156.5,51.6501
3156.6,51.6486
3156.7,51.6472
3156.8,51.6457
3156.9,51.6442
3157,51.6427
3157.1,51.6412
3157.2,51.6397
3157.3,51.6382
3157.4,51.6368
3157.5,51.6353
3157.6,51.6338
3157.7,51.6323
3157.8,51.6308
3157.9,51.6293
3158,51.6279
3158.1,51.6264
3158.2,51.6249
3158.3,51.6234
3158.4,51.6219
3158.5,51.6204
3158.6,51.619
3158.7,51.6175
3158.8,51.616
3158.9,51.6145
3159,51.613
3159.1,51.6115
3159.2,51.6101
3159.3,51.6086
3159.4,51.6071
3159.5,51.6056
3159.6,51.6041
3159.7,51.6026
3159.8,51.6012
3159.9,51.5997
3160,51.5982
3160.1,51.5967
3160.2,51.5952
3160.3,51.5937
3160.4,51.5923
3160.5,51.5908
3160.6,51.5893
3160.7,51.5878
3160.8,51.5863
3160.9,51.5848
3161,51.5834
3161.1,51.5819
3161.2,51.5804
3161.3,51.5789
3161.4,51.5774
3161.5,51.5759
3161.6,51.5744
3161.7,51.573
3161.8,51.5715
3161.9,51.57
3162,51.5685
3162.1,51.567
3162.2,51.5655
3162.3,51.564
3162.4,51.5625
3162.5,51.561
3162.6,51.5596
3162.7,51.5581
3162.8,51.5566
3162.9,51.5551
3163,51.5536
3163.1,51.5521
3163.2,51.5506
3163.3,51.5491
3163.4,51.5476
3163.5,51.5461
3163.6,51.5446
3163.7,51.5432
3163.8,51.5417
3163.9,51.5402
3164,51.5387
3164.1,51.5372
3164.2,51.5357
3164.3,51.5342
3164.4,51.5327
3164.5,51.5312
3164.6,51.5297
3164.7,51.5282
3164.8,51.5267
3164.9,51.5252
3165,51.5237
3165.1,51.5223
3165.2,51.5208
3165.3,51.5193
3165.4,51.5178
3165.5,51.5163
3165.6,51.5148
3165.7,51.5133
3165.8,51.5118
3165.9,51.5103
3166,51.5088
3166.1,51.5073
3166.2,51.5058
3166.3,51.5043
3166.4,51.5029
3166.5,51.5014
3166.6,51.4999
3166.7,51.4984
3166.8,51.4969
3166.9,51.4954
3167,51.4939
3167.1,51.4924
3167.2,51.4909
3167.3,51.4895
3167.4,51.488
3167.5,51.4865
3167.6,51.485
3167.7,51.4835
3167.8,51.482
3167.9,51.4805
3168,51.4791
3168.1,51.4776
3168.2,51.4761
3168.3,51.4746
3168.4,51.4731
3168.5,51.4716
3168.6,51.4701
3168.7,51.4687
3168.8,51.4672
3168.9,51.4657
3169,51.4642
3169.1,51.4627
3169.2,51.4613
3169.3,51.4598
3169.4,51.4583
3169.5,51.4568
3169.6,51.4553
3169.7,51.4539
3169.8,51.4524
3169.9,51.4509
3170,51.4494
3170.1,51.4479
3170.2,51.4465
3170.3,51.445
3170.4,51.4435
3170.5,51.442
3170.6,51.4406
3170.7,51.4391
3170.8,51.4376
3170.9,51.4361
3171,51.4347
3171.1,51.4332
3171.2,51.4317
3171.3,51.4303
3171.4,51.4288
3171.5,51.4273
3171.6,51.4259
3171.7,51.4244
3171.8,51.423
3171.9,51.4215
3172,51.42
3172.1,51.4186
3172.2,51.4171
3172.3,51.4157
3172.4,51.4142
3172.5,51.4128
3172.6,51.4113
3172.7,51.4098
3172.8,51.4084
3172.9,51.4069
3173,51.4055
3173.1,51.404
3173.2,51.4026
3173.3,51.4011
3173.4,51.3997
3173.5,51.3982
3173.6,51.3968
3173.7,51.3953
3173.8,51.3939
3173.9,51.3924
3174,51.391
3174.1,51.3895
3174.2,51.3881
3174.3,51.3866
3174.4,51.3852
3174.5,51.3837
3174.6,51.3823
3174.7,51.3808
3174.8,51.3794
3174.9,51.3779
3175,51.3765
3175.1,51.375
3175.2,51.3736
3175.3,51.3721
3175.4,51.3707
3175.5,51.3693
3175.6,51.3678
3175.7,51.3664
3175.8,51.3649
3175.9,51.3635
3176,51.362
3176.1,51.3606
3176.2,51.3591
3176.3,51.3577
3176.4,51.3562
3176.5,51.3548
3176.6,51.3534
3176.7,51.3519
3176.8,51.3505
3176.9,51.349
3177,51.3476
3177.1,51.3461
3177.2,51.3447
3177.3,51.3432
3177.4,51.3418
3177.5,51.3403
3177.6,51.3389
3177.7,51.3374
3177.8,51.336
3177.9,51.3346
3178,51.3331
3178.1,51.3317
3178.2,51.3302
3178.3,51.3288
3178.4,51.3273
3178.5,51.3259
3178.6,51.3244
3178.7,51.323
3178.8,51.3216
3178.9,51.3201
3179,51.3187
3179.1,51.3172
3179.2,51.3158
3179.3,51.3143
3179.4,51.3129
3179.5,51.3115
3179.6,51.31
3179.7,51.3086
3179.8,51.3071
3179.9,51.3057
3180,51.3043
3180.1,51.3028
3180.2,51.3014
3180.3,51.3
3180.4,51.2985
3180.5,51.2971
3180.6,51.2956
3180.7,51.2942
3180.8,51.2928
3180.9,51.2913
3181,51.2899
3181.1,51.2885
3181.2,51.287
3181.3,51.2856
3181.4,51.2841
3181.5,51.2827
3181.6,51.2813
3181.7,51.2798
3181.8,51.2784
3181.9,51.2769
3182,51.2755
3182.1,51.2741
3182.2,51.2726
3182.3,51.2712
3182.4,51.2697
3182.5,51.2683
3182.6,51.2668
3182.7,51.2654
3182.8,51.264
3182.9,51.2625
3183,51.2611
3183.1,51.2596
3183.2,51.2582
3183.3,51.2568
3183.4,51.2553
3183.5,51.2539
3183.6,51.2525
3183.7,51.251
3183.8,51.2496
3183.9,51.2481
3184,51.2467
3184.1,51.2453
3184.2,51.2438
3184.3,51.2424
3184.4,51.241
3184.5,51.2395
3184.6,51.2381
3184.7,51.2366
3184.8,51.2352
3184.9,51.2338
3185,51.2323
3185.1,51.2309
3185.2,51.2294
3185.3,51.228
3185.4,51.2266
3185.5,51.2251
3185.6,51.2237
3185.7,51.2222
3185.8,51.2208
3185.9,51.2193
3186,51.2179
3186.1,51.2164
3186.2,51.215
3186.3,51.2135
3186.4,51.2121
3186.5,51.2106
3186.6,51.2092
3186.7,51.2077
3186.8,51.2063
3186.9,51.2048
3187,51.2034
3187.1,51.2019
3187.2,51.2005
3187.3,51.199
3187.4,51.1976
3187.5,51.1961
3187.6,51.1947
3187.7,51.1932
3187.8,51.1918
3187.9,51.1903
3188,51.1888
3188.1,51.1874
3188.2,51.1859
3188.3,51.1845
3188.4,51.183
3188.5,51.1816
3188.6,51.1801
3188.7,51.1786
3188.8,51.1772
3188.9,51.1757
3189,51.1743
3189.1,51.1728
3189.2,51.1713
3189.3,51.1699
3189.4,51.1684
3189.5,51.167
3189.6,51.1655
3189.7,51.164
3189.8,51.1626
3189.9,51.1611
3190,51.1596
3190.1,51.1582
3190.2,51.1567
3190.3,51.1553
3190.4,51.1538
3190.5,51.1523
3190.6,51.1509
3190.7,51.1494
3190.8,51.1479
3190.9,51.1464
3191,51.145
3191.1,51.1435
3191.2,51.142
3191.3,51.1406
3191.4,51.1391
3191.5,51.1376
3191.6,51.1362
3191.7,51.1347
3191.8,51.1332
3191.9,51.1317
3192,51.1303
3192.1,51.1288
3192.2,51.1273
3192.3,51.1258
3192.4,51.1244
3192.5,51.1229
3192.6,51.1214
3192.7,51.1199
3192.8,51.1185
3192.9,51.117
3193,51.1155
3193.1,51.114
3193.2,51.1126
3193.3,51.1111
3193.4,51.1096
3193.5,51.1081
3193.6,51.1066
3193.7,51.1052
3193.8,51.1037
3193.9,51.1022
3194,51.1007
3194.1,51.0993
3194.2,51.0978
3194.3,51.0963
3194.4,51.0948
3194.5,51.0934
3194.6,51.0919
3194.7,51.0904
3194.8,51.0889
3194.9,51.0875
3195,51.086
3195.1,51.0845
3195.2,51.083
3195.3,51.0816
3195.4,51.0801
3195.5,51.0786
3195.6,51.0772
3195.7,51.0757
3195.8,51.0742
3195.9,51.0728
3196,51.0713
3196.1,51.0698
3196.2,51.0684
3196.3,51.0669
3196.4,51.0654
3196.5,51.064
3196.6,51.0625
3196.7,51.061
3196.8,51.0596
3196.9,51.0581
3197,51.0566
3197.1,51.0552
3197.2,51.0537
3197.3,51.0523
3197.4,51.0508
3197.5,51.0493
3197.6,51.0479
3197.7,51.0464
3197.8,51.045
3197.9,51.0435
3198,51.042
3198.1,51.0406
3198.2,51.0391
3198.3,51.0377
3198.4,51.0362
3198.5,51.0348
3198.6,51.0333
3198.7,51.0319
3198.8,51.0304
3198.9,51.029
3199,51.0275
3199.1,51.026
3199.2,51.0246
3199.3,51.0231
3199.4,51.0217
3199.5,51.0202
3199.6,51.0188
3199.7,51.0173
3199.8,51.0159
3199.9,51.0144
3200,51.013
3200.1,51.0115
3200.2,51.0101
3200.3,51.0086
3200.4,51.0072
3200.5,51.0057
3200.6,51.0043
3200.7,51.0028
3200.8,51.0014
3200.9,50.9999
3201,50.9985
3201.1,50.997
3201.2,50.9956
3201.3,50.9941
3201.4,50.9927
3201.5,50.9912
3201.6,50.9898
3201.7,50.9883
3201.8,50.9869
3201.9,50.9855
3202,50.984
3202.1,50.9826
3202.2,50.9811
3202.3,50.9797
3202.4,50.9783
3202.5,50.9768
3202.6,50.9754
3202.7,50.974
3202.8,50.9725
3202.9,50.9711
3203,50.9697
3203.1,50.9682
3203.2,50.9668
3203.3,50.9654
3203.4,50.9639
3203.5,50.9625
3203.6,50.9611
3203.7,50.9596
3203.8,50.9582
3203.9,50.9568
3204,50.9553
3204.1,50.9539
3204.2,50.9525
3204.3,50.951
3204.4,50.9496
3204.5,50.9481
3204.6,50.9467
3204.7,50.9453
3204.8,50.9438
3204.9,50.9424
3205,50.941
3205.1,50.9395
3205.2,50.9381
3205.3,50.9366
3205.4,50.9352
3205.5,50.9338
3205.6,50.9323
3205.7,50.9309
3205.8,50.9295
3205.9,50.928
3206,50.9266
3206.1,50.9251
3206.2,50.9237
3206.3,50.9223
3206.4,50.9208
3206.5,50.9194
3206.6,50.918
3206.7,50.9165
3206.8,50.9151
3206.9,50.9137
3207,50.9122
3207.1,50.9108
3207.2,50.9094
3207.3,50.9079
3207.4,50.9065
3207.5,50.9051
3207.6,50.9036
3207.7,50.9022
3207.8,50.9008
3207.9,50.8993
3208,50.8979
3208.1,50.8965
3208.2,50.8951
3208.3,50.8936
3208.4,50.8922
3208.5,50.8908
3208.6,50.8893
3208.7,50.8879
3208.8,50.8865
3208.9,50.885
3209,50.8836
3209.1,50.8822
3209.2,50.8808
3209.3,50.8793
3209.4,50.8779
3209.5,50.8764
3209.6,50.875
3209.7,50.8736
3209.8,50.8721
3209.9,50.8707
3210,50.8692
3210.1,50.8678
3210.2,50.8663
3210.3,50.8649
3210.4,50.8634
3210.5,50.862
3210.6,50.8605
3210.7,50.8591
3210.8,50.8576
3210.9,50.8562
3211,50.8547
3211.1,50.8533
3211.2,50.8518
3211.3,50.8504
3211.4,50.8489
3211.5,50.8475
3211.6,50.846
3211.7,50.8445
3211.8,50.8431
3211.9,50.8416
3212,50.8402
3212.1,50.8387
3212.2,50.8373
3212.3,50.8358
3212.4,50.8344
3212.5,50.8329
3212.6,50.8314
3212.7,50.83
3212.8,50.8285
3212.9,50.8271
3213,50.8256
3213.1,50.8242
3213.2,50.8227
3213.3,50.8212
3213.4,50.8198
3213.5,50.8183
3213.6,50.8169
3213.7,50.8154
3213.8,50.814
3213.9,50.8125
3214,50.8111
3214.1,50.8096
3214.2,50.8081
3214.3,50.8067
3214.4,50.8052
3214.5,50.8038
3214.6,50.8023
3214.7,50.8009
3214.8,50.7994
3214.9,50.798
3215,50.7965
3215.1,50.7951
3215.2,50.7936
3215.3,50.7922
3215.4,50.7907
3215.5,50.7892
3215.6,50.7878
3215.7,50.7863
3215.8,50.7849
3215.9,50.7835
3216,50.782
3216.1,50.7806
3216.2,50.7791
3216.3,50.7777
3216.4,50.7762
3216.5,50.7748
3216.6,50.7733
3216.7,50.7719
3216.8,50.7704
3216.9,50.769
3217,50.7676
3217.1,50.7661
3217.2,50.7647
3217.3,50.7632
3217.4,50.7618
3217.5,50.7603
3217.6,50.7589
3217.7,50.7575
3217.8,50.756
3217.9,50.7546
3218,50.7532
3218.1,50.7517
3218.2,50.7503
3218.3,50.7488
3218.4,50.7474
3218.5,50.746
3218.6,50.7445
3218.7,50.7431
3218.8,50.7417
3218.9,50.7402
3219,50.7388
3219.1,50.7374
3219.2,50.7359
3219.3,50.7345
3219.4,50.7331
3219.5,50.7316
3219.6,50.7302
3219.7,50.7288
3219.8,50.7273
3219.9,50.7259
3220,50.7245
3220.1,50.723
3220.2,50.7216
3220.3,50.7202
3220.4,50.7187
3220.5,50.7173
3220.6,50.7159
3220.7,50.7144
3220.8,50.713
3220.9,50.7116
3221,50.7101
3221.1,50.7087
3221.2,50.7073
3221.3,50.7058
3221.4,50.7044
3221.5,50.703
3221.6,50.7015
3221.7,50.7001
3221.8,50.6987
3221.9,50.6972
3222,50.6958
3222.1,50.6944
3222.2,50.693
3222.3,50.6915
3222.4,50.6901
3222.5,50.6887
3222.6,50.6872
3222.7,50.6858
3222.8,50.6844
3222.9,50.683
3223,50.6815
3223.1,50.6801
3223.2,50.6787
3223.3,50.6773
3223.4,50.6758
3223.5,50.6744
3223.6,50.673
3223.7,50.6716
3223.8,50.6702
3223.9,50.6687
3224,50.6673
3224.1,50.6659
3224.2,50.6645
3224.3,50.6631
3224.4,50.6616
3224.5,50.6602
3224.6,50.6588
3224.7,50.6574
3224.8,50.656
3224.9,50.6546
3225,50.6532
3225.1,50.6519
3225.2,50.6505
3225.3,50.6491
3225.4,50.6478
3225.5,50.6464
3225.6,50.645
3225.7,50.6437
3225.8,50.6423
3225.9,50.641
3226,50.6396
3226.1,50.6383
3226.2,50.6369
3226.3,50.6356
3226.4,50.6342
3226.5,50.6329
3226.6,50.6315
3226.7,50.6302
3226.8,50.6288
3226.9,50.6274
3227,50.6261
3227.1,50.6247
3227.2,50.6234
3227.3,50.622
3227.4,50.6206
3227.5,50.6193
3227.6,50.6179
3227.7,50.6166
3227.8,50.6152
3227.9,50.6139
3228,50.6125
3228.1,50.6112
3228.2,50.6098
3228.3,50.6085
3228.4,50.6071
3228.5,50.6058
3228.6,50.6045
3228.7,50.6031
3228.8,50.6018
3228.9,50.6004
3229,50.5991
3229.1,50.5977
3229.2,50.5963
3229.3,50.595
3229.4,50.5936
3229.5,50.5923
3229.6,50.5909
3229.7,50.5895
3229.8,50.5881
3229.9,50.5868
3230,50.5854
3230.1,50.584
3230.2,50.5826
3230.3,50.5813
3230.4,50.5799
3230.5,50.5785
3230.6,50.5771
3230.7,50.5757
3230.8,50.5743
3230.9,50.5729
3231,50.5715
3231.1,50.5702
3231.2,50.5688
3231.3,50.5674
3231.4,50.566
3231.5,50.5646
3231.6,50.5632
3231.7,50.5618
3231.8,50.5604
3231.9,50.559
3232,50.5576
3232.1,50.5562
3232.2,50.5548
3232.3,50.5534
3232.4,50.552
3232.5,50.5506
3232.6,50.5492
3232.7,50.5478
3232.8,50.5464
3232.9,50.545
3233,50.5436
3233.1,50.5422
3233.2,50.5408
3233.3,50.5394
3233.4,50.538
3233.5,50.5366
3233.6,50.5352
3233.7,50.5338
3233.8,50.5324
3233.9,50.531
3234,50.5297
3234.1,50.5283
3234.2,50.5269
3234.3,50.5255
3234.4,50.5241
3234.5,50.5227
3234.6,50.5213
3234.7,50.5199
3234.8,50.5185
3234.9,50.5171
3235,50.5157
3235.1,50.5143
3235.2,50.5129
3235.3,50.5115
3235.4,50.5101
3235.5,50.5087
3235.6,50.5073
3235.7,50.506
3235.8,50.5046
3235.9,50.5032
3236,50.5019
3236.1,50.5006
3236.2,50.4994
3236.3,50.4983
3236.4,50.4972
3236.5,50.4962
3236.6,50.4951
3236.7,50.4941
3236.8,50.4931
3236.9,50.492
3237,50.4909
3237.1,50.4898
3237.2,50.4886
3237.3,50.4874
3237.4,50.4861
3237.5,50.4848
3237.6,50.4835
3237.7,50.4822
3237.8,50.4808
3237.9,50.4795
3238,50.4782
3238.1,50.4769
3238.2,50.4756
3238.3,50.4743
3238.4,50.4731
3238.5,50.4719
3238.6,50.4707
3238.7,50.4695
3238.8,50.4684
3238.9,50.4672
3239,50.4661
3239.1,50.465
3239.2,50.4638
3239.3,50.4627
3239.4,50.4615
3239.5,50.4604
3239.6,50.4592
3239.7,50.458
3239.8,50.4568
3239.9,50.4555
3240,50.4543
3240.1,50.453
3240.2,50.4518
3240.3,50.4505
3240.4,50.4491
3240.5,50.4478
3240.6,50.4465
3240.7,50.4451
3240.8,50.4437
3240.9,50.4423
3241,50.4409
3241.1,50.4395
3241.2,50.4381
3241.3,50.4367
3241.4,50.4353
3241.5,50.4338
3241.6,50.4324
3241.7,50.431
3241.8,50.4295
3241.9,50.4281
3242,50.4266
3242.1,50.4251
3242.2,50.4237
3242.3,50.4222
3242.4,50.4208
3242.5,50.4193
3242.6,50.4178
3242.7,50.4164
3242.8,50.4149
3242.9,50.4134
3243,50.412
3243.1,50.4105
3243.2,50.409
3243.3,50.4076
3243.4,50.4061
3243.5,50.4046
3243.6,50.4032
3243.7,50.4017
3243.8,50.4003
3243.9,50.3988
3244,50.3973
3244.1,50.3959
3244.2,50.3944
3244.3,50.3929
3244.4,50.3915
3244.5,50.39
3244.6,50.3885
3244.7,50.3871
3244.8,50.3856
3244.9,50.3841
3245,50.3827
3245.1,50.3812
3245.2,50.3797
3245.3,50.3783
3245.4,50.3768
3245.5,50.3754
3245.6,50.3739
3245.7,50.3724
3245.8,50.371
3245.9,50.3695
3246,50.368
3246.1,50.3666
3246.2,50.3651
3246.3,50.3636
3246.4,50.3622
3246.5,50.3607
3246.6,50.3593
3246.7,50.3578
3246.8,50.3563
3246.9,50.3549
3247,50.3534
3247.1,50.3519
3247.2,50.3505
3247.3,50.349
3247.4,50.3476
3247.5,50.3461
3247.6,50.3446
3247.7,50.3432
3247.8,50.3417
3247.9,50.3402
3248,50.3388
3248.1,50.3373
3248.2,50.3358
3248.3,50.3344
3248.4,50.3329
3248.5,50.3314
3248.6,50.33
3248.7,50.3285
3248.8,50.3271
3248.9,50.3256
3249,50.3241
3249.1,50.3227
3249.2,50.3212
3249.3,50.3197
3249.4,50.3183
3249.5,50.3168
3249.6,50.3153
3249.7,50.3139
3249.8,50.3124
3249.9,50.311
3250,50.3095
3250.1,50.308
3250.2,50.3066
3250.3,50.3051
3250.4,50.3036
3250.5,50.3022
3250.6,50.3007
3250.7,50.2992
3250.8,50.2978
3250.9,50.2963
3251,50.2948
3251.1,50.2934
3251.2,50.2919
3251.3,50.2905
3251.4,50.289
3251.5,50.2875
3251.6,50.2861
3251.7,50.2846
3251.8,50.2831
3251.9,50.2817
3252,50.2802
3252.1,50.2787
3252.2,50.2773
3252.3,50.2758
3252.4,50.2744
3252.5,50.2729
3252.6,50.2714
3252.7,50.27
3252.8,50.2685
3252.9,50.267
3253,50.2656
3253.1,50.2641
3253.2,50.2626
3253.3,50.2612
3253.4,50.2597
3253.5,50.2583
3253.6,50.2568
3253.7,50.2553
3253.8,50.2539
3253.9,50.2524
3254,50.2509
3254.1,50.2495
3254.2,50.248
3254.3,50.2465
3254.4,50.2451
3254.5,50.2436
3254.6,50.2422
3254.7,50.2407
3254.8,50.2392
3254.9,50.2378
3255,50.2363
3255.1,50.2348
3255.2,50.2334
3255.3,50.2319
3255.4,50.2304
3255.5,50.229
3255.6,50.2275
3255.7,50.2261
3255.8,50.2246
3255.9,50.2231
3256,50.2217
3256.1,50.2202
3256.2,50.2187
3256.3,50.2173
3256.4,50.2158
3256.5,50.2143
3256.6,50.2129
3256.7,50.2114
3256.8,50.21
3256.9,50.2085
3257,50.207
3257.1,50.2056
3257.2,50.2041
3257.3,50.2026
3257.4,50.2012
3257.5,50.1997
3257.6,50.1982
3257.7,50.1968
3257.8,50.1953
3257.9,50.1939
3258,50.1924
3258.1,50.1909
3258.2,50.1895
3258.3,50.188
3258.4,50.1865
3258.5,50.1851
3258.6,50.1836
3258.7,50.1821
3258.8,50.1807
3258.9,50.1792
3259,50.1778
3259.1,50.1763
3259.2,50.1748
3259.3,50.1734
3259.4,50.1719
3259.5,50.1704
3259.6,50.169
3259.7,50.1675
3259.8,50.166
3259.9,50.1646
3260,50.1631
3260.1,50.1617
3260.2,50.1602
3260.3,50.1587
3260.4,50.1573
3260.5,50.1558
3260.6,50.1543
3260.7,50.1529
3260.8,50.1514
3260.9,50.15
3261,50.1485
3261.1,50.147
3261.2,50.1456
3261.3,50.1441
3261.4,50.1426
3261.5,50.1412
3261.6,50.1397
3261.7,50.1382
3261.8,50.1368
3261.9,50.1353
3262,50.1339
3262.1,50.1324
3262.2,50.1309
3262.3,50.1295
3262.4,50.128
3262.5,50.1265
3262.6,50.1251
3262.7,50.1236
3262.8,50.1222
3262.9,50.1207
3263,50.1192
3263.1,50.1178
3263.2,50.1163
3263.3,50.1148
3263.4,50.1134
3263.5,50.1119
3263.6,50.1105
3263.7,50.109
3263.8,50.1075
3263.9,50.1061
3264,50.1046
3264.1,50.1031
3264.2,50.1017
3264.3,50.1002
3264.4,50.0988
3264.5,50.0973
3264.6,50.0958
3264.7,50.0944
3264.8,50.0929
3264.9,50.0914
3265,50.09
3265.1,50.0885
3265.2,50.087
3265.3,50.0856
3265.4,50.0841
3265.5,50.0827
3265.6,50.0812
3265.7,50.0797
3265.8,50.0783
3265.9,50.0768
3266,50.0753
3266.1,50.0739
3266.2,50.0724
3266.3,50.0709
3266.4,50.0695
3266.5,50.068
3266.6,50.0666
3266.7,50.0651
3266.8,50.0636
3266.9,50.0622
3267,50.0607
3267.1,50.0592
3267.2,50.0578
3267.3,50.0563
3267.4,50.0549
3267.5,50.0534
3267.6,50.0519
3267.7,50.0505
3267.8,50.049
3267.9,50.0475
3268,50.0461
3268.1,50.0446
3268.2,50.0431
3268.3,50.0417
3268.4,50.0402
3268.5,50.0388
3268.6,50.0373
3268.7,50.0358
3268.8,50.0344
3268.9,50.0329
3269,50.0314
3269.1,50.03
3269.2,50.0285
3269.3,50.0271
3269.4,50.0256
3269.5,50.0241
3269.6,50.0227
3269.7,50.0212
3269.8,50.0197
3269.9,50.0183
3270,50.0168
3270.1,50.0154
3270.2,50.0139
3270.3,50.0124
3270.4,50.011
3270.5,50.0095
3270.6,50.008
3270.7,50.0066
3270.8,50.0051
3270.9,50.0037
3271,50.0022
3271.1,50.0007
3271.2,49.9993
3271.3,49.9978
3271.4,49.9963
3271.5,49.9949
3271.6,49.9934
3271.7,49.9919
3271.8,49.9905
3271.9,49.989
3272,49.9876
3272.1,49.9861
3272.2,49.9846
3272.3,49.9832
3272.4,49.9817
3272.5,49.9802
3272.6,49.9788
3272.7,49.9773
3272.8,49.9759
3272.9,49.9744
3273,49.9729
3273.1,49.9715
3273.2,49.97
3273.3,49.9685
3273.4,49.9671
3273.5,49.9656
3273.6,49.9642
3273.7,49.9627
3273.8,49.9612
3273.9,49.9598
3274,49.9583
3274.1,49.9568
3274.2,49.9554
3274.3,49.9539
3274.4,49.9525
3274.5,49.951
3274.6,49.9495
3274.7,49.9481
3274.8,49.9466
3274.9,49.9451
3275,49.9437
3275.1,49.9422
3275.2,49.9408
3275.3,49.9393
3275.4,49.9378
3275.5,49.9364
3275.6,49.9349
3275.7,49.9334
3275.8,49.932
3275.9,49.9305
3276,49.9291
3276.1,49.9276
3276.2,49.9261
3276.3,49.9247
3276.4,49.9232
3276.5,49.9217
3276.6,49.9203
3276.7,49.9188
3276.8,49.9173
3276.9,49.9159
3277,49.9144
3277.1,49.913
3277.2,49.9115
3277.3,49.91
3277.4,49.9086
3277.5,49.9071
3277.6,49.9056
3277.7,49.9042
3277.8,49.9027
3277.9,49.9013
3278,49.8998
3278.1,49.8983
3278.2,49.8969
3278.3,49.8954
3278.4,49.8939
3278.5,49.8925
3278.6,49.891
3278.7,49.8896
3278.8,49.8881
3278.9,49.8866
3279,49.8852
3279.1,49.8837
3279.2,49.8822
3279.3,49.8808
3279.4,49.8793
3279.5,49.8779
3279.6,49.8764
3279.7,49.8749
3279.8,49.8735
3279.9,49.872
3280,49.8705
3280.1,49.8691
3280.2,49.8676
3280.3,49.8662
3280.4,49.8647
3280.5,49.8632
3280.6,49.8618
3280.7,49.8603
3280.8,49.8588
3280.9,49.8574
3281,49.8559
3281.1,49.8545
3281.2,49.853
3281.3,49.8515
3281.4,49.8501
3281.5,49.8486
3281.6,49.8471
3281.7,49.8457
3281.8,49.8442
3281.9,49.8428
3282,49.8413
3282.1,49.8398
3282.2,49.8384
3282.3,49.8369
3282.4,49.8354
3282.5,49.834
3282.6,49.8325
3282.7,49.8311
3282.8,49.8296
3282.9,49.8281
3283,49.8267
3283.1,49.8252
3283.2,49.8237
3283.3,49.8223
3283.4,49.8208
3283.5,49.8194
3283.6,49.8179
3283.7,49.8164
3283.8,49.815
3283.9,49.8135
3284,49.812
3284.1,49.8106
3284.2,49.8091
3284.3,49.8077
3284.4,49.8062
3284.5,49.8047
3284.6,49.8033
3284.7,49.8018
3284.8,49.8003
3284.9,49.7989
3285,49.7974
3285.1,49.796
3285.2,49.7945
3285.3,49.793
3285.4,49.7916
3285.5,49.7901
3285.6,49.7886
3285.7,49.7872
3285.8,49.7857
3285.9,49.7843
3286,49.7828
3286.1,49.7813
3286.2,49.7799
3286.3,49.7784
3286.4,49.7769
3286.5,49.7755
3286.6,49.774
3286.7,49.7726
3286.8,49.7711
3286.9,49.7696
3287,49.7682
3287.1,49.7667
3287.2,49.7653
3287.3,49.7638
3287.4,49.7623
3287.5,49.7609
3287.6,49.7594
3287.7,49.7579
3287.8,49.7565
3287.9,49.755
3288,49.7536
3288.1,49.7521
3288.2,49.7506
3288.3,49.7492
3288.4,49.7477
3288.5,49.7462
3288.6,49.7448
3288.7,49.7433
3288.8,49.7419
3288.9,49.7404
3289,49.7389
3289.1,49.7375
3289.2,49.736
3289.3,49.7345
3289.4,49.7331
3289.5,49.7316
3289.6,49.7302
3289.7,49.7287
3289.8,49.7272
3289.9,49.7258
3290,49.7243
3290.1,49.7228
3290.2,49.7214
3290.3,49.7199
3290.4,49.7185
3290.5,49.717
3290.6,49.7155
3290.7,49.7141
3290.8,49.7126
3290.9,49.7111
3291,49.7097
3291.1,49.7082
3291.2,49.7068
3291.3,49.7053
3291.4,49.7038
3291.5,49.7024
3291.6,49.7009
3291.7,49.6994
3291.8,49.698
3291.9,49.6965
3292,49.6951
3292.1,49.6936
3292.2,49.6921
3292.3,49.6907
3292.4,49.6892
3292.5,49.6878
3292.6,49.6863
3292.7,49.6848
3292.8,49.6834
3292.9,49.6819
3293,49.6804
3293.1,49.679
3293.2,49.6775
3293.3,49.6761
3293.4,49.6746
3293.5,49.6731
3293.6,49.6717
3293.7,49.6702
3293.8,49.6687
3293.9,49.6673
3294,49.6658
3294.1,49.6644
3294.2,49.6629
3294.3,49.6614
3294.4,49.66
3294.5,49.6585
3294.6,49.6571
3294.7,49.6556
3294.8,49.6541
3294.9,49.6527
3295,49.6512
3295.1,49.6497
3295.2,49.6483
3295.3,49.6468
3295.4,49.6454
3295.5,49.6439
3295.6,49.6424
3295.7,49.641
3295.8,49.6395
3295.9,49.638
3296,49.6366
3296.1,49.6351
3296.2,49.6337
3296.3,49.6322
3296.4,49.6307
3296.5,49.6293
3296.6,49.6278
3296.7,49.6263
3296.8,49.6249
3296.9,49.6234
3297,49.6219
3297.1,49.6205
3297.2,49.619
3297.3,49.6176
3297.4,49.6161
3297.5,49.6146
3297.6,49.6132
3297.7,49.6117
3297.8,49.6103
3297.9,49.6088
3298,49.6073
3298.1,49.6059
3298.2,49.6044
3298.3,49.6029
3298.4,49.6015
3298.5,49.6
3298.6,49.5986
3298.7,49.5971
3298.8,49.5956
3298.9,49.5942
3299,49.5927
3299.1,49.5912
3299.2,49.5898
3299.3,49.5883
3299.4,49.5869
3299.5,49.5854
3299.6,49.5839
3299.7,49.5825
3299.8,49.581
3299.9,49.5796
3300,49.5781
3300.1,49.5766
3300.2,49.5752
3300.3,49.5737
3300.4,49.5722
3300.5,49.5708
3300.6,49.5693
3300.7,49.5679
3300.8,49.5664
3300.9,49.5649
3301,49.5635
3301.1,49.562
3301.2,49.5605
3301.3,49.5591
3301.4,49.5576
3301.5,49.5562
3301.6,49.5547
3301.7,49.5532
3301.8,49.5518
3301.9,49.5503
3302,49.5488
3302.1,49.5474
3302.2,49.5459
3302.3,49.5444
3302.4,49.543
3302.5,49.5415
3302.6,49.5401
3302.7,49.5386
3302.8,49.5371
3302.9,49.5357
3303,49.5342
3303.1,49.5328
3303.2,49.5313
3303.3,49.5298
3303.4,49.5284
3303.5,49.5269
3303.6,49.5254
3303.7,49.524
3303.8,49.5225
3303.9,49.5211
3304,49.5196
3304.1,49.5181
3304.2,49.5167
3304.3,49.5152
3304.4,49.5137
3304.5,49.5123
3304.6,49.5108
3304.7,49.5094
3304.8,49.5079
3304.9,49.5064
3305,49.505
3305.1,49.5035
3305.2,49.502
3305.3,49.5006
3305.4,49.4991
3305.5,49.4977
3305.6,49.4962
3305.7,49.4947
3305.8,49.4933
3305.9,49.4918
3306,49.4904
3306.1,49.4889
3306.2,49.4874
3306.3,49.486
3306.4,49.4845
3306.5,49.483
3306.6,49.4816
3306.7,49.4801
3306.8,49.4787
3306.9,49.4772
3307,49.4757
3307.1,49.4743
3307.2,49.4728
3307.3,49.4713
3307.4,49.4699
3307.5,49.4684
3307.6,49.467
3307.7,49.4655
3307.8,49.464
3307.9,49.4626
3308,49.4611
3308.1,49.4596
3308.2,49.4582
3308.3,49.4567
3308.4,49.4553
3308.5,49.4538
3308.6,49.4523
3308.7,49.4509
3308.8,49.4494
3308.9,49.448
3309,49.4465
3309.1,49.445
3309.2,49.4436
3309.3,49.4421
3309.4,49.4406
3309.5,49.4392
3309.6,49.4377
3309.7,49.4363
3309.8,49.4348
3309.9,49.4333
3310,49.4319
3310.1,49.4304
3310.2,49.4289
3310.3,49.4275
3310.4,49.426
3310.5,49.4246
3310.6,49.4231
3310.7,49.4216
3310.8,49.4202
3310.9,49.4187
3311,49.4172
3311.1,49.4158
3311.2,49.4143
3311.3,49.4129
3311.4,49.4114
3311.5,49.4099
3311.6,49.4085
3311.7,49.407
3311.8,49.4055
3311.9,49.4041
3312,49.4026
3312.1,49.4012
3312.2,49.3997
3312.3,49.3982
3312.4,49.3968
3312.5,49.3953
3312.6,49.3939
3312.7,49.3924
3312.8,49.3909
3312.9,49.3895
3313,49.388
3313.1,49.3865
3313.2,49.3851
3313.3,49.3836
3313.4,49.3822
3313.5,49.3807
3313.6,49.3792
3313.7,49.3778
3313.8,49.3763
3313.9,49.3748
3314,49.3734
3314.1,49.3719
3314.2,49.3705
3314.3,49.369
3314.4,49.3675
3314.5,49.3661
3314.6,49.3646
3314.7,49.3631
3314.8,49.3617
3314.9,49.3602
3315,49.3588
3315.1,49.3573
3315.2,49.3558
3315.3,49.3544
3315.4,49.3529
3315.5,49.3515
3315.6,49.35
3315.7,49.3485
3315.8,49.3471
3315.9,49.3456
3316,49.3441
3316.1,49.3427
3316.2,49.3412
3316.3,49.3398
3316.4,49.3383
3316.5,49.3368
3316.6,49.3354
3316.7,49.3339
3316.8,49.3324
3316.9,49.331
3317,49.3295
3317.1,49.3281
3317.2,49.3266
3317.3,49.3251
3317.4,49.3237
3317.5,49.3222
3317.6,49.3208
3317.7,49.3193
3317.8,49.3178
3317.9,49.3164
3318,49.3149
3318.1,49.3134
3318.2,49.312
3318.3,49.3105
3318.4,49.3091
3318.5,49.3076
3318.6,49.3061
3318.7,49.3047
3318.8,49.3032
3318.9,49.3017
3319,49.3003
3319.1,49.2988
3319.2,49.2974
3319.3,49.2959
3319.4,49.2944
3319.5,49.293
3319.6,49.2915
3319.7,49.2901
3319.8,49.2886
3319.9,49.2871
3320,49.2857
3320.1,49.2842
3320.2,49.2827
3320.3,49.2813
3320.4,49.2798
3320.5,49.2784
3320.6,49.2769
3320.7,49.2754
3320.8,49.274
3320.9,49.2725
3321,49.271
3321.1,49.2696
3321.2,49.2681
3321.3,49.2667
3321.4,49.2652
3321.5,49.2637
3321.6,49.2623
3321.7,49.2608
3321.8,49.2593
3321.9,49.2579
3322,49.2564
3322.1,49.255
3322.2,49.2535
3322.3,49.252
3322.4,49.2506
3322.5,49.2491
3322.6,49.2476
3322.7,49.2462
3322.8,49.2447
3322.9,49.2433
3323,49.2418
3323.1,49.2403
3323.2,49.2389
3323.3,49.2374
3323.4,49.2359
3323.5,49.2345
3323.6,49.233
3323.7,49.2316
3323.8,49.2301
3323.9,49.2286
3324,49.2272
3324.1,49.2257
3324.2,49.2242
3324.3,49.2228
3324.4,49.2213
3324.5,49.2199
3324.6,49.2184
3324.7,49.2169
3324.8,49.2155
3324.9,49.214
3325,49.2125
3325.1,49.2111
3325.2,49.2096
3325.3,49.2082
3325.4,49.2067
3325.5,49.2052
3325.6,49.2038
3325.7,49.2023
3325.8,49.2008
3325.9,49.1994
3326,49.1979
3326.1,49.1965
3326.2,49.195
3326.3,49.1935
3326.4,49.1921
3326.5,49.1906
3326.6,49.1892
3326.7,49.1877
3326.8,49.1862
3326.9,49.1848
3327,49.1833
3327.1,49.1818
3327.2,49.1804
3327.3,49.1789
3327.4,49.1775
3327.5,49.176
3327.6,49.1745
3327.7,49.1731
3327.8,49.1716
3327.9,49.1701
3328,49.1687
3328.1,49.1672
3328.2,49.1658
3328.3,49.1643
3328.4,49.1628
3328.5,49.1614
3328.6,49.1599
3328.7,49.1585
3328.8,49.157
3328.9,49.1555
3329,49.1541
3329.1,49.1526
3329.2,49.1511
3329.3,49.1497
3329.4,49.1482
3329.5,49.1468
3329.6,49.1453
3329.7,49.1438
3329.8,49.1424
3329.9,49.1409
3330,49.1394
3330.1,49.138
3330.2,49.1365
3330.3,49.1351
3330.4,49.1336
3330.5,49.1321
3330.6,49.1307
3330.7,49.1292
3330.8,49.1277
3330.9,49.1263
3331,49.1248
3331.1,49.1234
3331.2,49.1219
3331.3,49.1204
3331.4,49.119
3331.5,49.1175
3331.6,49.1161
3331.7,49.1146
3331.8,49.1131
3331.9,49.1117
3332,49.1102
3332.1,49.1087
3332.2,49.1073
3332.3,49.1058
3332.4,49.1044
3332.5,49.1029
3332.6,49.1014
3332.7,49.1
3332.8,49.0985
3332.9,49.097
3333,49.0956
3333.1,49.0941
3333.2,49.0927
3333.3,49.0912
3333.4,49.0897
3333.5,49.0883
3333.6,49.0868
3333.7,49.0853
3333.8,49.0839
3333.9,49.0824
3334,49.081
3334.1,49.0795
3334.2,49.078
3334.3,49.0766
3334.4,49.0751
3334.5,49.0737
3334.6,49.0722
3334.7,49.0707
3334.8,49.0693
3334.9,49.0678
3335,49.0663
3335.1,49.0649
3335.2,49.0634
3335.3,49.062
3335.4,49.0605
3335.5,49.059
3335.6,49.0576
3335.7,49.0561
3335.8,49.0546
3335.9,49.0532
3336,49.0517
3336.1,49.0503
3336.2,49.0488
3336.3,49.0473
3336.4,49.0459
3336.5,49.0444
3336.6,49.0429
3336.7,49.0415
3336.8,49.04
3336.9,49.0386
3337,49.0371
3337.1,49.0356
3337.2,49.0342
3337.3,49.0327
3337.4,49.0312
3337.5,49.0298
3337.6,49.0283
3337.7,49.0269
3337.8,49.0254
3337.9,49.0239
3338,49.0225
3338.1,49.021
3338.2,49.0196
3338.3,49.0181
3338.4,49.0166
3338.5,49.0152
3338.6,49.0137
3338.7,49.0122
3338.8,49.0108
3338.9,49.0093
3339,49.0079
3339.1,49.0064
3339.2,49.0049
3339.3,49.0035
3339.4,49.002
3339.5,49.0006
3339.6,48.9991
3339.7,48.9976
3339.8,48.9962
3339.9,48.9947
3340,48.9932
3340.1,48.9918
3340.2,48.9903
3340.3,48.9889
3340.4,48.9874
3340.5,48.9859
3340.6,48.9845
3340.7,48.983
3340.8,48.9815
3340.9,48.9801
3341,48.9786
3341.1,48.9772
3341.2,48.9757
3341.3,48.9742
3341.4,48.9728
3341.5,48.9713
3341.6,48.9699
3341.7,48.9684
3341.8,48.9669
3341.9,48.9655
3342,48.964
3342.1,48.9625
3342.2,48.9611
3342.3,48.9596
3342.4,48.9582
3342.5,48.9567
3342.6,48.9552
3342.7,48.9538
3342.8,48.9523
3342.9,48.9508
3343,48.9494
3343.1,48.9479
3343.2,48.9465
3343.3,48.945
3343.4,48.9435
3343.5,48.9421
3343.6,48.9406
3343.7,48.9392
3343.8,48.9377
3343.9,48.9362
3344,48.9348
3344.1,48.9333
3344.2,48.9318
3344.3,48.9304
3344.4,48.9289
3344.5,48.9275
3344.6,48.926
3344.7,48.9245
3344.8,48.9231
3344.9,48.9216
3345,48.9202
3345.1,48.9187
3345.2,48.9172
3345.3,48.9158
3345.4,48.9143
3345.5,48.9128
3345.6,48.9114
3345.7,48.9099
3345.8,48.9085
3345.9,48.907
3346,48.9055
3346.1,48.9041
3346.2,48.9026
3346.3,48.9011
3346.4,48.8997
3346.5,48.8982
3346.6,48.8968
3346.7,48.8953
3346.8,48.8938
3346.9,48.8924
3347,48.8909
3347.1,48.8895
3347.2,48.888
3347.3,48.8865
3347.4,48.8851
3347.5,48.8836
3347.6,48.8821
3347.7,48.8807
3347.8,48.8792
3347.9,48.8778
3348,48.8763
3348.1,48.8748
3348.2,48.8734
3348.3,48.8719
3348.4,48.8704
3348.5,48.869
3348.6,48.8675
3348.7,48.8661
3348.8,48.8646
3348.9,48.8631
3349,48.8617
3349.1,48.8602
3349.2,48.8588
3349.3,48.8573
3349.4,48.8558
3349.5,48.8544
3349.6,48.8529
3349.7,48.8514
3349.8,48.85
3349.9,48.8485
3350,48.8471
3350.1,48.8456
3350.2,48.8441
3350.3,48.8427
3350.4,48.8412
3350.5,48.8398
3350.6,48.8383
3350.7,48.8368
3350.8,48.8354
3350.9,48.8339
3351,48.8324
3351.1,48.831
3351.2,48.8295
3351.3,48.8281
3351.4,48.8266
3351.5,48.8251
3351.6,48.8237
3351.7,48.8222
3351.8,48.8207
3351.9,48.8193
3352,48.8178
3352.1,48.8164
3352.2,48.8149
3352.3,48.8134
3352.4,48.812
3352.5,48.8105
3352.6,48.8091
3352.7,48.8076
3352.8,48.8061
3352.9,48.8047
3353,48.8032
3353.1,48.8017
3353.2,48.8003
3353.3,48.7988
3353.4,48.7974
3353.5,48.7959
3353.6,48.7944
3353.7,48.793
3353.8,48.7915
3353.9,48.7901
3354,48.7886
3354.1,48.7871
3354.2,48.7857
3354.3,48.7842
3354.4,48.7828
3354.5,48.7813
3354.6,48.7798
3354.7,48.7784
3354.8,48.7769
3354.9,48.7754
3355,48.774
3355.1,48.7725
3355.2,48.7711
3355.3,48.7696
3355.4,48.7681
3355.5,48.7667
3355.6,48.7652
3355.7,48.7638
3355.8,48.7623
3355.9,48.7608
3356,48.7594
3356.1,48.7579
3356.2,48.7564
3356.3,48.755
3356.4,48.7535
3356.5,48.7521
3356.6,48.7506
3356.7,48.7491
3356.8,48.7477
3356.9,48.7462
3357,48.7447
3357.1,48.7433
3357.2,48.7418
3357.3,48.7404
3357.4,48.7389
3357.5,48.7374
3357.6,48.736
3357.7,48.7345
3357.8,48.7331
3357.9,48.7316
3358,48.7301
3358.1,48.7287
3358.2,48.7272
3358.3,48.7257
3358.4,48.7243
3358.5,48.7228
3358.6,48.7214
3358.7,48.7199
3358.8,48.7184
3358.9,48.717
3359,48.7155
3359.1,48.714
3359.2,48.7126
3359.3,48.7111
3359.4,48.7097
3359.5,48.7082
3359.6,48.7067
3359.7,48.7053
3359.8,48.7038
3359.9,48.7024
3360,48.7009
3360.1,48.6994
3360.2,48.698
3360.3,48.6965
3360.4,48.695
3360.5,48.6936
3360.6,48.6921
3360.7,48.6907
3360.8,48.6892
3360.9,48.6877
3361,48.6863
3361.1,48.6848
3361.2,48.6834
3361.3,48.6819
3361.4,48.6804
3361.5,48.679
3361.6,48.6775
3361.7,48.6761
3361.8,48.6746
3361.9,48.6731
3362,48.6717
3362.1,48.6702
3362.2,48.6687
3362.3,48.6673
3362.4,48.6658
3362.5,48.6644
3362.6,48.6629
3362.7,48.6614
3362.8,48.66
3362.9,48.6585
3363,48.6571
3363.1,48.6556
3363.2,48.6541
3363.3,48.6527
3363.4,48.6512
3363.5,48.6498
3363.6,48.6483
3363.7,48.6468
3363.8,48.6454
3363.9,48.6439
3364,48.6424
3364.1,48.641
3364.2,48.6395
3364.3,48.6381
3364.4,48.6366
3364.5,48.6351
3364.6,48.6337
3364.7,48.6322
3364.8,48.6308
3364.9,48.6293
3365,48.6278
3365.1,48.6264
3365.2,48.6249
3365.3,48.6234
3365.4,48.622
3365.5,48.6205
3365.6,48.6191
3365.7,48.6176
3365.8,48.6161
3365.9,48.6147
3366,48.6132
3366.1,48.6118
3366.2,48.6103
3366.3,48.6088
3366.4,48.6074
3366.5,48.6059
3366.6,48.6044
3366.7,48.603
3366.8,48.6015
3366.9,48.6001
3367,48.5986
3367.1,48.5971
3367.2,48.5957
3367.3,48.5942
3367.4,48.5928
3367.5,48.5913
3367.6,48.5898
3367.7,48.5884
3367.8,48.5869
3367.9,48.5854
3368,48.584
3368.1,48.5825
3368.2,48.5811
3368.3,48.5796
3368.4,48.5781
3368.5,48.5767
3368.6,48.5752
3368.7,48.5738
3368.8,48.5723
3368.9,48.5708
3369,48.5694
3369.1,48.5679
3369.2,48.5664
3369.3,48.565
3369.4,48.5635
3369.5,48.5621
3369.6,48.5606
3369.7,48.5591
3369.8,48.5577
3369.9,48.5562
3370,48.5548
3370.1,48.5533
3370.2,48.5518
3370.3,48.5504
3370.4,48.5489
3370.5,48.5474
3370.6,48.546
3370.7,48.5445
3370.8,48.5431
3370.9,48.5416
3371,48.5401
3371.1,48.5387
3371.2,48.5372
3371.3,48.5358
3371.4,48.5343
3371.5,48.5328
3371.6,48.5314
3371.7,48.5299
3371.8,48.5285
3371.9,48.527
3372,48.5255
3372.1,48.5241
3372.2,48.5226
3372.3,48.5211
3372.4,48.5197
3372.5,48.5182
3372.6,48.5168
3372.7,48.5153
3372.8,48.5138
3372.9,48.5124
3373,48.5109
3373.1,48.5095
3373.2,48.508
3373.3,48.5065
3373.4,48.5051
3373.5,48.5036
3373.6,48.5022
3373.7,48.5007
3373.8,48.4993
3373.9,48.4978
3374,48.4963
3374.1,48.4949
3374.2,48.4934
3374.3,48.492
3374.4,48.4905
3374.5,48.4891
3374.6,48.4876
3374.7,48.4862
3374.8,48.4847
3374.9,48.4833
3375,48.4818
3375.1,48.4804
3375.2,48.4789
3375.3,48.4775
3375.4,48.4761
3375.5,48.4746
3375.6,48.4732
3375.7,48.4717
3375.8,48.4703
3375.9,48.4688
3376,48.4674
3376.1,48.466
3376.2,48.4645
3376.3,48.4631
3376.4,48.4616
3376.5,48.4602
3376.6,48.4588
3376.7,48.4573
3376.8,48.4559
3376.9,48.4545
3377,48.4531
3377.1,48.4516
3377.2,48.4502
3377.3,48.4488
3377.4,48.4473
3377.5,48.4459
3377.6,48.4445
3377.7,48.4431
3377.8,48.4416
3377.9,48.4402
3378,48.4388
3378.1,48.4374
3378.2,48.436
3378.3,48.4345
3378.4,48.4331
3378.5,48.4317
3378.6,48.4303
3378.7,48.4289
3378.8,48.4274
3378.9,48.426
3379,48.4246
3379.1,48.4232
3379.2,48.4218
3379.3,48.4204
3379.4,48.4189
3379.5,48.4175
3379.6,48.4161
3379.7,48.4147
3379.8,48.4133
3379.9,48.4119
3380,48.4105
3380.1,48.409
3380.2,48.4076
3380.3,48.4062
3380.4,48.4048
3380.5,48.4034
3380.6,48.402
3380.7,48.4006
3380.8,48.3992
3380.9,48.3978
3381,48.3963
3381.1,48.3949
3381.2,48.3935
3381.3,48.3921
3381.4,48.3907
3381.5,48.3893
3381.6,48.3879
3381.7,48.3865
3381.8,48.3851
3381.9,48.3837
3382,48.3822
3382.1,48.3808
3382.2,48.3794
3382.3,48.378
3382.4,48.3766
3382.5,48.3752
3382.6,48.3738
3382.7,48.3724
3382.8,48.371
3382.9,48.3696
3383,48.3682
3383.1,48.3668
3383.2,48.3654
3383.3,48.364
3383.4,48.3626
3383.5,48.3612
3383.6,48.3598
3383.7,48.3584
3383.8,48.357
3383.9,48.3556
3384,48.3542
3384.1,48.3529
3384.2,48.3515
3384.3,48.3501
3384.4,48.3487
3384.5,48.3473
3384.6,48.3459
3384.7,48.3445
3384.8,48.3431
3384.9,48.3418
3385,48.3404
3385.1,48.339
3385.2,48.3376
3385.3,48.3362
3385.4,48.3348
3385.5,48.3334
3385.6,48.3321
3385.7,48.3307
3385.8,48.3293
3385.9,48.3279
3386,48.3265
3386.1,48.3251
3386.2,48.3237
3386.3,48.3224
3386.4,48.321
3386.5,48.3196
3386.6,48.3182
3386.7,48.3168
3386.8,48.3154
3386.9,48.314
3387,48.3126
3387.1,48.3112
3387.2,48.3099
3387.3,48.3085
3387.4,48.3071
3387.5,48.3057
3387.6,48.3043
3387.7,48.3029
3387.8,48.3015
3387.9,48.3001
3388,48.2987
3388.1,48.2973
3388.2,48.2959
3388.3,48.2945
3388.4,48.2931
3388.5,48.2917
3388.6,48.2903
3388.7,48.2889
3388.8,48.2875
3388.9,48.2861
3389,48.2847
3389.1,48.2833
3389.2,48.2819
3389.3,48.2805
3389.4,48.2791
3389.5,48.2777
3389.6,48.2763
3389.7,48.2749
3389.8,48.2735
3389.9,48.2721
3390,48.2707
3390.1,48.2693
3390.2,48.2679
3390.3,48.2664
3390.4,48.265
3390.5,48.2636
3390.6,48.2622
3390.7,48.2608
3390.8,48.2594
3390.9,48.258
3391,48.2566
3391.1,48.2552
3391.2,48.2538
3391.3,48.2523
3391.4,48.2509
3391.5,48.2495
3391.6,48.2481
3391.7,48.2467
3391.8,48.2453
3391.9,48.2439
3392,48.2425
3392.1,48.2411
3392.2,48.2396
3392.3,48.2382
3392.4,48.2368
3392.5,48.2354
3392.6,48.234
3392.7,48.2326
3392.8,48.2312
3392.9,48.2298
3393,48.2284
3393.1,48.227
3393.2,48.2255
3393.3,48.2241
3393.4,48.2227
3393.5,48.2213
3393.6,48.2199
3393.7,48.2185
3393.8,48.2171
3393.9,48.2157
3394,48.2143
3394.1,48.2128
3394.2,48.2114
3394.3,48.21
3394.4,48.2086
3394.5,48.2072
3394.6,48.2058
3394.7,48.2044
3394.8,48.2029
3394.9,48.2015
3395,48.2001
3395.1,48.1987
3395.2,48.1973
3395.3,48.1959
3395.4,48.1944
3395.5,48.193
3395.6,48.1916
3395.7,48.1902
3395.8,48.1888
3395.9,48.1874
3396,48.1859
3396.1,48.1845
3396.2,48.1831
3396.3,48.1817
3396.4,48.1803
3396.5,48.1789
3396.6,48.1774
3396.7,48.176
3396.8,48.1746
3396.9,48.1732
3397,48.1718
3397.1,48.1703
3397.2,48.1689
3397.3,48.1675
3397.4,48.1661
3397.5,48.1647
3397.6,48.1632
3397.7,48.1618
3397.8,48.1604
3397.9,48.159
3398,48.1575
3398.1,48.1561
3398.2,48.1547
3398.3,48.1533
3398.4,48.1518
3398.5,48.1504
3398.6,48.149
3398.7,48.1476
3398.8,48.1462
3398.9,48.1447
3399,48.1433
3399.1,48.1419
3399.2,48.1405
3399.3,48.139
3399.4,48.1376
3399.5,48.1362
3399.6,48.1348
3399.7,48.1333
3399.8,48.1319
3399.9,48.1305
3400,48.1291
3400.1,48.1276
3400.2,48.1262
3400.3,48.1248
3400.4,48.1234
3400.5,48.122
3400.6,48.1205
3400.7,48.1191
3400.8,48.1177
3400.9,48.1163
3401,48.1148
3401.1,48.1134
3401.2,48.112
3401.3,48.1106
3401.4,48.1092
3401.5,48.1077
3401.6,48.1063
3401.7,48.1049
3401.8,48.1035
3401.9,48.1021
3402,48.1006
3402.1,48.0992
3402.2,48.0978
3402.3,48.0964
3402.4,48.0949
3402.5,48.0935
3402.6,48.0921
3402.7,48.0907
3402.8,48.0893
3402.9,48.0878
3403,48.0864
3403.1,48.085
3403.2,48.0836
3403.3,48.0822
3403.4,48.0807
3403.5,48.0793
3403.6,48.0779
3403.7,48.0765
3403.8,48.0751
3403.9,48.0736
3404,48.0722
3404.1,48.0708
3404.2,48.0694
3404.3,48.068
3404.4,48.0665
3404.5,48.0651
3404.6,48.0637
3404.7,48.0623
3404.8,48.0609
3404.9,48.0594
3405,48.058
3405.1,48.0566
3405.2,48.0552
3405.3,48.0538
3405.4,48.0523
3405.5,48.0509
3405.6,48.0495
3405.7,48.0481
3405.8,48.0467
3405.9,48.0452
3406,48.0438
3406.1,48.0424
3406.2,48.041
3406.3,48.0396
3406.4,48.0381
3406.5,48.0367
3406.6,48.0353
3406.7,48.0339
3406.8,48.0325
3406.9,48.0311
3407,48.0296
3407.1,48.0282
3407.2,48.0268
3407.3,48.0254
3407.4,48.024
3407.5,48.0225
3407.6,48.0211
3407.7,48.0197
3407.8,48.0183
3407.9,48.0169
3408,48.0154
3408.1,48.014
3408.2,48.0126
3408.3,48.0112
3408.4,48.0098
3408.5,48.0084
3408.6,48.0069
3408.7,48.0055
3408.8,48.0041
3408.9,48.0027
3409,48.0013
3409.1,47.9998
3409.2,47.9984
3409.3,47.997
3409.4,47.9956
3409.5,47.9942
3409.6,47.9927
3409.7,47.9913
3409.8,47.9899
3409.9,47.9885
3410,47.9871
3410.1,47.9856
3410.2,47.9842
3410.3,47.9828
3410.4,47.9814
3410.5,47.98
3410.6,47.9785
3410.7,47.9771
3410.8,47.9757
3410.9,47.9743
3411,47.9729
3411.1,47.9715
3411.2,47.97
3411.3,47.9686
3411.4,47.9672
3411.5,47.9658
3411.6,47.9644
3411.7,47.9629
3411.8,47.9615
3411.9,47.9601
3412,47.9587
3412.1,47.9573
3412.2,47.9558
3412.3,47.9544
3412.4,47.953
3412.5,47.9516
3412.6,47.9502
3412.7,47.9488
3412.8,47.9473
3412.9,47.9459
3413,47.9445
3413.1,47.9431
3413.2,47.9417
3413.3,47.9402
3413.4,47.9388
3413.5,47.9374
3413.6,47.936
3413.7,47.9346
3413.8,47.9332
3413.9,47.9317
3414,47.9303
3414.1,47.9289
3414.2,47.9275
3414.3,47.9261
3414.4,47.9247
3414.5,47.9233
3414.6,47.9218
3414.7,47.9204
3414.8,47.919
3414.9,47.9176
3415,47.9162
3415.1,47.9148
3415.2,47.9134
3415.3,47.912
3415.4,47.9105
3415.5,47.9091
3415.6,47.9077
3415.7,47.9063
3415.8,47.9049
3415.9,47.9035
3416,47.9021
3416.1,47.9007
3416.2,47.8993
3416.3,47.8979
3416.4,47.8965
3416.5,47.8951
3416.6,47.8936
3416.7,47.8922
3416.8,47.8908
3416.9,47.8894
3417,47.888
3417.1,47.8866
3417.2,47.8852
3417.3,47.8838
3417.4,47.8824
3417.5,47.881
3417.6,47.8796
3417.7,47.8783
3417.8,47.8769
3417.9,47.8755
3418,47.8741
3418.1,47.8727
3418.2,47.8713
3418.3,47.8699
3418.4,47.8685
3418.5,47.8672
3418.6,47.8658
3418.7,47.8644
3418.8,47.863
3418.9,47.8616
3419,47.8603
3419.1,47.8589
3419.2,47.8575
3419.3,47.8561
3419.4,47.8548
3419.5,47.8534
3419.6,47.852
3419.7,47.8506
3419.8,47.8493
3419.9,47.8479
3420,47.8465
3420.1,47.8451
3420.2,47.8437
3420.3,47.8424
3420.4,47.841
3420.5,47.8396
3420.6,47.8382
3420.7,47.8368
3420.8,47.8355
3420.9,47.8341
3421,47.8327
3421.1,47.8313
3421.2,47.8299
3421.3,47.8285
3421.4,47.8271
3421.5,47.8257
3421.6,47.8243
3421.7,47.8229
3421.8,47.8215
3421.9,47.8201
3422,47.8187
3422.1,47.8173
3422.2,47.8159
3422.3,47.8145
3422.4,47.8131
3422.5,47.8117
3422.6,47.8103
3422.7,47.8089
3422.8,47.8075
3422.9,47.8061
3423,47.8047
3423.1,47.8033
3423.2,47.8018
3423.3,47.8004
3423.4,47.799
3423.5,47.7976
3423.6,47.7962
3423.7,47.7948
3423.8,47.7934
3423.9,47.792
3424,47.7906
3424.1,47.7891
3424.2,47.7877
3424.3,47.7863
3424.4,47.7849
3424.5,47.7835
3424.6,47.7821
3424.7,47.7806
3424.8,47.7792
3424.9,47.7778
3425,47.7764
3425.1,47.775
3425.2,47.7735
3425.3,47.7721
3425.4,47.7707
3425.5,47.7693
3425.6,47.7679
3425.7,47.7664
3425.8,47.765
3425.9,47.7636
3426,47.7622
3426.1,47.7607
3426.2,47.7593
3426.3,47.7579
3426.4,47.7565
3426.5,47.755
3426.6,47.7536
3426.7,47.7522
3426.8,47.7507
3426.9,47.7493
3427,47.7479
3427.1,47.7465
3427.2,47.745
3427.3,47.7436
3427.4,47.7422
3427.5,47.7407
3427.6,47.7393
3427.7,47.7378
3427.8,47.7364
3427.9,47.735
3428,47.7335
3428.1,47.7321
3428.2,47.7307
3428.3,47.7292
3428.4,47.7278
3428.5,47.7264
3428.6,47.7249
3428.7,47.7235
3428.8,47.722
3428.9,47.7206
3429,47.7192
3429.1,47.7177
3429.2,47.7163
3429.3,47.7148
3429.4,47.7134
3429.5,47.712
3429.6,47.7105
3429.7,47.7091
3429.8,47.7076
3429.9,47.7062
3430,47.7048
3430.1,47.7033
3430.2,47.7019
3430.3,47.7004
3430.4,47.699
3430.5,47.6975
3430.6,47.6961
3430.7,47.6947
3430.8,47.6932
3430.9,47.6918
3431,47.6903
3431.1,47.6889
3431.2,47.6874
3431.3,47.686
3431.4,47.6846
3431.5,47.6831
3431.6,47.6817
3431.7,47.6802
3431.8,47.6788
3431.9,47.6774
3432,47.6759
3432.1,47.6745
3432.2,47.673
3432.3,47.6716
3432.4,47.6701
3432.5,47.6687
3432.6,47.6673
3432.7,47.6658
3432.8,47.6644
3432.9,47.6629
3433,47.6615
3433.1,47.6601
3433.2,47.6586
3433.3,47.6572
3433.4,47.6557
3433.5,47.6543
3433.6,47.6529
3433.7,47.6514
3433.8,47.65
3433.9,47.6485
3434,47.6471
3434.1,47.6456
3434.2,47.6442
3434.3,47.6428
3434.4,47.6413
3434.5,47.6399
3434.6,47.6384
3434.7,47.637
3434.8,47.6356
3434.9,47.6341
3435,47.6327
3435.1,47.6312
3435.2,47.6298
3435.3,47.6284
3435.4,47.6269
3435.5,47.6255
3435.6,47.624
3435.7,47.6226
3435.8,47.6212
3435.9,47.6197
3436,47.6183
3436.1,47.6168
3436.2,47.6154
3436.3,47.614
3436.4,47.6125
3436.5,47.6111
3436.6,47.6096
3436.7,47.6082
3436.8,47.6068
3436.9,47.6053
3437,47.6039
3437.1,47.6024
3437.2,47.601
3437.3,47.5996
3437.4,47.5981
3437.5,47.5967
3437.6,47.5952
3437.7,47.5938
3437.8,47.5924
3437.9,47.5909
3438,47.5895
3438.1,47.588
3438.2,47.5866
3438.3,47.5852
3438.4,47.5837
3438.5,47.5823
3438.6,47.5809
3438.7,47.5794
3438.8,47.578
3438.9,47.5765
3439,47.5751
3439.1,47.5737
3439.2,47.5722
3439.3,47.5708
3439.4,47.5694
3439.5,47.5679
3439.6,47.5665
3439.7,47.5651
3439.8,47.5636
3439.9,47.5622
3440,47.5608
3440.1,47.5593
3440.2,47.5579
3440.3,47.5565
3440.4,47.555
3440.5,47.5536
3440.6,47.5522
3440.7,47.5507
3440.8,47.5493
3440.9,47.5479
3441,47.5464
3441.1,47.545
3441.2,47.5436
3441.3,47.5422
3441.4,47.5407
3441.5,47.5393
3441.6,47.5379
3441.7,47.5364
3441.8,47.535
3441.9,47.5336
3442,47.5322
3442.1,47.5308
3442.2,47.5293
3442.3,47.5279
3442.4,47.5265
3442.5,47.5251
3442.6,47.5236
3442.7,47.5222
3442.8,47.5208
3442.9,47.5194
3443,47.518
3443.1,47.5166
3443.2,47.5152
3443.3,47.5138
3443.4,47.5123
3443.5,47.5109
3443.6,47.5095
3443.7,47.5081
3443.8,47.5067
3443.9,47.5053
3444,47.5039
3444.1,47.5025
3444.2,47.5011
3444.3,47.4997
3444.4,47.4983
3444.5,47.4969
3444.6,47.4955
3444.7,47.4941
3444.8,47.4927
3444.9,47.4913
3445,47.4899
3445.1,47.4885
3445.2,47.4871
3445.3,47.4857
3445.4,47.4843
3445.5,47.4829
3445.6,47.4815
3445.7,47.4801
3445.8,47.4787
3445.9,47.4773
3446,47.4759
3446.1,47.4745
3446.2,47.4731
3446.3,47.4717
3446.4,47.4704
3446.5,47.469
3446.6,47.4676
3446.7,47.4662
3446.8,47.4648
3446.9,47.4634
3447,47.462
3447.1,47.4606
3447.2,47.4592
3447.3,47.4578
3447.4,47.4564
3447.5,47.4551
3447.6,47.4537
3447.7,47.4523
3447.8,47.4509
3447.9,47.4495
3448,47.4481
3448.1,47.4468
3448.2,47.4454
3448.3,47.444
3448.4,47.4426
3448.5,47.4413
3448.6,47.4399
3448.7,47.4385
3448.8,47.4371
3448.9,47.4358
3449,47.4344
3449.1,47.433
3449.2,47.4316
3449.3,47.4303
3449.4,47.4289
3449.5,47.4275
3449.6,47.4262
3449.7,47.4248
3449.8,47.4234
3449.9,47.422
3450,47.4206
3450.1,47.4193
3450.2,47.4179
3450.3,47.4165
3450.4,47.4151
3450.5,47.4137
3450.6,47.4123
3450.7,47.4109
3450.8,47.4095
3450.9,47.4081
3451,47.4067
3451.1,47.4053
3451.2,47.4039
3451.3,47.4025
3451.4,47.4011
3451.5,47.3997
3451.6,47.3982
3451.7,47.3968
3451.8,47.3954
3451.9,47.394
3452,47.3926
3452.1,47.3911
3452.2,47.3897
3452.3,47.3883
3452.4,47.3869
3452.5,47.3854
3452.6,47.384
3452.7,47.3826
3452.8,47.3812
3452.9,47.3797
3453,47.3783
3453.1,47.3769
3453.2,47.3754
3453.3,47.374
3453.4,47.3726
3453.5,47.3711
3453.6,47.3697
3453.7,47.3683
3453.8,47.3668
3453.9,47.3654
3454,47.364
3454.1,47.3625
3454.2,47.3611
3454.3,47.3597
3454.4,47.3582
3454.5,47.3568
3454.6,47.3554
3454.7,47.3539
3454.8,47.3525
3454.9,47.351
3455,47.3496
3455.1,47.3482
3455.2,47.3467
3455.3,47.3453
3455.4,47.3438
3455.5,47.3424
3455.6,47.3409
3455.7,47.3395
3455.8,47.3381
3455.9,47.3366
3456,47.3352
3456.1,47.3337
3456.2,47.3323
3456.3,47.3308
3456.4,47.3294
3456.5,47.3279
3456.6,47.3265
3456.7,47.3251
3456.8,47.3236
3456.9,47.3222
3457,47.3207
3457.1,47.3193
3457.2,47.3178
3457.3,47.3164
3457.4,47.3149
3457.5,47.3135
3457.6,47.312
3457.7,47.3106
3457.8,47.3091
3457.9,47.3077
3458,47.3062
3458.1,47.3048
3458.2,47.3033
3458.3,47.3019
3458.4,47.3004
3458.5,47.299
3458.6,47.2975
3458.7,47.2961
3458.8,47.2946
3458.9,47.2932
3459,47.2917
3459.1,47.2903
3459.2,47.2888
3459.3,47.2874
3459.4,47.2859
3459.5,47.2845
3459.6,47.283
3459.7,47.2816
3459.8,47.2801
3459.9,47.2787
3460,47.2772
3460.1,47.2758
3460.2,47.2743
3460.3,47.2729
3460.4,47.2714
3460.5,47.27
3460.6,47.2685
3460.7,47.2671
3460.8,47.2656
3460.9,47.2642
3461,47.2627
3461.1,47.2613
3461.2,47.2599
3461.3,47.2584
3461.4,47.257
3461.5,47.2555
3461.6,47.2541
3461.7,47.2526
3461.8,47.2512
3461.9,47.2497
3462,47.2483
3462.1,47.2468
3462.2,47.2454
3462.3,47.2439
3462.4,47.2425
3462.5,47.241
3462.6,47.2396
3462.7,47.2381
3462.8,47.2367
3462.9,47.2352
3463,47.2338
3463.1,47.2323
3463.2,47.2309
3463.3,47.2294
3463.4,47.228
3463.5,47.2265
3463.6,47.2251
3463.7,47.2237
3463.8,47.2222
3463.9,47.2208
3464,47.2193
3464.1,47.2179
3464.2,47.2164
3464.3,47.215
3464.4,47.2135
3464.5,47.2121
3464.6,47.2106
3464.7,47.2092
3464.8,47.2078
3464.9,47.2063
3465,47.2049
3465.1,47.2034
3465.2,47.202
3465.3,47.2006
3465.4,47.1991
3465.5,47.1977
3465.6,47.1962
3465.7,47.1948
3465.8,47.1934
3465.9,47.1919
3466,47.1905
3466.1,47.1891
3466.2,47.1876
3466.3,47.1862
3466.4,47.1847
3466.5,47.1833
3466.6,47.1819
3466.7,47.1804
3466.8,47.179
3466.9,47.1776
3467,47.1761
3467.1,47.1747
3467.2,47.1733
3467.3,47.1718
3467.4,47.1704
3467.5,47.169
3467.6,47.1676
3467.7,47.1661
3467.8,47.1647
3467.9,47.1633
3468,47.1618
3468.1,47.1604
3468.2,47.159
3468.3,47.1576
3468.4,47.1561
3468.5,47.1547
3468.6,47.1533
3468.7,47.1519
3468.8,47.1504
3468.9,47.149
3469,47.1476
3469.1,47.1461
3469.2,47.1447
3469.3,47.1433
3469.4,47.1419
3469.5,47.1405
3469.6,47.139
3469.7,47.1376
3469.8,47.1362
3469.9,47.1348
3470,47.1333
3470.1,47.1319
3470.2,47.1305
3470.3,47.1291
3470.4,47.1276
3470.5,47.1262
3470.6,47.1248
3470.7,47.1234
3470.8,47.122
3470.9,47.1205
3471,47.1191
3471.1,47.1177
3471.2,47.1163
3471.3,47.1148
3471.4,47.1134
3471.5,47.112
3471.6,47.1106
3471.7,47.1092
3471.8,47.1077
3471.9,47.1063
3472,47.1049
3472.1,47.1035
3472.2,47.1021
3472.3,47.1006
3472.4,47.0992
3472.5,47.0978
3472.6,47.0964
3472.7,47.095
3472.8,47.0936
3472.9,47.0921
3473,47.0907
3473.1,47.0893
3473.2,47.0879
3473.3,47.0865
3473.4,47.085
3473.5,47.0836
3473.6,47.0822
3473.7,47.0808
3473.8,47.0794
3473.9,47.078
3474,47.0765
3474.1,47.0751
3474.2,47.0737
3474.3,47.0723
3474.4,47.0709
3474.5,47.0694
3474.6,47.068
3474.7,47.0666
3474.8,47.0652
3474.9,47.0638
3475,47.0624
3475.1,47.0609
3475.2,47.0595
3475.3,47.0581
3475.4,47.0567
3475.5,47.0553
3475.6,47.0539
3475.7,47.0525
3475.8,47.051
3475.9,47.0496
3476,47.0482
3476.1,47.0468
3476.2,47.0454
3476.3,47.044
3476.4,47.0426
3476.5,47.0412
3476.6,47.0398
3476.7,47.0384
3476.8,47.037
3476.9,47.0355
3477,47.0341
3477.1,47.0327
3477.2,47.0313
3477.3,47.0299
3477.4,47.0285
3477.5,47.0271
3477.6,47.0257
3477.7,47.0243
3477.8,47.0229
3477.9,47.0215
3478,47.0201
3478.1,47.0187
3478.2,47.0173
3478.3,47.0159
3478.4,47.0145
3478.5,47.0131
3478.6,47.0117
3478.7,47.0103
3478.8,47.0089
3478.9,47.0074
3479,47.006
3479.1,47.0046
3479.2,47.0032
3479.3,47.0018
3479.4,47.0004
3479.5,46.999
3479.6,46.9976
3479.7,46.9962
3479.8,46.9948
3479.9,46.9934
3480,46.992
3480.1,46.9906
3480.2,46.9892
3480.3,46.9878
3480.4,46.9864
3480.5,46.985
3480.6,46.9836
3480.7,46.9822
3480.8,46.9808
3480.9,46.9794
3481,46.978
3481.1,46.9766
3481.2,46.9752
3481.3,46.9737
3481.4,46.9723
3481.5,46.9709
3481.6,46.9695
3481.7,46.9681
3481.8,46.9667
3481.9,46.9653
3482,46.9639
3482.1,46.9625
3482.2,46.9611
3482.3,46.9596
3482.4,46.9582
3482.5,46.9568
3482.6,46.9554
3482.7,46.954
3482.8,46.9526
3482.9,46.9512
3483,46.9497
3483.1,46.9483
3483.2,46.9469
3483.3,46.9455
3483.4,46.9441
3483.5,46.9427
3483.6,46.9412
3483.7,46.9398
3483.8,46.9384
3483.9,46.937
3484,46.9356
3484.1,46.9341
3484.2,46.9327
3484.3,46.9313
3484.4,46.9299
3484.5,46.9285
3484.6,46.927
3484.7,46.9256
3484.8,46.9242
3484.9,46.9228
3485,46.9214
3485.1,46.9199
3485.2,46.9185
3485.3,46.9171
3485.4,46.9157
3485.5,46.9142
3485.6,46.9128
3485.7,46.9114
3485.8,46.91
3485.9,46.9086
3486,46.9071
3486.1,46.9057
3486.2,46.9043
3486.3,46.9029
3486.4,46.9014
3486.5,46.9
3486.6,46.8986
3486.7,46.8972
3486.8,46.8957
3486.9,46.8943
3487,46.8929
3487.1,46.8915
3487.2,46.89
3487.3,46.8886
3487.4,46.8872
3487.5,46.8858
3487.6,46.8844
3487.7,46.8829
3487.8,46.8815
3487.9,46.8801
3488,46.8787
3488.1,46.8772
3488.2,46.8758
3488.3,46.8744
3488.4,46.873
3488.5,46.8715
3488.6,46.8701
3488.7,46.8687
3488.8,46.8673
3488.9,46.8658
3489,46.8644
3489.1,46.863
3489.2,46.8616
3489.3,46.8601
3489.4,46.8587
3489.5,46.8573
3489.6,46.8559
3489.7,46.8544
3489.8,46.853
3489.9,46.8516
3490,46.8502
3490.1,46.8487
3490.2,46.8473
3490.3,46.8459
3490.4,46.8444
3490.5,46.843
3490.6,46.8416
3490.7,46.8402
3490.8,46.8387
3490.9,46.8373
3491,46.8359
3491.1,46.8344
3491.2,46.833
3491.3,46.8316
3491.4,46.8301
3491.5,46.8287
3491.6,46.8273
3491.7,46.8258
3491.8,46.8244
3491.9,46.823
3492,46.8215
3492.1,46.8201
3492.2,46.8187
3492.3,46.8172
3492.4,46.8158
3492.5,46.8143
3492.6,46.8129
3492.7,46.8115
3492.8,46.81
3492.9,46.8086
3493,46.8072
3493.1,46.8057
3493.2,46.8043
3493.3,46.8028
3493.4,46.8014
3493.5,46.7999
3493.6,46.7985
3493.7,46.7971
3493.8,46.7956
3493.9,46.7942
3494,46.7927
3494.1,46.7913
3494.2,46.7898
3494.3,46.7884
3494.4,46.7869
3494.5,46.7855
3494.6,46.784
3494.7,46.7826
3494.8,46.7811
3494.9,46.7797
3495,46.7783
3495.1,46.7768
3495.2,46.7754
3495.3,46.7739
3495.4,46.7725
3495.5,46.771
3495.6,46.7696
3495.7,46.7681
3495.8,46.7667
3495.9,46.7652
3496,46.7638
3496.1,46.7623
3496.2,46.7609
3496.3,46.7594
3496.4,46.758
3496.5,46.7565
3496.6,46.7551
3496.7,46.7537
3496.8,46.7522
3496.9,46.7508
3497,46.7493
3497.1,46.7479
3497.2,46.7464
3497.3,46.745
3497.4,46.7435
3497.5,46.7421
3497.6,46.7407
3497.7,46.7392
3497.8,46.7378
3497.9,46.7363
3498,46.7349
3498.1,46.7334
3498.2,46.732
3498.3,46.7305
3498.4,46.7291
3498.5,46.7276
3498.6,46.7262
3498.7,46.7248
3498.8,46.7233
3498.9,46.7219
3499,46.7204
3499.1,46.719
3499.2,46.7175
3499.3,46.7161
3499.4,46.7146
3499.5,46.7132
3499.6,46.7118
3499.7,46.7103
3499.8,46.7089
3499.9,46.7074
3500,46.706
3500.1,46.7045
3500.2,46.7031
3500.3,46.7016
3500.4,46.7002
3500.5,46.6987
3500.6,46.6973
3500.7,46.6959
3500.8,46.6944
3500.9,46.693
3501,46.6915
3501.1,46.6901
3501.2,46.6886
3501.3,46.6872
3501.4,46.6857
3501.5,46.6843
3501.6,46.6828
3501.7,46.6814
3501.8,46.6799
3501.9,46.6785
3502,46.677
3502.1,46.6756
3502.2,46.6741
3502.3,46.6727
3502.4,46.6712
3502.5,46.6698
3502.6,46.6683
3502.7,46.6669
3502.8,46.6654
3502.9,46.664
3503,46.6625
3503.1,46.6611
3503.2,46.6596
3503.3,46.6582
3503.4,46.6567
3503.5,46.6553
3503.6,46.6538
3503.7,46.6524
3503.8,46.651
3503.9,46.6495
3504,46.6481
3504.1,46.6466
3504.2,46.6452
3504.3,46.6437
3504.4,46.6423
3504.5,46.6408
3504.6,46.6394
3504.7,46.638
3504.8,46.6365
3504.9,46.6351
3505,46.6336
3505.1,46.6322
3505.2,46.6307
3505.3,46.6293
3505.4,46.6279
3505.5,46.6264
3505.6,46.625
3505.7,46.6235
3505.8,46.6221
3505.9,46.6207
3506,46.6192
3506.1,46.6178
3506.2,46.6164
3506.3,46.6149
3506.4,46.6135
3506.5,46.612
3506.6,46.6106
3506.7,46.6092
3506.8,46.6077
3506.9,46.6063
3507,46.6049
3507.1,46.6034
3507.2,46.602
3507.3,46.6006
3507.4,46.5991
3507.5,46.5977
3507.6,46.5963
3507.7,46.5948
3507.8,46.5934
3507.9,46.592
3508,46.5906
3508.1,46.5891
3508.2,46.5877
3508.3,46.5863
3508.4,46.5848
3508.5,46.5834
3508.6,46.582
3508.7,46.5806
3508.8,46.5791
3508.9,46.5777
3509,46.5763
3509.1,46.5749
3509.2,46.5734
3509.3,46.572
3509.4,46.5706
3509.5,46.5692
3509.6,46.5678
3509.7,46.5663
3509.8,46.5649
3509.9,46.5635
3510,46.5621
3510.1,46.5607
3510.2,46.5592
3510.3,46.5578
3510.4,46.5564
3510.5,46.555
3510.6,46.5536
3510.7,46.5522
3510.8,46.5508
3510.9,46.5493
3511,46.5479
3511.1,46.5465
3511.2,46.5451
3511.3,46.5437
3511.4,46.5423
3511.5,46.5409
3511.6,46.5395
3511.7,46.5381
3511.8,46.5367
3511.9,46.5353
3512,46.5339
3512.1,46.5325
3512.2,46.5311
3512.3,46.5297
3512.4,46.5283
3512.5,46.5269
3512.6,46.5255
3512.7,46.5241
3512.8,46.5227
3512.9,46.5213
3513,46.52
3513.1,46.5186
3513.2,46.5172
3513.3,46.5158
3513.4,46.5144
3513.5,46.513
3513.6,46.5116
3513.7,46.5102
3513.8,46.5088
3513.9,46.5075
3514,46.5061
3514.1,46.5047
3514.2,46.5033
3514.3,46.5019
3514.4,46.5005
3514.5,46.4991
3514.6,46.4977
3514.7,46.4964
3514.8,46.495
3514.9,46.4936
3515,46.4922
3515.1,46.4908
3515.2,46.4894
3515.3,46.488
3515.4,46.4867
3515.5,46.4853
3515.6,46.4839
3515.7,46.4825
3515.8,46.4811
3515.9,46.4797
3516,46.4783
3516.1,46.4769
3516.2,46.4755
3516.3,46.4741
3516.4,46.4728
3516.5,46.4714
3516.6,46.47
3516.7,46.4686
3516.8,46.4672
3516.9,46.4658
3517,46.4644
3517.1,46.463
3517.2,46.4616
3517.3,46.4602
3517.4,46.4588
3517.5,46.4574
3517.6,46.456
3517.7,46.4546
3517.8,46.4532
3517.9,46.4518
3518,46.4504
3518.1,46.449
3518.2,46.4476
3518.3,46.4462
3518.4,46.4449
3518.5,46.4435
3518.6,46.4421
3518.7,46.4407
3518.8,46.4393
3518.9,46.4379
3519,46.4365
3519.1,46.4351
3519.2,46.4337
3519.3,46.4323
3519.4,46.4309
3519.5,46.4295
3519.6,46.4281
3519.7,46.4267
3519.8,46.4253
3519.9,46.4239
3520,46.4225
3520.1,46.4211
3520.2,46.4197
3520.3,46.4183
3520.4,46.4169
3520.5,46.4155
3520.6,46.4141
3520.7,46.4127
3520.8,46.4114
3520.9,46.41
3521,46.4086
3521.1,46.4072
3521.2,46.4058
3521.3,46.4044
3521.4,46.403
3521.5,46.4016
3521.6,46.4002
3521.7,46.3988
3521.8,46.3974
3521.9,46.3961
3522,46.3947
3522.1,46.3933
3522.2,46.3919
3522.3,46.3905
3522.4,46.3891
3522.5,46.3877
3522.6,46.3863
3522.7,46.3849
3522.8,46.3835
3522.9,46.3821
3523,46.3807
3523.1,46.3793
3523.2,46.3779
3523.3,46.3765
3523.4,46.3752
3523.5,46.3738
3523.6,46.3724
3523.7,46.371
3523.8,46.3696
3523.9,46.3682
3524,46.3668
3524.1,46.3654
3524.2,46.364
3524.3,46.3626
3524.4,46.3612
3524.5,46.3598
3524.6,46.3584
3524.7,46.357
3524.8,46.3556
3524.9,46.3542
3525,46.3528
3525.1,46.3514
3525.2,46.35
3525.3,46.3486
3525.4,46.3472
3525.5,46.3458
3525.6,46.3444
3525.7,46.343
3525.8,46.3416
3525.9,46.3402
3526,46.3388
3526.1,46.3374
3526.2,46.336
3526.3,46.3346
3526.4,46.3332
3526.5,46.3318
3526.6,46.3304
3526.7,46.329
3526.8,46.3276
3526.9,46.3262
3527,46.3248
3527.1,46.3234
3527.2,46.322
3527.3,46.3206
3527.4,46.3192
3527.5,46.3178
3527.6,46.3164
3527.7,46.315
3527.8,46.3136
3527.9,46.3122
3528,46.3108
3528.1,46.3094
3528.2,46.308
3528.3,46.3066
3528.4,46.3052
3528.5,46.3038
3528.6,46.3024
3528.7,46.301
3528.8,46.2996
3528.9,46.2981
3529,46.2967
3529.1,46.2953
3529.2,46.2939
3529.3,46.2925
3529.4,46.2911
3529.5,46.2897
3529.6,46.2883
3529.7,46.2869
3529.8,46.2855
3529.9,46.2841
3530,46.2827
3530.1,46.2813
3530.2,46.2799
3530.3,46.2785
3530.4,46.2771
3530.5,46.2757
3530.6,46.2743
3530.7,46.2729
3530.8,46.2715
3530.9,46.2701
3531,46.2687
3531.1,46.2673
3531.2,46.2659
3531.3,46.2645
3531.4,46.2631
3531.5,46.2617
3531.6,46.2603
3531.7,46.2589
3531.8,46.2575
3531.9,46.2561
3532,46.2547
3532.1,46.2533
3532.2,46.2519
3532.3,46.2505
3532.4,46.2491
3532.5,46.2477
3532.6,46.2463
3532.7,46.2449
3532.8,46.2435
3532.9,46.2421
3533,46.2408
3533.1,46.2394
3533.2,46.238
3533.3,46.2366
3533.4,46.2352
3533.5,46.2338
3533.6,46.2324
3533.7,46.231
3533.8,46.2296
3533.9,46.2282
3534,46.2268
3534.1,46.2254
3534.2,46.224
3534.3,46.2226
3534.4,46.2212
3534.5,46.2198
3534.6,46.2184
3534.7,46.217
3534.8,46.2156
3534.9,46.2142
3535,46.2128
3535.1,46.2114
3535.2,46.21
3535.3,46.2086
3535.4,46.2072
3535.5,46.2058
3535.6,46.2044
3535.7,46.203
3535.8,46.2016
3535.9,46.2002
3536,46.1988
3536.1,46.1974
3536.2,46.196
3536.3,46.1946
3536.4,46.1932
3536.5,46.1918
3536.6,46.1904
3536.7,46.189
3536.8,46.1876
3536.9,46.1862
3537,46.1848
3537.1,46.1834
3537.2,46.182
3537.3,46.1806
3537.4,46.1792
3537.5,46.1778
3537.6,46.1764
3537.7,46.175
3537.8,46.1736
3537.9,46.1722
3538,46.1708
3538.1,46.1694
3538.2,46.168
3538.3,46.1666
3538.4,46.1652
3538.5,46.1638
3538.6,46.1623
3538.7,46.1609
3538.8,46.1595
3538.9,46.1581
3539,46.1567
3539.1,46.1553
3539.2,46.1539
3539.3,46.1525
3539.4,46.1511
3539.5,46.1497
3539.6,46.1483
3539.7,46.1468
3539.8,46.1454
3539.9,46.144
3540,46.1426
3540.1,46.1412
3540.2,46.1398
3540.3,46.1384
3540.4,46.137
3540.5,46.1356
3540.6,46.1342
3540.7,46.1328
3540.8,46.1313
3540.9,46.1299
3541,46.1285
3541.1,46.1271
3541.2,46.1257
3541.3,46.1243
3541.4,46.1229
3541.5,46.1215
3541.6,46.1201
3541.7,46.1186
3541.8,46.1172
3541.9,46.1158
3542,46.1144
3542.1,46.113
3542.2,46.1116
3542.3,46.1102
3542.4,46.1088
3542.5,46.1074
3542.6,46.106
3542.7,46.1045
3542.8,46.1031
3542.9,46.1017
3543,46.1003
3543.1,46.0989
3543.2,46.0975
3543.3,46.0961
3543.4,46.0947
3543.5,46.0933
3543.6,46.0918
3543.7,46.0904
3543.8,46.089
3543.9,46.0876
3544,46.0862
3544.1,46.0848
3544.2,46.0834
3544.3,46.082
3544.4,46.0805
3544.5,46.0791
3544.6,46.0777
3544.7,46.0763
3544.8,46.0749
3544.9,46.0735
3545,46.0721
3545.1,46.0706
3545.2,46.0692
3545.3,46.0678
3545.4,46.0664
3545.5,46.065
3545.6,46.0636
3545.7,46.0621
3545.8,46.0607
3545.9,46.0593
3546,46.0579
3546.1,46.0565
3546.2,46.0551
3546.3,46.0536
3546.4,46.0522
3546.5,46.0508
3546.6,46.0494
3546.7,46.048
3546.8,46.0465
3546.9,46.0451
3547,46.0437
3547.1,46.0423
3547.2,46.0409
3547.3,46.0394
3547.4,46.038
3547.5,46.0366
3547.6,46.0352
3547.7,46.0338
3547.8,46.0324
3547.9,46.0309
3548,46.0295
3548.1,46.0281
3548.2,46.0267
3548.3,46.0253
3548.4,46.0238
3548.5,46.0224
3548.6,46.021
3548.7,46.0196
3548.8,46.0182
3548.9,46.0168
3549,46.0153
3549.1,46.0139
3549.2,46.0125
3549.3,46.0111
3549.4,46.0097
3549.5,46.0083
3549.6,46.0068
3549.7,46.0054
3549.8,46.004
3549.9,46.0026
3550,46.0012
3550.1,45.9998
3550.2,45.9983
3550.3,45.9969
3550.4,45.9955
3550.5,45.9941
3550.6,45.9927
3550.7,45.9913
3550.8,45.9898
3550.9,45.9884
3551,45.987
3551.1,45.9856
3551.2,45.9842
3551.3,45.9828
3551.4,45.9813
3551.5,45.9799
3551.6,45.9785
3551.7,45.9771
3551.8,45.9757
3551.9,45.9742
3552,45.9728
3552.1,45.9714
3552.2,45.97
3552.3,45.9686
3552.4,45.9672
3552.5,45.9657
3552.6,45.9643
3552.7,45.9629
3552.8,45.9615
3552.9,45.9601
3553,45.9587
3553.1,45.9572
3553.2,45.9558
3553.3,45.9544
3553.4,45.953
3553.5,45.9516
3553.6,45.9502
3553.7,45.9487
3553.8,45.9473
3553.9,45.9459
3554,45.9445
3554.1,45.9431
3554.2,45.9417
3554.3,45.9403
3554.4,45.9388
3554.5,45.9374
3554.6,45.936
3554.7,45.9346
3554.8,45.9332
3554.9,45.9318
3555,45.9304
3555.1,45.9289
3555.2,45.9275
3555.3,45.9261
3555.4,45.9247
3555.5,45.9233
3555.6,45.9219
3555.7,45.9205
3555.8,45.9191
3555.9,45.9176
3556,45.9162
3556.1,45.9148
3556.2,45.9134
3556.3,45.912
3556.4,45.9106
3556.5,45.9092
3556.6,45.9078
3556.7,45.9064
3556.8,45.905
3556.9,45.9035
3557,45.9021
3557.1,45.9007
3557.2,45.8993
3557.3,45.8979
3557.4,45.8965
3557.5,45.8951
3557.6,45.8937
3557.7,45.8923
3557.8,45.8909
3557.9,45.8895
3558,45.8881
3558.1,45.8867
3558.2,45.8853
3558.3,45.8839
3558.4,45.8825
3558.5,45.8811
3558.6,45.8797
3558.7,45.8783
3558.8,45.8769
3558.9,45.8755
3559,45.8741
3559.1,45.8727
3559.2,45.8713
3559.3,45.8699
3559.4,45.8685
3559.5,45.8671
3559.6,45.8657
3559.7,45.8643
3559.8,45.8629
3559.9,45.8615
3560,45.8601
3560.1,45.8587
3560.2,45.8573
3560.3,45.8559
3560.4,45.8545
3560.5,45.8531
3560.6,45.8517
3560.7,45.8503
3560.8,45.8489
3560.9,45.8475
3561,45.8461
3561.1,45.8446
3561.2,45.8432
3561.3,45.8418
3561.4,45.8404
3561.5,45.839
3561.6,45.8376
3561.7,45.8362
3561.8,45.8348
3561.9,45.8334
3562,45.832
3562.1,45.8306
3562.2,45.8292
3562.3,45.8278
3562.4,45.8264
3562.5,45.825
3562.6,45.8235
3562.7,45.8221
3562.8,45.8207
3562.9,45.8193
3563,45.8179
3563.1,45.8165
3563.2,45.8151
3563.3,45.8137
3563.4,45.8123
3563.5,45.8109
3563.6,45.8095
3563.7,45.808
3563.8,45.8066
3563.9,45.8052
3564,45.8038
3564.1,45.8024
3564.2,45.801
3564.3,45.7996
3564.4,45.7982
3564.5,45.7968
3564.6,45.7954
3564.7,45.794
3564.8,45.7925
3564.9,45.7911
3565,45.7897
3565.1,45.7883
3565.2,45.7869
3565.3,45.7855
3565.4,45.7841
3565.5,45.7827
3565.6,45.7813
3565.7,45.7799
3565.8,45.7785
3565.9,45.777
3566,45.7756
3566.1,45.7742
3566.2,45.7728
3566.3,45.7714
3566.4,45.77
3566.5,45.7686
3566.6,45.7672
3566.7,45.7658
3566.8,45.7644
3566.9,45.7629
3567,45.7615
3567.1,45.7601
3567.2,45.7587
3567.3,45.7573
3567.4,45.7559
3567.5,45.7545
3567.6,45.7531
3567.7,45.7517
3567.8,45.7503
3567.9,45.7489
3568,45.7474
3568.1,45.746
3568.2,45.7446
3568.3,45.7432
3568.4,45.7418
3568.5,45.7404
3568.6,45.739
3568.7,45.7376
3568.8,45.7362
3568.9,45.7348
3569,45.7334
3569.1,45.732
3569.2,45.7305
3569.3,45.7291
3569.4,45.7277
3569.5,45.7263
3569.6,45.7249
3569.7,45.7235
3569.8,45.7221
3569.9,45.7207
3570,45.7193
3570.1,45.7179
3570.2,45.7165
3570.3,45.7151
3570.4,45.7137
3570.5,45.7123
3570.6,45.7109
3570.7,45.7095
3570.8,45.7081
3570.9,45.7067
3571,45.7053
3571.1,45.7039
3571.2,45.7025
3571.3,45.7011
3571.4,45.6997
3571.5,45.6983
3571.6,45.6969
3571.7,45.6954
3571.8,45.694
3571.9,45.6926
3572,45.6912
3572.1,45.6898
3572.2,45.6884
3572.3,45.687
3572.4,45.6856
3572.5,45.6842
3572.6,45.6828
3572.7,45.6814
3572.8,45.68
3572.9,45.6786
3573,45.6771
3573.1,45.6757
3573.2,45.6743
3573.3,45.6729
3573.4,45.6715
3573.5,45.6701
3573.6,45.6687
3573.7,45.6673
3573.8,45.6659
3573.9,45.6644
3574,45.663
3574.1,45.6616
3574.2,45.6602
3574.3,45.6588
3574.4,45.6574
3574.5,45.656
3574.6,45.6545
3574.7,45.6531
3574.8,45.6517
3574.9,45.6503
3575,45.6489
3575.1,45.6475
3575.2,45.6461
3575.3,45.6446
3575.4,45.6432
3575.5,45.6418
3575.6,45.6404
3575.7,45.639
3575.8,45.6376
3575.9,45.6361
3576,45.6347
3576.1,45.6333
3576.2,45.6319
3576.3,45.6305
3576.4,45.629
3576.5,45.6276
3576.6,45.6262
3576.7,45.6248
3576.8,45.6234
3576.9,45.622
3577,45.6205
3577.1,45.6191
3577.2,45.6177
3577.3,45.6163
3577.4,45.6149
3577.5,45.6135
3577.6,45.6121
3577.7,45.6106
3577.8,45.6092
3577.9,45.6078
3578,45.6064
3578.1,45.605
3578.2,45.6036
3578.3,45.6022
3578.4,45.6007
3578.5,45.5993
3578.6,45.5979
3578.7,45.5965
3578.8,45.5951
3578.9,45.5937
3579,45.5923
3579.1,45.5908
3579.2,45.5894
3579.3,45.588
3579.4,45.5866
3579.5,45.5852
3579.6,45.5838
3579.7,45.5823
3579.8,45.5809
3579.9,45.5795
3580,45.5781
3580.1,45.5767
3580.2,45.5753
3580.3,45.5739
3580.4,45.5724
3580.5,45.571
3580.6,45.5696
3580.7,45.5682
3580.8,45.5668
3580.9,45.5653
3581,45.5639
3581.1,45.5625
3581.2,45.5611
3581.3,45.5597
3581.4,45.5583
3581.5,45.5568
3581.6,45.5554
3581.7,45.554
3581.8,45.5526
3581.9,45.5512
3582,45.5497
3582.1,45.5483
3582.2,45.5469
3582.3,45.5455
3582.4,45.5441
3582.5,45.5426
3582.6,45.5412
3582.7,45.5398
3582.8,45.5384
3582.9,45.537
3583,45.5356
3583.1,45.5341
3583.2,45.5327
3583.3,45.5313
3583.4,45.5299
3583.5,45.5285
3583.6,45.5271
3583.7,45.5256
3583.8,45.5242
3583.9,45.5228
3584,45.5214
3584.1,45.52
3584.2,45.5186
3584.3,45.5172
3584.4,45.5157
3584.5,45.5143
3584.6,45.5129
3584.7,45.5115
3584.8,45.5101
3584.9,45.5087
3585,45.5073
3585.1,45.5058
3585.2,45.5044
3585.3,45.503
3585.4,45.5016
3585.5,45.5002
3585.6,45.4988
3585.7,45.4974
3585.8,45.496
3585.9,45.4945
3586,45.4931
3586.1,45.4917
3586.2,45.4903
3586.3,45.4889
3586.4,45.4875
3586.5,45.4861
3586.6,45.4847
3586.7,45.4833
3586.8,45.4819
3586.9,45.4804
3587,45.479
3587.1,45.4776
3587.2,45.4762
3587.3,45.4748
3587.4,45.4734
3587.5,45.472
3587.6,45.4706
3587.7,45.4692
3587.8,45.4678
3587.9,45.4664
3588,45.465
3588.1,45.4636
3588.2,45.4622
3588.3,45.4608
3588.4,45.4594
3588.5,45.458
3588.6,45.4566
3588.7,45.4552
3588.8,45.4538
3588.9,45.4524
3589,45.451
3589.1,45.4496
3589.2,45.4482
3589.3,45.4468
3589.4,45.4454
3589.5,45.444
3589.6,45.4426
3589.7,45.4412
3589.8,45.4398
3589.9,45.4384
3590,45.437
3590.1,45.4356
3590.2,45.4342
3590.3,45.4328
3590.4,45.4314
3590.5,45.43
3590.6,45.4286
3590.7,45.4272
3590.8,45.4258
3590.9,45.4244
3591,45.423
3591.1,45.4216
3591.2,45.4202
3591.3,45.4188
3591.4,45.4174
3591.5,45.416
3591.6,45.4146
3591.7,45.4132
3591.8,45.4118
3591.9,45.4105
3592,45.4091
3592.1,45.4077
3592.2,45.4063
3592.3,45.4049
3592.4,45.4035
3592.5,45.4021
3592.6,45.4007
3592.7,45.3993
3592.8,45.398
3592.9,45.3966
3593,45.3952
3593.1,45.3938
3593.2,45.3924
3593.3,45.391
3593.4,45.3897
3593.5,45.3883
3593.6,45.3869
3593.7,45.3855
3593.8,45.3841
3593.9,45.3828
3594,45.3814
3594.1,45.38
3594.2,45.3787
3594.3,45.3773
3594.4,45.3759
3594.5,45.3746
3594.6,45.3732
3594.7,45.3718
3594.8,45.3705
3594.9,45.3691
3595,45.3678
3595.1,45.3664
3595.2,45.3651
3595.3,45.3637
3595.4,45.3623
3595.5,45.361
3595.6,45.3596
3595.7,45.3583
3595.8,45.3569
3595.9,45.3555
3596,45.3542
3596.1,45.3528
3596.2,45.3515
3596.3,45.3501
3596.4,45.3487
3596.5,45.3474
3596.6,45.346
3596.7,45.3446
3596.8,45.3433
3596.9,45.3419
3597,45.3405
3597.1,45.3392
3597.2,45.3378
3597.3,45.3365
3597.4,45.3351
3597.5,45.3338
3597.6,45.3324
3597.7,45.3311
3597.8,45.3297
3597.9,45.3284
3598,45.327
3598.1,45.3257
3598.2,45.3244
3598.3,45.323
3598.4,45.3217
3598.5,45.3204
3598.6,45.319
3598.7,45.3177
3598.8,45.3163
3598.9,45.315
3599,45.3136
3599.1,45.3123
3599.2,45.3109
3599.3,45.3096
3599.4,45.3082
3599.5,45.3069
3599.6,45.3055
3599.7,45.3042
3599.8,45.3028
3599.9,45.3014
3600,45.3001
3600.1,45.2987
3600.2,45.2973
3600.3,45.296
3600.4,45.2946
3600.5,45.2932
3600.6,45.2919
3600.7,45.2905
3600.8,45.2891
3600.9,45.2878
3601,45.2864
3601.1,45.285
3601.2,45.2837
3601.3,45.2823
3601.4,45.2809
3601.5,45.2796
3601.6,45.2782
3601.7,45.2768
3601.8,45.2755
3601.9,45.2741
3602,45.2727
3602.1,45.2714
3602.2,45.27
3602.3,45.2687
3602.4,45.2673
3602.5,45.2659
3602.6,45.2646
3602.7,45.2632
3602.8,45.2619
3602.9,45.2605
3603,45.2591
3603.1,45.2578
3603.2,45.2564
3603.3,45.2551
3603.4,45.2537
3603.5,45.2523
3603.6,45.251
3603.7,45.2496
3603.8,45.2482
3603.9,45.2468
3604,45.2455
3604.1,45.2441
3604.2,45.2427
3604.3,45.2413
3604.4,45.24
3604.5,45.2386
3604.6,45.2372
3604.7,45.2358
3604.8,45.2345
3604.9,45.2331
3605,45.2317
3605.1,45.2303
3605.2,45.2289
3605.3,45.2275
3605.4,45.2262
3605.5,45.2248
3605.6,45.2234
3605.7,45.222
3605.8,45.2206
3605.9,45.2192
3606,45.2178
3606.1,45.2165
3606.2,45.2151
3606.3,45.2137
3606.4,45.2123
3606.5,45.2109
3606.6,45.2095
3606.7,45.2081
3606.8,45.2067
3606.9,45.2054
3607,45.204
3607.1,45.2026
3607.2,45.2012
3607.3,45.1998
3607.4,45.1984
3607.5,45.197
3607.6,45.1956
3607.7,45.1942
3607.8,45.1928
3607.9,45.1914
3608,45.1901
3608.1,45.1887
3608.2,45.1873
3608.3,45.1859
3608.4,45.1845
3608.5,45.1831
3608.6,45.1817
3608.7,45.1803
3608.8,45.1789
3608.9,45.1775
3609,45.1761
3609.1,45.1747
3609.2,45.1733
3609.3,45.1719
3609.4,45.1705
3609.5,45.1691
3609.6,45.1677
3609.7,45.1663
3609.8,45.1649
3609.9,45.1635
3610,45.1621
3610.1,45.1607
3610.2,45.1593
3610.3,45.1579
3610.4,45.1565
3610.5,45.1551
3610.6,45.1537
3610.7,45.1523
3610.8,45.1509
3610.9,45.1495
3611,45.1481
3611.1,45.1467
3611.2,45.1453
3611.3,45.1439
3611.4,45.1424
3611.5,45.141
3611.6,45.1396
3611.7,45.1382
3611.8,45.1368
3611.9,45.1354
3612,45.134
3612.1,45.1326
3612.2,45.1312
3612.3,45.1298
3612.4,45.1284
3612.5,45.127
3612.6,45.1256
3612.7,45.1242
3612.8,45.1228
3612.9,45.1214
3613,45.12
3613.1,45.1186
3613.2,45.1172
3613.3,45.1158
3613.4,45.1144
3613.5,45.113
3613.6,45.1116
3613.7,45.1102
3613.8,45.1088
3613.9,45.1073
3614,45.1059
3614.1,45.1045
3614.2,45.1031
3614.3,45.1017
3614.4,45.1003
3614.5,45.0989
3614.6,45.0975
3614.7,45.0961
3614.8,45.0947
3614.9,45.0933
3615,45.0919
3615.1,45.0905
3615.2,45.0891
3615.3,45.0877
3615.4,45.0863
3615.5,45.0849
3615.6,45.0835
3615.7,45.0821
3615.8,45.0807
3615.9,45.0793
3616,45.0779
3616.1,45.0765
3616.2,45.075
3616.3,45.0736
3616.4,45.0722
3616.5,45.0708
3616.6,45.0694
3616.7,45.068
3616.8,45.0666
3616.9,45.0652
3617,45.0638
3617.1,45.0624
3617.2,45.061
3617.3,45.0596
3617.4,45.0582
3617.5,45.0568
3617.6,45.0554
3617.7,45.0539
3617.8,45.0525
3617.9,45.0511
3618,45.0497
3618.1,45.0483
3618.2,45.0469
3618.3,45.0455
3618.4,45.0441
3618.5,45.0427
3618.6,45.0413
3618.7,45.0399
3618.8,45.0384
3618.9,45.037
3619,45.0356
3619.1,45.0342
3619.2,45.0328
3619.3,45.0314
3619.4,45.03
3619.5,45.0286
3619.6,45.0272
3619.7,45.0258
3619.8,45.0244
3619.9,45.023
3620,45.0216
3620.1,45.0201
3620.2,45.0187
3620.3,45.0173
3620.4,45.0159
3620.5,45.0145
3620.6,45.0131
3620.7,45.0117
3620.8,45.0103
3620.9,45.0089
3621,45.0075
3621.1,45.0061
3621.2,45.0047
3621.3,45.0033
3621.4,45.0019
3621.5,45.0005
3621.6,44.9991
3621.7,44.9976
3621.8,44.9962
3621.9,44.9948
3622,44.9934
3622.1,44.992
3622.2,44.9906
3622.3,44.9892
3622.4,44.9878
3622.5,44.9864
3622.6,44.985
3622.7,44.9836
3622.8,44.9822
3622.9,44.9808
3623,44.9794
3623.1,44.978
3623.2,44.9766
3623.3,44.9752
3623.4,44.9738
3623.5,44.9723
3623.6,44.9709
3623.7,44.9695
3623.8,44.9681
3623.9,44.9667
3624,44.9653
3624.1,44.9639
3624.2,44.9625
3624.3,44.9611
3624.4,44.9597
3624.5,44.9583
3624.6,44.9569
3624.7,44.9555
3624.8,44.9541
3624.9,44.9527
3625,44.9513
3625.1,44.9499
3625.2,44.9485
3625.3,44.9471
3625.4,44.9457
3625.5,44.9443
3625.6,44.9429
3625.7,44.9414
3625.8,44.94
3625.9,44.9386
3626,44.9372
3626.1,44.9358
3626.2,44.9344
3626.3,44.933
3626.4,44.9316
3626.5,44.9302
3626.6,44.9288
3626.7,44.9274
3626.8,44.926
3626.9,44.9246
3627,44.9232
3627.1,44.9218
3627.2,44.9204
3627.3,44.919
3627.4,44.9176
3627.5,44.9162
3627.6,44.9148
3627.7,44.9133
3627.8,44.9119
3627.9,44.9105
3628,44.9091
3628.1,44.9077
3628.2,44.9063
3628.3,44.9049
3628.4,44.9035
3628.5,44.9021
3628.6,44.9007
3628.7,44.8993
3628.8,44.8979
3628.9,44.8964
3629,44.895
3629.1,44.8936
3629.2,44.8922
3629.3,44.8908
3629.4,44.8894
3629.5,44.888
3629.6,44.8866
3629.7,44.8852
3629.8,44.8838
3629.9,44.8824
3630,44.881
3630.1,44.8795
3630.2,44.8781
3630.3,44.8767
3630.4,44.8753
3630.5,44.8739
3630.6,44.8725
3630.7,44.8711
3630.8,44.8697
3630.9,44.8683
3631,44.8669
3631.1,44.8655
3631.2,44.8641
3631.3,44.8627
3631.4,44.8613
3631.5,44.8599
3631.6,44.8585
3631.7,44.8571
3631.8,44.8557
3631.9,44.8543
3632,44.8529
3632.1,44.8515
3632.2,44.8501
3632.3,44.8487
3632.4,44.8473
3632.5,44.8459
3632.6,44.8445
3632.7,44.8431
3632.8,44.8417
3632.9,44.8403
3633,44.8389
3633.1,44.8375
3633.2,44.8361
3633.3,44.8347
3633.4,44.8333
3633.5,44.8319
3633.6,44.8305
3633.7,44.8291
3633.8,44.8277
3633.9,44.8263
3634,44.8249
3634.1,44.8235
3634.2,44.8221
3634.3,44.8208
3634.4,44.8194
3634.5,44.818
3634.6,44.8166
3634.7,44.8152
3634.8,44.8138
3634.9,44.8124
3635,44.811
3635.1,44.8096
3635.2,44.8082
3635.3,44.8068
3635.4,44.8054
3635.5,44.804
3635.6,44.8026
3635.7,44.8012
3635.8,44.7998
3635.9,44.7984
3636,44.797
3636.1,44.7956
3636.2,44.7942
3636.3,44.7928
3636.4,44.7914
3636.5,44.79
3636.6,44.7886
3636.7,44.7872
3636.8,44.7858
3636.9,44.7845
3637,44.7831
3637.1,44.7817
3637.2,44.7803
3637.3,44.7789
3637.4,44.7775
3637.5,44.7761
3637.6,44.7747
3637.7,44.7733
3637.8,44.7719
3637.9,44.7705
3638,44.7691
3638.1,44.7677
3638.2,44.7663
3638.3,44.7649
3638.4,44.7636
3638.5,44.7622
3638.6,44.7608
3638.7,44.7594
3638.8,44.758
3638.9,44.7566
3639,44.7552
3639.1,44.7538
3639.2,44.7524
3639.3,44.751
3639.4,44.7496
3639.5,44.7483
3639.6,44.7469
3639.7,44.7455
3639.8,44.7441
3639.9,44.7427
3640,44.7413
3640.1,44.7399
3640.2,44.7385
3640.3,44.7371
3640.4,44.7358
3640.5,44.7344
3640.6,44.733
3640.7,44.7316
3640.8,44.7302
3640.9,44.7288
3641,44.7274
3641.1,44.726
3641.2,44.7247
3641.3,44.7233
3641.4,44.7219
3641.5,44.7205
3641.6,44.7191
3641.7,44.7177
3641.8,44.7164
3641.9,44.715
3642,44.7136
3642.1,44.7122
3642.2,44.7108
3642.3,44.7095
3642.4,44.7081
3642.5,44.7067
3642.6,44.7053
3642.7,44.7039
3642.8,44.7025
3642.9,44.7012
3643,44.6998
3643.1,44.6984
3643.2,44.697
3643.3,44.6956
3643.4,44.6942
3643.5,44.6928
3643.6,44.6915
3643.7,44.6901
3643.8,44.6887
3643.9,44.6873
3644,44.6859
3644.1,44.6845
3644.2,44.6831
3644.3,44.6817
3644.4,44.6803
3644.5,44.6789
3644.6,44.6775
3644.7,44.6761
3644.8,44.6748
3644.9,44.6734
3645,44.672
3645.1,44.6706
3645.2,44.6692
3645.3,44.6678
3645.4,44.6664
3645.5,44.665
3645.6,44.6636
3645.7,44.6622
3645.8,44.6608
3645.9,44.6594
3646,44.658
3646.1,44.6566
3646.2,44.6552
3646.3,44.6538
3646.4,44.6525
3646.5,44.6511
3646.6,44.6497
3646.7,44.6483
3646.8,44.6469
3646.9,44.6455
3647,44.6441
3647.1,44.6427
3647.2,44.6413
3647.3,44.6399
3647.4,44.6385
3647.5,44.6372
3647.6,44.6358
3647.7,44.6344
3647.8,44.633
3647.9,44.6316
3648,44.6302
3648.1,44.6288
3648.2,44.6274
3648.3,44.626
3648.4,44.6246
3648.5,44.6232
3648.6,44.6219
3648.7,44.6205
3648.8,44.6191
3648.9,44.6177
3649,44.6163
3649.1,44.6149
3649.2,44.6135
3649.3,44.6121
3649.4,44.6107
3649.5,44.6093
3649.6,44.6079
3649.7,44.6065
3649.8,44.6051
3649.9,44.6037
3650,44.6023
3650.1,44.6009
3650.2,44.5995
3650.3,44.5981
3650.4,44.5967
3650.5,44.5953
3650.6,44.5939
3650.7,44.5925
3650.8,44.5911
3650.9,44.5897
3651,44.5883
3651.1,44.5869
3651.2,44.5855
3651.3,44.5841
3651.4,44.5827
3651.5,44.5813
3651.6,44.5799
3651.7,44.5785
3651.8,44.5771
3651.9,44.5757
3652,44.5743
3652.1,44.5729
3652.2,44.5715
3652.3,44.5702
3652.4,44.5688
3652.5,44.5674
3652.6,44.566
3652.7,44.5646
3652.8,44.5632
3652.9,44.5618
3653,44.5604
3653.1,44.559
3653.2,44.5576
3653.3,44.5562
3653.4,44.5548
3653.5,44.5534
3653.6,44.552
3653.7,44.5506
3653.8,44.5492
3653.9,44.5478
3654,44.5464
3654.1,44.545
3654.2,44.5436
3654.3,44.5422
3654.4,44.5408
3654.5,44.5394
3654.6,44.538
3654.7,44.5366
3654.8,44.5352
3654.9,44.5338
3655,44.5324
3655.1,44.531
3655.2,44.5296
3655.3,44.5283
3655.4,44.5269
3655.5,44.5255
3655.6,44.5241
3655.7,44.5227
3655.8,44.5213
3655.9,44.5199
3656,44.5185
3656.1,44.5171
3656.2,44.5157
3656.3,44.5143
3656.4,44.5129
3656.5,44.5115
3656.6,44.5101
3656.7,44.5087
3656.8,44.5073
3656.9,44.5059
3657,44.5045
3657.1,44.5031
3657.2,44.5017
3657.3,44.5003
3657.4,44.4989
3657.5,44.4975
3657.6,44.4961
3657.7,44.4947
3657.8,44.4932
3657.9,44.4918
3658,44.4904
3658.1,44.489
3658.2,44.4876
3658.3,44.4862
3658.4,44.4848
3658.5,44.4834
3658.6,44.482
3658.7,44.4806
3658.8,44.4792
3658.9,44.4778
3659,44.4764
3659.1,44.475
3659.2,44.4736
3659.3,44.4722
3659.4,44.4708
3659.5,44.4694
3659.6,44.468
3659.7,44.4666
3659.8,44.4652
3659.9,44.4638
3660,44.4624
3660.1,44.461
3660.2,44.4596
3660.3,44.4582
3660.4,44.4568
3660.5,44.4554
3660.6,44.454
3660.7,44.4526
3660.8,44.4512
3660.9,44.4498
3661,44.4484
3661.1,44.447
3661.2,44.4456
3661.3,44.4442
3661.4,44.4428
3661.5,44.4414
3661.6,44.44
3661.7,44.4386
3661.8,44.4372
3661.9,44.4358
3662,44.4344
3662.1,44.433
3662.2,44.4316
3662.3,44.4302
3662.4,44.4288
3662.5,44.4274
3662.6,44.426
3662.7,44.4246
3662.8,44.4232
3662.9,44.4218
3663,44.4204
3663.1,44.419
3663.2,44.4176
3663.3,44.4162
3663.4,44.4148
3663.5,44.4134
3663.6,44.412
3663.7,44.4106
3663.8,44.4092
3663.9,44.4078
3664,44.4064
3664.1,44.405
3664.2,44.4036
3664.3,44.4022
3664.4,44.4008
3664.5,44.3994
3664.6,44.3979
3664.7,44.3965
3664.8,44.3951
3664.9,44.3937
3665,44.3923
3665.1,44.3909
3665.2,44.3895
3665.3,44.3881
3665.4,44.3867
3665.5,44.3853
3665.6,44.3839
3665.7,44.3825
3665.8,44.3811
3665.9,44.3797
3666,44.3783
3666.1,44.3769
3666.2,44.3755
3666.3,44.3741
3666.4,44.3727
3666.5,44.3713
3666.6,44.3699
3666.7,44.3685
3666.8,44.3671
3666.9,44.3657
3667,44.3643
3667.1,44.3629
3667.2,44.3615
3667.3,44.36
3667.4,44.3586
3667.5,44.3572
3667.6,44.3558
3667.7,44.3544
3667.8,44.353
3667.9,44.3516
3668,44.3502
3668.1,44.3488
3668.2,44.3474
3668.3,44.346
3668.4,44.3446
3668.5,44.3432
3668.6,44.3417
3668.7,44.3403
3668.8,44.3389
3668.9,44.3375
3669,44.3361
3669.1,44.3347
3669.2,44.3333
3669.3,44.3319
3669.4,44.3305
3669.5,44.329
3669.6,44.3276
3669.7,44.3262
3669.8,44.3248
3669.9,44.3234
3670,44.322
3670.1,44.3206
3670.2,44.3191
3670.3,44.3177
3670.4,44.3163
3670.5,44.3149
3670.6,44.3135
3670.7,44.312
3670.8,44.3106
3670.9,44.3092
3671,44.3078
3671.1,44.3064
3671.2,44.3049
3671.3,44.3035
3671.4,44.3021
3671.5,44.3007
3671.6,44.2993
3671.7,44.2978
3671.8,44.2964
3671.9,44.295
3672,44.2936
3672.1,44.2921
3672.2,44.2907
3672.3,44.2893
3672.4,44.2879
3672.5,44.2865
3672.6,44.285
3672.7,44.2836
3672.8,44.2822
3672.9,44.2808
3673,44.2793
3673.1,44.2779
3673.2,44.2765
3673.3,44.275
3673.4,44.2736
3673.5,44.2722
3673.6,44.2708
3673.7,44.2693
3673.8,44.2679
3673.9,44.2665
3674,44.2651
3674.1,44.2636
3674.2,44.2622
3674.3,44.2608
3674.4,44.2594
3674.5,44.2579
3674.6,44.2565
3674.7,44.2551
3674.8,44.2537
3674.9,44.2523
3675,44.2508
3675.1,44.2494
3675.2,44.248
3675.3,44.2466
3675.4,44.2451
3675.5,44.2437
3675.6,44.2423
3675.7,44.2409
3675.8,44.2395
3675.9,44.238
3676,44.2366
3676.1,44.2352
3676.2,44.2338
3676.3,44.2324
3676.4,44.2309
3676.5,44.2295
3676.6,44.2281
3676.7,44.2267
3676.8,44.2253
3676.9,44.2239
3677,44.2224
3677.1,44.221
3677.2,44.2196
3677.3,44.2182
3677.4,44.2168
3677.5,44.2153
3677.6,44.2139
3677.7,44.2125
3677.8,44.2111
3677.9,44.2097
3678,44.2083
3678.1,44.2068
3678.2,44.2054
3678.3,44.204
3678.4,44.2026
3678.5,44.2012
3678.6,44.1998
3678.7,44.1984
3678.8,44.1969
3678.9,44.1955
3679,44.1941
3679.1,44.1927
3679.2,44.1913
3679.3,44.1899
3679.4,44.1884
3679.5,44.187
3679.6,44.1856
3679.7,44.1842
3679.8,44.1828
3679.9,44.1814
3680,44.18
3680.1,44.1785
3680.2,44.1771
3680.3,44.1757
3680.4,44.1743
3680.5,44.1729
3680.6,44.1715
3680.7,44.17
3680.8,44.1686
3680.9,44.1672
3681,44.1658
3681.1,44.1644
3681.2,44.163
3681.3,44.1616
3681.4,44.1602
3681.5,44.1587
3681.6,44.1573
3681.7,44.1559
3681.8,44.1545
3681.9,44.1531
3682,44.1517
3682.1,44.1503
3682.2,44.1488
3682.3,44.1474
3682.4,44.146
3682.5,44.1446
3682.6,44.1432
3682.7,44.1418
3682.8,44.1404
3682.9,44.139
3683,44.1375
3683.1,44.1361
3683.2,44.1347
3683.3,44.1333
3683.4,44.1319
3683.5,44.1305
3683.6,44.1291
3683.7,44.1277
3683.8,44.1263
3683.9,44.1249
3684,44.1234
3684.1,44.122
3684.2,44.1206
3684.3,44.1192
3684.4,44.1178
3684.5,44.1164
3684.6,44.115
3684.7,44.1136
3684.8,44.1122
3684.9,44.1108
3685,44.1094
3685.1,44.1079
3685.2,44.1065
3685.3,44.1051
3685.4,44.1037
3685.5,44.1023
3685.6,44.1009
3685.7,44.0995
3685.8,44.0981
3685.9,44.0967
3686,44.0953
3686.1,44.0938
3686.2,44.0924
3686.3,44.091
3686.4,44.0896
3686.5,44.0882
3686.6,44.0868
3686.7,44.0854
3686.8,44.084
3686.9,44.0826
3687,44.0811
3687.1,44.0797
3687.2,44.0783
3687.3,44.0769
3687.4,44.0755
3687.5,44.0741
3687.6,44.0727
3687.7,44.0713
3687.8,44.0699
3687.9,44.0685
3688,44.067
3688.1,44.0656
3688.2,44.0642
3688.3,44.0628
3688.4,44.0614
3688.5,44.06
3688.6,44.0586
3688.7,44.0572
3688.8,44.0558
3688.9,44.0543
3689,44.0529
3689.1,44.0515
3689.2,44.0501
3689.3,44.0487
3689.4,44.0473
3689.5,44.0459
3689.6,44.0445
3689.7,44.0431
3689.8,44.0416
3689.9,44.0402
3690,44.0388
3690.1,44.0374
3690.2,44.036
3690.3,44.0346
3690.4,44.0332
3690.5,44.0318
3690.6,44.0303
3690.7,44.0289
3690.8,44.0275
3690.9,44.0261
3691,44.0247
3691.1,44.0233
3691.2,44.0219
3691.3,44.0205
3691.4,44.019
3691.5,44.0176
3691.6,44.0162
3691.7,44.0148
3691.8,44.0134
3691.9,44.012
3692,44.0106
3692.1,44.0092
3692.2,44.0077
3692.3,44.0063
3692.4,44.0049
3692.5,44.0035
3692.6,44.0021
3692.7,44.0007
3692.8,43.9993
3692.9,43.9979
3693,43.9965
3693.1,43.995
3693.2,43.9936
3693.3,43.9922
3693.4,43.9908
3693.5,43.9894
3693.6,43.988
3693.7,43.9866
3693.8,43.9852
3693.9,43.9837
3694,43.9823
3694.1,43.9809
3694.2,43.9795
3694.3,43.9781
3694.4,43.9767
3694.5,43.9753
3694.6,43.9739
3694.7,43.9724
3694.8,43.971
3694.9,43.9696
3695,43.9682
3695.1,43.9668
3695.2,43.9654
3695.3,43.964
3695.4,43.9626
3695.5,43.9612
3695.6,43.9597
3695.7,43.9583
3695.8,43.9569
3695.9,43.9555
3696,43.9541
3696.1,43.9527
3696.2,43.9513
3696.3,43.9499
3696.4,43.9484
3696.5,43.947
3696.6,43.9456
3696.7,43.9442
3696.8,43.9428
3696.9,43.9414
3697,43.94
3697.1,43.9386
3697.2,43.9371
3697.3,43.9357
3697.4,43.9343
3697.5,43.9329
3697.6,43.9315
3697.7,43.9301
3697.8,43.9287
3697.9,43.9273
3698,43.9259
3698.1,43.9244
3698.2,43.923
3698.3,43.9216
3698.4,43.9202
3698.5,43.9188
3698.6,43.9174
3698.7,43.916
3698.8,43.9146
3698.9,43.9131
3699,43.9117
3699.1,43.9103
3699.2,43.9089
3699.3,43.9075
3699.4,43.9061
3699.5,43.9047
3699.6,43.9033
3699.7,43.9018
3699.8,43.9004
3699.9,43.899
3700,43.8976
3700.1,43.8962
3700.2,43.8948
3700.3,43.8934
3700.4,43.892
3700.5,43.8905
3700.6,43.8891
3700.7,43.8877
3700.8,43.8863
3700.9,43.8849
3701,43.8835
3701.1,43.8821
3701.2,43.8807
3701.3,43.8793
3701.4,43.8779
3701.5,43.8764
3701.6,43.875
3701.7,43.8736
3701.8,43.8722
3701.9,43.8708
3702,43.8694
3702.1,43.868
3702.2,43.8666
3702.3,43.8652
3702.4,43.8638
3702.5,43.8624
3702.6,43.861
3702.7,43.8596
3702.8,43.8581
3702.9,43.8567
3703,43.8553
3703.1,43.8539
3703.2,43.8525
3703.3,43.8511
3703.4,43.8497
3703.5,43.8483
3703.6,43.8469
3703.7,43.8455
3703.8,43.8441
3703.9,43.8427
3704,43.8413
3704.1,43.8399
3704.2,43.8385
3704.3,43.8371
3704.4,43.8357
3704.5,43.8342
3704.6,43.8328
3704.7,43.8314
3704.8,43.83
3704.9,43.8286
3705,43.8272
3705.1,43.8258
3705.2,43.8244
3705.3,43.823
3705.4,43.8216
3705.5,43.8202
3705.6,43.8188
3705.7,43.8174
3705.8,43.816
3705.9,43.8146
3706,43.8132
3706.1,43.8118
3706.2,43.8104
3706.3,43.809
3706.4,43.8076
3706.5,43.8062
3706.6,43.8048
3706.7,43.8034
3706.8,43.802
3706.9,43.8006
3707,43.7992
3707.1,43.7978
3707.2,43.7964
3707.3,43.795
3707.4,43.7936
3707.5,43.7922
3707.6,43.7908
3707.7,43.7894
3707.8,43.788
3707.9,43.7866
3708,43.7852
3708.1,43.7838
3708.2,43.7824
3708.3,43.781
3708.4,43.7796
3708.5,43.7782
3708.6,43.7768
3708.7,43.7754
3708.8,43.774
3708.9,43.7726
3709,43.7712
3709.1,43.7698
3709.2,43.7684
3709.3,43.767
3709.4,43.7656
3709.5,43.7642
3709.6,43.7628
3709.7,43.7614
3709.8,43.76
3709.9,43.7585
3710,43.7571
3710.1,43.7557
3710.2,43.7543
3710.3,43.7529
3710.4,43.7515
3710.5,43.7501
3710.6,43.7487
3710.7,43.7473
3710.8,43.7459
3710.9,43.7445
3711,43.7431
3711.1,43.7417
3711.2,43.7403
3711.3,43.7389
3711.4,43.7375
3711.5,43.7361
3711.6,43.7347
3711.7,43.7333
3711.8,43.7319
3711.9,43.7305
3712,43.7291
3712.1,43.7277
3712.2,43.7263
3712.3,43.7249
3712.4,43.7235
3712.5,43.7221
3712.6,43.7207
3712.7,43.7193
3712.8,43.7179
3712.9,43.7165
3713,43.7151
3713.1,43.7137
3713.2,43.7123
3713.3,43.7109
3713.4,43.7095
3713.5,43.7081
3713.6,43.7067
3713.7,43.7053
3713.8,43.7039
3713.9,43.7025
3714,43.7011
3714.1,43.6997
3714.2,43.6983
3714.3,43.6969
3714.4,43.6955
3714.5,43.6941
3714.6,43.6927
3714.7,43.6913
3714.8,43.6899
3714.9,43.6885
3715,43.6871
3715.1,43.6857
3715.2,43.6843
3715.3,43.6829
3715.4,43.6815
3715.5,43.6802
3715.6,43.6788
3715.7,43.6774
3715.8,43.676
3715.9,43.6746
3716,43.6732
3716.1,43.6718
3716.2,43.6704
3716.3,43.669
3716.4,43.6676
3716.5,43.6662
3716.6,43.6648
3716.7,43.6634
3716.8,43.662
3716.9,43.6606
3717,43.6592
3717.1,43.6578
3717.2,43.6564
3717.3,43.655
3717.4,43.6536
3717.5,43.6522
3717.6,43.6508
3717.7,43.6494
3717.8,43.648
3717.9,43.6466
3718,43.6452
3718.1,43.6438
3718.2,43.6424
3718.3,43.641
3718.4,43.6396
3718.5,43.6382
3718.6,43.6368
3718.7,43.6354
3718.8,43.634
3718.9,43.6326
3719,43.6312
3719.1,43.6298
3719.2,43.6284
3719.3,43.627
3719.4,43.6256
3719.5,43.6242
3719.6,43.6228
3719.7,43.6214
3719.8,43.62
3719.9,43.6186
3720,43.6172
3720.1,43.6158
3720.2,43.6144
3720.3,43.613
3720.4,43.6116
3720.5,43.6102
3720.6,43.6088
3720.7,43.6074
3720.8,43.606
3720.9,43.6046
3721,43.6032
3721.1,43.6018
3721.2,43.6004
3721.3,43.599
3721.4,43.5976
3721.5,43.5962
3721.6,43.5948
3721.7,43.5934
3721.8,43.592
3721.9,43.5906
3722,43.5892
3722.1,43.5878
3722.2,43.5864
3722.3,43.585
3722.4,43.5836
3722.5,43.5822
3722.6,43.5808
3722.7,43.5794
3722.8,43.578
3722.9,43.5766
3723,43.5752
3723.1,43.5738
3723.2,43.5724
3723.3,43.571
3723.4,43.5696
3723.5,43.5682
3723.6,43.5668
3723.7,43.5654
3723.8,43.564
3723.9,43.5626
3724,43.5612
3724.1,43.5598
3724.2,43.5584
3724.3,43.557
3724.4,43.5556
3724.5,43.5542
3724.6,43.5528
3724.7,43.5514
3724.8,43.55
3724.9,43.5486
3725,43.5472
3725.1,43.5458
3725.2,43.5444
3725.3,43.543
3725.4,43.5416
3725.5,43.5402
3725.6,43.5388
3725.7,43.5374
3725.8,43.536
3725.9,43.5346
3726,43.5332
3726.1,43.5319
3726.2,43.5305
3726.3,43.5291
3726.4,43.5277
3726.5,43.5263
3726.6,43.5249
3726.7,43.5235
3726.8,43.5221
3726.9,43.5207
3727,43.5193
3727.1,43.5179
3727.2,43.5165
3727.3,43.5151
3727.4,43.5137
3727.5,43.5123
3727.6,43.511
3727.7,43.5096
3727.8,43.5082
3727.9,43.5068
3728,43.5054
3728.1,43.504
3728.2,43.5026
3728.3,43.5012
3728.4,43.4998
3728.5,43.4984
3728.6,43.497
3728.7,43.4956
3728.8,43.4942
3728.9,43.4928
3729,43.4914
3729.1,43.49
3729.2,43.4886
3729.3,43.4872
3729.4,43.4858
3729.5,43.4844
3729.6,43.483
3729.7,43.4817
3729.8,43.4803
3729.9,43.4789
3730,43.4775
3730.1,43.4761
3730.2,43.4747
3730.3,43.4733
3730.4,43.4719
3730.5,43.4705
3730.6,43.4691
3730.7,43.4677
3730.8,43.4663
3730.9,43.4649
3731,43.4635
3731.1,43.4621
3731.2,43.4607
3731.3,43.4593
3731.4,43.4579
3731.5,43.4565
3731.6,43.4552
3731.7,43.4538
3731.8,43.4524
3731.9,43.451
3732,43.4496
3732.1,43.4482
3732.2,43.4468
3732.3,43.4454
3732.4,43.444
3732.5,43.4427
3732.6,43.4413
3732.7,43.4399
3732.8,43.4385
3732.9,43.4371
3733,43.4357
3733.1,43.4344
3733.2,43.433
3733.3,43.4316
3733.4,43.4302
3733.5,43.4289
3733.6,43.4275
3733.7,43.4261
3733.8,43.4247
3733.9,43.4233
3734,43.422
3734.1,43.4206
3734.2,43.4192
3734.3,43.4179
3734.4,43.4165
3734.5,43.4151
3734.6,43.4137
3734.7,43.4124
3734.8,43.411
3734.9,43.4096
3735,43.4082
3735.1,43.4069
3735.2,43.4055
3735.3,43.4041
3735.4,43.4028
3735.5,43.4014
3735.6,43.4
3735.7,43.3987
3735.8,43.3973
3735.9,43.3959
3736,43.3945
3736.1,43.3932
3736.2,43.3918
3736.3,43.3904
3736.4,43.3891
3736.5,43.3877
3736.6,43.3863
3736.7,43.3849
3736.8,43.3836
3736.9,43.3822
3737,43.3808
3737.1,43.3794
3737.2,43.3781
3737.3,43.3767
3737.4,43.3753
3737.5,43.3739
3737.6,43.3726
3737.7,43.3712
3737.8,43.3698
3737.9,43.3684
3738,43.367
3738.1,43.3657
3738.2,43.3643
3738.3,43.3629
3738.4,43.3615
3738.5,43.3601
3738.6,43.3588
3738.7,43.3574
3738.8,43.356
3738.9,43.3546
3739,43.3532
3739.1,43.3519
3739.2,43.3505
3739.3,43.3491
3739.4,43.3477
3739.5,43.3463
3739.6,43.3449
3739.7,43.3436
3739.8,43.3422
3739.9,43.3408
3740,43.3394
3740.1,43.338
3740.2,43.3366
3740.3,43.3353
3740.4,43.3339
3740.5,43.3325
3740.6,43.3311
3740.7,43.3298
3740.8,43.3284
3740.9,43.327
3741,43.3256
3741.1,43.3243
3741.2,43.3229
3741.3,43.3215
3741.4,43.3201
3741.5,43.3188
3741.6,43.3174
3741.7,43.316
3741.8,43.3147
3741.9,43.3133
3742,43.3119
3742.1,43.3106
3742.2,43.3092
3742.3,43.3078
3742.4,43.3065
3742.5,43.3051
3742.6,43.3038
3742.7,43.3024
3742.8,43.301
3742.9,43.2997
3743,43.2983
3743.1,43.2969
3743.2,43.2956
3743.3,43.2942
3743.4,43.2928
3743.5,43.2915
3743.6,43.2901
3743.7,43.2887
3743.8,43.2874
3743.9,43.286
3744,43.2846
3744.1,43.2833
3744.2,43.2819
3744.3,43.2805
3744.4,43.2792
3744.5,43.2778
3744.6,43.2764
3744.7,43.2751
3744.8,43.2737
3744.9,43.2723
3745,43.271
3745.1,43.2696
3745.2,43.2682
3745.3,43.2668
3745.4,43.2655
3745.5,43.2641
3745.6,43.2627
3745.7,43.2613
3745.8,43.26
3745.9,43.2586
3746,43.2572
3746.1,43.2559
3746.2,43.2545
3746.3,43.2531
3746.4,43.2518
3746.5,43.2504
3746.6,43.2491
3746.7,43.2477
3746.8,43.2463
3746.9,43.245
3747,43.2436
3747.1,43.2423
3747.2,43.2409
3747.3,43.2396
3747.4,43.2382
3747.5,43.2369
3747.6,43.2355
3747.7,43.2342
3747.8,43.2328
3747.9,43.2315
3748,43.2301
3748.1,43.2288
3748.2,43.2274
3748.3,43.2261
3748.4,43.2247
3748.5,43.2233
3748.6,43.222
3748.7,43.2206
3748.8,43.2193
3748.9,43.2179
3749,43.2165
3749.1,43.2152
3749.2,43.2138
3749.3,43.2125
3749.4,43.2111
3749.5,43.2097
3749.6,43.2084
3749.7,43.207
3749.8,43.2056
3749.9,43.2043
3750,43.2029
3750.1,43.2015
3750.2,43.2002
3750.3,43.1988
3750.4,43.1974
3750.5,43.1961
3750.6,43.1947
3750.7,43.1933
3750.8,43.192
3750.9,43.1906
3751,43.1892
3751.1,43.1879
3751.2,43.1865
3751.3,43.1852
3751.4,43.1838
3751.5,43.1824
3751.6,43.1811
3751.7,43.1797
3751.8,43.1783
3751.9,43.177
3752,43.1756
3752.1,43.1743
3752.2,43.1729
3752.3,43.1716
3752.4,43.1702
3752.5,43.1688
3752.6,43.1675
3752.7,43.1661
3752.8,43.1648
3752.9,43.1634
3753,43.1621
3753.1,43.1607
3753.2,43.1593
3753.3,43.158
3753.4,43.1566
3753.5,43.1553
3753.6,43.1539
3753.7,43.1525
3753.8,43.1512
3753.9,43.1498
3754,43.1485
3754.1,43.1471
3754.2,43.1457
3754.3,43.1444
3754.4,43.143
3754.5,43.1416
3754.6,43.1403
3754.7,43.1389
3754.8,43.1375
3754.9,43.1362
3755,43.1348
3755.1,43.1334
3755.2,43.1321
3755.3,43.1307
3755.4,43.1293
3755.5,43.128
3755.6,43.1266
3755.7,43.1252
3755.8,43.1239
3755.9,43.1225
3756,43.1211
3756.1,43.1197
3756.2,43.1184
3756.3,43.117
3756.4,43.1156
3756.5,43.1142
3756.6,43.1129
3756.7,43.1115
3756.8,43.1101
3756.9,43.1087
3757,43.1074
3757.1,43.106
3757.2,43.1046
3757.3,43.1032
3757.4,43.1018
3757.5,43.1005
3757.6,43.0991
3757.7,43.0977
3757.8,43.0963
3757.9,43.0949
3758,43.0935
3758.1,43.0922
3758.2,43.0908
3758.3,43.0894
3758.4,43.088
3758.5,43.0866
3758.6,43.0852
3758.7,43.0839
3758.8,43.0825
3758.9,43.0811
3759,43.0797
3759.1,43.0783
3759.2,43.0769
3759.3,43.0755
3759.4,43.0741
3759.5,43.0727
3759.6,43.0714
3759.7,43.07
3759.8,43.0686
3759.9,43.0672
3760,43.0658
3760.1,43.0644
3760.2,43.063
3760.3,43.0616
3760.4,43.0602
3760.5,43.0588
3760.6,43.0574
3760.7,43.0561
3760.8,43.0547
3760.9,43.0533
3761,43.0519
3761.1,43.0505
3761.2,43.0491
3761.3,43.0477
3761.4,43.0463
3761.5,43.0449
3761.6,43.0435
3761.7,43.0421
3761.8,43.0407
3761.9,43.0393
3762,43.0379
3762.1,43.0365
3762.2,43.0352
3762.3,43.0338
3762.4,43.0324
3762.5,43.031
3762.6,43.0296
3762.7,43.0282
3762.8,43.0268
3762.9,43.0254
3763,43.024
3763.1,43.0226
3763.2,43.0212
3763.3,43.0198
3763.4,43.0184
3763.5,43.017
3763.6,43.0156
3763.7,43.0142
3763.8,43.0128
3763.9,43.0114
3764,43.01
3764.1,43.0086
3764.2,43.0072
3764.3,43.0058
3764.4,43.0044
3764.5,43.003
3764.6,43.0016
3764.7,43.0002
3764.8,42.9988
3764.9,42.9974
3765,42.996
3765.1,42.9946
3765.2,42.9933
3765.3,42.9919
3765.4,42.9905
3765.5,42.9891
3765.6,42.9877
3765.7,42.9863
3765.8,42.9849
3765.9,42.9835
3766,42.9821
3766.1,42.9807
3766.2,42.9793
3766.3,42.9779
3766.4,42.9766
3766.5,42.9752
3766.6,42.9738
3766.7,42.9724
3766.8,42.971
3766.9,42.9696
3767,42.9682
3767.1,42.9668
3767.2,42.9654
3767.3,42.964
3767.4,42.9626
3767.5,42.9612
3767.6,42.9599
3767.7,42.9585
3767.8,42.9571
3767.9,42.9557
3768,42.9543
3768.1,42.9529
3768.2,42.9515
3768.3,42.9501
3768.4,42.9487
3768.5,42.9474
3768.6,42.946
3768.7,42.9446
3768.8,42.9432
3768.9,42.9418
3769,42.9404
3769.1,42.9391
3769.2,42.9377
3769.3,42.9363
3769.4,42.9349
3769.5,42.9335
3769.6,42.9322
3769.7,42.9308
3769.8,42.9294
3769.9,42.9281
3770,42.9267
3770.1,42.9253
3770.2,42.924
3770.3,42.9226
3770.4,42.9212
3770.5,42.9199
3770.6,42.9185
3770.7,42.9171
3770.8,42.9158
3770.9,42.9144
3771,42.913
3771.1,42.9117
3771.2,42.9103
3771.3,42.9089
3771.4,42.9076
3771.5,42.9062
3771.6,42.9049
3771.7,42.9035
3771.8,42.9022
3771.9,42.9008
3772,42.8994
3772.1,42.8981
3772.2,42.8967
3772.3,42.8954
3772.4,42.894
3772.5,42.8927
3772.6,42.8913
3772.7,42.89
3772.8,42.8887
3772.9,42.8873
3773,42.886
3773.1,42.8846
3773.2,42.8833
3773.3,42.882
3773.4,42.8806
3773.5,42.8793
3773.6,42.878
3773.7,42.8767
3773.8,42.8754
3773.9,42.8741
3774,42.8728
3774.1,42.8714
3774.2,42.8702
3774.3,42.8689
3774.4,42.8676
3774.5,42.8663
3774.6,42.865
3774.7,42.8638
3774.8,42.8625
3774.9,42.8613
3775,42.86
3775.1,42.8588
3775.2,42.8575
3775.3,42.8563
3775.4,42.855
3775.5,42.8537
3775.6,42.8525
3775.7,42.8512
3775.8,42.8499
3775.9,42.8486
3776,42.8474
3776.1,42.8461
3776.2,42.8448
3776.3,42.8434
3776.4,42.8421
3776.5,42.8408
3776.6,42.8395
3776.7,42.8381
3776.8,42.8368
3776.9,42.8355
3777,42.8341
3777.1,42.8328
3777.2,42.8314
3777.3,42.8301
3777.4,42.8287
3777.5,42.8273
3777.6,42.826
3777.7,42.8246
3777.8,42.8232
3777.9,42.8219
3778,42.8205
3778.1,42.8191
3778.2,42.8177
3778.3,42.8164
3778.4,42.815
3778.5,42.8136
3778.6,42.8122
3778.7,42.8108
3778.8,42.8095
3778.9,42.8081
3779,42.8067
3779.1,42.8053
3779.2,42.8039
3779.3,42.8025
3779.4,42.8011
3779.5,42.7998
3779.6,42.7984
3779.7,42.797
3779.8,42.7956
3779.9,42.7942
3780,42.7928
3780.1,42.7914
3780.2,42.79
3780.3,42.7886
3780.4,42.7872
3780.5,42.7859
3780.6,42.7845
3780.7,42.7831
3780.8,42.7817
3780.9,42.7803
3781,42.7789
3781.1,42.7775
3781.2,42.7761
3781.3,42.7747
3781.4,42.7733
3781.5,42.7719
3781.6,42.7705
3781.7,42.7691
3781.8,42.7677
3781.9,42.7663
3782,42.7648
3782.1,42.7634
3782.2,42.762
3782.3,42.7606
3782.4,42.7592
3782.5,42.7578
3782.6,42.7564
3782.7,42.755
3782.8,42.7536
3782.9,42.7522
3783,42.7508
3783.1,42.7493
3783.2,42.7479
3783.3,42.7465
3783.4,42.7451
3783.5,42.7437
3783.6,42.7423
3783.7,42.7409
3783.8,42.7394
3783.9,42.738
3784,42.7366
3784.1,42.7352
3784.2,42.7338
3784.3,42.7323
3784.4,42.7309
3784.5,42.7295
3784.6,42.7281
3784.7,42.7267
3784.8,42.7252
3784.9,42.7238
3785,42.7224
3785.1,42.721
3785.2,42.7195
3785.3,42.7181
3785.4,42.7167
3785.5,42.7153
3785.6,42.7139
3785.7,42.7125
3785.8,42.711
3785.9,42.7096
3786,42.7082
3786.1,42.7068
3786.2,42.7054
3786.3,42.704
3786.4,42.7025
3786.5,42.7011
3786.6,42.6997
3786.7,42.6983
3786.8,42.6969
3786.9,42.6955
3787,42.6941
3787.1,42.6926
3787.2,42.6912
3787.3,42.6898
3787.4,42.6884
3787.5,42.687
3787.6,42.6856
3787.7,42.6842
3787.8,42.6828
3787.9,42.6814
3788,42.68
3788.1,42.6785
3788.2,42.6771
3788.3,42.6757
3788.4,42.6743
3788.5,42.6729
3788.6,42.6715
3788.7,42.6701
3788.8,42.6687
3788.9,42.6673
3789,42.6659
3789.1,42.6645
3789.2,42.6631
3789.3,42.6617
3789.4,42.6603
3789.5,42.6588
3789.6,42.6574
3789.7,42.656
3789.8,42.6546
3789.9,42.6532
3790,42.6518
3790.1,42.6504
3790.2,42.649
3790.3,42.6476
3790.4,42.6462
3790.5,42.6448
3790.6,42.6434
3790.7,42.642
3790.8,42.6406
3790.9,42.6392
3791,42.6378
3791.1,42.6364
3791.2,42.635
3791.3,42.6336
3791.4,42.6322
3791.5,42.6309
3791.6,42.6295
3791.7,42.6281
3791.8,42.6267
3791.9,42.6253
3792,42.6239
3792.1,42.6225
3792.2,42.6211
3792.3,42.6197
3792.4,42.6183
3792.5,42.6169
3792.6,42.6155
3792.7,42.6142
3792.8,42.6128
3792.9,42.6114
3793,42.61
3793.1,42.6086
3793.2,42.6072
3793.3,42.6058
3793.4,42.6044
3793.5,42.603
3793.6,42.6017
3793.7,42.6003
3793.8,42.5989
3793.9,42.5975
3794,42.5961
3794.1,42.5947
3794.2,42.5933
3794.3,42.5919
3794.4,42.5906
3794.5,42.5892
3794.6,42.5878
3794.7,42.5864
3794.8,42.585
3794.9,42.5836
3795,42.5822
3795.1,42.5809
3795.2,42.5795
3795.3,42.5781
3795.4,42.5767
3795.5,42.5753
3795.6,42.574
3795.7,42.5726
3795.8,42.5712
3795.9,42.5698
3796,42.5685
3796.1,42.5671
3796.2,42.5657
3796.3,42.5644
3796.4,42.563
3796.5,42.5616
3796.6,42.5603
3796.7,42.5589
3796.8,42.5575
3796.9,42.5562
3797,42.5548
3797.1,42.5535
3797.2,42.5521
3797.3,42.5508
3797.4,42.5494
3797.5,42.5481
3797.6,42.5467
3797.7,42.5454
3797.8,42.544
3797.9,42.5427
3798,42.5413
3798.1,42.54
3798.2,42.5386
3798.3,42.5373
3798.4,42.5359
3798.5,42.5346
3798.6,42.5332
3798.7,42.5319
3798.8,42.5305
3798.9,42.5292
3799,42.5278
3799.1,42.5265
3799.2,42.5251
3799.3,42.5238
3799.4,42.5224
3799.5,42.521
3799.6,42.5197
3799.7,42.5183
3799.8,42.5169
3799.9,42.5156
3800,42.5142
3800.1,42.5128
3800.2,42.5115
3800.3,42.5101
3800.4,42.5087
3800.5,42.5074
3800.6,42.506
3800.7,42.5046
3800.8,42.5033
3800.9,42.5019
3801,42.5005
3801.1,42.4991
3801.2,42.4978
3801.3,42.4964
3801.4,42.495
3801.5,42.4936
3801.6,42.4923
3801.7,42.4909
3801.8,42.4895
3801.9,42.4881
3802,42.4868
3802.1,42.4854
3802.2,42.484
3802.3,42.4826
3802.4,42.4813
3802.5,42.4799
3802.6,42.4785
3802.7,42.4771
3802.8,42.4757
3802.9,42.4743
3803,42.4729
3803.1,42.4716
3803.2,42.4702
3803.3,42.4688
3803.4,42.4674
3803.5,42.466
3803.6,42.4646
3803.7,42.4632
3803.8,42.4618
3803.9,42.4604
3804,42.459
3804.1,42.4576
3804.2,42.4562
3804.3,42.4548
3804.4,42.4534
3804.5,42.452
3804.6,42.4506
3804.7,42.4492
3804.8,42.4478
3804.9,42.4464
3805,42.445
3805.1,42.4436
3805.2,42.4422
3805.3,42.4408
3805.4,42.4393
3805.5,42.4379
3805.6,42.4365
3805.7,42.4351
3805.8,42.4337
3805.9,42.4323
3806,42.4309
3806.1,42.4295
3806.2,42.428
3806.3,42.4266
3806.4,42.4252
3806.5,42.4238
3806.6,42.4224
3806.7,42.4209
3806.8,42.4195
3806.9,42.4181
3807,42.4167
3807.1,42.4153
3807.2,42.4138
3807.3,42.4124
3807.4,42.411
3807.5,42.4096
3807.6,42.4081
3807.7,42.4067
3807.8,42.4053
3807.9,42.4039
3808,42.4024
3808.1,42.401
3808.2,42.3996
3808.3,42.3981
3808.4,42.3967
3808.5,42.3953
3808.6,42.3939
3808.7,42.3924
3808.8,42.391
3808.9,42.3896
3809,42.3882
3809.1,42.3867
3809.2,42.3853
3809.3,42.3839
3809.4,42.3825
3809.5,42.381
3809.6,42.3796
3809.7,42.3782
3809.8,42.3768
3809.9,42.3753
3810,42.3739
3810.1,42.3725
3810.2,42.3711
3810.3,42.3697
3810.4,42.3683
3810.5,42.3668
3810.6,42.3654
3810.7,42.364
3810.8,42.3626
3810.9,42.3612
3811,42.3598
3811.1,42.3583
3811.2,42.3569
3811.3,42.3555
3811.4,42.3541
3811.5,42.3527
3811.6,42.3513
3811.7,42.3499
3811.8,42.3485
3811.9,42.3471
3812,42.3457
3812.1,42.3443
3812.2,42.3429
3812.3,42.3415
3812.4,42.3401
3812.5,42.3387
3812.6,42.3373
3812.7,42.3359
3812.8,42.3345
3812.9,42.3331
3813,42.3317
3813.1,42.3303
3813.2,42.3289
3813.3,42.3275
3813.4,42.3261
3813.5,42.3247
3813.6,42.3233
3813.7,42.3219
3813.8,42.3205
3813.9,42.3192
3814,42.3178
3814.1,42.3165
3814.2,42.3152
3814.3,42.3139
3814.4,42.3126
3814.5,42.3113
3814.6,42.3101
3814.7,42.3088
3814.8,42.3076
3814.9,42.3063
3815,42.3051
3815.1,42.3038
3815.2,42.3026
3815.3,42.3013
3815.4,42.3001
3815.5,42.2988
3815.6,42.2975
3815.7,42.2962
3815.8,42.2949
3815.9,42.2936
3816,42.2923
3816.1,42.291
3816.2,42.2897
3816.3,42.2884
3816.4,42.287
3816.5,42.2857
3816.6,42.2843
3816.7,42.283
3816.8,42.2816
3816.9,42.2803
3817,42.2789
3817.1,42.2775
3817.2,42.2761
3817.3,42.2748
3817.4,42.2734
3817.5,42.272
3817.6,42.2706
3817.7,42.2692
3817.8,42.2678
3817.9,42.2664
3818,42.265
3818.1,42.2636
3818.2,42.2622
3818.3,42.2608
3818.4,42.2594
3818.5,42.258
3818.6,42.2566
3818.7,42.2551
3818.8,42.2537
3818.9,42.2523
3819,42.2509
3819.1,42.2495
3819.2,42.2481
3819.3,42.2466
3819.4,42.2452
3819.5,42.2438
3819.6,42.2424
3819.7,42.241
3819.8,42.2395
3819.9,42.2381
3820,42.2367
3820.1,42.2353
3820.2,42.2338
3820.3,42.2324
3820.4,42.231
3820.5,42.2296
3820.6,42.2282
3820.7,42.2267
3820.8,42.2253
3820.9,42.2239
3821,42.2224
3821.1,42.221
3821.2,42.2196
3821.3,42.2182
3821.4,42.2167
3821.5,42.2153
3821.6,42.2139
3821.7,42.2125
3821.8,42.211
3821.9,42.2096
3822,42.2082
3822.1,42.2068
3822.2,42.2053
3822.3,42.2039
3822.4,42.2025
3822.5,42.201
3822.6,42.1996
3822.7,42.1982
3822.8,42.1968
3822.9,42.1953
3823,42.1939
3823.1,42.1925
3823.2,42.191
3823.3,42.1896
3823.4,42.1882
3823.5,42.1868
3823.6,42.1853
3823.7,42.1839
3823.8,42.1825
3823.9,42.1811
3824,42.1796
3824.1,42.1782
3824.2,42.1768
3824.3,42.1754
3824.4,42.1739
3824.5,42.1725
3824.6,42.1711
3824.7,42.1696
3824.8,42.1682
3824.9,42.1668
3825,42.1654
3825.1,42.1639
3825.2,42.1625
3825.3,42.1611
3825.4,42.1597
3825.5,42.1582
3825.6,42.1568
3825.7,42.1554
3825.8,42.1539
3825.9,42.1525
3826,42.1511
3826.1,42.1497
3826.2,42.1482
3826.3,42.1468
3826.4,42.1454
3826.5,42.144
3826.6,42.1425
3826.7,42.1411
3826.8,42.1397
3826.9,42.1382
3827,42.1368
3827.1,42.1354
3827.2,42.134
3827.3,42.1325
3827.4,42.1311
3827.5,42.1297
3827.6,42.1283
3827.7,42.1268
3827.8,42.1254
3827.9,42.124
3828,42.1225
3828.1,42.1211
3828.2,42.1197
3828.3,42.1183
3828.4,42.1168
3828.5,42.1154
3828.6,42.114
3828.7,42.1126
3828.8,42.1111
3828.9,42.1097
3829,42.1083
3829.1,42.1068
3829.2,42.1054
3829.3,42.104
3829.4,42.1026
3829.5,42.1011
3829.6,42.0997
3829.7,42.0983
3829.8,42.0968
3829.9,42.0954
3830,42.094
3830.1,42.0926
3830.2,42.0911
3830.3,42.0897
3830.4,42.0883
3830.5,42.0869
3830.6,42.0854
3830.7,42.084
3830.8,42.0826
3830.9,42.0811
3831,42.0797
3831.1,42.0783
3831.2,42.0769
3831.3,42.0754
3831.4,42.074
3831.5,42.0726
3831.6,42.0712
3831.7,42.0697
3831.8,42.0683
3831.9,42.0669
3832,42.0655
3832.1,42.064
3832.2,42.0626
3832.3,42.0612
3832.4,42.0597
3832.5,42.0583
3832.6,42.0569
3832.7,42.0555
3832.8,42.054
3832.9,42.0526
3833,42.0512
3833.1,42.0498
3833.2,42.0483
3833.3,42.0469
3833.4,42.0455
3833.5,42.0441
3833.6,42.0426
3833.7,42.0412
3833.8,42.0398
3833.9,42.0383
3834,42.0369
3834.1,42.0355
3834.2,42.0341
3834.3,42.0326
3834.4,42.0312
3834.5,42.0298
3834.6,42.0283
3834.7,42.0269
3834.8,42.0255
3834.9,42.0241
3835,42.0226
3835.1,42.0212
3835.2,42.0198
3835.3,42.0184
3835.4,42.0169
3835.5,42.0155
3835.6,42.0141
3835.7,42.0126
3835.8,42.0112
3835.9,42.0098
3836,42.0084
3836.1,42.0069
3836.2,42.0055
3836.3,42.0041
3836.4,42.0027
3836.5,42.0012
3836.6,41.9998
3836.7,41.9984
3836.8,41.9969
3836.9,41.9955
3837,41.9941
3837.1,41.9927
3837.2,41.9912
3837.3,41.9898
3837.4,41.9884
3837.5,41.987
3837.6,41.9855
3837.7,41.9841
3837.8,41.9827
3837.9,41.9813
3838,41.9798
3838.1,41.9784
3838.2,41.977
3838.3,41.9755
3838.4,41.9741
3838.5,41.9727
3838.6,41.9713
3838.7,41.9698
3838.8,41.9684
3838.9,41.967
3839,41.9656
3839.1,41.9641
3839.2,41.9627
3839.3,41.9613
3839.4,41.9598
3839.5,41.9584
3839.6,41.957
3839.7,41.9556
3839.8,41.9541
3839.9,41.9527
3840,41.9513
3840.1,41.9499
3840.2,41.9484
3840.3,41.947
3840.4,41.9456
3840.5,41.9442
3840.6,41.9427
3840.7,41.9413
3840.8,41.9399
3840.9,41.9384
3841,41.937
3841.1,41.9356
3841.2,41.9342
3841.3,41.9327
3841.4,41.9313
3841.5,41.9299
3841.6,41.9284
3841.7,41.927
3841.8,41.9256
3841.9,41.9242
3842,41.9227
3842.1,41.9213
3842.2,41.9199
3842.3,41.9185
3842.4,41.917
3842.5,41.9156
3842.6,41.9142
3842.7,41.9127
3842.8,41.9113
3842.9,41.9099
3843,41.9085
3843.1,41.907
3843.2,41.9056
3843.3,41.9042
3843.4,41.9028
3843.5,41.9013
3843.6,41.8999
3843.7,41.8985
3843.8,41.897
3843.9,41.8956
3844,41.8942
3844.1,41.8928
3844.2,41.8913
3844.3,41.8899
3844.4,41.8885
3844.5,41.8871
3844.6,41.8856
3844.7,41.8842
3844.8,41.8828
3844.9,41.8813
3845,41.8799
3845.1,41.8785
3845.2,41.8771
3845.3,41.8756
3845.4,41.8742
3845.5,41.8728
3845.6,41.8714
3845.7,41.8699
3845.8,41.8685
3845.9,41.8671
3846,41.8656
3846.1,41.8642
3846.2,41.8628
3846.3,41.8614
3846.4,41.8599
3846.5,41.8585
3846.6,41.8571
3846.7,41.8557
3846.8,41.8542
3846.9,41.8528
3847,41.8514
3847.1,41.85
3847.2,41.8485
3847.3,41.8471
3847.4,41.8457
3847.5,41.8442
3847.6,41.8428
3847.7,41.8414
3847.8,41.84
3847.9,41.8385
3848,41.8371
3848.1,41.8357
3848.2,41.8343
3848.3,41.8328
3848.4,41.8314
3848.5,41.83
3848.6,41.8285
3848.7,41.8271
3848.8,41.8257
3848.9,41.8243
3849,41.8228
3849.1,41.8214
3849.2,41.82
3849.3,41.8186
3849.4,41.8171
3849.5,41.8157
3849.6,41.8143
3849.7,41.8129
3849.8,41.8114
3849.9,41.81
3850,41.8086
3850.1,41.8071
3850.2,41.8057
3850.3,41.8043
3850.4,41.8029
3850.5,41.8014
3850.6,41.8
3850.7,41.7986
3850.8,41.7972
3850.9,41.7957
3851,41.7943
3851.1,41.7929
3851.2,41.7914
3851.3,41.79
3851.4,41.7886
3851.5,41.7872
3851.6,41.7857
3851.7,41.7843
3851.8,41.7829
3851.9,41.7815
3852,41.78
3852.1,41.7786
3852.2,41.7772
3852.3,41.7757
3852.4,41.7743
3852.5,41.7729
3852.6,41.7715
3852.7,41.77
3852.8,41.7686
3852.9,41.7672
3853,41.7658
3853.1,41.7643
3853.2,41.7629
3853.3,41.7615
3853.4,41.7601
3853.5,41.7586
3853.6,41.7572
3853.7,41.7558
3853.8,41.7543
3853.9,41.7529
3854,41.7515
3854.1,41.7501
3854.2,41.7486
3854.3,41.7472
3854.4,41.7458
3854.5,41.7444
3854.6,41.7429
3854.7,41.7415
3854.8,41.7401
3854.9,41.7387
3855,41.7372
3855.1,41.7358
3855.2,41.7344
3855.3,41.7329
3855.4,41.7315
3855.5,41.7301
3855.6,41.7287
3855.7,41.7272
3855.8,41.7258
3855.9,41.7244
3856,41.723
3856.1,41.7215
3856.2,41.7201
3856.3,41.7187
3856.4,41.7173
3856.5,41.7158
3856.6,41.7144
3856.7,41.713
3856.8,41.7115
3856.9,41.7101
3857,41.7087
3857.1,41.7073
3857.2,41.7058
3857.3,41.7044
3857.4,41.703
3857.5,41.7016
3857.6,41.7001
3857.7,41.6987
3857.8,41.6973
3857.9,41.6959
3858,41.6944
3858.1,41.693
3858.2,41.6916
3858.3,41.6901
3858.4,41.6887
3858.5,41.6873
3858.6,41.6859
3858.7,41.6844
3858.8,41.683
3858.9,41.6816
3859,41.6802
3859.1,41.6787
3859.2,41.6773
3859.3,41.6759
3859.4,41.6745
3859.5,41.673
3859.6,41.6716
3859.7,41.6702
3859.8,41.6687
3859.9,41.6673
3860,41.6659
3860.1,41.6645
3860.2,41.663
3860.3,41.6616
3860.4,41.6602
3860.5,41.6588
3860.6,41.6573
3860.7,41.6559
3860.8,41.6545
3860.9,41.6531
3861,41.6516
3861.1,41.6502
3861.2,41.6488
3861.3,41.6473
3861.4,41.6459
3861.5,41.6445
3861.6,41.6431
3861.7,41.6416
3861.8,41.6402
3861.9,41.6388
3862,41.6374
3862.1,41.6359
3862.2,41.6345
3862.3,41.6331
3862.4,41.6317
3862.5,41.6302
3862.6,41.6288
3862.7,41.6274
3862.8,41.6259
3862.9,41.6245
3863,41.6231
3863.1,41.6217
3863.2,41.6202
3863.3,41.6188
3863.4,41.6174
3863.5,41.616
3863.6,41.6145
3863.7,41.6131
3863.8,41.6117
3863.9,41.6103
3864,41.6088
3864.1,41.6074
3864.2,41.606
3864.3,41.6045
3864.4,41.6031
3864.5,41.6017
3864.6,41.6003
3864.7,41.5988
3864.8,41.5974
3864.9,41.596
3865,41.5946
3865.1,41.5932
3865.2,41.5917
3865.3,41.5903
3865.4,41.5889
3865.5,41.5875
3865.6,41.5861
3865.7,41.5846
3865.8,41.5832
3865.9,41.5818
3866,41.5804
3866.1,41.579
3866.2,41.5776
3866.3,41.5762
3866.4,41.5748
3866.5,41.5734
3866.6,41.572
3866.7,41.5706
3866.8,41.5694
3866.9,41.5681
3867,41.5669
3867.1,41.5657
3867.2,41.5645
3867.3,41.5633
3867.4,41.5622
3867.5,41.5611
3867.6,41.5599
3867.7,41.5588
3867.8,41.5577
3867.9,41.5567
3868,41.5556
3868.1,41.5545
3868.2,41.5535
3868.3,41.5524
3868.4,41.5513
3868.5,41.5502
3868.6,41.5491
3868.7,41.548
3868.8,41.5469
3868.9,41.5457
3869,41.5445
3869.1,41.5433
3869.2,41.5421
3869.3,41.5409
3869.4,41.5397
3869.5,41.5384
3869.6,41.5371
3869.7,41.5358
3869.8,41.5345
3869.9,41.5332
3870,41.5319
3870.1,41.5305
3870.2,41.5292
3870.3,41.5278
3870.4,41.5264
3870.5,41.5251
3870.6,41.5237
3870.7,41.5223
3870.8,41.5209
3870.9,41.5195
3871,41.5181
3871.1,41.5167
3871.2,41.5153
3871.3,41.5139
3871.4,41.5124
3871.5,41.511
3871.6,41.5096
3871.7,41.5082
3871.8,41.5068
3871.9,41.5054
3872,41.5039
3872.1,41.5025
3872.2,41.5011
3872.3,41.4997
3872.4,41.4983
3872.5,41.4968
3872.6,41.4954
3872.7,41.494
3872.8,41.4926
3872.9,41.4912
3873,41.4897
3873.1,41.4883
3873.2,41.4869
3873.3,41.4855
3873.4,41.4841
3873.5,41.4826
3873.6,41.4812
3873.7,41.4798
3873.8,41.4784
3873.9,41.4769
3874,41.4755
3874.1,41.4741
3874.2,41.4727
3874.3,41.4713
3874.4,41.4698
3874.5,41.4684
3874.6,41.467
3874.7,41.4656
3874.8,41.4641
3874.9,41.4627
3875,41.4613
3875.1,41.4599
3875.2,41.4585
3875.3,41.457
3875.4,41.4556
3875.5,41.4542
3875.6,41.4528
3875.7,41.4514
3875.8,41.4499
3875.9,41.4485
3876,41.4471
3876.1,41.4457
3876.2,41.4442
3876.3,41.4428
3876.4,41.4414
3876.5,41.44
3876.6,41.4386
3876.7,41.4371
3876.8,41.4357
3876.9,41.4343
3877,41.4329
3877.1,41.4314
3877.2,41.43
3877.3,41.4286
3877.4,41.4272
3877.5,41.4258
3877.6,41.4243
3877.7,41.4229
3877.8,41.4215
3877.9,41.4201
3878,41.4186
3878.1,41.4172
3878.2,41.4158
3878.3,41.4144
3878.4,41.413
3878.5,41.4115
3878.6,41.4101
3878.7,41.4087
3878.8,41.4073
3878.9,41.4058
3879,41.4044
3879.1,41.403
3879.2,41.4016
3879.3,41.4001
3879.4,41.3987
3879.5,41.3973
3879.6,41.3959
3879.7,41.3945
3879.8,41.393
3879.9,41.3916
3880,41.3902
3880.1,41.3888
3880.2,41.3873
3880.3,41.3859
3880.4,41.3845
3880.5,41.3831
3880.6,41.3817
3880.7,41.3802
3880.8,41.3788
3880.9,41.3774
3881,41.376
3881.1,41.3745
3881.2,41.3731
3881.3,41.3717
3881.4,41.3703
3881.5,41.3689
3881.6,41.3674
3881.7,41.366
3881.8,41.3646
3881.9,41.3632
3882,41.3617
3882.1,41.3603
3882.2,41.3589
3882.3,41.3575
3882.4,41.3561
3882.5,41.3546
3882.6,41.3532
3882.7,41.3518
3882.8,41.3504
3882.9,41.349
3883,41.3475
3883.1,41.3461
3883.2,41.3447
3883.3,41.3433
3883.4,41.3418
3883.5,41.3404
3883.6,41.339
3883.7,41.3376
3883.8,41.3362
3883.9,41.3347
3884,41.3333
3884.1,41.3319
3884.2,41.3305
3884.3,41.329
3884.4,41.3276
3884.5,41.3262
3884.6,41.3248
3884.7,41.3234
3884.8,41.3219
3884.9,41.3205
3885,41.3191
3885.1,41.3177
3885.2,41.3162
3885.3,41.3148
3885.4,41.3134
3885.5,41.312
3885.6,41.3106
3885.7,41.3091
3885.8,41.3077
3885.9,41.3063
3886,41.3049
3886.1,41.3034
3886.2,41.302
3886.3,41.3006
3886.4,41.2992
3886.5,41.2978
3886.6,41.2963
3886.7,41.2949
3886.8,41.2935
3886.9,41.2921
3887,41.2907
3887.1,41.2892
3887.2,41.2878
3887.3,41.2864
3887.4,41.285
3887.5,41.2835
3887.6,41.2821
3887.7,41.2807
3887.8,41.2793
3887.9,41.2778
3888,41.2764
3888.1,41.275
3888.2,41.2736
3888.3,41.2722
3888.4,41.2707
3888.5,41.2693
3888.6,41.2679
3888.7,41.2665
3888.8,41.265
3888.9,41.2636
3889,41.2622
3889.1,41.2608
3889.2,41.2594
3889.3,41.2579
3889.4,41.2565
3889.5,41.2551
3889.6,41.2537
3889.7,41.2522
3889.8,41.2508
3889.9,41.2494
3890,41.248
3890.1,41.2466
3890.2,41.2451
3890.3,41.2437
3890.4,41.2423
3890.5,41.2409
3890.6,41.2394
3890.7,41.238
3890.8,41.2366
3890.9,41.2352
3891,41.2338
3891.1,41.2323
3891.2,41.2309
3891.3,41.2295
3891.4,41.2281
3891.5,41.2266
3891.6,41.2252
3891.7,41.2238
3891.8,41.2224
3891.9,41.221
3892,41.2195
3892.1,41.2181
3892.2,41.2167
3892.3,41.2153
3892.4,41.2139
3892.5,41.2124
3892.6,41.211
3892.7,41.2096
3892.8,41.2082
3892.9,41.2068
3893,41.2054
3893.1,41.204
3893.2,41.2025
3893.3,41.2011
3893.4,41.1997
3893.5,41.1983
3893.6,41.1969
3893.7,41.1955
3893.8,41.1941
3893.9,41.1926
3894,41.1912
3894.1,41.1898
3894.2,41.1884
3894.3,41.187
3894.4,41.1856
3894.5,41.1842
3894.6,41.1828
3894.7,41.1814
3894.8,41.18
3894.9,41.1786
3895,41.1772
3895.1,41.1758
3895.2,41.1745
3895.3,41.1731
3895.4,41.1717
3895.5,41.1703
3895.6,41.169
3895.7,41.1676
3895.8,41.1662
3895.9,41.1649
3896,41.1635
3896.1,41.1622
3896.2,41.1608
3896.3,41.1595
3896.4,41.1582
3896.5,41.1568
3896.6,41.1555
3896.7,41.1541
3896.8,41.1528
3896.9,41.1515
3897,41.1501
3897.1,41.1488
3897.2,41.1475
3897.3,41.1461
3897.4,41.1448
3897.5,41.1434
3897.6,41.1421
3897.7,41.1408
3897.8,41.1394
3897.9,41.1381
3898,41.1367
3898.1,41.1354
3898.2,41.134
3898.3,41.1326
3898.4,41.1313
3898.5,41.1299
3898.6,41.1286
3898.7,41.1272
3898.8,41.1258
3898.9,41.1245
3899,41.1231
3899.1,41.1217
3899.2,41.1204
3899.3,41.119
3899.4,41.1176
3899.5,41.1162
3899.6,41.1149
3899.7,41.1135
3899.8,41.1121
3899.9,41.1107
3900,41.1094
3900.1,41.108
3900.2,41.1066
3900.3,41.1052
3900.4,41.1038
3900.5,41.1025
3900.6,41.1011
3900.7,41.0997
3900.8,41.0983
3900.9,41.0969
3901,41.0955
3901.1,41.0942
3901.2,41.0928
3901.3,41.0914
3901.4,41.09
3901.5,41.0886
3901.6,41.0872
3901.7,41.0858
3901.8,41.0844
3901.9,41.083
3902,41.0816
3902.1,41.0802
3902.2,41.0788
3902.3,41.0774
3902.4,41.076
3902.5,41.0746
3902.6,41.0732
3902.7,41.0719
3902.8,41.0705
3902.9,41.0691
3903,41.0677
3903.1,41.0663
3903.2,41.0649
3903.3,41.0635
3903.4,41.0621
3903.5,41.0606
3903.6,41.0592
3903.7,41.0578
3903.8,41.0564
3903.9,41.055
3904,41.0536
3904.1,41.0522
3904.2,41.0508
3904.3,41.0494
3904.4,41.048
3904.5,41.0466
3904.6,41.0452
3904.7,41.0438
3904.8,41.0424
3904.9,41.041
3905,41.0396
3905.1,41.0382
3905.2,41.0368
3905.3,41.0354
3905.4,41.034
3905.5,41.0326
3905.6,41.0312
3905.7,41.0298
3905.8,41.0283
3905.9,41.0269
3906,41.0255
3906.1,41.0241
3906.2,41.0227
3906.3,41.0213
3906.4,41.0199
3906.5,41.0185
3906.6,41.0171
3906.7,41.0157
3906.8,41.0143
3906.9,41.0129
3907,41.0115
3907.1,41.0101
3907.2,41.0086
3907.3,41.0072
3907.4,41.0058
3907.5,41.0044
3907.6,41.003
3907.7,41.0016
3907.8,41.0002
3907.9,40.9988
3908,40.9974
3908.1,40.996
3908.2,40.9946
3908.3,40.9932
3908.4,40.9917
3908.5,40.9903
3908.6,40.9889
3908.7,40.9875
3908.8,40.9861
3908.9,40.9847
3909,40.9833
3909.1,40.9819
3909.2,40.9805
3909.3,40.9791
3909.4,40.9777
3909.5,40.9763
3909.6,40.9749
3909.7,40.9735
3909.8,40.9721
3909.9,40.9707
3910,40.9692
3910.1,40.9678
3910.2,40.9664
3910.3,40.965
3910.4,40.9636
3910.5,40.9622
3910.6,40.9608
3910.7,40.9594
3910.8,40.958
3910.9,40.9566
3911,40.9552
3911.1,40.9538
3911.2,40.9524
3911.3,40.951
3911.4,40.9496
3911.5,40.9481
3911.6,40.9467
3911.7,40.9453
3911.8,40.9439
3911.9,40.9425
3912,40.9411
3912.1,40.9397
3912.2,40.9383
3912.3,40.9369
3912.4,40.9355
3912.5,40.9341
3912.6,40.9327
3912.7,40.9312
3912.8,40.9298
3912.9,40.9284
3913,40.927
3913.1,40.9256
3913.2,40.9242
3913.3,40.9228
3913.4,40.9214
3913.5,40.92
3913.6,40.9186
3913.7,40.9171
3913.8,40.9157
3913.9,40.9143
3914,40.9129
3914.1,40.9115
3914.2,40.9101
3914.3,40.9087
3914.4,40.9073
3914.5,40.9059
3914.6,40.9045
3914.7,40.9031
3914.8,40.9016
3914.9,40.9002
3915,40.8988
3915.1,40.8974
3915.2,40.896
3915.3,40.8946
3915.4,40.8932
3915.5,40.8918
3915.6,40.8904
3915.7,40.889
3915.8,40.8876
3915.9,40.8862
3916,40.8848
3916.1,40.8834
3916.2,40.882
3916.3,40.8806
3916.4,40.8793
3916.5,40.8779
3916.6,40.8765
3916.7,40.8751
3916.8,40.8737
3916.9,40.8723
3917,40.8709
3917.1,40.8695
3917.2,40.8681
3917.3,40.8667
3917.4,40.8654
3917.5,40.864
3917.6,40.8626
3917.7,40.8612
3917.8,40.8598
3917.9,40.8584
3918,40.8571
3918.1,40.8557
3918.2,40.8543
3918.3,40.8529
3918.4,40.8515
3918.5,40.8502
3918.6,40.8488
3918.7,40.8474
3918.8,40.846
3918.9,40.8447
3919,40.8433
3919.1,40.8419
3919.2,40.8406
3919.3,40.8392
3919.4,40.8378
3919.5,40.8365
3919.6,40.8351
3919.7,40.8338
3919.8,40.8324
3919.9,40.831
3920,40.8297
3920.1,40.8283
3920.2,40.8269
3920.3,40.8256
3920.4,40.8242
3920.5,40.8229
3920.6,40.8215
3920.7,40.8201
3920.8,40.8188
3920.9,40.8174
3921,40.816
3921.1,40.8146
3921.2,40.8133
3921.3,40.8119
3921.4,40.8105
3921.5,40.8092
3921.6,40.8078
3921.7,40.8064
3921.8,40.805
3921.9,40.8037
3922,40.8023
3922.1,40.8009
3922.2,40.7995
3922.3,40.7981
3922.4,40.7968
3922.5,40.7954
3922.6,40.794
3922.7,40.7926
3922.8,40.7912
3922.9,40.7898
3923,40.7885
3923.1,40.7871
3923.2,40.7857
3923.3,40.7843
3923.4,40.7829
3923.5,40.7815
3923.6,40.7801
3923.7,40.7788
3923.8,40.7774
3923.9,40.776
3924,40.7746
3924.1,40.7732
3924.2,40.7718
3924.3,40.7704
3924.4,40.769
3924.5,40.7677
3924.6,40.7663
3924.7,40.7649
3924.8,40.7635
3924.9,40.7621
3925,40.7607
3925.1,40.7593
3925.2,40.7579
3925.3,40.7565
3925.4,40.7551
3925.5,40.7538
3925.6,40.7524
3925.7,40.751
3925.8,40.7496
3925.9,40.7482
3926,40.7468
3926.1,40.7454
3926.2,40.744
3926.3,40.7426
3926.4,40.7412
3926.5,40.7398
3926.6,40.7384
3926.7,40.737
3926.8,40.7356
3926.9,40.7342
3927,40.7329
3927.1,40.7315
3927.2,40.7301
3927.3,40.7287
3927.4,40.7273
3927.5,40.7259
3927.6,40.7245
3927.7,40.7231
3927.8,40.7217
3927.9,40.7203
3928,40.7189
3928.1,40.7175
3928.2,40.7161
3928.3,40.7148
3928.4,40.7134
3928.5,40.712
3928.6,40.7106
3928.7,40.7092
3928.8,40.7078
3928.9,40.7064
3929,40.7051
3929.1,40.7037
3929.2,40.7023
3929.3,40.7009
3929.4,40.6995
3929.5,40.6982
3929.6,40.6968
3929.7,40.6954
3929.8,40.6941
3929.9,40.6927
3930,40.6913
3930.1,40.69
3930.2,40.6886
3930.3,40.6872
3930.4,40.6859
3930.5,40.6845
3930.6,40.6832
3930.7,40.6818
3930.8,40.6805
3930.9,40.6791
3931,40.6778
3931.1,40.6764
3931.2,40.6751
3931.3,40.6737
3931.4,40.6724
3931.5,40.6711
3931.6,40.6697
3931.7,40.6684
3931.8,40.6671
3931.9,40.6658
3932,40.6645
3932.1,40.6632
3932.2,40.6619
3932.3,40.6606
3932.4,40.6594
3932.5,40.6581
3932.6,40.6569
3932.7,40.6556
3932.8,40.6544
3932.9,40.6531
3933,40.6519
3933.1,40.6506
3933.2,40.6494
3933.3,40.6481
3933.4,40.6469
3933.5,40.6456
3933.6,40.6444
3933.7,40.6431
3933.8,40.6418
3933.9,40.6405
3934,40.6393
3934.1,40.638
3934.2,40.6367
3934.3,40.6354
3934.4,40.6341
3934.5,40.6327
3934.6,40.6314
3934.7,40.6301
3934.8,40.6288
3934.9,40.6274
3935,40.6261
3935.1,40.6248
3935.2,40.6234
3935.3,40.6221
3935.4,40.6207
3935.5,40.6194
3935.6,40.618
3935.7,40.6167
3935.8,40.6153
3935.9,40.614
3936,40.6126
3936.1,40.6113
3936.2,40.6099
3936.3,40.6086
3936.4,40.6072
3936.5,40.6058
3936.6,40.6045
3936.7,40.6031
3936.8,40.6018
3936.9,40.6004
3937,40.599
3937.1,40.5977
3937.2,40.5963
3937.3,40.595
3937.4,40.5936
3937.5,40.5922
3937.6,40.5909
3937.7,40.5895
3937.8,40.5881
3937.9,40.5868
3938,40.5854
3938.1,40.584
3938.2,40.5827
3938.3,40.5813
3938.4,40.5799
3938.5,40.5786
3938.6,40.5772
3938.7,40.5758
3938.8,40.5745
3938.9,40.5731
3939,40.5717
3939.1,40.5703
3939.2,40.569
3939.3,40.5676
3939.4,40.5662
3939.5,40.5649
3939.6,40.5635
3939.7,40.5621
3939.8,40.5607
3939.9,40.5593
3940,40.558
3940.1,40.5566
3940.2,40.5552
3940.3,40.5538
3940.4,40.5524
3940.5,40.551
3940.6,40.5497
3940.7,40.5483
3940.8,40.5469
3940.9,40.5455
3941,40.5441
3941.1,40.5427
3941.2,40.5413
3941.3,40.5399
3941.4,40.5386
3941.5,40.5372
3941.6,40.5358
3941.7,40.5344
3941.8,40.533
3941.9,40.5316
3942,40.5302
3942.1,40.5288
3942.2,40.5274
3942.3,40.526
3942.4,40.5246
3942.5,40.5232
3942.6,40.5218
3942.7,40.5204
3942.8,40.519
3942.9,40.5176
3943,40.5162
3943.1,40.5148
3943.2,40.5134
3943.3,40.512
3943.4,40.5106
3943.5,40.5092
3943.6,40.5078
3943.7,40.5064
3943.8,40.505
3943.9,40.5036
3944,40.5022
3944.1,40.5008
3944.2,40.4994
3944.3,40.498
3944.4,40.4966
3944.5,40.4952
3944.6,40.4938
3944.7,40.4924
3944.8,40.4911
3944.9,40.4897
3945,40.4883
3945.1,40.4869
3945.2,40.4855
3945.3,40.4841
3945.4,40.4827
3945.5,40.4813
3945.6,40.4799
3945.7,40.4785
3945.8,40.477
3945.9,40.4756
3946,40.4742
3946.1,40.4728
3946.2,40.4714
3946.3,40.47
3946.4,40.4686
3946.5,40.4672
3946.6,40.4658
3946.7,40.4644
3946.8,40.463
3946.9,40.4616
3947,40.4602
3947.1,40.4588
3947.2,40.4574
3947.3,40.456
3947.4,40.4546
3947.5,40.4532
3947.6,40.4517
3947.7,40.4503
3947.8,40.4489
3947.9,40.4475
3948,40.4461
3948.1,40.4447
3948.2,40.4433
3948.3,40.4419
3948.4,40.4405
3948.5,40.4391
3948.6,40.4376
3948.7,40.4362
3948.8,40.4348
3948.9,40.4334
3949,40.432
3949.1,40.4306
3949.2,40.4292
3949.3,40.4277
3949.4,40.4263
3949.5,40.4249
3949.6,40.4235
3949.7,40.4221
3949.8,40.4207
3949.9,40.4193
3950,40.4178
3950.1,40.4164
3950.2,40.415
3950.3,40.4136
3950.4,40.4122
3950.5,40.4108
3950.6,40.4094
3950.7,40.4079
3950.8,40.4065
3950.9,40.4051
3951,40.4037
3951.1,40.4023
3951.2,40.4009
3951.3,40.3994
3951.4,40.398
3951.5,40.3966
3951.6,40.3952
3951.7,40.3938
3951.8,40.3924
3951.9,40.3909
3952,40.3895
3952.1,40.3881
3952.2,40.3867
3952.3,40.3853
3952.4,40.3838
3952.5,40.3824
3952.6,40.381
3952.7,40.3796
3952.8,40.3782
3952.9,40.3768
3953,40.3753
3953.1,40.3739
3953.2,40.3725
3953.3,40.3711
3953.4,40.3697
3953.5,40.3683
3953.6,40.3668
3953.7,40.3654
3953.8,40.364
3953.9,40.3626
3954,40.3612
3954.1,40.3598
3954.2,40.3583
3954.3,40.3569
3954.4,40.3555
3954.5,40.3541
3954.6,40.3527
3954.7,40.3513
3954.8,40.3499
3954.9,40.3484
3955,40.347
3955.1,40.3456
3955.2,40.3442
3955.3,40.3428
3955.4,40.3414
3955.5,40.34
3955.6,40.3386
3955.7,40.3371
3955.8,40.3357
3955.9,40.3343
3956,40.3329
3956.1,40.3315
3956.2,40.3301
3956.3,40.3287
3956.4,40.3273
3956.5,40.3259
3956.6,40.3245
3956.7,40.3231
3956.8,40.3216
3956.9,40.3202
3957,40.3188
3957.1,40.3174
3957.2,40.316
3957.3,40.3146
3957.4,40.3132
3957.5,40.3118
3957.6,40.3104
3957.7,40.309
3957.8,40.3076
3957.9,40.3062
3958,40.3048
3958.1,40.3034
3958.2,40.302
3958.3,40.3006
3958.4,40.2992
3958.5,40.2978
3958.6,40.2964
3958.7,40.295
3958.8,40.2936
3958.9,40.2922
3959,40.2908
3959.1,40.2894
3959.2,40.288
3959.3,40.2866
3959.4,40.2852
3959.5,40.2838
3959.6,40.2824
3959.7,40.281
3959.8,40.2796
3959.9,40.2782
3960,40.2768
3960.1,40.2754
3960.2,40.274
3960.3,40.2726
3960.4,40.2712
3960.5,40.2698
3960.6,40.2684
3960.7,40.267
3960.8,40.2656
3960.9,40.2642
3961,40.2628
3961.1,40.2614
3961.2,40.26
3961.3,40.2586
3961.4,40.2572
3961.5,40.2558
3961.6,40.2544
3961.7,40.253
3961.8,40.2516
3961.9,40.2502
3962,40.2488
3962.1,40.2474
3962.2,40.246
3962.3,40.2446
3962.4,40.2432
3962.5,40.2418
3962.6,40.2404
3962.7,40.239
3962.8,40.2376
3962.9,40.2362
3963,40.2348
3963.1,40.2333
3963.2,40.2319
3963.3,40.2305
3963.4,40.2291
3963.5,40.2277
3963.6,40.2263
3963.7,40.2249
3963.8,40.2235
3963.9,40.2221
3964,40.2207
3964.1,40.2192
3964.2,40.2178
3964.3,40.2164
3964.4,40.215
3964.5,40.2136
3964.6,40.2122
3964.7,40.2108
3964.8,40.2094
3964.9,40.2079
3965,40.2065
3965.1,40.2051
3965.2,40.2037
3965.3,40.2023
3965.4,40.2009
3965.5,40.1995
3965.6,40.198
3965.7,40.1966
3965.8,40.1952
3965.9,40.1938
3966,40.1924
3966.1,40.191
3966.2,40.1896
3966.3,40.1881
3966.4,40.1867
3966.5,40.1853
3966.6,40.1839
3966.7,40.1825
3966.8,40.1811
3966.9,40.1797
3967,40.1782
3967.1,40.1768
3967.2,40.1754
3967.3,40.174
3967.4,40.1726
3967.5,40.1712
3967.6,40.1698
3967.7,40.1683
3967.8,40.1669
3967.9,40.1655
3968,40.1641
3968.1,40.1627
3968.2,40.1613
3968.3,40.1598
3968.4,40.1584
3968.5,40.157
3968.6,40.1556
3968.7,40.1542
3968.8,40.1528
3968.9,40.1514
3969,40.1499
3969.1,40.1485
3969.2,40.1471
3969.3,40.1457
3969.4,40.1443
3969.5,40.1429
3969.6,40.1414
3969.7,40.14
3969.8,40.1386
3969.9,40.1372
3970,40.1358
3970.1,40.1344
3970.2,40.133
3970.3,40.1316
3970.4,40.1302
3970.5,40.1289
3970.6,40.1275
3970.7,40.1262
3970.8,40.1248
3970.9,40.1235
3971,40.1221
3971.1,40.1208
3971.2,40.1195
3971.3,40.1182
3971.4,40.1169
3971.5,40.1156
3971.6,40.1143
3971.7,40.113
3971.8,40.1117
3971.9,40.1105
3972,40.1092
3972.1,40.1079
3972.2,40.1066
3972.3,40.1054
3972.4,40.1041
3972.5,40.1028
3972.6,40.1016
3972.7,40.1003
3972.8,40.0989
3972.9,40.0976
3973,40.0963
3973.1,40.0949
3973.2,40.0936
3973.3,40.0923
3973.4,40.0909
3973.5,40.0896
3973.6,40.0883
3973.7,40.087
3973.8,40.0857
3973.9,40.0844
3974,40.0831
3974.1,40.0818
3974.2,40.0806
3974.3,40.0793
3974.4,40.078
3974.5,40.0767
3974.6,40.0754
3974.7,40.0741
3974.8,40.0728
3974.9,40.0715
3975,40.0702
3975.1,40.0689
3975.2,40.0676
3975.3,40.0663
3975.4,40.0649
3975.5,40.0636
3975.6,40.0623
3975.7,40.0609
3975.8,40.0596
3975.9,40.0582
3976,40.0569
3976.1,40.0555
3976.2,40.0542
3976.3,40.0528
3976.4,40.0514
3976.5,40.0501
3976.6,40.0487
3976.7,40.0473
3976.8,40.046
3976.9,40.0446
3977,40.0432
3977.1,40.0418
3977.2,40.0405
3977.3,40.0391
3977.4,40.0377
3977.5,40.0363
3977.6,40.0349
3977.7,40.0336
3977.8,40.0322
3977.9,40.0308
3978,40.0294
3978.1,40.0281
3978.2,40.0267
3978.3,40.0253
3978.4,40.0239
3978.5,40.0225
3978.6,40.0211
3978.7,40.0198
3978.8,40.0184
3978.9,40.017
3979,40.0156
3979.1,40.0142
3979.2,40.0129
3979.3,40.0115
3979.4,40.0101
3979.5,40.0087
3979.6,40.0073
3979.7,40.0059
3979.8,40.0046
3979.9,40.0032
3980,40.0018
3980.1,40.0004
3980.2,39.999
3980.3,39.9976
3980.4,39.9963
3980.5,39.9949
3980.6,39.9935
3980.7,39.9921
3980.8,39.9907
3980.9,39.9893
3981,39.988
3981.1,39.9866
3981.2,39.9852
3981.3,39.9838
3981.4,39.9824
3981.5,39.981
3981.6,39.9797
3981.7,39.9783
3981.8,39.9769
3981.9,39.9755
3982,39.9741
3982.1,39.9727
3982.2,39.9714
3982.3,39.97
3982.4,39.9686
3982.5,39.9672
3982.6,39.9658
3982.7,39.9644
3982.8,39.9631
3982.9,39.9617
3983,39.9603
3983.1,39.9589
3983.2,39.9575
3983.3,39.9561
3983.4,39.9547
3983.5,39.9534
3983.6,39.952
3983.7,39.9506
3983.8,39.9492
3983.9,39.9478
3984,39.9464
3984.1,39.9451
3984.2,39.9437
3984.3,39.9423
3984.4,39.9409
3984.5,39.9395
3984.6,39.9381
3984.7,39.9368
3984.8,39.9354
3984.9,39.934
3985,39.9326
3985.1,39.9312
3985.2,39.9298
3985.3,39.9285
3985.4,39.9271
3985.5,39.9257
3985.6,39.9243
3985.7,39.9229
3985.8,39.9216
3985.9,39.9202
3986,39.9188
3986.1,39.9174
3986.2,39.916
3986.3,39.9147
3986.4,39.9133
3986.5,39.9119
3986.6,39.9105
3986.7,39.9091
3986.8,39.9078
3986.9,39.9064
3987,39.905
3987.1,39.9036
3987.2,39.9023
3987.3,39.9009
3987.4,39.8995
3987.5,39.8981
3987.6,39.8968
3987.7,39.8954
3987.8,39.894
3987.9,39.8926
3988,39.8913
3988.1,39.8899
3988.2,39.8885
3988.3,39.8871
3988.4,39.8858
3988.5,39.8844
3988.6,39.883
3988.7,39.8816
3988.8,39.8803
3988.9,39.8789
3989,39.8775
3989.1,39.8762
3989.2,39.8748
3989.3,39.8734
3989.4,39.8721
3989.5,39.8707
3989.6,39.8694
3989.7,39.868
3989.8,39.8666
3989.9,39.8653
3990,39.8639
3990.1,39.8626
3990.2,39.8612
3990.3,39.8599
3990.4,39.8585
3990.5,39.8572
3990.6,39.8558
3990.7,39.8545
3990.8,39.8531
3990.9,39.8518
3991,39.8505
3991.1,39.8491
3991.2,39.8478
3991.3,39.8464
3991.4,39.8451
3991.5,39.8437
3991.6,39.8424
3991.7,39.8411
3991.8,39.8397
3991.9,39.8384
3992,39.8371
3992.1,39.8357
3992.2,39.8344
3992.3,39.8331
3992.4,39.8317
3992.5,39.8304
3992.6,39.829
3992.7,39.8277
3992.8,39.8264
3992.9,39.825
3993,39.8237
3993.1,39.8224
3993.2,39.821
3993.3,39.8197
3993.4,39.8184
3993.5,39.817
3993.6,39.8157
3993.7,39.8144
3993.8,39.813
3993.9,39.8117
3994,39.8104
3994.1,39.809
3994.2,39.8077
3994.3,39.8064
3994.4,39.8051
3994.5,39.8037
3994.6,39.8024
3994.7,39.8011
3994.8,39.7998
3994.9,39.7984
3995,39.7971
3995.1,39.7958
3995.2,39.7945
3995.3,39.7932
3995.4,39.7919
3995.5,39.7905
3995.6,39.7892
3995.7,39.7879
3995.8,39.7866
3995.9,39.7853
3996,39.784
3996.1,39.7826
3996.2,39.7813
3996.3,39.78
3996.4,39.7787
3996.5,39.7773
3996.6,39.776
3996.7,39.7747
3996.8,39.7733
3996.9,39.772
3997,39.7707
3997.1,39.7693
3997.2,39.768
3997.3,39.7666
3997.4,39.7653
3997.5,39.7639
3997.6,39.7626
3997.7,39.7612
3997.8,39.7599
3997.9,39.7585
3998,39.7571
3998.1,39.7558
3998.2,39.7544
3998.3,39.753
3998.4,39.7517
3998.5,39.7503
3998.6,39.7489
3998.7,39.7475
3998.8,39.7462
3998.9,39.7448
3999,39.7434
3999.1,39.742
3999.2,39.7406
3999.3,39.7393
3999.4,39.7379
3999.5,39.7365
3999.6,39.7351
3999.7,39.7337
3999.8,39.7323
3999.9,39.731
4000,39.7296
4000.1,39.7282
4000.2,39.7268
4000.3,39.7254
4000.4,39.724
4000.5,39.7226
4000.6,39.7212
4000.7,39.7198
4000.8,39.7184
4000.9,39.7171
4001,39.7157
4001.1,39.7143
4001.2,39.7129
4001.3,39.7115
4001.4,39.7101
4001.5,39.7087
4001.6,39.7073
4001.7,39.7059
4001.8,39.7045
4001.9,39.7032
4002,39.7018
4002.1,39.7004
4002.2,39.699
4002.3,39.6976
4002.4,39.6962
4002.5,39.6948
4002.6,39.6934
4002.7,39.6921
4002.8,39.6907
4002.9,39.6893
4003,39.6879
4003.1,39.6865
4003.2,39.6851
4003.3,39.6837
4003.4,39.6824
4003.5,39.681
4003.6,39.6796
4003.7,39.6782
4003.8,39.6768
4003.9,39.6754
4004,39.674
4004.1,39.6727
4004.2,39.6713
4004.3,39.6699
4004.4,39.6685
4004.5,39.6671
4004.6,39.6657
4004.7,39.6643
4004.8,39.663
4004.9,39.6616
4005,39.6602
4005.1,39.6588
4005.2,39.6574
4005.3,39.6561
4005.4,39.6547
4005.5,39.6533
4005.6,39.6519
4005.7,39.6505
4005.8,39.6492
4005.9,39.6478
4006,39.6464
4006.1,39.645
4006.2,39.6437
4006.3,39.6423
4006.4,39.6409
4006.5,39.6395
4006.6,39.6382
4006.7,39.6368
4006.8,39.6354
4006.9,39.634
4007,39.6327
4007.1,39.6313
4007.2,39.6299
4007.3,39.6286
4007.4,39.6272
4007.5,39.6258
4007.6,39.6244
4007.7,39.6231
4007.8,39.6217
4007.9,39.6203
4008,39.6189
4008.1,39.6176
4008.2,39.6162
4008.3,39.6148
4008.4,39.6134
4008.5,39.6121
4008.6,39.6107
4008.7,39.6093
4008.8,39.608
4008.9,39.6066
4009,39.6052
4009.1,39.6038
4009.2,39.6025
4009.3,39.6011
4009.4,39.5997
4009.5,39.5983
4009.6,39.597
4009.7,39.5956
4009.8,39.5942
4009.9,39.5928
4010,39.5915
4010.1,39.5901
4010.2,39.5887
4010.3,39.5873
4010.4,39.586
4010.5,39.5846
4010.6,39.5832
4010.7,39.5818
4010.8,39.5805
4010.9,39.5791
4011,39.5777
4011.1,39.5763
4011.2,39.575
4011.3,39.5736
4011.4,39.5722
4011.5,39.5708
4011.6,39.5694
4011.7,39.5681
4011.8,39.5667
4011.9,39.5653
4012,39.5639
4012.1,39.5626
4012.2,39.5612
4012.3,39.5598
4012.4,39.5584
4012.5,39.5571
4012.6,39.5557
4012.7,39.5543
4012.8,39.5529
4012.9,39.5516
4013,39.5502
4013.1,39.5488
4013.2,39.5474
4013.3,39.5461
4013.4,39.5447
4013.5,39.5433
4013.6,39.5419
4013.7,39.5406
4013.8,39.5392
4013.9,39.5378
4014,39.5364
4014.1,39.5351
4014.2,39.5338
4014.3,39.5324
4014.4,39.5312
4014.5,39.5299
4014.6,39.5287
4014.7,39.5275
4014.8,39.5264
4014.9,39.5253
4015,39.5242
4015.1,39.5231
4015.2,39.5221
4015.3,39.521
4015.4,39.5199
4015.5,39.5188
4015.6,39.5177
4015.7,39.5165
4015.8,39.5153
4015.9,39.5141
4016,39.5129
4016.1,39.5115
4016.2,39.5102
4016.3,39.5088
4016.4,39.5074
4016.5,39.5059
4016.6,39.5045
4016.7,39.5031
4016.8,39.5017
4016.9,39.5003
4017,39.4989
4017.1,39.4975
4017.2,39.4962
4017.3,39.4949
4017.4,39.4936
4017.5,39.4924
4017.6,39.4912
4017.7,39.4899
4017.8,39.4887
4017.9,39.4875
4018,39.4863
4018.1,39.4851
4018.2,39.4839
4018.3,39.4826
4018.4,39.4814
4018.5,39.4802
4018.6,39.4789
4018.7,39.4777
4018.8,39.4764
4018.9,39.4751
4019,39.4738
4019.1,39.4725
4019.2,39.4712
4019.3,39.4698
4019.4,39.4685
4019.5,39.4672
4019.6,39.4658
4019.7,39.4644
4019.8,39.4631
4019.9,39.4617
4020,39.4603
4020.1,39.4589
4020.2,39.4575
4020.3,39.4561
4020.4,39.4547
4020.5,39.4533
4020.6,39.4519
4020.7,39.4505
4020.8,39.4491
4020.9,39.4477
4021,39.4463
4021.1,39.4449
4021.2,39.4435
4021.3,39.4421
4021.4,39.4407
4021.5,39.4392
4021.6,39.4378
4021.7,39.4364
4021.8,39.435
4021.9,39.4336
4022,39.4322
4022.1,39.4308
4022.2,39.4294
4022.3,39.428
4022.4,39.4266
4022.5,39.4251
4022.6,39.4237
4022.7,39.4223
4022.8,39.4209
4022.9,39.4195
4023,39.4181
4023.1,39.4167
4023.2,39.4153
4023.3,39.4139
4023.4,39.4125
4023.5,39.411
4023.6,39.4096
4023.7,39.4082
4023.8,39.4068
4023.9,39.4054
4024,39.404
4024.1,39.4026
4024.2,39.4012
4024.3,39.3998
4024.4,39.3984
4024.5,39.3969
4024.6,39.3955
4024.7,39.3941
4024.8,39.3927
4024.9,39.3913
4025,39.3899
4025.1,39.3885
4025.2,39.3871
4025.3,39.3857
4025.4,39.3843
4025.5,39.3828
4025.6,39.3814
4025.7,39.38
4025.8,39.3786
4025.9,39.3772
4026,39.3758
4026.1,39.3744
4026.2,39.373
4026.3,39.3716
4026.4,39.3702
4026.5,39.3688
4026.6,39.3673
4026.7,39.3659
4026.8,39.3645
4026.9,39.3631
4027,39.3617
4027.1,39.3603
4027.2,39.3589
4027.3,39.3575
4027.4,39.3561
4027.5,39.3547
4027.6,39.3533
4027.7,39.3518
4027.8,39.3504
4027.9,39.349
4028,39.3476
4028.1,39.3462
4028.2,39.3448
4028.3,39.3434
4028.4,39.342
4028.5,39.3406
4028.6,39.3392
4028.7,39.3378
4028.8,39.3363
4028.9,39.3349
4029,39.3335
4029.1,39.3321
4029.2,39.3307
4029.3,39.3293
4029.4,39.3279
4029.5,39.3265
4029.6,39.3251
4029.7,39.3237
4029.8,39.3223
4029.9,39.3208
4030,39.3194
4030.1,39.318
4030.2,39.3166
4030.3,39.3152
4030.4,39.3138
4030.5,39.3124
4030.6,39.311
4030.7,39.3096
4030.8,39.3082
4030.9,39.3068
4031,39.3053
4031.1,39.3039
4031.2,39.3025
4031.3,39.3011
4031.4,39.2997
4031.5,39.2983
4031.6,39.2969
4031.7,39.2955
4031.8,39.2941
4031.9,39.2927
4032,39.2913
4032.1,39.2898
4032.2,39.2884
4032.3,39.287
4032.4,39.2856
4032.5,39.2842
4032.6,39.2828
4032.7,39.2814
4032.8,39.28
4032.9,39.2786
4033,39.2772
4033.1,39.2758
4033.2,39.2744
4033.3,39.273
4033.4,39.2716
4033.5,39.2702
4033.6,39.2688
4033.7,39.2673
4033.8,39.2659
4033.9,39.2645
4034,39.2631
4034.1,39.2617
4034.2,39.2603
4034.3,39.2589
4034.4,39.2575
4034.5,39.2561
4034.6,39.2547
4034.7,39.2533
4034.8,39.252
4034.9,39.2506
4035,39.2492
4035.1,39.2478
4035.2,39.2464
4035.3,39.245
4035.4,39.2436
4035.5,39.2422
4035.6,39.2408
4035.7,39.2394
4035.8,39.238
4035.9,39.2366
4036,39.2352
4036.1,39.2338
4036.2,39.2324
4036.3,39.2311
4036.4,39.2297
4036.5,39.2283
4036.6,39.2269
4036.7,39.2255
4036.8,39.2241
4036.9,39.2227
4037,39.2213
4037.1,39.2199
4037.2,39.2186
4037.3,39.2172
4037.4,39.2158
4037.5,39.2144
4037.6,39.213
4037.7,39.2116
4037.8,39.2102
4037.9,39.2088
4038,39.2075
4038.1,39.2061
4038.2,39.2047
4038.3,39.2033
4038.4,39.2019
4038.5,39.2005
4038.6,39.1991
4038.7,39.1977
4038.8,39.1964
4038.9,39.195
4039,39.1936
4039.1,39.1922
4039.2,39.1908
4039.3,39.1894
4039.4,39.188
4039.5,39.1866
4039.6,39.1852
4039.7,39.1838
4039.8,39.1824
4039.9,39.1811
4040,39.1797
4040.1,39.1783
4040.2,39.1769
4040.3,39.1755
4040.4,39.1741
4040.5,39.1727
4040.6,39.1713
4040.7,39.1699
4040.8,39.1685
4040.9,39.1671
4041,39.1657
4041.1,39.1643
4041.2,39.1629
4041.3,39.1616
4041.4,39.1602
4041.5,39.1588
4041.6,39.1574
4041.7,39.156
4041.8,39.1546
4041.9,39.1532
4042,39.1518
4042.1,39.1504
4042.2,39.149
4042.3,39.1476
4042.4,39.1462
4042.5,39.1448
4042.6,39.1434
4042.7,39.142
4042.8,39.1406
4042.9,39.1392
4043,39.1378
4043.1,39.1364
4043.2,39.135
4043.3,39.1336
4043.4,39.1322
4043.5,39.1308
4043.6,39.1294
4043.7,39.128
4043.8,39.1266
4043.9,39.1252
4044,39.1238
4044.1,39.1224
4044.2,39.121
4044.3,39.1196
4044.4,39.1182
4044.5,39.1168
4044.6,39.1154
4044.7,39.114
4044.8,39.1126
4044.9,39.1112
4045,39.1098
4045.1,39.1084
4045.2,39.107
4045.3,39.1056
4045.4,39.1042
4045.5,39.1028
4045.6,39.1014
4045.7,39.1
4045.8,39.0986
4045.9,39.0972
4046,39.0958
4046.1,39.0944
4046.2,39.093
4046.3,39.0916
4046.4,39.0902
4046.5,39.0888
4046.6,39.0874
4046.7,39.086
4046.8,39.0846
4046.9,39.0832
4047,39.0818
4047.1,39.0804
4047.2,39.079
4047.3,39.0776
4047.4,39.0762
4047.5,39.0748
4047.6,39.0734
4047.7,39.072
4047.8,39.0706
4047.9,39.0692
4048,39.0678
4048.1,39.0664
4048.2,39.065
4048.3,39.0636
4048.4,39.0622
4048.5,39.0608
4048.6,39.0594
4048.7,39.058
4048.8,39.0566
4048.9,39.0552
4049,39.0538
4049.1,39.0524
4049.2,39.051
4049.3,39.0496
4049.4,39.0482
4049.5,39.0468
4049.6,39.0454
4049.7,39.044
4049.8,39.0426
4049.9,39.0412
4050,39.0398
4050.1,39.0384
4050.2,39.037
4050.3,39.0356
4050.4,39.0342
4050.5,39.0327
4050.6,39.0313
4050.7,39.0299
4050.8,39.0285
4050.9,39.0272
4051,39.0258
4051.1,39.0244
4051.2,39.023
4051.3,39.0216
4051.4,39.0202
4051.5,39.0188
4051.6,39.0174
4051.7,39.016
4051.8,39.0146
4051.9,39.0132
4052,39.0118
4052.1,39.0104
4052.2,39.009
4052.3,39.0076
4052.4,39.0062
4052.5,39.0048
4052.6,39.0034
4052.7,39.0021
4052.8,39.0007
4052.9,38.9993
4053,38.9979
4053.1,38.9965
4053.2,38.9951
4053.3,38.9937
4053.4,38.9923
4053.5,38.9909
4053.6,38.9896
4053.7,38.9882
4053.8,38.9868
4053.9,38.9854
4054,38.984
4054.1,38.9826
4054.2,38.9812
4054.3,38.9799
4054.4,38.9785
4054.5,38.9771
4054.6,38.9757
4054.7,38.9743
4054.8,38.9729
4054.9,38.9715
4055,38.9702
4055.1,38.9688
4055.2,38.9674
4055.3,38.966
4055.4,38.9646
4055.5,38.9632
4055.6,38.9619
4055.7,38.9605
4055.8,38.9591
4055.9,38.9577
4056,38.9563
4056.1,38.9549
4056.2,38.9536
4056.3,38.9522
4056.4,38.9508
4056.5,38.9494
4056.6,38.948
4056.7,38.9466
4056.8,38.9452
4056.9,38.9438
4057,38.9424
4057.1,38.941
4057.2,38.9397
4057.3,38.9383
4057.4,38.9369
4057.5,38.9355
4057.6,38.9341
4057.7,38.9327
4057.8,38.9313
4057.9,38.9299
4058,38.9285
4058.1,38.9271
4058.2,38.9257
4058.3,38.9243
4058.4,38.9229
4058.5,38.9215
4058.6,38.9201
4058.7,38.9187
4058.8,38.9173
4058.9,38.9159
4059,38.9145
4059.1,38.9131
4059.2,38.9117
4059.3,38.9103
4059.4,38.9089
4059.5,38.9075
4059.6,38.9061
4059.7,38.9047
4059.8,38.9033
4059.9,38.9019
4060,38.9005
4060.1,38.8991
4060.2,38.8977
4060.3,38.8963
4060.4,38.8949
4060.5,38.8935
4060.6,38.8921
4060.7,38.8907
4060.8,38.8893
4060.9,38.8879
4061,38.8865
4061.1,38.8852
4061.2,38.8838
4061.3,38.8824
4061.4,38.881
4061.5,38.8796
4061.6,38.8782
4061.7,38.8768
4061.8,38.8754
4061.9,38.874
4062,38.8726
4062.1,38.8712
4062.2,38.8698
4062.3,38.8684
4062.4,38.8671
4062.5,38.8657
4062.6,38.8643
4062.7,38.8629
4062.8,38.8615
4062.9,38.8601
4063,38.8587
4063.1,38.8573
4063.2,38.856
4063.3,38.8546
4063.4,38.8532
4063.5,38.8518
4063.6,38.8504
4063.7,38.849
4063.8,38.8477
4063.9,38.8463
4064,38.8449
4064.1,38.8435
4064.2,38.8421
4064.3,38.8408
4064.4,38.8394
4064.5,38.838
4064.6,38.8366
4064.7,38.8352
4064.8,38.8339
4064.9,38.8325
4065,38.8311
4065.1,38.8297
4065.2,38.8284
4065.3,38.827
4065.4,38.8256
4065.5,38.8243
4065.6,38.8229
4065.7,38.8215
4065.8,38.8201
4065.9,38.8188
4066,38.8174
4066.1,38.816
4066.2,38.8147
4066.3,38.8133
4066.4,38.8119
4066.5,38.8106
4066.6,38.8092
4066.7,38.8078
4066.8,38.8065
4066.9,38.8051
4067,38.8037
4067.1,38.8024
4067.2,38.801
4067.3,38.7997
4067.4,38.7983
4067.5,38.797
4067.6,38.7956
4067.7,38.7943
4067.8,38.7929
4067.9,38.7916
4068,38.7903
4068.1,38.7889
4068.2,38.7876
4068.3,38.7863
4068.4,38.785
4068.5,38.7838
4068.6,38.7825
4068.7,38.7812
4068.8,38.7799
4068.9,38.7787
4069,38.7774
4069.1,38.7761
4069.2,38.7749
4069.3,38.7736
4069.4,38.7723
4069.5,38.7711
4069.6,38.7698
4069.7,38.7685
4069.8,38.7673
4069.9,38.766
4070,38.7647
4070.1,38.7634
4070.2,38.7621
4070.3,38.7608
4070.4,38.7595
4070.5,38.7582
4070.6,38.7569
4070.7,38.7556
4070.8,38.7543
4070.9,38.753
4071,38.7517
4071.1,38.7503
4071.2,38.749
4071.3,38.7477
4071.4,38.7464
4071.5,38.745
4071.6,38.7437
4071.7,38.7424
4071.8,38.741
4071.9,38.7397
4072,38.7384
4072.1,38.737
4072.2,38.7357
4072.3,38.7343
4072.4,38.733
4072.5,38.7316
4072.6,38.7303
4072.7,38.729
4072.8,38.7276
4072.9,38.7263
4073,38.7249
4073.1,38.7236
4073.2,38.7222
4073.3,38.7209
4073.4,38.7195
4073.5,38.7182
4073.6,38.7168
4073.7,38.7155
4073.8,38.7142
4073.9,38.7129
4074,38.7116
4074.1,38.7103
4074.2,38.7091
4074.3,38.7078
4074.4,38.7066
4074.5,38.7053
4074.6,38.704
4074.7,38.7027
4074.8,38.7014
4074.9,38.7001
4075,38.6988
4075.1,38.6975
4075.2,38.6962
4075.3,38.6948
4075.4,38.6935
4075.5,38.6922
4075.6,38.6909
4075.7,38.6895
4075.8,38.6882
4075.9,38.6869
4076,38.6856
4076.1,38.6843
4076.2,38.683
4076.3,38.6817
4076.4,38.6805
4076.5,38.6792
4076.6,38.6779
4076.7,38.6766
4076.8,38.6754
4076.9,38.6741
4077,38.6728
4077.1,38.6715
4077.2,38.6702
4077.3,38.6689
4077.4,38.6676
4077.5,38.6663
4077.6,38.665
4077.7,38.6637
4077.8,38.6623
4077.9,38.661
4078,38.6596
4078.1,38.6583
4078.2,38.6569
4078.3,38.6556
4078.4,38.6542
4078.5,38.6528
4078.6,38.6514
4078.7,38.65
4078.8,38.6487
4078.9,38.6473
4079,38.6459
4079.1,38.6445
4079.2,38.6431
4079.3,38.6417
4079.4,38.6403
4079.5,38.6389
4079.6,38.6375
4079.7,38.6361
4079.8,38.6347
4079.9,38.6332
4080,38.6318
4080.1,38.6304
4080.2,38.629
4080.3,38.6276
4080.4,38.6262
4080.5,38.6248
4080.6,38.6234
4080.7,38.622
4080.8,38.6206
4080.9,38.6192
4081,38.6178
4081.1,38.6164
4081.2,38.615
4081.3,38.6136
4081.4,38.6122
4081.5,38.6107
4081.6,38.6093
4081.7,38.6079
4081.8,38.6065
4081.9,38.6051
4082,38.6037
4082.1,38.6023
4082.2,38.6009
4082.3,38.5995
4082.4,38.5981
4082.5,38.5967
4082.6,38.5953
4082.7,38.5939
4082.8,38.5925
4082.9,38.5911
4083,38.5897
4083.1,38.5883
4083.2,38.5869
4083.3,38.5855
4083.4,38.584
4083.5,38.5826
4083.6,38.5812
4083.7,38.5798
4083.8,38.5784
4083.9,38.577
4084,38.5756
4084.1,38.5742
4084.2,38.5728
4084.3,38.5714
4084.4,38.57
4084.5,38.5686
4084.6,38.5672
4084.7,38.5658
4084.8,38.5644
4084.9,38.563
4085,38.5616
4085.1,38.5603
4085.2,38.5589
4085.3,38.5575
4085.4,38.5561
4085.5,38.5547
4085.6,38.5533
4085.7,38.552
4085.8,38.5506
4085.9,38.5492
4086,38.5478
4086.1,38.5465
4086.2,38.5451
4086.3,38.5437
4086.4,38.5424
4086.5,38.541
4086.6,38.5397
4086.7,38.5383
4086.8,38.537
4086.9,38.5356
4087,38.5343
4087.1,38.5329
4087.2,38.5316
4087.3,38.5302
4087.4,38.5289
4087.5,38.5276
4087.6,38.5262
4087.7,38.5249
4087.8,38.5235
4087.9,38.5222
4088,38.5209
4088.1,38.5195
4088.2,38.5182
4088.3,38.5169
4088.4,38.5155
4088.5,38.5142
4088.6,38.5128
4088.7,38.5115
4088.8,38.5101
4088.9,38.5088
4089,38.5074
4089.1,38.5061
4089.2,38.5047
4089.3,38.5034
4089.4,38.502
4089.5,38.5007
4089.6,38.4993
4089.7,38.4979
4089.8,38.4966
4089.9,38.4952
4090,38.4938
4090.1,38.4925
4090.2,38.4911
4090.3,38.4897
4090.4,38.4883
4090.5,38.487
4090.6,38.4856
4090.7,38.4842
4090.8,38.4828
4090.9,38.4815
4091,38.4801
4091.1,38.4787
4091.2,38.4773
4091.3,38.4759
4091.4,38.4745
4091.5,38.4732
4091.6,38.4718
4091.7,38.4704
4091.8,38.469
4091.9,38.4676
4092,38.4662
4092.1,38.4648
4092.2,38.4634
4092.3,38.4621
4092.4,38.4607
4092.5,38.4593
4092.6,38.4579
4092.7,38.4565
4092.8,38.4551
4092.9,38.4537
4093,38.4523
4093.1,38.4509
4093.2,38.4495
4093.3,38.4481
4093.4,38.4467
4093.5,38.4453
4093.6,38.4439
4093.7,38.4425
4093.8,38.4411
4093.9,38.4397
4094,38.4384
4094.1,38.437
4094.2,38.4356
4094.3,38.4342
4094.4,38.4328
4094.5,38.4314
4094.6,38.43
4094.7,38.4286
4094.8,38.4272
4094.9,38.4258
4095,38.4244
4095.1,38.423
4095.2,38.4216
4095.3,38.4202
4095.4,38.4188
4095.5,38.4174
4095.6,38.416
4095.7,38.4146
4095.8,38.4132
4095.9,38.4118
4096,38.4104
4096.1,38.409
4096.2,38.4076
4096.3,38.4062
4096.4,38.4048
4096.5,38.4034
4096.6,38.402
4096.7,38.4006
4096.8,38.3992
4096.9,38.3978
4097,38.3964
4097.1,38.3951
4097.2,38.3937
4097.3,38.3923
4097.4,38.3909
4097.5,38.3895
4097.6,38.3881
4097.7,38.3867
4097.8,38.3853
4097.9,38.3839
4098,38.3825
4098.1,38.3811
4098.2,38.3797
4098.3,38.3783
4098.4,38.3769
4098.5,38.3755
4098.6,38.3741
4098.7,38.3727
4098.8,38.3713
4098.9,38.37
4099,38.3686
4099.1,38.3672
4099.2,38.3658
4099.3,38.3644
4099.4,38.363
4099.5,38.3616
4099.6,38.3602
4099.7,38.3588
4099.8,38.3574
4099.9,38.356
4100,38.3546
4100.1,38.3532
4100.2,38.3518
4100.3,38.3505
4100.4,38.3491
4100.5,38.3477
4100.6,38.3463
4100.7,38.3449
4100.8,38.3435
4100.9,38.3421
4101,38.3408
4101.1,38.3394
4101.2,38.338
4101.3,38.3366
4101.4,38.3352
4101.5,38.3339
4101.6,38.3325
4101.7,38.3311
4101.8,38.3297
4101.9,38.3284
4102,38.327
4102.1,38.3257
4102.2,38.3243
4102.3,38.3229
4102.4,38.3216
4102.5,38.3202
4102.6,38.3189
4102.7,38.3175
4102.8,38.3162
4102.9,38.3149
4103,38.3136
4103.1,38.3122
4103.2,38.3109
4103.3,38.3096
4103.4,38.3083
4103.5,38.307
4103.6,38.3057
4103.7,38.3044
4103.8,38.3031
4103.9,38.3018
4104,38.3005
4104.1,38.2993
4104.2,38.298
4104.3,38.2967
4104.4,38.2954
4104.5,38.2941
4104.6,38.2928
4104.7,38.2915
4104.8,38.2902
4104.9,38.2888
4105,38.2875
4105.1,38.2862
4105.2,38.2849
4105.3,38.2836
4105.4,38.2822
4105.5,38.2809
4105.6,38.2796
4105.7,38.2782
4105.8,38.2769
4105.9,38.2756
4106,38.2742
4106.1,38.2729
4106.2,38.2715
4106.3,38.2702
4106.4,38.2688
4106.5,38.2675
4106.6,38.2661
4106.7,38.2648
4106.8,38.2634
4106.9,38.2621
4107,38.2607
4107.1,38.2594
4107.2,38.258
4107.3,38.2567
4107.4,38.2553
4107.5,38.254
4107.6,38.2526
4107.7,38.2513
4107.8,38.2499
4107.9,38.2485
4108,38.2472
4108.1,38.2458
4108.2,38.2445
4108.3,38.2431
4108.4,38.2418
4108.5,38.2404
4108.6,38.2391
4108.7,38.2377
4108.8,38.2364
4108.9,38.235
4109,38.2337
4109.1,38.2323
4109.2,38.2309
4109.3,38.2296
4109.4,38.2282
4109.5,38.2269
4109.6,38.2255
4109.7,38.2242
4109.8,38.2228
4109.9,38.2214
4110,38.2201
4110.1,38.2187
4110.2,38.2174
4110.3,38.216
4110.4,38.2146
4110.5,38.2133
4110.6,38.2119
4110.7,38.2105
4110.8,38.2092
4110.9,38.2078
4111,38.2064
4111.1,38.2051
4111.2,38.2037
4111.3,38.2023
4111.4,38.201
4111.5,38.1996
4111.6,38.1982
4111.7,38.1968
4111.8,38.1955
4111.9,38.1941
4112,38.1927
4112.1,38.1913
4112.2,38.19
4112.3,38.1886
4112.4,38.1872
4112.5,38.1858
4112.6,38.1845
4112.7,38.1831
4112.8,38.1817
4112.9,38.1803
4113,38.1789
4113.1,38.1776
4113.2,38.1762
4113.3,38.1748
4113.4,38.1734
4113.5,38.172
4113.6,38.1706
4113.7,38.1693
4113.8,38.1679
4113.9,38.1665
4114,38.1651
4114.1,38.1637
4114.2,38.1623
4114.3,38.1609
4114.4,38.1595
4114.5,38.1581
4114.6,38.1567
4114.7,38.1554
4114.8,38.154
4114.9,38.1526
4115,38.1512
4115.1,38.1498
4115.2,38.1484
4115.3,38.147
4115.4,38.1456
4115.5,38.1442
4115.6,38.1428
4115.7,38.1414
4115.8,38.14
4115.9,38.1386
4116,38.1372
4116.1,38.1358
4116.2,38.1345
4116.3,38.1331
4116.4,38.1317
4116.5,38.1303
4116.6,38.1289
4116.7,38.1275
4116.8,38.1261
4116.9,38.1247
4117,38.1234
4117.1,38.122
4117.2,38.1207
4117.3,38.1193
4117.4,38.118
4117.5,38.1167
4117.6,38.1154
4117.7,38.1142
4117.8,38.1129
4117.9,38.1116
4118,38.1103
4118.1,38.109
4118.2,38.1077
4118.3,38.1064
4118.4,38.105
4118.5,38.1037
4118.6,38.1024
4118.7,38.1011
4118.8,38.0998
4118.9,38.0985
4119,38.0972
4119.1,38.0959
4119.2,38.0946
4119.3,38.0933
4119.4,38.0921
4119.5,38.0908
4119.6,38.0895
4119.7,38.0883
4119.8,38.087
4119.9,38.0857
4120,38.0845
4120.1,38.0832
4120.2,38.0819
4120.3,38.0806
4120.4,38.0793
4120.5,38.078
4120.6,38.0767
4120.7,38.0754
4120.8,38.0741
4120.9,38.0728
4121,38.0714
4121.1,38.0701
4121.2,38.0687
4121.3,38.0674
4121.4,38.066
4121.5,38.0646
4121.6,38.0633
4121.7,38.0619
4121.8,38.0605
4121.9,38.0591
4122,38.0578
4122.1,38.0564
4122.2,38.055
4122.3,38.0536
4122.4,38.0522
4122.5,38.0508
4122.6,38.0494
4122.7,38.048
4122.8,38.0466
4122.9,38.0452
4123,38.0438
4123.1,38.0424
4123.2,38.041
4123.3,38.0396
4123.4,38.0382
4123.5,38.0368
4123.6,38.0354
4123.7,38.034
4123.8,38.0326
4123.9,38.0312
4124,38.0298
4124.1,38.0284
4124.2,38.027
4124.3,38.0256
4124.4,38.0242
4124.5,38.0228
4124.6,38.0214
4124.7,38.02
4124.8,38.0186
4124.9,38.0171
4125,38.0157
4125.1,38.0143
4125.2,38.0129
4125.3,38.0115
4125.4,38.0101
4125.5,38.0087
4125.6,38.0073
4125.7,38.0059
4125.8,38.0045
4125.9,38.0031
4126,38.0017
4126.1,38.0003
4126.2,37.9989
4126.3,37.9975
4126.4,37.9961
4126.5,37.9947
4126.6,37.9933
4126.7,37.9919
4126.8,37.9905
4126.9,37.9891
4127,37.9877
4127.1,37.9863
4127.2,37.9849
4127.3,37.9835
4127.4,37.9821
4127.5,37.9807
4127.6,37.9793
4127.7,37.9779
4127.8,37.9765
4127.9,37.9751
4128,37.9736
4128.1,37.9722
4128.2,37.9708
4128.3,37.9694
4128.4,37.968
4128.5,37.9666
4128.6,37.9652
4128.7,37.9638
4128.8,37.9624
4128.9,37.961
4129,37.9596
4129.1,37.9582
4129.2,37.9568
4129.3,37.9554
4129.4,37.954
4129.5,37.9526
4129.6,37.9512
4129.7,37.9498
4129.8,37.9484
4129.9,37.947
4130,37.9456
4130.1,37.9442
4130.2,37.9428
4130.3,37.9414
4130.4,37.94
4130.5,37.9386
4130.6,37.9372
4130.7,37.9358
4130.8,37.9344
4130.9,37.933
4131,37.9316
4131.1,37.9302
4131.2,37.9288
4131.3,37.9274
4131.4,37.926
4131.5,37.9246
4131.6,37.9232
4131.7,37.9218
4131.8,37.9204
4131.9,37.919
4132,37.9176
4132.1,37.9162
4132.2,37.9148
4132.3,37.9134
4132.4,37.912
4132.5,37.9106
4132.6,37.9092
4132.7,37.9078
4132.8,37.9064
4132.9,37.905
4133,37.9036
4133.1,37.9022
4133.2,37.9008
4133.3,37.8994
4133.4,37.898
4133.5,37.8966
4133.6,37.8952
4133.7,37.8939
4133.8,37.8925
4133.9,37.8911
4134,37.8897
4134.1,37.8883
4134.2,37.8869
4134.3,37.8855
4134.4,37.8841
4134.5,37.8827
4134.6,37.8813
4134.7,37.8799
4134.8,37.8785
4134.9,37.8771
4135,37.8757
4135.1,37.8744
4135.2,37.873
4135.3,37.8716
4135.4,37.8702
4135.5,37.8688
4135.6,37.8674
4135.7,37.866
4135.8,37.8646
4135.9,37.8632
4136,37.8618
4136.1,37.8604
4136.2,37.859
4136.3,37.8576
4136.4,37.8562
4136.5,37.8548
4136.6,37.8534
4136.7,37.852
4136.8,37.8506
4136.9,37.8492
4137,37.8478
4137.1,37.8464
4137.2,37.845
4137.3,37.8436
4137.4,37.8422
4137.5,37.8408
4137.6,37.8394
4137.7,37.838
4137.8,37.8366
4137.9,37.8352
4138,37.8338
4138.1,37.8324
4138.2,37.831
4138.3,37.8296
4138.4,37.8283
4138.5,37.8269
4138.6,37.8255
4138.7,37.8241
4138.8,37.8227
4138.9,37.8213
4139,37.8199
4139.1,37.8185
4139.2,37.8171
4139.3,37.8157
4139.4,37.8143
4139.5,37.8129
4139.6,37.8115
4139.7,37.8101
4139.8,37.8087
4139.9,37.8073
4140,37.8059
4140.1,37.8045
4140.2,37.8031
4140.3,37.8017
4140.4,37.8003
4140.5,37.7989
4140.6,37.7975
4140.7,37.7961
4140.8,37.7947
4140.9,37.7933
4141,37.7919
4141.1,37.7905
4141.2,37.7891
4141.3,37.7877
4141.4,37.7863
4141.5,37.785
4141.6,37.7836
4141.7,37.7822
4141.8,37.7808
4141.9,37.7794
4142,37.778
4142.1,37.7766
4142.2,37.7752
4142.3,37.7738
4142.4,37.7724
4142.5,37.771
4142.6,37.7696
4142.7,37.7682
4142.8,37.7668
4142.9,37.7654
4143,37.764
4143.1,37.7626
4143.2,37.7612
4143.3,37.7598
4143.4,37.7584
4143.5,37.757
4143.6,37.7556
4143.7,37.7542
4143.8,37.7528
4143.9,37.7514
4144,37.75
4144.1,37.7486
4144.2,37.7473
4144.3,37.7459
4144.4,37.7445
4144.5,37.7431
4144.6,37.7417
4144.7,37.7403
4144.8,37.7389
4144.9,37.7375
4145,37.7361
4145.1,37.7347
4145.2,37.7333
4145.3,37.7319
4145.4,37.7305
4145.5,37.7291
4145.6,37.7277
4145.7,37.7263
4145.8,37.7249
4145.9,37.7235
4146,37.7222
4146.1,37.7208
4146.2,37.7194
4146.3,37.718
4146.4,37.7166
4146.5,37.7152
4146.6,37.7138
4146.7,37.7124
4146.8,37.711
4146.9,37.7096
4147,37.7082
4147.1,37.7068
4147.2,37.7054
4147.3,37.704
4147.4,37.7026
4147.5,37.7012
4147.6,37.6998
4147.7,37.6984
4147.8,37.6971
4147.9,37.6957
4148,37.6943
4148.1,37.6929
4148.2,37.6915
4148.3,37.6901
4148.4,37.6887
4148.5,37.6873
4148.6,37.6859
4148.7,37.6845
4148.8,37.6831
4148.9,37.6817
4149,37.6803
4149.1,37.6789
4149.2,37.6775
4149.3,37.6761
4149.4,37.6747
4149.5,37.6733
4149.6,37.6719
4149.7,37.6705
4149.8,37.6691
4149.9,37.6677
4150,37.6663
4150.1,37.6649
4150.2,37.6635
4150.3,37.6621
4150.4,37.6607
4150.5,37.6593
4150.6,37.6579
4150.7,37.6565
4150.8,37.6551
4150.9,37.6537
4151,37.6523
4151.1,37.6508
4151.2,37.6494
4151.3,37.648
4151.4,37.6466
4151.5,37.6452
4151.6,37.6438
4151.7,37.6424
4151.8,37.641
4151.9,37.6396
4152,37.6382
4152.1,37.6368
4152.2,37.6354
4152.3,37.634
4152.4,37.6326
4152.5,37.6312
4152.6,37.6298
4152.7,37.6284
4152.8,37.627
4152.9,37.6256
4153,37.6242
4153.1,37.6228
4153.2,37.6214
4153.3,37.62
4153.4,37.6186
4153.5,37.6172
4153.6,37.6158
4153.7,37.6144
4153.8,37.613
4153.9,37.6116
4154,37.6102
4154.1,37.6088
4154.2,37.6074
4154.3,37.606
4154.4,37.6046
4154.5,37.6032
4154.6,37.6018
4154.7,37.6004
4154.8,37.599
4154.9,37.5976
4155,37.5962
4155.1,37.5948
4155.2,37.5934
4155.3,37.592
4155.4,37.5906
4155.5,37.5892
4155.6,37.5878
4155.7,37.5864
4155.8,37.585
4155.9,37.5836
4156,37.5822
4156.1,37.5808
4156.2,37.5794
4156.3,37.578
4156.4,37.5766
4156.5,37.5753
4156.6,37.5739
4156.7,37.5725
4156.8,37.5711
4156.9,37.5697
4157,37.5683
4157.1,37.5669
4157.2,37.5655
4157.3,37.5641
4157.4,37.5627
4157.5,37.5613
4157.6,37.56
4157.7,37.5586
4157.8,37.5572
4157.9,37.5558
4158,37.5544
4158.1,37.553
4158.2,37.5516
4158.3,37.5502
4158.4,37.5489
4158.5,37.5475
4158.6,37.5461
4158.7,37.5447
4158.8,37.5433
4158.9,37.542
4159,37.5406
4159.1,37.5392
4159.2,37.5378
4159.3,37.5365
4159.4,37.5351
4159.5,37.5337
4159.6,37.5323
4159.7,37.531
4159.8,37.5296
4159.9,37.5282
4160,37.5269
4160.1,37.5255
4160.2,37.5241
4160.3,37.5228
4160.4,37.5214
4160.5,37.52
4160.6,37.5186
4160.7,37.5173
4160.8,37.5159
4160.9,37.5145
4161,37.5132
4161.1,37.5118
4161.2,37.5104
4161.3,37.5091
4161.4,37.5077
4161.5,37.5063
4161.6,37.505
4161.7,37.5036
4161.8,37.5023
4161.9,37.5009
4162,37.4995
4162.1,37.4982
4162.2,37.4968
4162.3,37.4954
4162.4,37.4941
4162.5,37.4927
4162.6,37.4914
4162.7,37.49
4162.8,37.4886
4162.9,37.4873
4163,37.4859
4163.1,37.4846
4163.2,37.4832
4163.3,37.4818
4163.4,37.4805
4163.5,37.4791
4163.6,37.4778
4163.7,37.4764
4163.8,37.475
4163.9,37.4737
4164,37.4723
4164.1,37.471
4164.2,37.4696
4164.3,37.4683
4164.4,37.4669
4164.5,37.4655
4164.6,37.4642
4164.7,37.4628
4164.8,37.4615
4164.9,37.4601
4165,37.4587
4165.1,37.4574
4165.2,37.456
4165.3,37.4546
4165.4,37.4533
4165.5,37.4519
4165.6,37.4506
4165.7,37.4492
4165.8,37.4478
4165.9,37.4465
4166,37.4451
4166.1,37.4438
4166.2,37.4424
4166.3,37.441
4166.4,37.4397
4166.5,37.4383
4166.6,37.437
4166.7,37.4356
4166.8,37.4343
4166.9,37.4329
4167,37.4315
4167.1,37.4302
4167.2,37.4288
4167.3,37.4275
4167.4,37.4261
4167.5,37.4248
4167.6,37.4234
4167.7,37.4221
4167.8,37.4207
4167.9,37.4193
4168,37.418
4168.1,37.4166
4168.2,37.4153
4168.3,37.4139
4168.4,37.4126
4168.5,37.4112
4168.6,37.4099
4168.7,37.4085
4168.8,37.4072
4168.9,37.4058
4169,37.4045
4169.1,37.4031
4169.2,37.4018
4169.3,37.4004
4169.4,37.3991
4169.5,37.3977
4169.6,37.3963
4169.7,37.395
4169.8,37.3936
4169.9,37.3923
4170,37.3909
4170.1,37.3896
4170.2,37.3882
4170.3,37.3869
4170.4,37.3855
4170.5,37.3841
4170.6,37.3828
4170.7,37.3814
4170.8,37.3801
4170.9,37.3787
4171,37.3774
4171.1,37.376
4171.2,37.3747
4171.3,37.3733
4171.4,37.3719
4171.5,37.3706
4171.6,37.3692
4171.7,37.3679
4171.8,37.3665
4171.9,37.3652
4172,37.3638
4172.1,37.3625
4172.2,37.3611
4172.3,37.3598
4172.4,37.3584
4172.5,37.3571
4172.6,37.3557
4172.7,37.3544
4172.8,37.353
4172.9,37.3517
4173,37.3503
4173.1,37.349
4173.2,37.3476
4173.3,37.3462
4173.4,37.3449
4173.5,37.3435
4173.6,37.3422
4173.7,37.3408
4173.8,37.3395
4173.9,37.3381
4174,37.3367
4174.1,37.3354
4174.2,37.334
4174.3,37.3326
4174.4,37.3313
4174.5,37.3299
4174.6,37.3286
4174.7,37.3272
4174.8,37.3258
4174.9,37.3245
4175,37.3231
4175.1,37.3217
4175.2,37.3204
4175.3,37.319
4175.4,37.3176
4175.5,37.3163
4175.6,37.3149
4175.7,37.3135
4175.8,37.3122
4175.9,37.3108
4176,37.3094
4176.1,37.3081
4176.2,37.3067
4176.3,37.3053
4176.4,37.3039
4176.5,37.3026
4176.6,37.3012
4176.7,37.2998
4176.8,37.2985
4176.9,37.2971
4177,37.2957
4177.1,37.2943
4177.2,37.293
4177.3,37.2916
4177.4,37.2902
4177.5,37.2888
4177.6,37.2875
4177.7,37.2861
4177.8,37.2847
4177.9,37.2833
4178,37.282
4178.1,37.2806
4178.2,37.2792
4178.3,37.2778
4178.4,37.2765
4178.5,37.2751
4178.6,37.2737
4178.7,37.2723
4178.8,37.2709
4178.9,37.2696
4179,37.2682
4179.1,37.2668
4179.2,37.2654
4179.3,37.264
4179.4,37.2627
4179.5,37.2613
4179.6,37.2599
4179.7,37.2585
4179.8,37.2571
4179.9,37.2557
4180,37.2544
4180.1,37.253
4180.2,37.2516
4180.3,37.2502
4180.4,37.2488
4180.5,37.2474
4180.6,37.246
4180.7,37.2447
4180.8,37.2433
4180.9,37.2419
4181,37.2405
4181.1,37.2391
4181.2,37.2377
4181.3,37.2363
4181.4,37.2349
4181.5,37.2336
4181.6,37.2322
4181.7,37.2308
4181.8,37.2294
4181.9,37.228
4182,37.2266
4182.1,37.2252
4182.2,37.2238
4182.3,37.2224
4182.4,37.221
4182.5,37.2196
4182.6,37.2183
4182.7,37.2169
4182.8,37.2155
4182.9,37.2141
4183,37.2127
4183.1,37.2113
4183.2,37.2099
4183.3,37.2085
4183.4,37.2071
4183.5,37.2058
4183.6,37.2044
4183.7,37.203
4183.8,37.2016
4183.9,37.2002
4184,37.1988
4184.1,37.1975
4184.2,37.1961
4184.3,37.1947
4184.4,37.1933
4184.5,37.1919
4184.6,37.1905
4184.7,37.1892
4184.8,37.1878
4184.9,37.1864
4185,37.185
4185.1,37.1836
4185.2,37.1823
4185.3,37.1809
4185.4,37.1795
4185.5,37.1781
4185.6,37.1768
4185.7,37.1754
4185.8,37.174
4185.9,37.1726
4186,37.1713
4186.1,37.1699
4186.2,37.1685
4186.3,37.1671
4186.4,37.1658
4186.5,37.1644
4186.6,37.163
4186.7,37.1616
4186.8,37.1603
4186.9,37.1589
4187,37.1575
4187.1,37.1562
4187.2,37.1548
4187.3,37.1534
4187.4,37.152
4187.5,37.1507
4187.6,37.1493
4187.7,37.1479
4187.8,37.1466
4187.9,37.1452
4188,37.1438
4188.1,37.1425
4188.2,37.1411
4188.3,37.1397
4188.4,37.1384
4188.5,37.137
4188.6,37.1356
4188.7,37.1343
4188.8,37.1329
4188.9,37.1315
4189,37.1302
4189.1,37.1288
4189.2,37.1274
4189.3,37.1261
4189.4,37.1247
4189.5,37.1233
4189.6,37.122
4189.7,37.1206
4189.8,37.1192
4189.9,37.1179
4190,37.1165
4190.1,37.1152
4190.2,37.1138
4190.3,37.1124
4190.4,37.1111
4190.5,37.1097
4190.6,37.1083
4190.7,37.107
4190.8,37.1056
4190.9,37.1042
4191,37.1029
4191.1,37.1015
4191.2,37.1002
4191.3,37.0988
4191.4,37.0974
4191.5,37.0961
4191.6,37.0947
4191.7,37.0933
4191.8,37.092
4191.9,37.0906
4192,37.0892
4192.1,37.0879
4192.2,37.0865
4192.3,37.0851
4192.4,37.0838
4192.5,37.0824
4192.6,37.081
4192.7,37.0797
4192.8,37.0783
4192.9,37.0769
4193,37.0756
4193.1,37.0742
4193.2,37.0728
4193.3,37.0715
4193.4,37.0701
4193.5,37.0687
4193.6,37.0674
4193.7,37.066
4193.8,37.0646
4193.9,37.0633
4194,37.0619
4194.1,37.0605
4194.2,37.0591
4194.3,37.0578
4194.4,37.0564
4194.5,37.055
4194.6,37.0537
4194.7,37.0523
4194.8,37.0509
4194.9,37.0496
4195,37.0482
4195.1,37.0468
4195.2,37.0454
4195.3,37.0441
4195.4,37.0427
4195.5,37.0413
4195.6,37.04
4195.7,37.0386
4195.8,37.0372
4195.9,37.0359
4196,37.0345
4196.1,37.0331
4196.2,37.0318
4196.3,37.0304
4196.4,37.029
4196.5,37.0277
4196.6,37.0263
4196.7,37.0249
4196.8,37.0236
4196.9,37.0222
4197,37.0208
4197.1,37.0195
4197.2,37.0181
4197.3,37.0167
4197.4,37.0154
4197.5,37.014
4197.6,37.0127
4197.7,37.0113
4197.8,37.0099
4197.9,37.0086
4198,37.0072
4198.1,37.0059
4198.2,37.0045
4198.3,37.0031
4198.4,37.0018
4198.5,37.0004
4198.6,36.999
4198.7,36.9977
4198.8,36.9963
4198.9,36.9949
4199,36.9935
4199.1,36.9922
4199.2,36.9908
4199.3,36.9894
4199.4,36.988
4199.5,36.9867
4199.6,36.9853
4199.7,36.9839
4199.8,36.9825
4199.9,36.9811
4200,36.9798
4200.1,36.9784
4200.2,36.977
4200.3,36.9756
4200.4,36.9742
4200.5,36.9728
4200.6,36.9715
4200.7,36.9701
4200.8,36.9687
4200.9,36.9673
4201,36.9659
4201.1,36.9645
4201.2,36.9631
4201.3,36.9618
4201.4,36.9604
4201.5,36.959
4201.6,36.9576
4201.7,36.9562
4201.8,36.9548
4201.9,36.9534
4202,36.952
4202.1,36.9506
4202.2,36.9493
4202.3,36.9479
4202.4,36.9465
4202.5,36.9451
4202.6,36.9437
4202.7,36.9423
4202.8,36.9409
4202.9,36.9395
4203,36.9382
4203.1,36.9368
4203.2,36.9354
4203.3,36.934
4203.4,36.9326
4203.5,36.9312
4203.6,36.9298
4203.7,36.9285
4203.8,36.9271
4203.9,36.9257
4204,36.9243
4204.1,36.9229
4204.2,36.9215
4204.3,36.9201
4204.4,36.9188
4204.5,36.9174
4204.6,36.916
4204.7,36.9146
4204.8,36.9132
4204.9,36.9118
4205,36.9105
4205.1,36.9091
4205.2,36.9077
4205.3,36.9063
4205.4,36.9049
4205.5,36.9035
4205.6,36.9022
4205.7,36.9008
4205.8,36.8994
4205.9,36.898
4206,36.8967
4206.1,36.8953
4206.2,36.8939
4206.3,36.8925
4206.4,36.8911
4206.5,36.8898
4206.6,36.8884
4206.7,36.887
4206.8,36.8856
4206.9,36.8843
4207,36.8829
4207.1,36.8815
4207.2,36.8802
4207.3,36.8788
4207.4,36.8774
4207.5,36.876
4207.6,36.8747
4207.7,36.8733
4207.8,36.8719
4207.9,36.8706
4208,36.8692
4208.1,36.8678
4208.2,36.8664
4208.3,36.8651
4208.4,36.8637
4208.5,36.8623
4208.6,36.861
4208.7,36.8596
4208.8,36.8582
4208.9,36.8569
4209,36.8555
4209.1,36.8541
4209.2,36.8528
4209.3,36.8514
4209.4,36.85
4209.5,36.8487
4209.6,36.8473
4209.7,36.8459
4209.8,36.8446
4209.9,36.8432
4210,36.8418
4210.1,36.8405
4210.2,36.8391
4210.3,36.8377
4210.4,36.8364
4210.5,36.835
4210.6,36.8336
4210.7,36.8323
4210.8,36.8309
4210.9,36.8296
4211,36.8282
4211.1,36.8268
4211.2,36.8255
4211.3,36.8241
4211.4,36.8227
4211.5,36.8214
4211.6,36.82
4211.7,36.8186
4211.8,36.8173
4211.9,36.8159
4212,36.8146
4212.1,36.8132
4212.2,36.8118
4212.3,36.8105
4212.4,36.8091
4212.5,36.8078
4212.6,36.8064
4212.7,36.805
4212.8,36.8037
4212.9,36.8023
4213,36.801
4213.1,36.7996
4213.2,36.7982
4213.3,36.7969
4213.4,36.7955
4213.5,36.7942
4213.6,36.7928
4213.7,36.7915
4213.8,36.7901
4213.9,36.7888
4214,36.7874
4214.1,36.7861
4214.2,36.7847
4214.3,36.7834
4214.4,36.782
4214.5,36.7807
4214.6,36.7793
4214.7,36.778
4214.8,36.7767
4214.9,36.7753
4215,36.774
4215.1,36.7727
4215.2,36.7714
4215.3,36.7701
4215.4,36.7688
4215.5,36.7675
4215.6,36.7662
4215.7,36.765
4215.8,36.7637
4215.9,36.7624
4216,36.7611
4216.1,36.7598
4216.2,36.7586
4216.3,36.7573
4216.4,36.756
4216.5,36.7547
4216.6,36.7534
4216.7,36.7521
4216.8,36.7508
4216.9,36.7495
4217,36.7483
4217.1,36.747
4217.2,36.7457
4217.3,36.7444
4217.4,36.7431
4217.5,36.7418
4217.6,36.7405
4217.7,36.7392
4217.8,36.738
4217.9,36.7367
4218,36.7354
4218.1,36.7341
4218.2,36.7329
4218.3,36.7316
4218.4,36.7303
4218.5,36.729
4218.6,36.7278
4218.7,36.7265
4218.8,36.7252
4218.9,36.7239
4219,36.7226
4219.1,36.7213
4219.2,36.72
4219.3,36.7187
4219.4,36.7174
4219.5,36.7161
4219.6,36.7148
4219.7,36.7135
4219.8,36.7122
4219.9,36.7109
4220,36.7096
4220.1,36.7083
4220.2,36.7069
4220.3,36.7056
4220.4,36.7043
4220.5,36.703
4220.6,36.7017
4220.7,36.7003
4220.8,36.699
4220.9,36.6977
4221,36.6963
4221.1,36.695
4221.2,36.6937
4221.3,36.6924
4221.4,36.691
4221.5,36.6897
4221.6,36.6884
4221.7,36.687
4221.8,36.6857
4221.9,36.6844
4222,36.683
4222.1,36.6817
4222.2,36.6804
4222.3,36.6791
4222.4,36.6777
4222.5,36.6764
4222.6,36.6751
4222.7,36.6737
4222.8,36.6724
4222.9,36.6711
4223,36.6697
4223.1,36.6684
4223.2,36.6671
4223.3,36.6657
4223.4,36.6644
4223.5,36.6631
4223.6,36.6618
4223.7,36.6604
4223.8,36.6591
4223.9,36.6578
4224,36.6566
4224.1,36.6555
4224.2,36.6544
4224.3,36.6534
4224.4,36.6524
4224.5,36.6515
4224.6,36.6507
4224.7,36.6498
4224.8,36.6489
4224.9,36.648
4225,36.6471
4225.1,36.6462
4225.2,36.6452
4225.3,36.6443
4225.4,36.6433
4225.5,36.6423
4225.6,36.6412
4225.7,36.6402
4225.8,36.639
4225.9,36.6379
4226,36.6367
4226.1,36.6354
4226.2,36.6341
4226.3,36.6328
4226.4,36.6314
4226.5,36.63
4226.6,36.6286
4226.7,36.6271
4226.8,36.6256
4226.9,36.6241
4227,36.6226
4227.1,36.621
4227.2,36.6194
4227.3,36.6178
4227.4,36.6162
4227.5,36.6146
4227.6,36.613
4227.7,36.6114
4227.8,36.6099
4227.9,36.6084
4228,36.6069
4228.1,36.6055
4228.2,36.6041
4228.3,36.6028
4228.4,36.6015
4228.5,36.6002
4228.6,36.599
4228.7,36.5978
4228.8,36.5966
4228.9,36.5955
4229,36.5944
4229.1,36.5933
4229.2,36.5923
4229.3,36.5912
4229.4,36.5901
4229.5,36.589
4229.6,36.5879
4229.7,36.5868
4229.8,36.5857
4229.9,36.5846
4230,36.5835
4230.1,36.5823
4230.2,36.5811
4230.3,36.5799
4230.4,36.5787
4230.5,36.5775
4230.6,36.5762
4230.7,36.5749
4230.8,36.5737
4230.9,36.5724
4231,36.5711
4231.1,36.5697
4231.2,36.5684
4231.3,36.567
4231.4,36.5657
4231.5,36.5643
4231.6,36.563
4231.7,36.5616
4231.8,36.5602
4231.9,36.5588
4232,36.5574
4232.1,36.5561
4232.2,36.5547
4232.3,36.5533
4232.4,36.5519
4232.5,36.5505
4232.6,36.5491
4232.7,36.5477
4232.8,36.5463
4232.9,36.5449
4233,36.5435
4233.1,36.5421
4233.2,36.5407
4233.3,36.5393
4233.4,36.5379
4233.5,36.5365
4233.6,36.5351
4233.7,36.5337
4233.8,36.5323
4233.9,36.5309
4234,36.5295
4234.1,36.5281
4234.2,36.5268
4234.3,36.5254
4234.4,36.524
4234.5,36.5226
4234.6,36.5212
4234.7,36.5198
4234.8,36.5184
4234.9,36.517
4235,36.5156
4235.1,36.5142
4235.2,36.5128
4235.3,36.5114
4235.4,36.51
4235.5,36.5086
4235.6,36.5072
4235.7,36.5058
4235.8,36.5044
4235.9,36.503
4236,36.5017
4236.1,36.5003
4236.2,36.4989
4236.3,36.4975
4236.4,36.4961
4236.5,36.4947
4236.6,36.4933
4236.7,36.4919
4236.8,36.4905
4236.9,36.4891
4237,36.4877
4237.1,36.4863
4237.2,36.4849
4237.3,36.4835
4237.4,36.4821
4237.5,36.4807
4237.6,36.4793
4237.7,36.478
4237.8,36.4766
4237.9,36.4752
4238,36.4738
4238.1,36.4724
4238.2,36.471
4238.3,36.4696
4238.4,36.4682
4238.5,36.4668
4238.6,36.4654
4238.7,36.464
4238.8,36.4626
4238.9,36.4612
4239,36.4598
4239.1,36.4584
4239.2,36.457
4239.3,36.4556
4239.4,36.4542
4239.5,36.4529
4239.6,36.4515
4239.7,36.4501
4239.8,36.4487
4239.9,36.4473
4240,36.4459
4240.1,36.4445
4240.2,36.4431
4240.3,36.4417
4240.4,36.4403
4240.5,36.4389
4240.6,36.4375
4240.7,36.4361
4240.8,36.4347
4240.9,36.4333
4241,36.4319
4241.1,36.4305
4241.2,36.4291
4241.3,36.4277
4241.4,36.4264
4241.5,36.425
4241.6,36.4236
4241.7,36.4222
4241.8,36.4208
4241.9,36.4194
4242,36.418
4242.1,36.4166
4242.2,36.4152
4242.3,36.4138
4242.4,36.4124
4242.5,36.411
4242.6,36.4096
4242.7,36.4082
4242.8,36.4068
4242.9,36.4054
4243,36.404
4243.1,36.4027
4243.2,36.4013
4243.3,36.3999
4243.4,36.3985
4243.5,36.3971
4243.6,36.3957
4243.7,36.3943
4243.8,36.3929
4243.9,36.3915
4244,36.3901
4244.1,36.3887
4244.2,36.3873
4244.3,36.3859
4244.4,36.3845
4244.5,36.3831
4244.6,36.3817
4244.7,36.3803
4244.8,36.379
4244.9,36.3776
4245,36.3762
4245.1,36.3748
4245.2,36.3734
4245.3,36.372
4245.4,36.3706
4245.5,36.3692
4245.6,36.3678
4245.7,36.3664
4245.8,36.365
4245.9,36.3636
4246,36.3622
4246.1,36.3608
4246.2,36.3594
4246.3,36.358
4246.4,36.3567
4246.5,36.3553
4246.6,36.3539
4246.7,36.3525
4246.8,36.3511
4246.9,36.3497
4247,36.3483
4247.1,36.3469
4247.2,36.3455
4247.3,36.3441
4247.4,36.3427
4247.5,36.3413
4247.6,36.3399
4247.7,36.3385
4247.8,36.3371
4247.9,36.3357
4248,36.3343
4248.1,36.333
4248.2,36.3316
4248.3,36.3302
4248.4,36.3288
4248.5,36.3274
4248.6,36.326
4248.7,36.3246
4248.8,36.3232
4248.9,36.3218
4249,36.3204
4249.1,36.319
4249.2,36.3176
4249.3,36.3162
4249.4,36.3148
4249.5,36.3134
4249.6,36.312
4249.7,36.3106
4249.8,36.3092
4249.9,36.3079
4250,36.3065
4250.1,36.3051
4250.2,36.3037
4250.3,36.3023
4250.4,36.3009
4250.5,36.2995
4250.6,36.2981
4250.7,36.2967
4250.8,36.2953
4250.9,36.2939
4251,36.2925
4251.1,36.2911
4251.2,36.2897
4251.3,36.2883
4251.4,36.2869
4251.5,36.2855
4251.6,36.2842
4251.7,36.2828
4251.8,36.2814
4251.9,36.28
4252,36.2786
4252.1,36.2772
4252.2,36.2758
4252.3,36.2744
4252.4,36.273
4252.5,36.2716
4252.6,36.2702
4252.7,36.2688
4252.8,36.2674
4252.9,36.266
4253,36.2646
4253.1,36.2632
4253.2,36.2618
4253.3,36.2605
4253.4,36.2591
4253.5,36.2577
4253.6,36.2563
4253.7,36.2549
4253.8,36.2535
4253.9,36.2521
4254,36.2507
4254.1,36.2493
4254.2,36.2479
4254.3,36.2465
4254.4,36.2451
4254.5,36.2437
4254.6,36.2423
4254.7,36.2409
4254.8,36.2395
4254.9,36.2382
4255,36.2368
4255.1,36.2354
4255.2,36.234
4255.3,36.2326
4255.4,36.2312
4255.5,36.2298
4255.6,36.2284
4255.7,36.227
4255.8,36.2256
4255.9,36.2242
4256,36.2228
4256.1,36.2214
4256.2,36.22
4256.3,36.2186
4256.4,36.2173
4256.5,36.2159
4256.6,36.2145
4256.7,36.2131
4256.8,36.2117
4256.9,36.2103
4257,36.2089
4257.1,36.2075
4257.2,36.2061
4257.3,36.2047
4257.4,36.2033
4257.5,36.2019
4257.6,36.2005
4257.7,36.1991
4257.8,36.1977
4257.9,36.1963
4258,36.195
4258.1,36.1936
4258.2,36.1922
4258.3,36.1908
4258.4,36.1894
4258.5,36.188
4258.6,36.1866
4258.7,36.1852
4258.8,36.1838
4258.9,36.1824
4259,36.181
4259.1,36.1796
4259.2,36.1782
4259.3,36.1768
4259.4,36.1754
4259.5,36.1741
4259.6,36.1727
4259.7,36.1713
4259.8,36.1699
4259.9,36.1685
4260,36.1671
4260.1,36.1657
4260.2,36.1643
4260.3,36.1629
4260.4,36.1615
4260.5,36.1601
4260.6,36.1587
4260.7,36.1573
4260.8,36.1559
4260.9,36.1545
4261,36.1531
4261.1,36.1518
4261.2,36.1504
4261.3,36.149
4261.4,36.1476
4261.5,36.1462
4261.6,36.1448
4261.7,36.1434
4261.8,36.142
4261.9,36.1406
4262,36.1392
4262.1,36.1378
4262.2,36.1364
4262.3,36.135
4262.4,36.1336
4262.5,36.1322
4262.6,36.1308
4262.7,36.1295
4262.8,36.1281
4262.9,36.1267
4263,36.1253
4263.1,36.1239
4263.2,36.1225
4263.3,36.1211
4263.4,36.1197
4263.5,36.1183
4263.6,36.1169
4263.7,36.1155
4263.8,36.1141
4263.9,36.1127
4264,36.1113
4264.1,36.1099
4264.2,36.1085
4264.3,36.1072
4264.4,36.1058
4264.5,36.1044
4264.6,36.103
4264.7,36.1016
4264.8,36.1002
4264.9,36.0988
4265,36.0974
4265.1,36.096
4265.2,36.0946
4265.3,36.0932
4265.4,36.0918
4265.5,36.0904
4265.6,36.089
4265.7,36.0876
4265.8,36.0863
4265.9,36.0849
4266,36.0835
4266.1,36.0821
4266.2,36.0807
4266.3,36.0793
4266.4,36.0779
4266.5,36.0765
4266.6,36.0751
4266.7,36.0737
4266.8,36.0723
4266.9,36.0709
4267,36.0695
4267.1,36.0681
4267.2,36.0668
4267.3,36.0654
4267.4,36.064
4267.5,36.0626
4267.6,36.0612
4267.7,36.0598
4267.8,36.0584
4267.9,36.057
4268,36.0556
4268.1,36.0542
4268.2,36.0528
4268.3,36.0514
4268.4,36.05
4268.5,36.0486
4268.6,36.0472
4268.7,36.0459
4268.8,36.0445
4268.9,36.0431
4269,36.0417
4269.1,36.0403
4269.2,36.0389
4269.3,36.0375
4269.4,36.0361
4269.5,36.0347
4269.6,36.0333
4269.7,36.0319
4269.8,36.0305
4269.9,36.0291
4270,36.0277
4270.1,36.0263
4270.2,36.025
4270.3,36.0236
4270.4,36.0222
4270.5,36.0208
4270.6,36.0194
4270.7,36.018
4270.8,36.0166
4270.9,36.0152
4271,36.0138
4271.1,36.0124
4271.2,36.011
4271.3,36.0096
4271.4,36.0082
4271.5,36.0068
4271.6,36.0054
4271.7,36.0041
4271.8,36.0027
4271.9,36.0013
4272,35.9999
4272.1,35.9985
4272.2,35.9971
4272.3,35.9957
4272.4,35.9943
4272.5,35.9929
4272.6,35.9915
4272.7,35.9901
4272.8,35.9887
4272.9,35.9873
4273,35.986
4273.1,35.9846
4273.2,35.9832
4273.3,35.9818
4273.4,35.9804
4273.5,35.979
4273.6,35.9776
4273.7,35.9762
4273.8,35.9748
4273.9,35.9734
4274,35.972
4274.1,35.9706
4274.2,35.9692
4274.3,35.9678
4274.4,35.9665
4274.5,35.9651
4274.6,35.9637
4274.7,35.9623
4274.8,35.9609
4274.9,35.9595
4275,35.9581
4275.1,35.9567
4275.2,35.9553
4275.3,35.9539
4275.4,35.9525
4275.5,35.9511
4275.6,35.9497
4275.7,35.9483
4275.8,35.9469
4275.9,35.9456
4276,35.9442
4276.1,35.9428
4276.2,35.9414
4276.3,35.94
4276.4,35.9386
4276.5,35.9372
4276.6,35.9358
4276.7,35.9344
4276.8,35.933
4276.9,35.9316
4277,35.9302
4277.1,35.9288
4277.2,35.9274
4277.3,35.926
4277.4,35.9247
4277.5,35.9233
4277.6,35.9219
4277.7,35.9205
4277.8,35.9191
4277.9,35.9177
4278,35.9163
4278.1,35.9149
4278.2,35.9135
4278.3,35.9121
4278.4,35.9107
4278.5,35.9093
4278.6,35.9079
4278.7,35.9065
4278.8,35.9051
4278.9,35.9038
4279,35.9024
4279.1,35.901
4279.2,35.8996
4279.3,35.8982
4279.4,35.8968
4279.5,35.8954
4279.6,35.894
4279.7,35.8926
4279.8,35.8912
4279.9,35.8898
4280,35.8884
4280.1,35.887
4280.2,35.8856
4280.3,35.8843
4280.4,35.8829
4280.5,35.8815
4280.6,35.8801
4280.7,35.8787
4280.8,35.8773
4280.9,35.8759
4281,35.8745
4281.1,35.8731
4281.2,35.8717
4281.3,35.8703
4281.4,35.8689
4281.5,35.8675
4281.6,35.8661
4281.7,35.8648
4281.8,35.8634
4281.9,35.862
4282,35.8606
4282.1,35.8592
4282.2,35.8578
4282.3,35.8564
4282.4,35.855
4282.5,35.8536
4282.6,35.8522
4282.7,35.8508
4282.8,35.8494
4282.9,35.848
4283,35.8466
4283.1,35.8452
4283.2,35.8439
4283.3,35.8425
4283.4,35.8411
4283.5,35.8397
4283.6,35.8383
4283.7,35.8369
4283.8,35.8355
4283.9,35.8341
4284,35.8327
4284.1,35.8313
4284.2,35.8299
4284.3,35.8285
4284.4,35.8271
4284.5,35.8257
4284.6,35.8243
4284.7,35.823
4284.8,35.8216
4284.9,35.8202
4285,35.8188
4285.1,35.8174
4285.2,35.816
4285.3,35.8146
4285.4,35.8132
4285.5,35.8118
4285.6,35.8104
4285.7,35.809
4285.8,35.8076
4285.9,35.8062
4286,35.8048
4286.1,35.8035
4286.2,35.8021
4286.3,35.8007
4286.4,35.7993
4286.5,35.7979
4286.6,35.7965
4286.7,35.7951
4286.8,35.7937
4286.9,35.7923
4287,35.7909
4287.1,35.7895
4287.2,35.7881
4287.3,35.7867
4287.4,35.7853
4287.5,35.784
4287.6,35.7826
4287.7,35.7812
4287.8,35.7798
4287.9,35.7784
4288,35.777
4288.1,35.7756
4288.2,35.7742
4288.3,35.7728
4288.4,35.7714
4288.5,35.77
4288.6,35.7686
4288.7,35.7672
4288.8,35.7658
4288.9,35.7645
4289,35.7631
4289.1,35.7617
4289.2,35.7603
4289.3,35.7589
4289.4,35.7575
4289.5,35.7561
4289.6,35.7547
4289.7,35.7533
4289.8,35.7519
4289.9,35.7505
4290,35.7491
4290.1,35.7477
4290.2,35.7463
4290.3,35.745
4290.4,35.7436
4290.5,35.7422
4290.6,35.7408
4290.7,35.7394
4290.8,35.738
4290.9,35.7366
4291,35.7352
4291.1,35.7338
4291.2,35.7324
4291.3,35.731
4291.4,35.7296
4291.5,35.7282
4291.6,35.7268
4291.7,35.7255
4291.8,35.7241
4291.9,35.7227
4292,35.7213
4292.1,35.7199
4292.2,35.7185
4292.3,35.7171
4292.4,35.7157
4292.5,35.7143
4292.6,35.7129
4292.7,35.7115
4292.8,35.7101
4292.9,35.7087
4293,35.7073
4293.1,35.7059
4293.2,35.7046
4293.3,35.7032
4293.4,35.7018
4293.5,35.7004
4293.6,35.699
4293.7,35.6976
4293.8,35.6962
4293.9,35.6948
4294,35.6934
4294.1,35.692
4294.2,35.6906
4294.3,35.6892
4294.4,35.6878
4294.5,35.6864
4294.6,35.6851
4294.7,35.6837
4294.8,35.6823
4294.9,35.6809
4295,35.6795
4295.1,35.6781
4295.2,35.6767
4295.3,35.6753
4295.4,35.6739
4295.5,35.6725
4295.6,35.6711
4295.7,35.6697
4295.8,35.6683
4295.9,35.6669
4296,35.6656
4296.1,35.6642
4296.2,35.6628
4296.3,35.6614
4296.4,35.66
4296.5,35.6586
4296.6,35.6572
4296.7,35.6558
4296.8,35.6544
4296.9,35.653
4297,35.6516
4297.1,35.6502
4297.2,35.6488
4297.3,35.6474
4297.4,35.6461
4297.5,35.6447
4297.6,35.6433
4297.7,35.6419
4297.8,35.6405
4297.9,35.6391
4298,35.6377
4298.1,35.6363
4298.2,35.6349
4298.3,35.6335
4298.4,35.6321
4298.5,35.6307
4298.6,35.6293
4298.7,35.6279
4298.8,35.6266
4298.9,35.6252
4299,35.6238
4299.1,35.6224
4299.2,35.621
4299.3,35.6196
4299.4,35.6182
4299.5,35.6168
4299.6,35.6154
4299.7,35.614
4299.8,35.6126
4299.9,35.6112
4300,35.6098
4300.1,35.6084
4300.2,35.6071
4300.3,35.6057
4300.4,35.6043
4300.5,35.6029
4300.6,35.6015
4300.7,35.6001
4300.8,35.5987
4300.9,35.5973
4301,35.5959
4301.1,35.5945
4301.2,35.5931
4301.3,35.5917
4301.4,35.5903
4301.5,35.5889
4301.6,35.5876
4301.7,35.5862
4301.8,35.5848
4301.9,35.5834
4302,35.582
4302.1,35.5806
4302.2,35.5792
4302.3,35.5778
4302.4,35.5764
4302.5,35.575
4302.6,35.5736
4302.7,35.5722
4302.8,35.5708
4302.9,35.5694
4303,35.5681
4303.1,35.5667
4303.2,35.5653
4303.3,35.5639
4303.4,35.5625
4303.5,35.5611
4303.6,35.5597
4303.7,35.5583
4303.8,35.5569
4303.9,35.5555
4304,35.5541
4304.1,35.5527
4304.2,35.5513
4304.3,35.5499
4304.4,35.5486
4304.5,35.5472
4304.6,35.5458
4304.7,35.5444
4304.8,35.543
4304.9,35.5416
4305,35.5402
4305.1,35.5388
4305.2,35.5374
4305.3,35.536
4305.4,35.5346
4305.5,35.5332
4305.6,35.5318
4305.7,35.5304
4305.8,35.529
4305.9,35.5277
4306,35.5263
4306.1,35.5249
4306.2,35.5235
4306.3,35.5221
4306.4,35.5207
4306.5,35.5193
4306.6,35.5179
4306.7,35.5165
4306.8,35.5151
4306.9,35.5137
4307,35.5123
4307.1,35.5109
4307.2,35.5095
4307.3,35.5082
4307.4,35.5068
4307.5,35.5054
4307.6,35.504
4307.7,35.5026
4307.8,35.5012
4307.9,35.4998
4308,35.4984
4308.1,35.497
4308.2,35.4956
4308.3,35.4942
4308.4,35.4928
4308.5,35.4914
4308.6,35.49
4308.7,35.4887
4308.8,35.4873
4308.9,35.4859
4309,35.4845
4309.1,35.4831
4309.2,35.4817
4309.3,35.4803
4309.4,35.4789
4309.5,35.4775
4309.6,35.4761
4309.7,35.4747
4309.8,35.4733
4309.9,35.4719
4310,35.4705
4310.1,35.4692
4310.2,35.4678
4310.3,35.4664
4310.4,35.465
4310.5,35.4636
4310.6,35.4622
4310.7,35.4608
4310.8,35.4594
4310.9,35.458
4311,35.4566
4311.1,35.4552
4311.2,35.4538
4311.3,35.4524
4311.4,35.4511
4311.5,35.4497
4311.6,35.4483
4311.7,35.4469
4311.8,35.4455
4311.9,35.4441
4312,35.4427
4312.1,35.4413
4312.2,35.4399
4312.3,35.4385
4312.4,35.4371
4312.5,35.4357
4312.6,35.4343
4312.7,35.4329
4312.8,35.4316
4312.9,35.4302
4313,35.4288
4313.1,35.4274
4313.2,35.426
4313.3,35.4246
4313.4,35.4232
4313.5,35.4218
4313.6,35.4204
4313.7,35.419
4313.8,35.4176
4313.9,35.4162
4314,35.4148
4314.1,35.4134
4314.2,35.4121
4314.3,35.4107
4314.4,35.4093
4314.5,35.4079
4314.6,35.4065
4314.7,35.4051
4314.8,35.4037
4314.9,35.4023
4315,35.4009
4315.1,35.3995
4315.2,35.3981
4315.3,35.3967
4315.4,35.3953
4315.5,35.394
4315.6,35.3926
4315.7,35.3912
4315.8,35.3898
4315.9,35.3884
4316,35.387
4316.1,35.3856
4316.2,35.3842
4316.3,35.3828
4316.4,35.3814
4316.5,35.38
4316.6,35.3786
4316.7,35.3772
4316.8,35.3758
4316.9,35.3745
4317,35.3731
4317.1,35.3717
4317.2,35.3703
4317.3,35.3689
4317.4,35.3675
4317.5,35.3661
4317.6,35.3647
4317.7,35.3633
4317.8,35.3619
4317.9,35.3605
4318,35.3591
4318.1,35.3577
4318.2,35.3563
4318.3,35.355
4318.4,35.3536
4318.5,35.3522
4318.6,35.3508
4318.7,35.3494
4318.8,35.348
4318.9,35.3466
4319,35.3452
4319.1,35.3438
4319.2,35.3424
4319.3,35.341
4319.4,35.3396
4319.5,35.3382
4319.6,35.3368
4319.7,35.3355
4319.8,35.3341
4319.9,35.3327
4320,35.3313
4320.1,35.3299
4320.2,35.3285
4320.3,35.3271
4320.4,35.3257
4320.5,35.3243
4320.6,35.3229
4320.7,35.3215
4320.8,35.3201
4320.9,35.3187
4321,35.3173
4321.1,35.316
4321.2,35.3146
4321.3,35.3132
4321.4,35.3118
4321.5,35.3104
4321.6,35.309
4321.7,35.3076
4321.8,35.3062
4321.9,35.3048
4322,35.3034
4322.1,35.302
4322.2,35.3006
4322.3,35.2992
4322.4,35.2979
4322.5,35.2965
4322.6,35.2951
4322.7,35.2937
4322.8,35.2923
4322.9,35.2909
4323,35.2895
4323.1,35.2881
4323.2,35.2867
4323.3,35.2853
4323.4,35.2839
4323.5,35.2825
4323.6,35.2811
4323.7,35.2797
4323.8,35.2784
4323.9,35.277
4324,35.2756
4324.1,35.2742
4324.2,35.2728
4324.3,35.2714
4324.4,35.27
4324.5,35.2686
4324.6,35.2672
4324.7,35.2658
4324.8,35.2644
4324.9,35.263
4325,35.2616
4325.1,35.2602
4325.2,35.2589
4325.3,35.2575
4325.4,35.2561
4325.5,35.2547
4325.6,35.2533
4325.7,35.2519
4325.8,35.2505
4325.9,35.2491
4326,35.2477
4326.1,35.2463
4326.2,35.2449
4326.3,35.2435
4326.4,35.2421
4326.5,35.2407
4326.6,35.2394
4326.7,35.238
4326.8,35.2366
4326.9,35.2352
4327,35.2338
4327.1,35.2324
4327.2,35.231
4327.3,35.2296
4327.4,35.2282
4327.5,35.2268
4327.6,35.2254
4327.7,35.224
4327.8,35.2226
4327.9,35.2212
4328,35.2199
4328.1,35.2185
4328.2,35.2171
4328.3,35.2157
4328.4,35.2143
4328.5,35.2129
4328.6,35.2115
4328.7,35.2101
4328.8,35.2087
4328.9,35.2073
4329,35.2059
4329.1,35.2045
4329.2,35.2031
4329.3,35.2018
4329.4,35.2004
4329.5,35.199
4329.6,35.1976
4329.7,35.1962
4329.8,35.1948
4329.9,35.1934
4330,35.192
4330.1,35.1906
4330.2,35.1892
4330.3,35.1878
4330.4,35.1864
4330.5,35.185
4330.6,35.1837
4330.7,35.1823
4330.8,35.1809
4330.9,35.1795
4331,35.1781
4331.1,35.1767
4331.2,35.1753
4331.3,35.1739
4331.4,35.1725
4331.5,35.1711
4331.6,35.1697
4331.7,35.1683
4331.8,35.1669
4331.9,35.1656
4332,35.1642
4332.1,35.1628
4332.2,35.1614
4332.3,35.16
4332.4,35.1586
4332.5,35.1572
4332.6,35.1558
4332.7,35.1544
4332.8,35.153
4332.9,35.1516
4333,35.1502
4333.1,35.1488
4333.2,35.1474
4333.3,35.1461
4333.4,35.1447
4333.5,35.1433
4333.6,35.1419
4333.7,35.1405
4333.8,35.1391
4333.9,35.1377
4334,35.1363
4334.1,35.1349
4334.2,35.1335
4334.3,35.1321
4334.4,35.1307
4334.5,35.1293
4334.6,35.1279
4334.7,35.1266
4334.8,35.1252
4334.9,35.1238
4335,35.1224
4335.1,35.121
4335.2,35.1196
4335.3,35.1182
4335.4,35.1168
4335.5,35.1154
4335.6,35.114
4335.7,35.1126
4335.8,35.1112
4335.9,35.1098
4336,35.1084
4336.1,35.1071
4336.2,35.1057
4336.3,35.1043
4336.4,35.1029
4336.5,35.1015
4336.6,35.1001
4336.7,35.0987
4336.8,35.0973
4336.9,35.0959
4337,35.0945
4337.1,35.0931
4337.2,35.0917
4337.3,35.0903
4337.4,35.0889
4337.5,35.0876
4337.6,35.0862
4337.7,35.0848
4337.8,35.0834
4337.9,35.082
4338,35.0806
4338.1,35.0792
4338.2,35.0778
4338.3,35.0764
4338.4,35.075
4338.5,35.0736
4338.6,35.0722
4338.7,35.0708
4338.8,35.0695
4338.9,35.0681
4339,35.0667
4339.1,35.0653
4339.2,35.0639
4339.3,35.0625
4339.4,35.0611
4339.5,35.0597
4339.6,35.0583
4339.7,35.0569
4339.8,35.0555
4339.9,35.0541
4340,35.0528
4340.1,35.0514
4340.2,35.05
4340.3,35.0486
4340.4,35.0472
4340.5,35.0458
4340.6,35.0444
4340.7,35.043
4340.8,35.0416
4340.9,35.0402
4341,35.0388
4341.1,35.0374
4341.2,35.036
4341.3,35.0347
4341.4,35.0333
4341.5,35.0319
4341.6,35.0305
4341.7,35.0291
4341.8,35.0277
4341.9,35.0263
4342,35.0249
4342.1,35.0235
4342.2,35.0221
4342.3,35.0207
4342.4,35.0193
4342.5,35.0179
4342.6,35.0166
4342.7,35.0152
4342.8,35.0138
4342.9,35.0124
4343,35.011
4343.1,35.0096
4343.2,35.0082
4343.3,35.0068
4343.4,35.0054
4343.5,35.004
4343.6,35.0026
4343.7,35.0012
4343.8,34.9998
4343.9,34.9985
4344,34.9971
4344.1,34.9957
4344.2,34.9943
4344.3,34.9929
4344.4,34.9915
4344.5,34.9901
4344.6,34.9887
4344.7,34.9873
4344.8,34.9859
4344.9,34.9845
4345,34.9831
4345.1,34.9817
4345.2,34.9803
4345.3,34.979
4345.4,34.9776
4345.5,34.9762
4345.6,34.9748
4345.7,34.9734
4345.8,34.972
4345.9,34.9706
4346,34.9692
4346.1,34.9678
4346.2,34.9664
4346.3,34.965
4346.4,34.9636
4346.5,34.9622
4346.6,34.9608
4346.7,34.9595
4346.8,34.9581
4346.9,34.9567
4347,34.9553
4347.1,34.9539
4347.2,34.9525
4347.3,34.9511
4347.4,34.9497
4347.5,34.9483
4347.6,34.9469
4347.7,34.9455
4347.8,34.9441
4347.9,34.9427
4348,34.9414
4348.1,34.94
4348.2,34.9386
4348.3,34.9372
4348.4,34.9358
4348.5,34.9344
4348.6,34.933
4348.7,34.9316
4348.8,34.9302
4348.9,34.9288
4349,34.9274
4349.1,34.926
4349.2,34.9246
4349.3,34.9233
4349.4,34.9219
4349.5,34.9205
4349.6,34.9191
4349.7,34.9177
4349.8,34.9163
4349.9,34.9149
4350,34.9135
4350.1,34.9121
4350.2,34.9107
4350.3,34.9093
4350.4,34.9079
4350.5,34.9066
4350.6,34.9052
4350.7,34.9038
4350.8,34.9024
4350.9,34.901
4351,34.8996
4351.1,34.8982
4351.2,34.8968
4351.3,34.8954
4351.4,34.894
4351.5,34.8926
4351.6,34.8912
4351.7,34.8898
4351.8,34.8885
4351.9,34.8871
4352,34.8857
4352.1,34.8843
4352.2,34.8829
4352.3,34.8815
4352.4,34.8801
4352.5,34.8787
4352.6,34.8773
4352.7,34.8759
4352.8,34.8745
4352.9,34.8731
4353,34.8717
4353.1,34.8704
4353.2,34.869
4353.3,34.8676
4353.4,34.8662
4353.5,34.8648
4353.6,34.8634
4353.7,34.862
4353.8,34.8606
4353.9,34.8592
4354,34.8578
4354.1,34.8564
4354.2,34.855
4354.3,34.8536
4354.4,34.8523
4354.5,34.8509
4354.6,34.8495
4354.7,34.8481
4354.8,34.8467
4354.9,34.8453
4355,34.8439
4355.1,34.8425
4355.2,34.8411
4355.3,34.8397
4355.4,34.8383
4355.5,34.8369
4355.6,34.8355
4355.7,34.8342
4355.8,34.8328
4355.9,34.8314
4356,34.83
4356.1,34.8286
4356.2,34.8272
4356.3,34.8258
4356.4,34.8244
4356.5,34.823
4356.6,34.8216
4356.7,34.8202
4356.8,34.8188
4356.9,34.8175
4357,34.8161
4357.1,34.8147
4357.2,34.8133
4357.3,34.8119
4357.4,34.8105
4357.5,34.8091
4357.6,34.8077
4357.7,34.8063
4357.8,34.8049
4357.9,34.8035
4358,34.8021
4358.1,34.8007
4358.2,34.7994
4358.3,34.798
4358.4,34.7966
4358.5,34.7952
4358.6,34.7938
4358.7,34.7924
4358.8,34.791
4358.9,34.7896
4359,34.7882
4359.1,34.7868
4359.2,34.7854
4359.3,34.784
4359.4,34.7826
4359.5,34.7813
4359.6,34.7799
4359.7,34.7785
4359.8,34.7771
4359.9,34.7757
4360,34.7743
4360.1,34.7729
4360.2,34.7715
4360.3,34.7701
4360.4,34.7687
4360.5,34.7673
4360.6,34.7659
4360.7,34.7645
4360.8,34.7632
4360.9,34.7618
4361,34.7604
4361.1,34.759
4361.2,34.7576
4361.3,34.7562
4361.4,34.7548
4361.5,34.7534
4361.6,34.752
4361.7,34.7506
4361.8,34.7492
4361.9,34.7478
4362,34.7465
4362.1,34.7451
4362.2,34.7437
4362.3,34.7423
4362.4,34.7409
4362.5,34.7395
4362.6,34.7381
4362.7,34.7367
4362.8,34.7353
4362.9,34.7339
4363,34.7325
4363.1,34.7311
4363.2,34.7297
4363.3,34.7284
4363.4,34.727
4363.5,34.7256
4363.6,34.7242
4363.7,34.7228
4363.8,34.7214
4363.9,34.72
4364,34.7186
4364.1,34.7172
4364.2,34.7158
4364.3,34.7144
4364.4,34.713
4364.5,34.7117
4364.6,34.7103
4364.7,34.7089
4364.8,34.7075
4364.9,34.7061
4365,34.7047
4365.1,34.7033
4365.2,34.7019
4365.3,34.7005
4365.4,34.6991
4365.5,34.6977
4365.6,34.6963
4365.7,34.695
4365.8,34.6936
4365.9,34.6922
4366,34.6908
4366.1,34.6894
4366.2,34.688
4366.3,34.6866
4366.4,34.6852
4366.5,34.6838
4366.6,34.6824
4366.7,34.681
4366.8,34.6796
4366.9,34.6783
4367,34.6769
4367.1,34.6755
4367.2,34.6741
4367.3,34.6727
4367.4,34.6713
4367.5,34.6699
4367.6,34.6685
4367.7,34.6671
4367.8,34.6657
4367.9,34.6643
4368,34.6629
4368.1,34.6616
4368.2,34.6602
4368.3,34.6588
4368.4,34.6574
4368.5,34.656
4368.6,34.6546
4368.7,34.6532
4368.8,34.6518
4368.9,34.6504
4369,34.649
4369.1,34.6476
4369.2,34.6463
4369.3,34.6449
4369.4,34.6435
4369.5,34.6421
4369.6,34.6407
4369.7,34.6393
4369.8,34.6379
4369.9,34.6366
4370,34.6352
4370.1,34.6338
4370.2,34.6324
4370.3,34.631
4370.4,34.6297
4370.5,34.6283
4370.6,34.6269
4370.7,34.6255
4370.8,34.6241
4370.9,34.6228
4371,34.6214
4371.1,34.62
4371.2,34.6186
4371.3,34.6173
4371.4,34.6159
4371.5,34.6145
4371.6,34.6131
4371.7,34.6118
4371.8,34.6104
4371.9,34.609
4372,34.6076
4372.1,34.6063
4372.2,34.6049
4372.3,34.6035
4372.4,34.6022
4372.5,34.6008
4372.6,34.5995
4372.7,34.5981
4372.8,34.5967
4372.9,34.5954
4373,34.594
4373.1,34.5927
4373.2,34.5913
4373.3,34.5899
4373.4,34.5886
4373.5,34.5872
4373.6,34.5859
4373.7,34.5845
4373.8,34.5832
4373.9,34.5818
4374,34.5804
4374.1,34.5791
4374.2,34.5777
4374.3,34.5764
4374.4,34.575
4374.5,34.5737
4374.6,34.5723
4374.7,34.571
4374.8,34.5696
4374.9,34.5683
4375,34.5669
4375.1,34.5656
4375.2,34.5642
4375.3,34.5629
4375.4,34.5615
4375.5,34.5602
4375.6,34.5588
4375.7,34.5575
4375.8,34.5562
4375.9,34.5548
4376,34.5535
4376.1,34.5521
4376.2,34.5508
4376.3,34.5494
4376.4,34.5481
4376.5,34.5467
4376.6,34.5454
4376.7,34.544
4376.8,34.5427
4376.9,34.5414
4377,34.54
4377.1,34.5387
4377.2,34.5373
4377.3,34.536
4377.4,34.5346
4377.5,34.5333
4377.6,34.532
4377.7,34.5306
4377.8,34.5293
4377.9,34.5279
4378,34.5266
4378.1,34.5252
4378.2,34.5239
4378.3,34.5226
4378.4,34.5212
4378.5,34.5199
4378.6,34.5185
4378.7,34.5172
4378.8,34.5159
4378.9,34.5145
4379,34.5132
4379.1,34.5119
4379.2,34.5105
4379.3,34.5092
4379.4,34.5079
4379.5,34.5065
4379.6,34.5052
4379.7,34.5039
4379.8,34.5026
4379.9,34.5012
4380,34.4999
4380.1,34.4986
4380.2,34.4973
4380.3,34.496
4380.4,34.4946
4380.5,34.4933
4380.6,34.492
4380.7,34.4907
4380.8,34.4894
4380.9,34.488
4381,34.4867
4381.1,34.4854
4381.2,34.4841
4381.3,34.4828
4381.4,34.4814
4381.5,34.4801
4381.6,34.4788
4381.7,34.4775
4381.8,34.4762
4381.9,34.4748
4382,34.4735
4382.1,34.4722
4382.2,34.4709
4382.3,34.4695
4382.4,34.4682
4382.5,34.4669
4382.6,34.4656
4382.7,34.4643
4382.8,34.4629
4382.9,34.4616
4383,34.4603
4383.1,34.459
4383.2,34.4576
4383.3,34.4563
4383.4,34.455
4383.5,34.4537
4383.6,34.4523
4383.7,34.451
4383.8,34.4497
4383.9,34.4483
4384,34.447
4384.1,34.4457
4384.2,34.4444
4384.3,34.443
4384.4,34.4417
4384.5,34.4404
4384.6,34.439
4384.7,34.4377
4384.8,34.4364
4384.9,34.435
4385,34.4337
4385.1,34.4323
4385.2,34.431
4385.3,34.4297
4385.4,34.4283
4385.5,34.427
4385.6,34.4257
4385.7,34.4243
4385.8,34.423
4385.9,34.4217
4386,34.4203
4386.1,34.419
4386.2,34.4176
4386.3,34.4163
4386.4,34.415
4386.5,34.4136
4386.6,34.4123
4386.7,34.4109
4386.8,34.4096
4386.9,34.4082
4387,34.4069
4387.1,34.4056
4387.2,34.4042
4387.3,34.4029
4387.4,34.4015
4387.5,34.4002
4387.6,34.3988
4387.7,34.3975
4387.8,34.3961
4387.9,34.3948
4388,34.3935
4388.1,34.3921
4388.2,34.3908
4388.3,34.3894
4388.4,34.3881
4388.5,34.3867
4388.6,34.3854
4388.7,34.384
4388.8,34.3827
4388.9,34.3814
4389,34.38
4389.1,34.3787
4389.2,34.3773
4389.3,34.376
4389.4,34.3746
4389.5,34.3733
4389.6,34.372
4389.7,34.3706
4389.8,34.3693
4389.9,34.3679
4390,34.3666
4390.1,34.3652
4390.2,34.3639
4390.3,34.3625
4390.4,34.3612
4390.5,34.3598
4390.6,34.3585
4390.7,34.3572
4390.8,34.3558
4390.9,34.3545
4391,34.3531
4391.1,34.3518
4391.2,34.3504
4391.3,34.3491
4391.4,34.3477
4391.5,34.3464
4391.6,34.345
4391.7,34.3437
4391.8,34.3423
4391.9,34.341
4392,34.3396
4392.1,34.3383
4392.2,34.3369
4392.3,34.3356
4392.4,34.3342
4392.5,34.3329
4392.6,34.3315
4392.7,34.3302
4392.8,34.3288
4392.9,34.3275
4393,34.3261
4393.1,34.3248
4393.2,34.3234
4393.3,34.3221
4393.4,34.3207
4393.5,34.3194
4393.6,34.318
4393.7,34.3167
4393.8,34.3153
4393.9,34.3139
4394,34.3126
4394.1,34.3112
4394.2,34.3099
4394.3,34.3085
4394.4,34.3072
4394.5,34.3058
4394.6,34.3045
4394.7,34.3031
4394.8,34.3017
4394.9,34.3004
4395,34.299
4395.1,34.2977
4395.2,34.2963
4395.3,34.295
4395.4,34.2936
4395.5,34.2922
4395.6,34.2909
4395.7,34.2895
4395.8,34.2882
4395.9,34.2868
4396,34.2855
4396.1,34.2841
4396.2,34.2827
4396.3,34.2814
4396.4,34.28
4396.5,34.2787
4396.6,34.2773
4396.7,34.276
4396.8,34.2746
4396.9,34.2733
4397,34.2719
4397.1,34.2705
4397.2,34.2692
4397.3,34.2678
4397.4,34.2665
4397.5,34.2651
4397.6,34.2638
4397.7,34.2624
4397.8,34.2611
4397.9,34.2597
4398,34.2584
4398.1,34.257
4398.2,34.2556
4398.3,34.2543
4398.4,34.2529
4398.5,34.2516
4398.6,34.2502
4398.7,34.2489
4398.8,34.2475
4398.9,34.2462
4399,34.2448
4399.1,34.2435
4399.2,34.2421
4399.3,34.2408
4399.4,34.2394
4399.5,34.238
4399.6,34.2367
4399.7,34.2353
4399.8,34.234
4399.9,34.2326
4400,34.2313
4400.1,34.2299
4400.2,34.2286
4400.3,34.2272
4400.4,34.2259
4400.5,34.2245
4400.6,34.2232
4400.7,34.2218
4400.8,34.2205
4400.9,34.2191
4401,34.2177
4401.1,34.2164
4401.2,34.215
4401.3,34.2137
4401.4,34.2123
4401.5,34.211
4401.6,34.2096
4401.7,34.2083
4401.8,34.2069
4401.9,34.2056
4402,34.2042
4402.1,34.2029
4402.2,34.2015
4402.3,34.2002
4402.4,34.1988
4402.5,34.1975
4402.6,34.1961
4402.7,34.1947
4402.8,34.1934
4402.9,34.192
4403,34.1907
4403.1,34.1893
4403.2,34.188
4403.3,34.1866
4403.4,34.1853
4403.5,34.1839
4403.6,34.1826
4403.7,34.1812
4403.8,34.1799
4403.9,34.1785
4404,34.1772
4404.1,34.1758
4404.2,34.1745
4404.3,34.1731
4404.4,34.1718
4404.5,34.1704
4404.6,34.169
4404.7,34.1677
4404.8,34.1663
4404.9,34.165
4405,34.1636
4405.1,34.1623
4405.2,34.1609
4405.3,34.1596
4405.4,34.1582
4405.5,34.1569
4405.6,34.1555
4405.7,34.1542
4405.8,34.1528
4405.9,34.1515
4406,34.1501
4406.1,34.1488
4406.2,34.1474
4406.3,34.1461
4406.4,34.1447
4406.5,34.1434
4406.6,34.142
4406.7,34.1407
4406.8,34.1393
4406.9,34.138
4407,34.1366
4407.1,34.1353
4407.2,34.1339
4407.3,34.1326
4407.4,34.1312
4407.5,34.1298
4407.6,34.1285
4407.7,34.1271
4407.8,34.1258
4407.9,34.1244
4408,34.1231
4408.1,34.1217
4408.2,34.1204
4408.3,34.119
4408.4,34.1177
4408.5,34.1163
4408.6,34.115
4408.7,34.1136
4408.8,34.1123
4408.9,34.1109
4409,34.1096
4409.1,34.1082
4409.2,34.1069
4409.3,34.1055
4409.4,34.1042
4409.5,34.1028
4409.6,34.1014
4409.7,34.1001
4409.8,34.0987
4409.9,34.0974
4410,34.096
4410.1,34.0947
4410.2,34.0933
4410.3,34.092
4410.4,34.0906
4410.5,34.0893
4410.6,34.0879
4410.7,34.0866
4410.8,34.0852
4410.9,34.0839
4411,34.0825
4411.1,34.0812
4411.2,34.0798
4411.3,34.0785
4411.4,34.0771
4411.5,34.0758
4411.6,34.0744
4411.7,34.0731
4411.8,34.0717
4411.9,34.0704
4412,34.0691
4412.1,34.0677
4412.2,34.0664
4412.3,34.065
4412.4,34.0637
4412.5,34.0623
4412.6,34.061
4412.7,34.0596
4412.8,34.0583
4412.9,34.057
4413,34.0556
4413.1,34.0543
4413.2,34.0529
4413.3,34.0516
4413.4,34.0502
4413.5,34.0489
4413.6,34.0476
4413.7,34.0462
4413.8,34.0449
4413.9,34.0435
4414,34.0422
4414.1,34.0409
4414.2,34.0395
4414.3,34.0382
4414.4,34.0369
4414.5,34.0355
4414.6,34.0342
4414.7,34.0329
4414.8,34.0315
4414.9,34.0302
4415,34.0289
4415.1,34.0276
4415.2,34.0262
4415.3,34.0249
4415.4,34.0236
4415.5,34.0223
4415.6,34.0209
4415.7,34.0196
4415.8,34.0183
4415.9,34.017
4416,34.0157
4416.1,34.0144
4416.2,34.0131
4416.3,34.0117
4416.4,34.0104
4416.5,34.0091
4416.6,34.0078
4416.7,34.0065
4416.8,34.0052
4416.9,34.0039
4417,34.0026
4417.1,34.0013
4417.2,34
4417.3,33.9987
4417.4,33.9973
4417.5,33.996
4417.6,33.9947
4417.7,33.9934
4417.8,33.9921
4417.9,33.9908
4418,33.9895
4418.1,33.9881
4418.2,33.9868
4418.3,33.9855
4418.4,33.9842
4418.5,33.9828
4418.6,33.9815
4418.7,33.9802
4418.8,33.9789
4418.9,33.9775
4419,33.9762
4419.1,33.9749
4419.2,33.9735
4419.3,33.9722
4419.4,33.9709
4419.5,33.9695
4419.6,33.9682
4419.7,33.9669
4419.8,33.9655
4419.9,33.9642
4420,33.9628
4420.1,33.9615
4420.2,33.9602
4420.3,33.9588
4420.4,33.9575
4420.5,33.9561
4420.6,33.9548
4420.7,33.9534
4420.8,33.9521
4420.9,33.9507
4421,33.9494
4421.1,33.948
4421.2,33.9467
4421.3,33.9454
4421.4,33.944
4421.5,33.9427
4421.6,33.9413
4421.7,33.94
4421.8,33.9386
4421.9,33.9373
4422,33.9359
4422.1,33.9346
4422.2,33.9332
4422.3,33.9319
4422.4,33.9305
4422.5,33.9292
4422.6,33.9278
4422.7,33.9264
4422.8,33.9251
4422.9,33.9237
4423,33.9224
4423.1,33.921
4423.2,33.9197
4423.3,33.9183
4423.4,33.917
4423.5,33.9156
4423.6,33.9142
4423.7,33.9129
4423.8,33.9115
4423.9,33.9102
4424,33.9088
4424.1,33.9074
4424.2,33.9061
4424.3,33.9047
4424.4,33.9034
4424.5,33.902
4424.6,33.9006
4424.7,33.8993
4424.8,33.8979
4424.9,33.8965
4425,33.8952
4425.1,33.8938
4425.2,33.8924
4425.3,33.8911
4425.4,33.8897
4425.5,33.8883
4425.6,33.887
4425.7,33.8856
4425.8,33.8842
4425.9,33.8829
4426,33.8815
4426.1,33.8801
4426.2,33.8788
4426.3,33.8774
4426.4,33.876
4426.5,33.8746
4426.6,33.8733
4426.7,33.8719
4426.8,33.8705
4426.9,33.8692
4427