x,y,z
-270.994140625,30.083667755127,1.51904726028442
-270.494140625,30.0843353271484,1.53575098514557
-269.994140625,30.0850067138672,1.55254590511322
-269.494140625,30.0856781005859,1.56943225860596
-268.994140625,30.0863494873047,1.58640992641449
-268.494140625,30.0870170593262,1.60347890853882
-267.994140625,30.0876884460449,1.62063932418823
-267.494140625,30.0883598327637,1.63789093494415
-266.994140625,30.0890312194824,1.65523397922516
-266.494140625,30.0896987915039,1.67266833782196
-265.994140625,30.0903701782227,1.69019401073456
-265.494140625,30.0910415649414,1.70781099796295
-264.994140625,30.0917129516602,1.72551929950714
-264.494140625,30.0923805236816,1.74331903457642
-263.994140625,30.0930519104004,1.76121008396149
-263.494140625,30.0937232971191,1.77919244766235
-262.994140625,30.0943908691406,1.79726612567902
-262.494140625,30.0950622558594,1.81543111801147
-261.994140625,30.0957336425781,1.83368754386902
-261.494140625,30.0964050292969,1.85203528404236
-260.994140625,30.0970726013184,1.8704742193222
-260.494140625,30.0977439880371,1.88900470733643
-259.994140625,30.0984153747559,1.90762639045715
-259.494140625,30.0990867614746,1.92633938789368
-258.994140625,30.0997543334961,1.94514381885529
-258.494140625,30.1004257202148,1.96403956413269
-257.994140625,30.1010971069336,1.98302662372589
-257.494140625,30.1017684936523,2.00210499763489
-256.994140625,30.1024360656738,2.02127480506897
-256.494140625,30.1031074523926,2.04053568840027
-255.994140625,30.1037788391113,2.05988812446594
-255.494140625,30.1044502258301,2.07933187484741
-254.994140625,30.1051177978516,2.09886693954468
-254.494140625,30.1057891845703,2.11849355697632
-253.994140625,30.1064605712891,2.13821125030518
-253.494140625,30.1071319580078,2.15802025794983
-252.994140625,30.1077995300293,2.17792081832886
-252.494140625,30.108470916748,2.1979124546051
-251.994140625,30.1091423034668,2.21799564361572
-251.494140625,30.1098136901855,2.23816990852356
-250.994140625,30.110481262207,2.25843572616577
-250.494155883789,30.1111526489258,2.27879285812378
-249.994155883789,30.1118240356445,2.29924130439758
-249.494155883789,30.112491607666,2.31978106498718
-248.994155883789,30.1131629943848,2.34041213989258
-248.494140625,30.1138343811035,2.36113476753235
-247.994140625,30.1145057678223,2.38194847106934
-247.494140625,30.1151733398437,2.40285348892212
-246.994140625,30.1158447265625,2.42385005950928
-246.494140625,30.1165161132812,2.44493794441223
-245.994155883789,30.1171875,2.4661169052124
-245.494155883789,30.1178550720215,2.48738741874695
-244.994155883789,30.1185264587402,2.50874924659729
-244.494155883789,30.119197845459,2.53020238876343
-243.994155883789,30.1198692321777,2.55174684524536
-243.494155883789,30.1205368041992,2.57338261604309
-242.994155883789,30.121208190918,2.5951099395752
-242.494155883789,30.1218795776367,2.61692833900452
-241.994155883789,30.1225509643555,2.63883805274963
-241.494155883789,30.123218536377,2.66083931922913
-240.994155883789,30.1238899230957,2.68293190002441
-240.494155883789,30.1245613098145,2.70511555671692
-239.994155883789,30.1252326965332,2.7273907661438
-239.494155883789,30.1259002685547,2.74975728988647
-238.994155883789,30.1265716552734,2.77221512794495
-238.494155883789,30.1272430419922,2.79476428031921
-237.994155883789,30.1279106140137,2.81740474700928
-237.494171142578,30.1285820007324,2.84013676643372
-236.994171142578,30.1292533874512,2.86295986175537
-236.494171142578,30.1299247741699,2.8858745098114
-235.994171142578,30.1305923461914,2.90888023376465
-235.494171142578,30.1312637329102,2.93197751045227
-234.994171142578,30.1319351196289,2.95516610145569
-234.494171142578,30.1326065063477,2.97844576835632
-233.994171142578,30.1332740783691,3.00181698799133
-233.494171142578,30.1339454650879,3.02527952194214
-232.994171142578,30.1346168518066,3.04883360862732
-232.494171142578,30.1352882385254,3.07247877120972
-231.994171142578,30.1359558105469,3.09621524810791
-231.494171142578,30.1366271972656,3.12004327774048
-230.994171142578,30.1372985839844,3.14396238327026
-230.494171142578,30.1379699707031,3.16797304153442
-229.994171142578,30.1386375427246,3.1920747756958
-229.494171142578,30.1393089294434,3.21626806259155
-228.994171142578,30.1399803161621,3.2405526638031
-228.494171142578,30.1406517028809,3.26492857933044
-227.994171142578,30.1413192749023,3.28939580917358
-227.494171142578,30.1419906616211,3.31395435333252
-226.994171142578,30.1426620483398,3.33860421180725
-226.494171142578,30.1433334350586,3.36334562301636
-225.994171142578,30.1440010070801,3.38817811012268
-225.494171142578,30.1446723937988,3.41310214996338
-224.994171142578,30.1453437805176,3.43811726570129
-224.494171142578,30.1460113525391,3.46322393417358
-223.994171142578,30.1466827392578,3.48842191696167
-223.494171142578,30.1473541259766,3.51371121406555
-222.994171142578,30.1480255126953,3.53909182548523
-222.494171142578,30.1486930847168,3.5645637512207
-221.994171142578,30.1493644714355,3.59012699127197
-221.494171142578,30.1500358581543,3.61578154563904
-220.994171142578,30.150707244873,3.6415274143219
-220.494171142578,30.1513748168945,3.66736483573914
-219.994171142578,30.1520462036133,3.69327735900879
-219.494171142578,30.152717590332,3.71919751167297
-218.994171142578,30.1533889770508,3.74511766433716
-218.494171142578,30.1540565490723,3.77103781700134
-217.994171142578,30.154727935791,3.79695796966553
-217.494171142578,30.1553993225098,3.82287812232971
-216.994171142578,30.1560707092285,3.8487982749939
-216.494171142578,30.15673828125,3.87471842765808
-215.994171142578,30.1574096679687,3.90063881874084
-215.494171142578,30.1580810546875,3.92655897140503
-214.994171142578,30.1587524414062,3.95247912406921
-214.494171142578,30.1594200134277,3.9783992767334
-213.994171142578,30.1600914001465,4.004319190979
-213.494171142578,30.1607627868652,4.03023958206177
-212.994171142578,30.1614303588867,4.05615949630737
-212.494171142578,30.1621017456055,4.08207988739014
-211.994186401367,30.1627731323242,4.10799980163574
-211.494186401367,30.163444519043,4.13392019271851
-210.994186401367,30.1641120910645,4.15984058380127
-210.494186401367,30.1647834777832,4.18576049804688
-209.994186401367,30.165454864502,4.21168088912964
-209.494186401367,30.1661262512207,4.23760080337524
-208.994186401367,30.1667938232422,4.26352119445801
-208.494186401367,30.1674652099609,4.28944110870361
-207.994186401367,30.1681365966797,4.31536149978638
-207.494186401367,30.1688079833984,4.34128141403198
-206.994186401367,30.1694755554199,4.36720180511475
-206.494186401367,30.1701469421387,4.39312171936035
-205.994186401367,30.1708183288574,4.41904211044312
-205.494186401367,30.1714897155762,4.44496202468872
-204.994186401367,30.1721572875977,4.47088241577148
-204.494186401367,30.1728286743164,4.49680233001709
-203.994186401367,30.1735000610352,4.52272272109985
-203.494201660156,30.1741714477539,4.54864263534546
-202.994201660156,30.1748390197754,4.57456302642822
-202.494201660156,30.1755104064941,4.60048341751099
-201.994201660156,30.1761817932129,4.62640333175659
-201.494201660156,30.1768531799316,4.65232372283936
-200.994201660156,30.1775207519531,4.67824363708496
-200.494201660156,30.1781921386719,4.70416402816772
-199.994201660156,30.1788635253906,4.73008394241333
-199.494201660156,30.1795310974121,4.75600433349609
-198.994201660156,30.1802024841309,4.7819242477417
-198.494201660156,30.1808738708496,4.80784463882446
-197.994201660156,30.1815452575684,4.83376455307007
-197.494201660156,30.1822128295898,4.85968494415283
-196.994201660156,30.1828842163086,4.88560485839844
-196.494201660156,30.1835556030273,4.9115252494812
-195.994201660156,30.1842269897461,4.93744516372681
-195.494201660156,30.1848945617676,4.96336555480957
-194.994201660156,30.1855659484863,4.98928546905518
-194.494201660156,30.1862373352051,5.01520586013794
-193.994201660156,30.1869087219238,5.04112577438355
-193.494201660156,30.1875762939453,5.06704616546631
-192.994201660156,30.1882476806641,5.09296655654907
-192.494201660156,30.1889190673828,5.11888647079468
-191.994201660156,30.1895904541016,5.14480686187744
-191.494201660156,30.190258026123,5.17072677612305
-190.994201660156,30.1909294128418,5.19664716720581
-190.494201660156,30.1916007995605,5.22256708145142
-189.994201660156,30.1922721862793,5.24848747253418
-189.494201660156,30.1929397583008,5.27440738677979
-188.994201660156,30.1936111450195,5.30032777786255
-188.494201660156,30.1942825317383,5.32624769210815
-187.994201660156,30.194953918457,5.35216808319092
-187.494201660156,30.1956214904785,5.37808799743652
-186.994201660156,30.1962928771973,5.40400838851929
-186.494201660156,30.196964263916,5.42992830276489
-185.994201660156,30.1976318359375,5.45584869384766
-185.494201660156,30.1983032226562,5.48176860809326
-184.994201660156,30.198974609375,5.50768899917603
-184.494201660156,30.1996459960937,5.53360891342163
-183.994201660156,30.2003135681152,5.55952930450439
-183.494201660156,30.200984954834,5.58544969558716
-182.994201660156,30.2016563415527,5.61136960983276
-182.494201660156,30.2023277282715,5.63729000091553
-181.994201660156,30.202995300293,5.66320991516113
-181.494201660156,30.2036666870117,5.6891303062439
-180.994201660156,30.2043380737305,5.7150502204895
-180.494216918945,30.2050094604492,5.74097061157227
-179.994216918945,30.2056770324707,5.76689052581787
-179.494216918945,30.2063484191895,5.79281091690064
-178.994216918945,30.2070198059082,5.81873083114624
-178.494216918945,30.207691192627,5.844651222229
-177.994216918945,30.2083587646484,5.87057113647461
-177.494216918945,30.2090301513672,5.89649152755737
-176.994216918945,30.2097015380859,5.92241144180298
-176.494216918945,30.2103729248047,5.94833183288574
-175.994216918945,30.2110404968262,5.97425174713135
-175.494216918945,30.2117118835449,6.00017213821411
-174.994216918945,30.2123832702637,6.02609252929688
-174.494216918945,30.2130508422852,6.05201244354248
-173.994216918945,30.2137222290039,6.07793283462524
-173.494216918945,30.2143936157227,6.10385274887085
-172.994216918945,30.2150650024414,6.12977313995361
-172.494216918945,30.2157325744629,6.15569305419922
-171.994216918945,30.2164039611816,6.18161344528198
-171.494216918945,30.2170753479004,6.20753335952759
-170.994216918945,30.2177467346191,6.23345375061035
-170.494216918945,30.2184143066406,6.25937366485596
-169.994216918945,30.2190856933594,6.28529405593872
-169.494216918945,30.2197570800781,6.31121397018433
-168.994216918945,30.2204284667969,6.33713436126709
-168.494216918945,30.2210960388184,6.3630542755127
-167.994216918945,30.2217674255371,6.38897466659546
-167.494232177734,30.2224388122559,6.41489458084106
-166.994232177734,30.2231101989746,6.44081497192383
-166.494232177734,30.2237777709961,6.46673488616943
-165.994232177734,30.2244491577148,6.4926552772522
-165.494232177734,30.2251205444336,6.51857566833496
-164.994232177734,30.2257919311523,6.54449558258057
-164.494232177734,30.2264595031738,6.57041597366333
-163.994232177734,30.2271308898926,6.59633588790894
-163.494232177734,30.2278022766113,6.6222562789917
-162.994232177734,30.2284736633301,6.64817619323731
-162.494232177734,30.2291412353516,6.67409658432007
-161.994232177734,30.2298126220703,6.70001649856567
-161.494232177734,30.2304840087891,6.72593688964844
-160.994232177734,30.2311515808105,6.75185680389404
-160.494232177734,30.2318229675293,6.77777719497681
-159.994232177734,30.232494354248,6.80369710922241
-159.494232177734,30.2331657409668,6.82961750030518
-158.994232177734,30.2338333129883,6.85553741455078
-158.494232177734,30.234504699707,6.88145780563355
-157.994232177734,30.2351760864258,6.90737771987915
-157.494232177734,30.2358474731445,6.93329811096191
-156.994232177734,30.236515045166,6.95921850204468
-156.494232177734,30.2371864318848,6.98513841629028
-155.994232177734,30.2378578186035,7.01105880737305
-155.494232177734,30.2385292053223,7.03697872161865
-154.994232177734,30.2391967773437,7.06289911270142
-154.494232177734,30.2398681640625,7.08881902694702
-153.994232177734,30.2405395507812,7.11473941802979
-153.494232177734,30.2412109375,7.14065933227539
-152.994232177734,30.2418785095215,7.16657972335815
-152.494232177734,30.2425498962402,7.19249963760376
-151.994232177734,30.243221282959,7.21842002868652
-151.494232177734,30.2438926696777,7.24433994293213
-150.994232177734,30.2445602416992,7.27026033401489
-150.494232177734,30.245231628418,7.2961802482605
-149.994232177734,30.2459030151367,7.32210063934326
-149.494232177734,30.2465705871582,7.34802055358887
-148.994232177734,30.247241973877,7.37394094467163
-148.494232177734,30.2479133605957,7.39986085891724
-147.994232177734,30.2485847473145,7.42578125
-147.494247436523,30.2492523193359,7.45170164108276
-146.994247436523,30.2499237060547,7.47762155532837
-146.494247436523,30.2505950927734,7.50354194641113
-145.994247436523,30.2512664794922,7.52946186065674
-145.494247436523,30.2519340515137,7.5553822517395
-144.994247436523,30.2526054382324,7.58130216598511
-144.494247436523,30.2532768249512,7.60722255706787
-143.994247436523,30.2539482116699,7.63314247131348
-143.494247436523,30.2546157836914,7.65906286239624
-142.994247436523,30.2552871704102,7.68498277664185
-142.494247436523,30.2559585571289,7.71090316772461
-141.994247436523,30.2566299438477,7.73682308197022
-141.494247436523,30.2572975158691,7.76274347305298
-140.994247436523,30.2579689025879,7.78866338729858
-140.494247436523,30.2586402893066,7.81458377838135
-139.994247436523,30.2593116760254,7.84050369262695
-139.494247436523,30.2599792480469,7.86642408370972
-138.994247436523,30.2606506347656,7.89234447479248
-138.494247436523,30.2613220214844,7.91826438903809
-137.994247436523,30.2619934082031,7.94418478012085
-137.494247436523,30.2626609802246,7.97010469436646
-136.994247436523,30.2633323669434,7.99602508544922
-136.494247436523,30.2640037536621,8.02194499969482
-135.994247436523,30.2646713256836,8.04786491394043
-135.494247436523,30.2653427124023,8.07378578186035
-134.994247436523,30.2660140991211,8.09970569610596
-134.494247436523,30.2666854858398,8.12562561035156
-133.994247436523,30.2673530578613,8.15154552459717
-133.494247436523,30.2680244445801,8.17746639251709
-132.994247436523,30.2686958312988,8.2033863067627
-132.494247436523,30.2693672180176,8.22929573059082
-131.994262695313,30.2700347900391,8.25499248504639
-131.494262695313,30.2707061767578,8.28039646148682
-130.994262695313,30.2713775634766,8.30550861358643
-130.494262695313,30.2720489501953,8.3303279876709
-129.994262695313,30.2727165222168,8.35485553741455
-129.494262695313,30.2733879089355,8.37909126281738
-128.994262695313,30.2740592956543,8.40303421020508
-128.494262695313,30.274730682373,8.42668533325195
-127.994270324707,30.2753982543945,8.45004463195801
-127.494277954102,30.2760696411133,8.47311115264893
-126.994277954102,30.276741027832,8.49588584899902
-126.494277954102,30.2774124145508,8.5183687210083
-125.994277954102,30.2780799865723,8.54055881500244
-125.494277954102,30.278751373291,8.56245708465576
-124.994277954102,30.2794227600098,8.58406352996826
-124.494277954102,30.2800903320312,8.60537719726563
-123.994277954102,30.28076171875,8.62639904022217
-123.494277954102,30.2814331054687,8.64712905883789
-122.994277954102,30.2821044921875,8.66756629943848
-122.494277954102,30.282772064209,8.68771171569824
-121.994277954102,30.2834434509277,8.70756530761719
-121.494277954102,30.2841148376465,8.727126121521
-120.994277954102,30.2847862243652,8.74639511108398
-120.494277954102,30.2854537963867,8.76537227630615
-119.994277954102,30.2861251831055,8.78405666351318
-119.494285583496,30.2867965698242,8.80244922637939
-118.994285583496,30.2874641418457,8.82054996490479
-118.494285583496,30.2881355285645,8.83835792541504
-117.994285583496,30.2888069152832,8.85587406158447
-117.494285583496,30.289478302002,8.87309741973877
-116.994285583496,30.2901458740234,8.89002990722656
-116.494285583496,30.2908172607422,8.9066686630249
-115.994285583496,30.2914886474609,8.92301654815674
-115.494293212891,30.2921600341797,8.93907165527344
-114.994293212891,30.2928276062012,8.95483493804932
-114.494293212891,30.2934989929199,8.97030639648438
-113.994293212891,30.2941703796387,8.9854850769043
-113.494293212891,30.2948417663574,9.0003719329834
-112.994293212891,30.2955093383789,9.01496601104736
-112.494293212891,30.2961807250977,9.02926921844482
-111.994293212891,30.2968521118164,9.04327869415283
-111.494293212891,30.2975234985352,9.05699729919434
-110.994293212891,30.2981910705566,9.0704231262207
-110.494293212891,30.2988624572754,9.08355712890625
-109.994293212891,30.2995338439941,9.09639835357666
-109.494293212891,30.3002014160156,9.10894870758057
-108.994293212891,30.3008728027344,9.12120532989502
-108.494293212891,30.3015441894531,9.13317108154297
-107.994293212891,30.3022155761719,9.14484405517578
-107.494293212891,30.3028831481934,9.15622520446777
-106.994293212891,30.3035545349121,9.16731357574463
-106.494293212891,30.3042259216309,9.17811107635498
-105.994293212891,30.3048973083496,9.18861484527588
-105.494293212891,30.3055648803711,9.19882774353027
-104.994293212891,30.3062362670898,9.20874786376953
-104.494293212891,30.3069076538086,9.21837615966797
-103.994293212891,30.3075790405273,9.22771167755127
-103.494293212891,30.3082466125488,9.23675537109375
-102.994293212891,30.3089179992676,9.24550724029541
-102.494300842285,30.3095893859863,9.25397682189941
-101.994300842285,30.3102607727051,9.26236820220947
-101.494300842285,30.3109283447266,9.27075958251953
-100.994300842285,30.3115997314453,9.27915096282959
-100.494300842285,30.3122711181641,9.28754234313965
-99.9943008422852,30.3129425048828,9.29593372344971
-99.4943008422852,30.3136100769043,9.30432510375977
-98.9943008422852,30.314281463623,9.31271648406982
-98.4943008422852,30.3149528503418,9.32110786437988
-97.9943008422852,30.3156242370605,9.32949924468994
-97.4943084716797,30.316291809082,9.337890625
-96.9943084716797,30.3169631958008,9.34628200531006
-96.4943084716797,30.3176345825195,9.35467338562012
-95.9943084716797,30.318302154541,9.36306476593018
-95.4943084716797,30.3189735412598,9.37145519256592
-94.9943084716797,30.3196449279785,9.37984657287598
-94.4943084716797,30.3203163146973,9.38823795318604
-93.9943084716797,30.3209838867187,9.39662933349609
-93.4943084716797,30.3216552734375,9.40502166748047
-92.9943084716797,30.3223266601562,9.41341495513916
-92.4943084716797,30.322998046875,9.42181015014648
-91.9943084716797,30.3236656188965,9.43020725250244
-91.4943084716797,30.3243370056152,9.43860626220703
-90.9943084716797,30.325008392334,9.44700717926025
-90.4943084716797,30.3256797790527,9.45541000366211
-89.9943084716797,30.3263473510742,9.4638147354126
-89.4943084716797,30.327018737793,9.47222137451172
-88.9943084716797,30.3276901245117,9.48062992095947
-88.4943084716797,30.3283615112305,9.48904037475586
-87.9943084716797,30.329029083252,9.4974536895752
-87.4943084716797,30.3297004699707,9.50586795806885
-86.9943084716797,30.3303718566895,9.51428413391113
-86.4943161010742,30.3310432434082,9.52270221710205
-85.9943161010742,30.3317108154297,9.5311222076416
-85.4943161010742,30.3323822021484,9.53954410552979
-84.9943161010742,30.3330535888672,9.54796886444092
-84.4943161010742,30.3337211608887,9.55639457702637
-83.9943161010742,30.3343925476074,9.56482219696045
-83.4943161010742,30.3350639343262,9.57325172424316
-82.9943161010742,30.3357353210449,9.58168411254883
-82.4943161010742,30.3364028930664,9.59011745452881
-81.9943161010742,30.3370742797852,9.59855270385742
-81.4943161010742,30.3377456665039,9.60698986053467
-80.9943161010742,30.3384170532227,9.61542987823486
-80.4943161010742,30.3390846252441,9.62387084960938
-79.9943161010742,30.3397560119629,9.63231372833252
-79.4943237304688,30.3404273986816,9.64075946807861
-78.9943237304688,30.3410987854004,9.64920616149902
-78.4943237304688,30.3417663574219,9.65765476226807
-77.9943237304687,30.3424377441406,9.66610622406006
-77.4943237304688,30.3431091308594,9.67455863952637
-76.9943237304688,30.3437805175781,9.68301391601563
-76.4943237304688,30.3444480895996,9.6914701461792
-75.9943237304688,30.3451194763184,9.69992828369141
-75.4943237304687,30.3457908630371,9.70838928222656
-74.9943237304688,30.3464622497559,9.71685123443604
-74.4943237304688,30.3471298217773,9.72531604766846
-73.9943237304688,30.3478012084961,9.7337818145752
-73.4943237304688,30.3484725952148,9.74225044250488
-72.9943237304687,30.3491439819336,9.75072002410889
-72.4943237304688,30.3498115539551,9.75919151306152
-71.9943237304688,30.3504829406738,9.76766586303711
-71.4943237304688,30.3511543273926,9.77614116668701
-70.9943237304688,30.3518218994141,9.78461933135986
-70.4943313598633,30.3524932861328,9.79309844970703
-69.9943313598633,30.3531646728516,9.80158042907715
-69.4943237304688,30.3538360595703,9.8100643157959
-68.9943313598633,30.3545074462891,9.81854915618897
-68.4943313598633,30.3551788330078,9.82703685760498
-67.9943313598633,30.3558464050293,9.83552551269531
-67.4943313598633,30.356517791748,9.84401702880859
-66.9943313598633,30.3571891784668,9.85250949859619
-66.4943313598633,30.3578567504883,9.86100482940674
-65.9943313598633,30.358528137207,9.86950206756592
-65.4943313598633,30.3591995239258,9.87800025939941
-64.9943313598633,30.3598709106445,9.88650131225586
-64.4943313598633,30.360538482666,9.89500427246094
-63.9943313598633,30.3612098693848,9.90350818634033
-63.4943313598633,30.3618812561035,9.91201496124268
-62.9943351745605,30.3625526428223,9.92052364349365
-62.4943351745606,30.3632202148437,9.92903327941895
-61.9943351745606,30.3638916015625,9.93754577636719
-61.4943351745606,30.3645629882813,9.94606018066406
-60.9943351745605,30.365234375,9.95457553863525
-60.4943351745605,30.3659019470215,9.96309375762939
-59.9943389892578,30.3665733337402,9.97161388397217
-59.4943389892578,30.367244720459,9.98013591766357
-58.9943389892578,30.3679122924805,9.9886589050293
-58.4943389892578,30.3685836791992,9.99718475341797
-57.9943389892578,30.369255065918,10.0057125091553
-57.4943389892578,30.3699264526367,10.0142421722412
-56.9943389892578,30.3705940246582,10.0227737426758
-56.4943389892578,30.371265411377,10.0313062667847
-55.9943389892578,30.3719367980957,10.0398416519165
-55.4943389892578,30.3726081848145,10.048378944397
-54.9943428039551,30.3732757568359,10.0569181442261
-54.4943428039551,30.3739471435547,10.0654592514038
-53.9943428039551,30.3746185302734,10.0740022659302
-53.4943428039551,30.3752899169922,10.0825462341309
-52.9943428039551,30.3759574890137,10.0910930633545
-52.4943428039551,30.3766288757324,10.0996417999268
-51.9943428039551,30.3773002624512,10.1081924438477
-51.4943428039551,30.3779716491699,10.1167449951172
-50.9943466186523,30.3786392211914,10.1252994537354
-50.4972724914551,30.3793525695801,10.1338558197021
-50.0060234069824,30.3804302215576,10.1424140930176
-49.5147743225098,30.3819885253906,10.1509742736816
-49.0181503295898,30.3839416503906,10.1595363616943
-48.5181579589844,30.3859710693359,10.1681003570557
-48.0181579589844,30.3880004882812,10.1766662597656
-47.5181655883789,30.3900318145752,10.1852340698242
-47.0181732177734,30.3920612335205,10.1938037872314
-46.5181732177734,30.3940925598145,10.2023754119873
-46.018180847168,30.3961219787598,10.2109489440918
-45.518180847168,30.3981513977051,10.2195243835449
-45.0181884765625,30.400182723999,10.2281017303467
-44.5181884765625,30.4022121429443,10.2366809844971
-44.018196105957,30.4042434692383,10.2452621459961
-43.518196105957,30.4062728881836,10.2538452148438
-43.0182037353516,30.4083023071289,10.2624282836914
-42.5182037353516,30.4103336334229,10.2710113525391
-42.0182113647461,30.4123630523682,10.2795944213867
-41.5182113647461,30.4143943786621,10.2881774902344
-41.0182189941406,30.4164237976074,10.296760559082
-40.5182266235352,30.4184532165527,10.3053436279297
-40.0182266235352,30.4204845428467,10.3139266967773
-39.5182342529297,30.422513961792,10.322509765625
-39.0182342529297,30.4245452880859,10.3310928344727
-38.5182418823242,30.4265747070312,10.3396759033203
-38.0182418823242,30.4286041259766,10.348258972168
-37.5182495117187,30.4306354522705,10.3568420410156
-37.0182495117187,30.4326648712158,10.3654251098633
-36.5182571411133,30.4346961975098,10.3740081787109
-36.0182571411133,30.4367256164551,10.3825912475586
-35.5182647705078,30.4387550354004,10.3911743164063
-35.0182723999023,30.4407863616943,10.3997573852539
-34.5182723999023,30.4428157806396,10.4083404541016
-34.0182800292969,30.4448471069336,10.4169235229492
-33.5182800292969,30.4468765258789,10.4255065917969
-33.0182876586914,30.4489059448242,10.4340896606445
-32.5182876586914,30.4509372711182,10.4426727294922
-32.0182952880859,30.4529666900635,10.4512557983398
-31.5182933807373,30.4549980163574,10.4598388671875
-31.0183010101318,30.4570274353027,10.4684219360352
-30.5183010101318,30.459056854248,10.4770050048828
-30.0183086395264,30.461088180542,10.4855880737305
-29.5183086395264,30.4631175994873,10.4941711425781
-29.0183162689209,30.4651489257812,10.5027542114258
-28.5183238983154,30.4671783447266,10.5113372802734
-28.0183238983154,30.4692077636719,10.5199203491211
-27.51833152771,30.4712390899658,10.5285034179688
-27.01833152771,30.4732685089111,10.5370864868164
-26.5183391571045,30.4752998352051,10.5456695556641
-26.0183391571045,30.4773292541504,10.5542526245117
-25.518346786499,30.4793586730957,10.5628356933594
-25.018346786499,30.4813899993896,10.571418762207
-24.5183544158936,30.483419418335,10.5800018310547
-24.0183544158936,30.4854507446289,10.5885848999023
-23.5183620452881,30.4874801635742,10.59716796875
-23.0183620452881,30.4895095825195,10.6057510375977
-22.5183696746826,30.4915409088135,10.6143341064453
-22.0183773040771,30.4935703277588,10.622917175293
-21.5183773040771,30.4956016540527,10.6315002441406
-21.0183849334717,30.497631072998,10.6400833129883
-20.5183849334717,30.4996604919434,10.6486663818359
-20.0183925628662,30.5016918182373,10.6572494506836
-19.5183925628662,30.5037212371826,10.6658325195313
-19.0184001922607,30.5057525634766,10.6744155883789
-18.5184001922607,30.5077819824219,10.6829986572266
-18.0184078216553,30.5098114013672,10.6915817260742
-17.5184078216553,30.5118427276611,10.7001647949219
-17.0184154510498,30.5138721466064,10.7087478637695
-16.5184154510498,30.5159034729004,10.7173309326172
-16.0184230804443,30.5179328918457,10.7259140014648
-15.5184307098389,30.519962310791,10.7344970703125
-15.0184307098389,30.521993637085,10.7430801391602
-14.5184383392334,30.5240230560303,10.7516632080078
-14.0184383392334,30.5260543823242,10.7602462768555
-13.5184459686279,30.5280838012695,10.7687759399414
-13.0184459686279,30.5301132202148,10.777153968811
-12.5184535980225,30.5321445465088,10.7853775024414
-12.0184535980225,30.5341739654541,10.7934465408325
-11.518461227417,30.536205291748,10.8013610839844
-11.018461227417,30.5382347106934,10.8091201782227
-10.5184688568115,30.5402641296387,10.816725730896
-10.0184764862061,30.5422954559326,10.8241758346558
-9.51847648620606,30.5443248748779,10.8314714431763
-9.01848411560059,30.5463562011719,10.8386135101318
-8.51848411560059,30.5483856201172,10.8456001281738
-8.01849174499512,30.5504150390625,10.8524322509766
-7.51849174499512,30.5524463653564,10.8591089248657
-7.01849937438965,30.5544757843018,10.8656320571899
-6.51849937438965,30.5565071105957,10.8720006942749
-6.01850700378418,30.558536529541,10.8782138824463
-5.51850700378418,30.5605659484863,10.8842735290527
-5.01851463317871,30.5625972747803,10.8901777267456
-4.51851463317871,30.5646266937256,10.8959274291992
-4.0185227394104,30.5666580200195,10.9015226364136
-3.51853036880493,30.5686874389648,10.9069633483887
-3.01853036880493,30.5707168579102,10.9122495651245
-2.51853799819946,30.5727481842041,10.9173812866211
-2.01853799819946,30.5747776031494,10.9223585128784
-1.5185455083847,30.5768089294434,10.9271802902222
-1.0185455083847,30.5788383483887,10.931848526001
-0.518553197383881,30.5808696746826,10.9363613128662
-0.018553167581558,30.5828990936279,10.9407196044922
0.48143920302391,30.5849285125732,10.9449234008789
0.981439173221588,30.5869598388672,10.9489727020264
1.4814316034317,30.5889892578125,10.9528675079346
1.9814316034317,30.5910205841064,10.9566078186035
2.48142385482788,30.5930500030518,10.9601936340332
2.98142004013062,30.5950794219971,10.9636249542236
3.48141622543335,30.597110748291,10.9669008255005
3.98141264915466,30.5991401672363,10.9700222015381
4.48140907287598,30.6011714935303,10.9729900360107
4.98140525817871,30.6032009124756,10.9758024215698
5.48139762878418,30.6052303314209,10.9784603118896
5.98139381408691,30.6072616577148,10.9809637069702
6.48138999938965,30.6092910766602,10.9833126068115
6.98138618469238,30.6113224029541,10.9855070114136
7.48138236999512,30.6133518218994,10.9875459671021
7.98137855529785,30.6153812408447,10.9894313812256
8.48137474060059,30.6174125671387,10.9911613464355
8.98137092590332,30.619441986084,10.9927377700806
9.48136711120606,30.6214733123779,10.994158744812
9.98136329650879,30.6235027313232,10.9954252243042
10.4813594818115,30.6255321502686,10.9965372085571
10.9813556671143,30.6275634765625,10.9974946975708
11.481351852417,30.6295928955078,10.9982976913452
11.9813442230225,30.6316242218018,10.9989461898804
12.4813404083252,30.6336536407471,10.999439239502
12.9813365936279,30.6356830596924,10.9997787475586
13.4813327789307,30.6377143859863,10.9999628067017
13.9813289642334,30.6397438049316,11
14.4813251495361,30.6417751312256,11
14.9813213348389,30.6438045501709,11
15.4813175201416,30.6458339691162,11
15.9813137054443,30.6478652954102,11
16.4813098907471,30.6498947143555,11
16.9813060760498,30.6519260406494,11
17.4813022613525,30.6539554595947,11
17.981294631958,30.65598487854,11
18.4812908172607,30.658016204834,11
18.9812870025635,30.6600456237793,11
19.4812831878662,30.6620769500732,11
19.9812793731689,30.6641063690186,11
20.4812755584717,30.6661357879639,11
20.9812717437744,30.6681671142578,11
21.4812679290771,30.6701965332031,11
21.9812641143799,30.6722278594971,11
22.4812602996826,30.6742572784424,11
22.9812564849853,30.6762866973877,11
23.4812526702881,30.6783180236816,11
23.9812450408936,30.680347442627,11
24.4812412261963,30.6823787689209,11
24.981237411499,30.6844081878662,11
25.4812335968018,30.6864376068115,11
25.9812297821045,30.6884689331055,11
26.4812259674072,30.6904983520508,11
26.98122215271,30.6925296783447,11
27.4812183380127,30.69455909729,11
27.9812145233154,30.6965885162354,11
28.4812107086182,30.6986198425293,11
28.9812068939209,30.7006492614746,11
29.4812030792236,30.7026805877686,11
29.9811992645264,30.7047100067139,11
30.4811916351318,30.7067394256592,11
30.9811878204346,30.7087707519531,11
31.4811840057373,30.7108001708984,11
31.9811782836914,30.7128314971924,11
32.4811744689941,30.7148609161377,11
32.9811706542969,30.716890335083,11
33.4811668395996,30.718921661377,11
33.9811630249023,30.7209510803223,11
34.4811592102051,30.7229824066162,11
34.9811553955078,30.7250118255615,11
35.4811477661133,30.7270412445068,11
35.9811477661133,30.7290725708008,11
36.4811401367187,30.7311019897461,11
36.9811401367187,30.73313331604,11
37.4811325073242,30.7351627349853,11
37.981128692627,30.7371921539307,11
38.4811248779297,30.7392234802246,11
38.9811210632324,30.7412528991699,11
39.4811172485352,30.7432842254639,11
39.9811134338379,30.7453136444092,11
40.4811096191406,30.7473430633545,11
40.9811058044434,30.7493743896484,11
41.4811019897461,30.7514038085937,11
41.9810943603516,30.7534351348877,11
42.4810943603516,30.755464553833,11
42.981086730957,30.757495880127,11
43.481086730957,30.7595252990723,11
43.9810791015625,30.7615547180176,11
44.4810752868652,30.7635860443115,11
44.981071472168,30.7656154632568,11
45.4810676574707,30.7676467895508,11
45.9810638427734,30.7696762084961,11
46.4810600280762,30.7717056274414,11
46.9810562133789,30.7737369537354,11
47.4810485839844,30.7757663726807,11
47.9810485839844,30.7777976989746,11
48.4810409545898,30.7798271179199,11
48.9810409545899,30.7818565368652,11
49.4810333251953,30.7838878631592,11
49.9810333251953,30.7859172821045,11
50.4810256958008,30.7879486083984,11
50.9810218811035,30.7899780273438,11
51.4810180664063,30.7920074462891,11
51.981014251709,30.794038772583,11
52.4810104370117,30.7960681915283,11
52.9810066223145,30.7980995178223,11
53.4810028076172,30.8001289367676,11
53.9809989929199,30.8021583557129,11
54.4809951782227,30.8041896820068,11
54.9809875488281,30.8062191009521,11
55.4809875488281,30.8082504272461,11
55.9809799194336,30.8102798461914,11
56.4809761047363,30.8123092651367,11
56.9809722900391,30.8143405914307,11
57.4809684753418,30.816370010376,11
57.9809646606445,30.8184013366699,11
58.4809608459473,30.8204307556152,11
58.98095703125,30.8224601745605,11
59.4809532165527,30.8244915008545,10.9999990463257
59.9809494018555,30.8265209197998,10.9999322891235
60.4809455871582,30.8285522460937,10.9997653961182
60.9809417724609,30.8305816650391,10.9994983673096
61.4809341430664,30.8326110839844,10.9991312026978
61.9809303283691,30.8346424102783,10.9986639022827
62.4809265136719,30.8366718292236,10.9980974197388
62.9809226989746,30.8387031555176,10.9974298477173
63.4809188842773,30.8407325744629,10.9966630935669
63.9809226989746,30.8427619934082,10.995795249939
64.4809112548828,30.8447933197021,10.9948282241821
64.9809036254883,30.8468227386475,10.9937601089478
65.4809036254883,30.8488540649414,10.9925928115845
65.9808959960938,30.8508834838867,10.991325378418
66.4808959960938,30.8529148101807,10.9899578094482
66.9808883666992,30.854944229126,10.9884901046753
67.4808883666992,30.8569755554199,10.9869213104248
67.9808807373047,30.8590049743652,10.9852533340454
68.4808807373047,30.8610343933105,10.9834861755371
68.9808807373047,30.8630657196045,10.9816179275513
69.4808731079102,30.8650951385498,10.9796495437622
69.9808654785156,30.8671245574951,10.9775810241699
70.4808578491211,30.8691558837891,10.9754123687744
70.9808578491211,30.8711853027344,10.97314453125
71.4808578491211,30.8732166290283,10.970775604248
71.9808502197266,30.8752460479736,10.9683074951172
72.480842590332,30.8772754669189,10.9657382965088
72.980842590332,30.8793067932129,10.9630699157715
73.4808349609375,30.8813362121582,10.960301399231
73.9808349609375,30.8833675384521,10.9574317932129
74.480827331543,30.8853969573975,10.9544630050659
74.980827331543,30.8874263763428,10.9513940811157
75.4808197021484,30.8894577026367,10.9482250213623
75.9808120727539,30.891487121582,10.9449558258057
76.4808120727539,30.893518447876,10.9415864944458
76.9808120727539,30.8955478668213,10.9381170272827
77.4808044433594,30.8975772857666,10.9345474243164
77.9807968139648,30.8996086120605,10.9308776855469
78.4807968139648,30.9016380310059,10.9271087646484
78.9807891845703,30.9036693572998,10.9232387542725
79.4807891845703,30.9056987762451,10.9192686080933
79.9807815551758,30.9077281951904,10.9151992797852
80.4807815551758,30.9097595214844,10.9110288619995
80.9807739257812,30.9117889404297,10.906759262085
81.4807739257813,30.9138202667236,10.9023895263672
81.9807662963867,30.9158496856689,10.8979187011719
82.4807662963867,30.9178791046143,10.8933486938477
82.9807586669922,30.9199104309082,10.8886785507202
83.4807510375977,30.9219398498535,10.8839082717896
83.9807510375977,30.9239711761475,10.8790378570557
84.4807434082031,30.9260005950928,10.8740673065186
84.9807434082031,30.9280300140381,10.8689966201782
85.4807357788086,30.930061340332,10.8638257980347
85.9807357788086,30.9320907592773,10.8585548400879
86.4807281494141,30.9341220855713,10.8531837463379
86.9807281494141,30.9361515045166,10.847713470459
87.4807205200195,30.9381828308105,10.8421421051025
87.9807205200195,30.9402122497559,10.8364706039429
88.480712890625,30.9422416687012,10.8306999206543
88.980712890625,30.9442729949951,10.8248281478882
89.4807052612305,30.9463024139404,10.8188571929932
89.9807052612305,30.9483337402344,10.8127861022949
90.4806976318359,30.9503631591797,10.8066139221191
90.9806900024414,30.952392578125,10.8003425598145
91.4806900024414,30.9544239044189,10.7939710617065
91.9806823730469,30.9564533233643,10.7874994277954
92.4806823730469,30.9584846496582,10.7809276580811
92.9806747436524,30.9605140686035,10.7742557525635
93.4806747436523,30.9625434875488,10.7674837112427
93.9806671142578,30.9645748138428,10.7606115341187
94.4806671142578,30.9666042327881,10.7536392211914
94.9724655151367,30.9688549041748,10.7465677261353
95.4637222290039,30.9715538024902,10.7393951416016
95.9549560546875,30.9747314453125,10.7321224212647
96.4461822509766,30.9784202575684,10.7247505187988
96.9374237060547,30.9825859069824,10.7172775268555
97.4286499023438,30.9872646331787,10.7097053527832
97.9198760986328,30.9924221038818,10.7020320892334
98.4110870361328,30.9980583190918,10.6942596435547
98.9023056030274,31.0042037963867,10.6863870620728
99.3935089111328,31.0108318328857,10.6784143447876
99.8847045898438,31.017936706543,10.6703414916992
100.37589263916,31.0255527496338,10.6621685028076
100.867080688477,31.0336494445801,10.6538944244385
101.366394042969,31.042163848877,10.6455221176147
101.866325378418,31.0506973266602,10.6370487213135
102.366249084473,31.0592308044434,10.628475189209
102.866172790527,31.0677642822266,10.6198015213013
103.366104125977,31.0762977600098,10.6110277175903
103.866027832031,31.084831237793,10.6021547317505
104.36595916748,31.0933647155762,10.5931806564331
104.865882873535,31.1018981933594,10.5841073989868
105.365814208984,31.1104316711426,10.574933052063
105.865737915039,31.1189651489258,10.5656595230103
106.365669250488,31.127498626709,10.55628490448
106.865592956543,31.1360321044922,10.5468111038208
107.365516662598,31.1445655822754,10.5372371673584
107.865447998047,31.1530990600586,10.5275630950928
108.365379333496,31.1616325378418,10.5177888870239
108.865303039551,31.170166015625,10.5079145431519
109.365226745605,31.1786994934082,10.4979400634766
109.865158081055,31.1872329711914,10.487865447998
110.365081787109,31.1957664489746,10.4776906967163
110.865013122559,31.2042999267578,10.4674158096313
111.364936828613,31.212833404541,10.4570407867432
111.864868164063,31.2213668823242,10.4465665817261
112.364791870117,31.2299003601074,10.4359912872314
112.864723205566,31.2384338378906,10.4253158569336
113.364646911621,31.2469673156738,10.4145412445068
113.864570617676,31.255500793457,10.4036655426025
114.364501953125,31.2640342712402,10.3926906585693
114.86442565918,31.2725677490234,10.3816156387329
115.364356994629,31.2811012268066,10.3704404830933
115.864280700684,31.2896347045898,10.3591642379761
116.364212036133,31.298168182373,10.34778881073
116.864135742188,31.3067016601562,10.3363132476807
117.364067077637,31.3152351379395,10.3247375488281
117.863990783691,31.3237686157227,10.3130617141724
118.363914489746,31.3323020935059,10.3012857437134
118.863845825195,31.3408355712891,10.2894096374512
119.363777160645,31.3493690490723,10.2774343490601
119.863700866699,31.3579063415527,10.2653579711914
120.363624572754,31.3664398193359,10.2531814575195
120.863555908203,31.3749732971191,10.2409057617188
121.363479614258,31.3835067749023,10.2285289764404
121.863410949707,31.3920402526855,10.2160530090332
122.363334655762,31.4005737304687,10.2034759521484
122.863265991211,31.409107208252,10.1907997131348
123.363189697266,31.4176406860352,10.1780233383179
123.863121032715,31.4261741638184,10.1651458740234
124.36304473877,31.4347076416016,10.1521692276001
124.862968444824,31.4432411193848,10.1390924453735
125.362899780273,31.451774597168,10.1259155273438
125.862823486328,31.4603080749512,10.1126384735107
126.362754821777,31.4688415527344,10.0992612838745
126.862678527832,31.4773750305176,10.0857839584351
127.362609863281,31.4859085083008,10.0722064971924
127.86254119873,31.494441986084,10.0585298538208
128.362442016602,31.5029754638672,10.0447521209717
128.862365722656,31.5115089416504,10.0308742523193
129.362289428711,31.5200424194336,10.0168972015381
129.862228393555,31.5285758972168,10.0028190612793
130.362152099609,31.537109375,9.9886417388916
130.862075805664,31.5456428527832,9.97436332702637
131.361999511719,31.5541763305664,9.95998573303223
131.861938476563,31.5627098083496,9.94550800323486
132.361862182617,31.5712432861328,9.93093013763428
132.861785888672,31.579776763916,9.91625213623047
133.361709594727,31.5883102416992,9.90147304534912
133.86164855957,31.5968437194824,9.88659477233887
134.361572265625,31.6053771972656,9.87161636352539
134.86149597168,31.6139106750488,9.85653877258301
135.361419677734,31.622444152832,9.84136009216309
135.861343383789,31.6309776306152,9.82608127593994
136.361282348633,31.6395111083984,9.81070232391357
136.861206054688,31.6480484008789,9.7952241897583
137.361129760742,31.6565818786621,9.77964496612549
137.861053466797,31.6651153564453,9.76396560668945
138.360992431641,31.6736488342285,9.74818706512451
138.860916137695,31.6821823120117,9.73230838775635
139.36083984375,31.6907157897949,9.71632862091064
139.860763549805,31.6992492675781,9.70024967193604
140.360687255859,31.7077827453613,9.6840705871582
140.860626220703,31.7163162231445,9.66779041290283
141.360549926758,31.7248497009277,9.65141105651856
141.860473632813,31.7333831787109,9.63493156433106
142.360397338867,31.7419166564941,9.61835193634033
142.860336303711,31.7504501342773,9.60167217254639
143.360260009766,31.7589836120605,9.58489227294922
143.86018371582,31.7675170898437,9.56801319122314
144.360107421875,31.776050567627,9.55103302001953
144.860046386719,31.7845840454102,9.5339527130127
145.359970092773,31.7931175231934,9.51677322387695
145.859893798828,31.8016510009766,9.49949264526367
146.359817504883,31.8101844787598,9.48211193084717
146.859741210938,31.818717956543,9.46463203430176
147.359680175781,31.8272514343262,9.44705200195313
147.859603881836,31.8357849121094,9.42937088012695
148.359527587891,31.8443183898926,9.41159057617188
148.859451293945,31.8528518676758,9.39371013641357
149.359390258789,31.861385345459,9.37572956085205
149.859313964844,31.8699188232422,9.35764884948731
150.359237670898,31.8784523010254,9.33946704864502
150.859161376953,31.8869857788086,9.32118701934814
151.359085083008,31.8955192565918,9.30280590057373
151.859024047852,31.904052734375,9.28432464599609
152.358947753906,31.9125862121582,9.26574325561523
152.858871459961,31.9211196899414,9.24706172943115
153.358795166016,31.9296531677246,9.22828102111816
153.858734130859,31.9381866455078,9.20939922332764
154.358657836914,31.946720123291,9.19041728973389
154.858581542969,31.9552536010742,9.17133617401123
155.358505249023,31.9637870788574,9.15215396881104
155.858444213867,31.9723205566406,9.13287258148193
156.358367919922,31.9808578491211,9.11349105834961
156.858291625977,31.9893913269043,9.09400939941406
157.358215332031,31.9979248046875,9.07442665100098
157.858139038086,32.0064582824707,9.05474472045898
158.35807800293,32.0149917602539,9.03496265411377
158.858001708984,32.0235252380371,9.01508045196533
159.357925415039,32.0320587158203,8.99509811401367
159.857849121094,32.0405921936035,8.97501564025879
160.357788085938,32.0491256713867,8.954833984375
160.857711791992,32.0576591491699,8.93455123901367
161.357635498047,32.0661926269531,8.91416835784912
161.857559204102,32.0747261047363,8.89368534088135
162.357482910156,32.0832595825195,8.87310314178467
162.857421875,32.0917930603027,8.85241985321045
163.357345581055,32.1003265380859,8.83163738250732
163.857269287109,32.1088600158691,8.81075382232666
164.357192993164,32.1173934936523,8.78977108001709
164.857131958008,32.1259269714355,8.7686882019043
165.357055664062,32.1344604492187,8.74750518798828
165.856979370117,32.142993927002,8.72622108459473
166.356903076172,32.1515274047852,8.70483779907227
166.856842041016,32.1600608825684,8.68335437774658
167.35676574707,32.1685943603516,8.66177082061768
167.856689453125,32.1771278381348,8.64008712768555
168.35661315918,32.185661315918,8.61830425262451
168.856536865234,32.1941947937012,8.59642028808594
169.356475830078,32.2027282714844,8.57443618774414
169.856399536133,32.2112617492676,8.55235195159912
170.356323242188,32.2197952270508,8.5301685333252
170.856246948242,32.228328704834,8.50788402557373
171.356185913086,32.2368621826172,8.48550033569336
171.856109619141,32.2453956604004,8.46301555633545
172.356033325195,32.2539291381836,8.44043159484863
172.85595703125,32.2624626159668,8.41774654388428
173.355880737305,32.27099609375,8.39496231079102
173.855819702148,32.2795295715332,8.37207794189453
174.355743408203,32.2880630493164,8.34909343719482
174.855667114258,32.2965965270996,8.32600879669189
175.355590820313,32.3051338195801,8.30282402038574
175.855529785156,32.3136672973633,8.27953910827637
176.355453491211,32.3222007751465,8.25615406036377
176.855377197266,32.3307342529297,8.23266887664795
177.35530090332,32.3392677307129,8.20908355712891
177.855239868164,32.3478012084961,8.18539905548096
178.355163574219,32.3563346862793,8.16161346435547
178.855087280273,32.3648681640625,8.13772773742676
179.355010986328,32.3734016418457,8.11374282836914
179.854934692383,32.3819351196289,8.08965682983398
180.354873657227,32.3904685974121,8.06547164916992
180.854797363281,32.3990020751953,8.04118633270264
181.354721069336,32.4075355529785,8.01679992675781
181.854644775391,32.4160690307617,7.99231433868408
182.354583740234,32.4246025085449,7.96772861480713
182.854507446289,32.4331359863281,7.94304275512695
183.354431152344,32.4416694641113,7.91825675964356
183.854354858398,32.4502029418945,7.89337062835693
184.354278564453,32.4587364196777,7.86838436126709
184.854217529297,32.4672698974609,7.84329795837402
185.354141235352,32.4758033752441,7.81811141967773
185.854064941406,32.4843368530273,7.79282522201538
186.353988647461,32.4928703308105,7.76743888854981
186.853927612305,32.5014038085938,7.74195194244385
187.353851318359,32.509937286377,7.71636533737183
187.853775024414,32.5184707641602,7.69067859649658
188.353698730469,32.5270042419434,7.66489171981812
188.853622436523,32.5355377197266,7.63900470733643
189.353561401367,32.5440711975098,7.61301803588867
189.853485107422,32.552604675293,7.58693075180054
190.353408813477,32.5611381530762,7.56074380874634
190.853332519531,32.5696716308594,7.53445672988892
191.353271484375,32.5782051086426,7.50806903839111
191.85319519043,32.5867385864258,7.48158168792725
192.353118896484,32.595272064209,7.45499420166016
192.853042602539,32.6038055419922,7.428307056427
193.352981567383,32.6123390197754,7.40151929855347
193.852905273438,32.6208724975586,7.37463140487671
194.352828979492,32.6294097900391,7.34764385223389
194.852752685547,32.6379432678223,7.32055616378784
195.352676391602,32.6464767456055,7.29336786270142
195.852615356445,32.6550102233887,7.26607990264893
196.3525390625,32.6635437011719,7.23869180679321
196.852462768555,32.6720771789551,7.21120405197144
197.352386474609,32.6806106567383,7.18361568450928
197.852325439453,32.6891441345215,7.1559271812439
198.352249145508,32.6976776123047,7.12813901901245
198.852172851563,32.7062110900879,7.10025024414063
199.352096557617,32.7147445678711,7.07226181030273
199.852020263672,32.7232780456543,7.04417324066162
200.351959228516,32.7318115234375,7.01598453521729
200.85188293457,32.7403450012207,6.98769569396973
201.351806640625,32.7488784790039,6.95930671691895
201.85173034668,32.7574119567871,6.9308180809021
202.351669311523,32.7659454345703,6.90222883224487
202.851593017578,32.7744789123535,6.87353992462158
203.351516723633,32.7830123901367,6.84475088119507
203.851440429687,32.7915458679199,6.81586122512817
204.351379394531,32.8000793457031,6.78687191009522
204.851303100586,32.8086128234863,6.75778293609619
205.351226806641,32.8171463012695,6.72859334945679
205.851150512695,32.8256797790527,6.69930362701416
206.35107421875,32.8342132568359,6.66991424560547
206.851013183594,32.8427467346191,6.6404242515564
207.350936889648,32.8512802124023,6.61083459854126
207.850860595703,32.8598136901855,6.5811448097229
208.350784301758,32.8683471679687,6.55135488510132
208.850723266602,32.876880645752,6.52146482467651
209.350646972656,32.8854141235352,6.49147605895996
209.850570678711,32.8939476013184,6.46145248413086
210.350494384766,32.9024810791016,6.43142890930176
210.85041809082,32.9110145568848,6.40140533447266
211.350357055664,32.919548034668,6.37138223648071
211.850280761719,32.9280815124512,6.34135866165161
212.350204467773,32.9366149902344,6.31133508682251
212.850128173828,32.9451484680176,6.28131151199341
213.350051879883,32.953685760498,6.25128793716431
213.849990844727,32.9622192382813,6.22126483917236
214.349914550781,32.9707527160645,6.19124126434326
214.849838256836,32.9792861938477,6.16121768951416
215.34977722168,32.9878196716309,6.13119411468506
215.849700927734,32.9963531494141,6.10117053985596
216.349624633789,33.0048866271973,6.07114744186401
216.849548339844,33.0134201049805,6.04112386703491
217.349472045898,33.0219535827637,6.01110029220581
217.849411010742,33.0304870605469,5.98107671737671
218.349334716797,33.0390205383301,5.95105361938477
218.849258422852,33.0475540161133,5.92103004455566
219.349197387695,33.0560874938965,5.89100646972656
219.849105834961,33.0646209716797,5.86098289489746
220.349044799805,33.0731544494629,5.83095932006836
220.848968505859,33.0816879272461,5.80093622207642
221.348892211914,33.0902214050293,5.77091264724731
221.848831176758,33.0987548828125,5.74088907241821
222.348739624023,33.1072883605957,5.71086549758911
222.848678588867,33.1158218383789,5.68084192276001
223.348602294922,33.1243553161621,5.65081882476807
223.848526000977,33.1328887939453,5.62079524993897
224.34846496582,33.1414222717285,5.59077167510986
224.848388671875,33.1499557495117,5.56074810028076
225.34831237793,33.1584892272949,5.53072500228882
225.848251342773,33.1670227050781,5.50070142745972
226.348159790039,33.1755561828613,5.47067785263062
226.848098754883,33.1840896606445,5.44065427780151
227.348022460937,33.1926231384277,5.41063070297241
227.847946166992,33.2011566162109,5.38060760498047
228.347885131836,33.2096900939941,5.35058403015137
228.847793579102,33.2182235717773,5.32056045532227
229.347732543945,33.2267570495605,5.29053688049316
229.84765625,33.2352905273437,5.26051330566406
230.347579956055,33.243824005127,5.23049020767212
230.847518920898,33.2523574829102,5.20046663284302
231.347442626953,33.2608909606934,5.17044305801392
231.847366333008,33.2694244384766,5.14041948318481
232.347305297852,33.2779579162598,5.11039638519287
232.847213745117,33.2864952087402,5.08037281036377
233.347152709961,33.2950286865234,5.05034923553467
233.847076416016,33.3035621643066,5.02032566070557
234.34700012207,33.3120956420898,4.99030208587647
234.846939086914,33.320629119873,4.96027898788452
235.34684753418,33.3291625976562,4.93025541305542
235.846786499023,33.3376960754395,4.90023183822632
236.346710205078,33.3462295532227,4.87020826339722
236.846633911133,33.3547630310059,4.84018468856812
237.346572875977,33.3632965087891,4.81016159057617
237.846496582031,33.3718299865723,4.78013801574707
238.346420288086,33.3803634643555,4.75011444091797
238.846343994141,33.3888969421387,4.72009086608887
239.346267700195,33.3974304199219,4.69006776809692
239.846206665039,33.4059638977051,4.66004419326782
240.346130371094,33.4144973754883,4.63002061843872
240.846054077148,33.4230308532715,4.59999704360962
241.345993041992,33.4315643310547,4.56997346878052
241.845901489258,33.4400978088379,4.53995037078857
242.345840454102,33.4486312866211,4.50992679595947
242.845764160156,33.4571647644043,4.47990322113037
243.345687866211,33.4656982421875,4.44987964630127
243.845626831055,33.4742317199707,4.41985607147217
244.34553527832,33.4827651977539,4.38983297348022
244.845474243164,33.4912986755371,4.35980939865112
245.345397949219,33.4998321533203,4.32978582382202
245.845321655273,33.5083656311035,4.29976224899292
246.345260620117,33.5168991088867,4.26973915100098
246.845184326172,33.5254325866699,4.23971557617188
247.345108032227,33.5339660644531,4.20969200134277
247.84504699707,33.5424995422363,4.17966842651367
248.344955444336,33.5510330200195,4.14964485168457
248.84489440918,33.5595664978027,4.11962175369263
249.344818115234,33.5680999755859,4.08959817886353
249.844741821289,33.5766334533691,4.05957460403442
250.344680786133,33.5851669311523,4.02955102920532
250.844589233398,33.5937004089355,3.9995276927948
251.344528198242,33.6022338867187,3.9695041179657
251.844451904297,33.6107711791992,3.93952393531799
252.344375610352,33.6193046569824,3.90965628623962
252.844314575195,33.6278381347656,3.87990212440491
253.34423828125,33.6363716125488,3.850261926651
253.844161987305,33.644905090332,3.82073521614075
254.344100952148,33.6534385681152,3.79132199287415
254.844009399414,33.6619720458984,3.76202273368835
255.343948364258,33.6705055236816,3.73283696174622
255.843872070312,33.6790390014648,3.70376491546631
256.343780517578,33.687572479248,3.67480635643005
256.843719482422,33.6961059570312,3.64596176147461
257.343627929687,33.7046394348145,3.61723065376282
257.843566894531,33.7131729125977,3.58861303329468
258.343505859375,33.7217063903809,3.56010913848877
258.843414306641,33.7302398681641,3.53171896934509
259.343353271484,33.7387733459473,3.50344252586365
259.84326171875,33.7473068237305,3.47527980804443
260.343200683594,33.7558403015137,3.44723057746887
260.843139648437,33.7643737792969,3.41929483413696
261.343048095703,33.7729072570801,3.39147305488586
261.842987060547,33.7814407348633,3.36376476287842
262.342895507813,33.7899742126465,3.3361701965332
262.842834472656,33.7985076904297,3.30868911743164
263.3427734375,33.8070411682129,3.28132200241089
263.842681884766,33.8155746459961,3.25406837463379
264.342620849609,33.8241081237793,3.22692823410034
264.842529296875,33.8326416015625,3.1999020576477
265.342468261719,33.8411750793457,3.17298936843872
265.842407226563,33.8497085571289,3.14619016647339
266.342315673828,33.8582420349121,3.11950492858887
266.842254638672,33.8667755126953,3.092933177948
267.342163085937,33.8753089904785,3.06647515296936
267.842102050781,33.8838424682617,3.04013061523437
268.342041015625,33.8923759460449,3.01389980316162
268.841979980469,33.9009094238281,2.9877827167511
269.341888427734,33.9094429016113,2.96177935600281
269.841827392578,33.9179763793945,2.93588948249817
270.341735839844,33.9265098571777,2.91011333465576
270.841674804687,33.9350471496582,2.88445091247559
271.341613769531,33.9435806274414,2.85890197753906
271.841522216797,33.9521141052246,2.83346676826477
272.341461181641,33.9606475830078,2.80814528465271
272.841369628906,33.969181060791,2.7829372882843
273.34130859375,33.9777145385742,2.75784301757812
273.841247558594,33.9862480163574,2.73286247253418
274.341156005859,33.9947814941406,2.70799541473389
274.841094970703,34.0033149719238,2.6832423210144
275.341003417969,34.011848449707,2.65860271453857
275.840942382812,34.0203819274902,2.6340765953064
276.340881347656,34.0289154052734,2.60966420173645
276.840789794922,34.0374488830566,2.58536553382874
277.340728759766,34.0459823608398,2.56118059158325
277.840637207031,34.054515838623,2.53710913658142
278.340576171875,34.0630493164062,2.51315140724182
278.840515136719,34.0715827941895,2.48930740356445
279.340423583984,34.0801162719727,2.46557712554932
279.840362548828,34.0886497497559,2.44196033477783
280.340270996094,34.0971832275391,2.41845726966858
280.840209960937,34.1057167053223,2.39506769180298
281.340148925781,34.1142501831055,2.37179183959961
281.840057373047,34.1227836608887,2.34862971305847
282.339996337891,34.1313171386719,2.32558131217957
282.839935302734,34.1398506164551,2.30264639854431
283.33984375,34.1483840942383,2.27982521057129
283.839782714844,34.1569175720215,2.2571177482605
284.339721679688,34.1654510498047,2.23452377319336
284.839630126953,34.1739845275879,2.21204352378845
285.339569091797,34.1825180053711,2.18967700004578
285.839477539063,34.1910514831543,2.16742420196533
286.339416503906,34.1995849609375,2.14528489112854
286.83935546875,34.2081184387207,2.12325930595398
287.339263916016,34.2166519165039,2.10134720802307
287.839202880859,34.2251853942871,2.07954883575439
288.339111328125,34.2337188720703,2.05786418914795
288.839050292969,34.2422523498535,2.03629326820374
289.338989257812,34.2507858276367,2.01483583450317
289.838897705078,34.2593193054199,1.99349212646484
290.338836669922,34.2678565979004,1.97226214408875
290.838745117187,34.2763900756836,1.9511456489563
291.338684082031,34.2849235534668,1.93014299869537
291.838623046875,34.29345703125,1.9092538356781
292.338531494141,34.3019905090332,1.88847839832306
292.838470458984,34.3105239868164,1.86781668663025
293.33837890625,34.3190574645996,1.84726846218109
293.838317871094,34.3275909423828,1.82683396339417
294.338256835937,34.336124420166,1.80651319026947
294.838165283203,34.3446578979492,1.78630602359772
295.338104248047,34.3531913757324,1.76621246337891
295.838012695312,34.3617248535156,1.74623262882233
296.337951660156,34.3702583312988,1.72636640071869
296.837890625,34.378791809082,1.70661377906799
297.337799072266,34.3873252868652,1.68697488307953
297.837738037109,34.3958587646484,1.66744959354401
298.337677001953,34.4043922424316,1.64803802967072
298.837585449219,34.4129257202148,1.62874007225037
299.337524414062,34.421459197998,1.60955572128296
299.837463378906,34.4299926757812,1.59048509597778
300.337371826172,34.4385261535645,1.57152807712555
300.837310791016,34.4470596313477,1.55268478393555
301.337219238281,34.4555931091309,1.53395509719849
301.837158203125,34.4641265869141,1.51533901691437
302.337097167969,34.4726600646973,1.49683666229248
302.837005615234,34.4811935424805,1.47844791412354
303.336944580078,34.4897270202637,1.46017277240753
303.836853027344,34.4982604980469,1.44201135635376
304.336791992187,34.5067939758301,1.42396354675293
304.836730957031,34.5153274536133,1.40602946281433
305.336639404297,34.5238609313965,1.38820898532867
305.836578369141,34.5323944091797,1.37050211429596
306.336486816406,34.5409278869629,1.35290896892548
306.83642578125,34.5494613647461,1.33542943000793
307.336364746094,34.5579948425293,1.31806361675262
307.836273193359,34.5665283203125,1.30081140995026
308.336212158203,34.5750617980957,1.28367280960083
308.836120605469,34.5835952758789,1.26664793491364
309.336059570313,34.5921325683594,1.24973666667938
309.835998535156,34.6006660461426,1.23293912410736
310.335906982422,34.6091995239258,1.21625506877899
310.835845947266,34.617733001709,1.19968485832214
311.335784912109,34.6262664794922,1.18322813510895
311.835693359375,34.6347999572754,1.16688513755798
312.335632324219,34.6433334350586,1.15065586566925
312.835540771484,34.6518669128418,1.13454020023346
313.335479736328,34.660400390625,1.11853814125061
313.835418701172,34.6689338684082,1.10264980792999
314.335327148437,34.6774673461914,1.08687508106232
314.835266113281,34.6860008239746,1.07121396064758
315.335205078125,34.6945343017578,1.05566656589508
315.835113525391,34.703067779541,1.04023277759552
316.335052490234,34.7116012573242,1.0249125957489
316.8349609375,34.7201347351074,1.00970613956451
317.334899902344,34.7286682128906,0.994613349437714
317.834838867187,34.7372016906738,0.9796342253685
318.334747314453,34.745735168457,0.964768707752228
318.834686279297,34.7542686462402,0.950016856193542
319.334594726562,34.7628021240234,0.935378670692444
319.834533691406,34.7713356018066,0.920854091644287
320.33447265625,34.7798690795898,0.906443178653717
320.834381103516,34.788402557373,0.892145931720733
321.334320068359,34.7969360351563,0.877962350845337
321.834228515625,34.8054695129395,0.863892436027527
322.334167480469,34.8140029907227,0.849936127662659
322.834106445312,34.8225364685059,0.836093485355377
323.334014892578,34.8310699462891,0.822364509105682
323.833953857422,34.8396034240723,0.808749198913574
324.333892822266,34.8481369018555,0.795247554779053
324.833801269531,34.8566703796387,0.781859517097473
325.333740234375,34.8652038574219,0.76858514547348
325.833648681641,34.8737373352051,0.755424439907074
326.333587646484,34.8822708129883,0.74237734079361
326.833526611328,34.8908042907715,0.729443967342377
327.333435058594,34.8993377685547,0.716624200344086
327.833374023437,34.9078712463379,0.703918099403381
328.333282470703,34.9164085388184,0.691325604915619
328.833221435547,34.9249420166016,0.678846836090088
329.333160400391,34.9334754943848,0.666481673717499
329.833068847656,34.942008972168,0.654230177402496
330.3330078125,34.9505424499512,0.642092347145081
330.832946777344,34.9590759277344,0.630068123340607
331.332855224609,34.9676094055176,0.618157625198364
331.832794189453,34.9761428833008,0.606360733509064
332.332702636719,34.984676361084,0.59467750787735
332.832641601563,34.9932098388672,0.583107888698578
333.332580566406,35.0017433166504,0.571651995182037
333.832489013672,35.0102767944336,0.560309708118439
334.332427978516,35.0188102722168,0.549081087112427
334.832336425781,35.02734375,0.537966132164001
335.332275390625,35.0358772277832,0.526964783668518
335.832214355469,35.0444107055664,0.516077160835266
336.332122802734,35.0529441833496,0.505303144454956
336.832061767578,35.0614776611328,0.49464276432991
337.331970214844,35.070011138916,0.484096050262451
337.831909179687,35.0785446166992,0.473663002252579
338.331848144531,35.0870780944824,0.463343620300293
338.831756591797,35.0956115722656,0.453137844800949
339.331695556641,35.1041450500488,0.443045765161514
339.831634521484,35.112678527832,0.433067321777344
340.33154296875,35.1212120056152,0.423202514648438
340.831481933594,35.1297454833984,0.41345140337944
341.332946777344,35.1383056640625,0.403813898563385
341.913848876953,35.145435333252,0.394290059804916
342.494873046875,35.1471824645996,0.384879887104034
343.075836181641,35.1435546875,0.375583380460739
343.656799316406,35.1345481872559,0.366400480270386
344.237579345703,35.1201667785645,0.357331275939941
344.818237304687,35.1004066467285,0.348375707864761
345.398712158203,35.0752754211426,0.339533776044846
345.978881835937,35.0447731018066,0.330805510282516
346.558776855469,35.0088996887207,0.322190910577774
347.138275146484,34.967658996582,0.313689947128296
347.717437744141,34.9210586547852,0.305302649736404
348.296051025391,34.8690986633301,0.297028988599777
348.874237060547,34.8117828369141,0.288868993520737
349.451843261719,34.7491226196289,0.28082263469696
350.028839111328,34.6811103820801,0.272889941930771
350.605163574219,34.6077690124512,0.265070885419846
351.180786132812,34.5290908813477,0.257365494966507
351.755706787109,34.4450874328613,0.249773770570755
352.329772949219,34.355770111084,0.242295682430267
352.903045654297,34.2611389160156,0.234931260347366
353.475341796875,34.161205291748,0.22768047451973
354.046752929687,34.055980682373,0.220543339848518
354.617095947266,33.9454689025879,0.213519871234894
355.186462402344,33.8296852111816,0.206610053777695
355.754730224609,33.7086334228516,0.19981387257576
356.321807861328,33.582332611084,0.193131357431412
356.887725830078,33.4507827758789,0.186562493443489
357.452392578125,33.3140029907227,0.180107280611992
358.015747070313,33.1719970703125,0.173765733838081
358.577758789062,33.024787902832,0.167537823319435
359.138397216797,32.8723831176758,0.161423563957214
359.697631835937,32.7147941589355,0.15542297065258
360.25537109375,32.5520324707031,0.14953601360321
360.811584472656,32.3841171264648,0.143762722611427
361.366180419922,32.211067199707,0.13810308277607
361.919158935547,32.0328826904297,0.132557094097137
362.470520019531,31.8495864868164,0.127124756574631
363.020080566406,31.6611995697021,0.121806062757969
363.567932128906,31.4677295684814,0.116601034998894
364.113952636719,31.2691993713379,0.111509650945663
364.658111572266,31.0656204223633,0.106531925499439
365.200347900391,30.8570175170898,0.101667851209641
365.740661621094,30.643404006958,0.096917428076267
366.278961181641,30.4247970581055,0.09228065609932
366.815216064453,30.2012138366699,0.087757542729378
367.349365234375,29.9726829528809,0.083348080515862
367.881378173828,29.7392120361328,0.079052269458771
368.411193847656,29.5008316040039,0.074870109558106
368.938812255859,29.2575511932373,0.070801600813866
369.464172363281,29.0093994140625,0.066846750676632
369.987182617187,28.7563972473144,0.063005544245243
370.5078125,28.4985618591309,0.05927799642086
371.026062011719,28.2359218597412,0.055664103478193
371.541839599609,27.9684944152832,0.052163857966662
372.055114746094,27.6963043212891,0.048777267336845
372.565856933594,27.419376373291,0.045504331588745
373.074005126953,27.1377296447754,0.04234504699707
373.579559326172,26.851390838623,0.039299413561821
374.082427978516,26.5603885650635,0.036367431282997
374.582580566406,26.2647399902344,0.033549103885889
375.079925537109,25.9644775390625,0.030844431370497
375.574554443359,25.6596240997314,0.028253408148885
376.066284179687,25.3502044677734,0.025776039808989
376.55517578125,25.0362453460693,0.023412322625518
377.041076660156,24.7177734375,0.021162258461118
377.524017333984,24.3948192596436,0.019025845453143
378.003997802734,24.0674057006836,0.017003087326884
378.480926513672,23.7355690002441,0.015093981288374
378.954711914063,23.3993301391602,0.013298527337611
379.425384521484,23.0587196350098,0.011616726405919
379.892913818359,22.7137641906738,0.010048577561975
380.357147216797,22.3644981384277,0.008594081737101
380.818206787109,22.010950088501,0.007253238465637
381.275970458984,21.653148651123,0.006026048213243
381.730377197266,21.2911262512207,0.004912510048598
382.181396484375,20.9249153137207,0.003912624903023
382.629028320313,20.5545425415039,0.003026392310858
383.0732421875,20.1800422668457,0.002253812272102
383.513916015625,19.8014469146729,0.001594884786755
383.951110839844,19.4187889099121,0.001049610087648
384.384704589844,19.0321006774902,0.000617987941951
384.814727783203,18.6414108276367,0.00030001840787
385.241119384766,18.2467651367188,9.57015436142683E-05
385.663848876953,17.8481826782227,5.03730143464054E-06
386.082824707031,17.4457092285156,0
386.498138427734,17.0393714904785,0
386.909606933594,16.629207611084,0
387.317291259766,16.2152519226074,0
387.721069335938,15.7975444793701,0
388.121002197266,15.3761157989502,0
388.517059326172,14.9509983062744,0
388.909088134766,14.5222396850586,0
389.297180175781,14.0898656845093,0
389.681243896484,13.6539211273193,0
390.061248779297,13.2144384384155,0
390.437194824219,12.7714576721191,0
390.808990478516,12.3250169754028,0
391.176666259766,11.8751525878906,0
391.540130615234,11.4219036102295,0
391.8994140625,10.965311050415,0
392.25439453125,10.505410194397,0
392.605224609375,10.0422449111938,0
392.951629638672,9.57585144042969,0
393.293731689453,9.10627269744873,0
393.631500244141,8.63354682922363,0
393.964874267578,8.15771389007568,0
394.293853759766,7.67881727218628,0
394.618347167969,7.19689416885376,0
394.938385009766,6.71198892593384,0
395.25390625,6.22414302825928,0
395.564910888672,5.73339414596558,0
395.871368408203,5.23979234695435,0
396.173217773437,4.74337196350098,0
396.470458984375,4.24417924880981,0
396.763092041016,3.7422571182251,0
397.051025390625,3.23764538764954,0
397.334320068359,2.730393409729,0
397.612854003906,2.22053956985474,0
397.886749267578,1.70812845230103,0
398.155822753906,1.19320583343506,0
398.420104980469,0.675812244415283,0
398.679626464844,0.155998229980469,0
398.934295654297,-0.36620044708252,0
399.184143066406,-0.890732288360596,0
399.429138183594,-1.41755247116089,0
399.669189453125,-1.94661951065063,0
399.904357910156,-2.47788572311401,0
400.134643554688,-3.01130485534668,0
400.359954833984,-3.54683399200439,0
400.580261230469,-4.08442640304565,0
400.795623779297,-4.62403249740601,0
401.005950927734,-5.16561079025269,0
401.211273193359,-5.70911264419556,0
401.411560058594,-6.25449180603027,0
401.606811523438,-6.80170059204102,0
401.796966552734,-7.35069561004639,0
401.981994628906,-7.90142393112183,0
402.161956787109,-8.45384311676025,0
402.336822509766,-9.00790596008301,0
402.506530761719,-9.56356143951416,0
402.671051025391,-10.1207637786865,0
402.830444335938,-10.6794662475586,0
402.984680175781,-11.2396202087402,0
403.133697509766,-11.8011779785156,0
403.277496337891,-12.3640899658203,0
403.416107177734,-12.9283084869385,0
403.549438476562,-13.4937877655029,0
403.677581787109,-14.060474395752,0
403.800445556641,-14.628324508667,0
403.918060302734,-15.197286605835,0
404.030395507813,-15.7673139572144,0
404.137451171875,-16.338357925415,0
404.239227294922,-16.9103679656982,0
404.335693359375,-17.4832935333252,0
404.426879882813,-18.0570907592773,0
404.512725830078,-18.6317043304443,0
404.59326171875,-19.2070903778076,0
404.668426513672,-19.7831954956055,0
404.738311767578,-20.3599720001221,0
404.802825927734,-20.937370300293,0
404.862030029297,-21.5153408050537,0
404.915802001953,-22.0938377380371,0
404.964294433594,-22.6728038787842,0
405.007354736328,-23.2521934509277,0
405.045104980469,-23.831958770752,0
405.077484130859,-24.412052154541,0
405.104461669922,-24.9924163818359,0
405.126098632813,-25.5730056762695,0
405.142364501953,-26.1537704467773,0
405.153198242188,-26.7346630096436,0
405.158752441406,-27.2908306121826,0
405.16259765625,-27.7908153533936,0
405.166412353516,-28.2908000946045,0
405.170257568359,-28.7907867431641,0
405.174072265625,-29.290771484375,0
405.177917480469,-29.7907562255859,0
405.181732177734,-30.2907428741455,0
405.185577392578,-30.7907276153564,0
405.189392089844,-31.2907123565674,0
405.193237304688,-31.7906970977783,0
405.197082519531,-32.2906837463379,0
405.200897216797,-32.7906684875488,0
405.204742431641,-33.2906532287598,0
405.208557128906,-33.7906379699707,0
405.21240234375,-34.2906227111816,0
405.216217041016,-34.7906074523926,0
405.220062255859,-35.2905960083008,0
405.223907470703,-35.7905807495117,0
405.227722167969,-36.2905654907227,0
405.231567382813,-36.7905502319336,0
405.235382080078,-37.2905387878418,0
405.239227294922,-37.7905235290527,0
405.243041992188,-38.2905082702637,0
405.246887207031,-38.7904930114746,0
405.250701904297,-39.2904777526855,0
405.254547119141,-39.7904624938965,0
405.258392333984,-40.2904472351074,0
405.26220703125,-40.7904319763184,0
405.266052246094,-41.2904167175293,0
405.269866943359,-41.7904052734375,0
405.273712158203,-42.2903900146484,0
405.277526855469,-42.7903747558594,0
405.281372070313,-43.2903594970703,0
405.285217285156,-43.7903442382813,0
405.289031982422,-44.2903327941895,0
405.292877197266,-44.7903175354004,0
405.296691894531,-45.2903022766113,0
405.300537109375,-45.7902870178223,0
405.304351806641,-46.2902717590332,0
405.308197021484,-46.7902565002441,0
405.31201171875,-47.2902412414551,0
405.315856933594,-47.790225982666,0
405.319702148438,-48.2902145385742,0
405.323516845703,-48.7901992797852,0
405.327362060547,-49.2901840209961,0
405.331176757813,-49.790168762207,0
405.335021972656,-50.290153503418,0
405.338836669922,-50.7901420593262,0
405.342681884766,-51.2901268005371,0
405.346527099609,-51.790111541748,0
405.350341796875,-52.290096282959,0
405.354187011719,-52.7900810241699,0
405.358001708984,-53.2900657653809,0
405.361846923828,-53.7900505065918,0
405.365661621094,-54.2900352478027,0
405.369506835938,-54.7900238037109,0
405.373321533203,-55.2900085449219,0
405.377197265625,-55.7899932861328,0
405.381011962891,-56.2899780273438,0
405.384857177734,-56.7899627685547,0
405.388671875,-57.2899513244629,0
405.392517089844,-57.7899360656738,0
405.396331787109,-58.2899208068848,0
405.400177001953,-58.7899055480957,0
405.404022216797,-59.2898902893066,0
405.407836914063,-59.7898712158203,0
405.411682128906,-60.2898597717285,0
405.415496826172,-60.7898445129395,0
405.419342041016,-61.2898292541504,0
405.423156738281,-61.7898139953613,0
405.427001953125,-62.2897987365723,0
405.430816650391,-62.7897834777832,0
405.434661865234,-63.2897682189941,0
405.438507080078,-63.7897529602051,0
405.442321777344,-64.2897415161133,0
405.446166992188,-64.7897262573242,0
405.449981689453,-65.2897109985352,0
405.453826904297,-65.7897033691406,0
405.457641601562,-66.2896881103516,0
405.461486816406,-66.7896728515625,0
405.465301513672,-67.2896575927734,0
405.469146728516,-67.7896423339844,0
405.472991943359,-68.2896270751953,0
405.476806640625,-68.7896118164062,0
405.480651855469,-69.2895965576172,0
405.484466552734,-69.7895812988281,0
405.488311767578,-70.2895660400391,0
405.492126464844,-70.78955078125,0
405.495971679688,-71.2895355224609,0
405.499816894531,-71.7895278930664,0
405.503631591797,-72.2895126342773,0
405.507476806641,-72.7894973754883,0
405.511291503906,-73.2894821166992,0
405.51513671875,-73.7894668579102,0
405.518951416016,-74.2894515991211,0
405.522796630859,-74.789436340332,0
405.526611328125,-75.289421081543,0
405.530456542969,-75.7894058227539,0
405.534271240234,-76.2893905639649,0
405.538116455078,-76.7893753051758,0
405.541931152344,-77.2893600463867,0
405.545776367188,-77.7893524169922,0
405.549621582031,-78.2893371582031,0
405.553436279297,-78.7893218994141,0
405.557281494141,-79.289306640625,0
405.561096191406,-79.7892913818359,0
405.56494140625,-80.2892761230469,0
405.568756103516,-80.7892608642578,0
405.572692871094,-81.2835998535156,0
405.577026367188,-81.7748336791992,0
405.581848144531,-82.2660522460938,0
405.587005615234,-82.7648162841797,0
405.592224121094,-83.2647857666016,0
405.597473144531,-83.764762878418,0
405.602691650391,-84.2647323608398,0
405.60791015625,-84.7647094726563,0
405.613128662109,-85.2646789550781,0
405.618347167969,-85.7646484375,0
405.623565673828,-86.2646255493164,0
405.628814697266,-86.7645950317383,0
405.634033203125,-87.2645721435547,0
405.639251708984,-87.7645416259766,0
405.644470214844,-88.2645111083984,0
405.649688720703,-88.7644882202148,0
405.654907226563,-89.2644577026367,0
405.66015625,-89.7644348144531,0
405.665374755859,-90.264404296875,0
405.670593261719,-90.7643814086914,0
405.675811767578,-91.2643508911133,0
405.681030273438,-91.7643203735352,0
405.686248779297,-92.2642974853516,0
405.691497802734,-92.7642669677734,0
405.696716308594,-93.2642440795899,0
405.701934814453,-93.7642135620117,0
405.707153320313,-94.2641906738281,0
405.712371826172,-94.76416015625,0
405.717590332031,-95.2641296386719,0
405.722839355469,-95.7641067504883,0
405.728057861328,-96.2640838623047,0
405.733276367188,-96.7640533447266,0
405.738494873047,-97.2640228271484,0
405.743713378906,-97.7639923095703,0
405.748962402344,-98.2639694213867,0
405.754180908203,-98.7639465332031,0
405.759399414063,-99.263916015625,0
405.764617919922,-99.7638854980469,0
405.769836425781,-100.263854980469,0
405.775054931641,-100.763832092285,0
405.780303955078,-101.263809204102,0
405.785522460937,-101.763778686523,0
405.790740966797,-102.263748168945,0
405.795959472656,-102.763725280762,0
405.801177978516,-103.263694763184,0
405.806396484375,-103.763671875,0
405.811645507812,-104.263641357422,0
405.816864013672,-104.763610839844,0
405.822082519531,-105.26358795166,0
405.827301025391,-105.763565063477,0
405.83251953125,-106.263534545898,0
405.837738037109,-106.76350402832,0
405.842987060547,-107.263473510742,0
405.848205566406,-107.763450622559,0
405.853424072266,-108.263427734375,0
405.858642578125,-108.763397216797,0
405.863861083984,-109.263366699219,0
405.869079589844,-109.763336181641,0
405.874328613281,-110.263313293457,0
405.879547119141,-110.763290405273,0
405.884765625,-111.263259887695,0
405.889984130859,-111.763229370117,0
405.895202636719,-112.263206481934,0
405.900421142578,-112.763175964355,0
405.905670166016,-113.263153076172,0
405.910888671875,-113.763122558594,0
405.916107177734,-114.263092041016,0
405.921325683594,-114.763069152832,0
405.926544189453,-115.263046264648,0
405.931762695313,-115.76301574707,0
405.93701171875,-116.262985229492,0
405.942230224609,-116.762954711914,0
405.947448730469,-117.26293182373,0
405.952667236328,-117.762908935547,0
405.957885742188,-118.262878417969,0
405.963104248047,-118.762847900391,0
405.968353271484,-119.262817382813,0
405.973571777344,-119.762794494629,0
405.978790283203,-120.262771606445,0
405.984008789063,-120.762741088867,0
405.989227294922,-121.262710571289,0
405.994445800781,-121.762687683105,0
405.999694824219,-122.262664794922,0
406.004913330078,-122.762634277344,0
406.010131835938,-123.262603759766,0
406.015350341797,-123.762573242188,0
406.020568847656,-124.262550354004,0
406.025787353516,-124.76252746582,0
406.031036376953,-125.262496948242,0
406.036254882813,-125.762466430664,0
406.041473388672,-126.262435913086,0
406.046691894531,-126.762413024902,0
406.051910400391,-127.262390136719,0
406.05712890625,-127.762359619141,0
406.062377929688,-128.262329101563,0
406.067596435547,-128.762298583984,0
406.072814941406,-129.262283325195,0
406.078033447266,-129.762252807617,0
406.083251953125,-130.262222290039,0
406.088470458984,-130.762191772461,0
406.093719482422,-131.262161254883,0
406.098937988281,-131.762145996094,0
406.104156494141,-132.262115478516,0
406.109375,-132.762084960938,0
406.114593505859,-133.262054443359,0
406.119812011719,-133.76203918457,0
406.125061035156,-134.262008666992,0
406.130279541016,-134.761978149414,0
406.135498046875,-135.261947631836,0
406.140716552734,-135.761917114258,0
406.145935058594,-136.261901855469,0
406.151184082031,-136.761871337891,0
406.156402587891,-137.261840820313,0
406.16162109375,-137.761810302734,0
406.166839599609,-138.261779785156,0
406.172058105469,-138.761764526367,0
406.177276611328,-139.261734008789,0
406.182525634766,-139.761703491211,0
406.187744140625,-140.261672973633,0
406.192962646484,-140.761642456055,0
406.198181152344,-141.261627197266,0
406.203399658203,-141.761596679688,0
406.208618164063,-142.261566162109,0
406.2138671875,-142.761535644531,0
406.219085693359,-143.261520385742,0
406.224304199219,-143.761489868164,0
406.229522705078,-144.261459350586,0
406.234741210938,-144.761428833008,0
406.239959716797,-145.26139831543,0
406.245208740234,-145.761383056641,0
406.250427246094,-146.261352539063,0
406.255645751953,-146.761322021484,0
406.260864257813,-147.261291503906,0
406.266082763672,-147.761260986328,0
406.271301269531,-148.261245727539,0
406.276550292969,-148.761215209961,0
406.281768798828,-149.261184692383,0
406.286987304688,-149.761154174805,0
406.292205810547,-150.261123657227,0
406.297424316406,-150.761108398438,0
406.302642822266,-151.261077880859,0
406.307891845703,-151.761047363281,0
406.313110351563,-152.261016845703,0
406.318328857422,-152.761001586914,0
406.323547363281,-153.260971069336,0
406.328765869141,-153.760940551758,0
406.333984375,-154.26091003418,0
406.339233398438,-154.760879516602,0
406.344451904297,-155.260864257813,0
406.349670410156,-155.760833740234,0
406.354888916016,-156.260803222656,0
406.360107421875,-156.760772705078,0
406.365325927734,-157.2607421875,0
406.370574951172,-157.760726928711,0
406.375793457031,-158.260696411133,0
406.381011962891,-158.760665893555,0
406.38623046875,-159.260650634766,0
406.391479492187,-159.760620117188,0
406.396697998047,-160.260589599609,0
406.401916503906,-160.760559082031,0
406.407135009766,-161.260528564453,0
406.412353515625,-161.760513305664,0
406.417572021484,-162.260482788086,0
406.422821044922,-162.760452270508,0
406.428039550781,-163.26042175293,0
406.433258056641,-163.760391235352,0
406.4384765625,-164.260360717773,0
406.443695068359,-164.760330200195,0
406.448913574219,-165.260314941406,0
406.454162597656,-165.760284423828,0
406.459381103516,-166.26025390625,0
406.464599609375,-166.760223388672,0
406.469818115234,-167.260208129883,0
406.475036621094,-167.760177612305,0
406.480255126953,-168.260147094727,0
406.485504150391,-168.760116577148,0
406.49072265625,-169.26008605957,0
406.495941162109,-169.760070800781,0
406.501159667969,-170.260040283203,0
406.506378173828,-170.760009765625,0
406.511596679688,-171.259979248047,0
406.516845703125,-171.759948730469,0
406.522064208984,-172.25993347168,0
406.527282714844,-172.759902954102,0
406.532501220703,-173.259872436523,0
406.537719726563,-173.759841918945,0
406.54296875,-174.259811401367,0
406.548187255859,-174.759796142578,0
406.553405761719,-175.259765625,0
406.558624267578,-175.759735107422,0
406.563842773438,-176.259704589844,0
406.569061279297,-176.759689331055,0
406.574310302734,-177.259658813477,0
406.579528808594,-177.759628295898,0
406.584747314453,-178.25959777832,0
406.589965820313,-178.759567260742,0
406.595184326172,-179.259536743164,0
406.600433349609,-179.759521484375,0
406.605651855469,-180.259490966797,0
406.610870361328,-180.759460449219,0
406.616088867188,-181.25944519043,0
406.621337890625,-181.759414672852,0
406.626556396484,-182.259384155273,0
406.631774902344,-182.759353637695,0
406.636993408203,-183.259323120117,0
406.642211914063,-183.759307861328,0
406.647430419922,-184.25927734375,0
406.652679443359,-184.759246826172,0
406.657897949219,-185.259216308594,0
406.663116455078,-185.759201049805,0
406.668334960937,-186.259170532227,0
406.673553466797,-186.759140014648,0
406.678771972656,-187.25910949707,0
406.684020996094,-187.759078979492,0
406.689239501953,-188.259063720703,0
406.694458007813,-188.759033203125,0
406.699676513672,-189.259002685547,0
406.704895019531,-189.758972167969,0
406.710144042969,-190.25895690918,0
406.715362548828,-190.758926391602,0
406.720581054688,-191.258895874023,0
406.725799560547,-191.758865356445,0
406.731018066406,-192.258834838867,0
406.736236572266,-192.758804321289,0
406.741485595703,-193.2587890625,0
406.746704101563,-193.758758544922,0
406.751922607422,-194.258728027344,0
406.757141113281,-194.758712768555,0
406.762359619141,-195.258682250977,0
406.767578125,-195.758651733398,0
406.772827148438,-196.25862121582,0
406.778045654297,-196.758590698242,0
406.783264160156,-197.258560180664,0
406.788482666016,-197.758544921875,0
406.793701171875,-198.258514404297,0
406.798919677734,-198.758483886719,0
406.804168701172,-199.258453369141,0
406.809387207031,-199.758438110352,0
406.814605712891,-200.258407592773,0
406.81982421875,-200.758377075195,0
406.825042724609,-201.258346557617,0
406.830261230469,-201.758316040039,0
406.835510253906,-202.25830078125,0
406.840728759766,-202.758270263672,0
406.845947265625,-203.258239746094,0
406.851165771484,-203.758209228516,0
406.856384277344,-204.258178710938,0
406.861602783203,-204.758163452148,0
406.866851806641,-205.25813293457,0
406.8720703125,-205.758102416992,0
406.877288818359,-206.258071899414,0
406.882507324219,-206.758041381836,0
406.887725830078,-207.258026123047,0
406.892944335938,-207.757995605469,0
406.898193359375,-208.257965087891,0
406.903411865234,-208.757934570312,0
406.908630371094,-209.257919311523,0
406.913848876953,-209.757888793945,0
406.919067382813,-210.257858276367,0
406.924285888672,-210.757827758789,0
406.929534912109,-211.257797241211,0
406.934753417969,-211.757781982422,0
406.939971923828,-212.257751464844,0
406.945190429687,-212.757720947266,0
406.950408935547,-213.257690429687,0
406.955627441406,-213.757675170898,0
406.960876464844,-214.25764465332,0
406.966094970703,-214.757614135742,0
406.971313476562,-215.257583618164,0
406.976531982422,-215.757553100586,0
406.981750488281,-216.257522583008,0
406.986968994141,-216.757507324219,0
406.992218017578,-217.257476806641,0
406.997436523438,-217.757446289062,0
407.002655029297,-218.257415771484,0
407.007873535156,-218.757400512695,0
407.013092041016,-219.257369995117,0
407.018310546875,-219.757339477539,0
407.023559570313,-220.257308959961,0
407.028778076172,-220.757278442383,0
407.033996582031,-221.257263183594,0
407.039215087891,-221.757232666016,0
407.04443359375,-222.257202148438,0
407.049652099609,-222.757171630859,0
407.054901123047,-223.257141113281,0
407.060119628906,-223.757125854492,0
407.065338134766,-224.257095336914,0
407.070556640625,-224.757064819336,0
407.075775146484,-225.257034301758,0
407.081024169922,-225.757019042969,0
407.086242675781,-226.256988525391,0
407.091461181641,-226.756958007812,0
407.0966796875,-227.256927490234,0
407.101898193359,-227.756896972656,0
407.107116699219,-228.256881713867,0
407.112365722656,-228.756851196289,0
407.117584228516,-229.256820678711,0
407.122802734375,-229.756790161133,0
407.128021240234,-230.256759643555,0
407.133239746094,-230.756744384766,0
407.138488769531,-231.262847900391,0
407.142761230469,-231.792556762695,0
407.145202636719,-232.322265625,0
407.145874023438,-232.851974487305,0
407.144744873047,-233.381698608398,0
407.141784667969,-233.911422729492,0
407.137054443359,-234.441116333008,0
407.130554199219,-234.970794677734,0
407.122192382812,-235.500457763672,0
407.112091064453,-236.030075073242,0
407.100158691406,-236.559646606445,0
407.086456298828,-237.08918762207,0
407.070892333984,-237.618698120117,0
407.053588867188,-238.148132324219,0
407.034454345703,-238.677490234375,0
407.013519287109,-239.206817626953,0
406.990814208984,-239.736038208008,0
406.96630859375,-240.265197753906,0
406.939971923828,-240.794250488281,0
406.911865234375,-241.323226928711,0
406.881988525391,-241.852111816406,0
406.850250244141,-242.380889892578,0
406.816772460938,-242.909530639648,0
406.781494140625,-243.438079833984,0
406.744384765625,-243.966506958008,0
406.705535888672,-244.49479675293,0
406.664855957031,-245.02294921875,0
406.622375488281,-245.55094909668,0
406.578094482422,-246.078826904297,0
406.532012939453,-246.606552124023,0
406.484191894531,-247.134094238281,0
406.434539794922,-247.661468505859,0
406.383117675781,-248.188705444336,0
406.329895019531,-248.715744018555,0
406.274871826172,-249.242599487305,0
406.218078613281,-249.769256591797,0
406.159484863281,-250.29573059082,0
406.09912109375,-250.821990966797,0
406.036956787109,-251.348052978516,0
405.973022460938,-251.873901367187,0
405.907257080078,-252.399520874023,0
405.839752197266,-252.924911499023,0
405.770416259766,-253.450103759766,0
405.699371337891,-253.975021362305,0
405.62646484375,-254.499710083008,0
405.551788330078,-255.024124145508,0
405.475341796875,-255.548309326172,0
405.397186279297,-256.072204589844,0
405.317199707031,-256.595855712891,0
405.235412597656,-257.119232177734,0
405.15185546875,-257.642333984375,0
405.066528320313,-258.165100097656,0
404.979431152344,-258.687622070312,0
404.890563964844,-259.209838867188,0
404.799896240234,-259.731750488281,0
404.707489013672,-260.253356933594,0
404.61328125,-260.774627685547,0
404.517333984375,-261.295562744141,0
404.419616699219,-261.816223144531,0
404.320098876953,-262.336517333984,0
404.218811035156,-262.8564453125,0
404.115814208984,-263.376037597656,0
404.010986328125,-263.895324707031,0
403.904479980469,-264.414184570313,0
403.796112060547,-264.932739257812,0
403.686065673828,-265.450897216797,0
403.574249267578,-265.968658447266,0
403.460662841797,-266.486053466797,0
403.345306396484,-267.003051757812,0
403.228210449219,-267.519653320312,0
403.109313964844,-268.035888671875,0
402.988677978516,-268.551666259766,0
402.866333007813,-269.067077636719,0
402.742218017578,-269.582061767578,0
402.616363525391,-270.096588134766,0
402.488739013672,-270.610717773437,0
402.359375,-271.124420166016,0
402.228302001953,-271.637634277344,0
402.095428466797,-272.150421142578,0
401.960876464844,-272.662780761719,0
401.824554443359,-273.174652099609,0
401.6865234375,-273.686065673828,0
401.546722412109,-274.196990966797,0
401.405151367188,-274.707458496094,0
401.261901855469,-275.217468261719,0
401.116882324219,-275.726928710937,0
400.970153808594,-276.235931396484,0
400.821716308594,-276.744415283203,0
400.671539306641,-277.252380371094,0
400.519622802734,-277.759887695312,0
400.366027832031,-278.266815185547,0
400.210632324219,-278.773254394531,0
400.053588867188,-279.279144287109,0
399.894775390625,-279.784515380859,0
399.734283447266,-280.289337158203,0
399.572082519531,-280.793609619141,0
399.408142089844,-281.297332763672,0
399.242492675781,-281.800476074219,0
399.075134277344,-282.303070068359,0
398.906097412109,-282.805084228516,0
398.7353515625,-283.306549072266,0
398.562896728516,-283.807403564453,0
398.388763427734,-284.307647705078,0
398.212890625,-284.807342529297,0
398.035369873047,-285.306396484375,0
397.856109619141,-285.804901123047,0
397.675170898437,-286.302734375,0
397.492523193359,-286.799987792969,0
397.308227539063,-287.296600341797,0
397.122192382812,-287.792602539063,0
396.934539794922,-288.287963867187,0
396.7451171875,-288.782653808594,0
396.554138183594,-289.276763916016,0
396.361419677734,-289.770172119141,0
396.1669921875,-290.262939453125,0
395.970947265625,-290.755035400391,0
395.773193359375,-291.246459960937,0
395.573791503906,-291.737182617188,0
395.372711181641,-292.227264404297,0
395.169952392578,-292.716674804687,0
394.965545654297,-293.205352783203,0
394.759552001953,-293.693359375,0
394.551788330078,-294.180694580078,0
394.342437744141,-294.667236328125,0
394.131408691406,-295.153106689453,0
393.918762207031,-295.638275146484,0
393.704437255859,-296.122680664062,0
393.488433837891,-296.606414794922,0
393.270843505859,-297.08935546875,0
393.051666259766,-297.571563720703,0
392.830780029297,-298.053039550781,0
392.608276367188,-298.533782958984,0
392.384094238281,-299.013732910156,0
392.158325195313,-299.492919921875,0
391.930969238281,-299.971374511719,0
391.701934814453,-300.449005126953,0
391.471313476563,-300.925903320312,0
391.239044189453,-301.401977539062,0
391.005157470703,-301.877258300781,0
390.769683837891,-302.351776123047,0
390.532562255859,-302.825469970703,0
390.293853759766,-303.298370361328,0
390.053527832031,-303.770416259766,0
389.811645507812,-304.241668701172,0
389.568115234375,-304.712127685547,0
389.322967529297,-305.181701660156,0
389.076293945313,-305.650482177734,0
388.828002929687,-306.118408203125,0
388.578125,-306.58544921875,0
388.32666015625,-307.051696777344,0
388.073638916016,-307.517059326172,0
387.819000244141,-307.981597900391,0
387.562805175781,-308.445220947266,0
387.304992675781,-308.907989501953,0
387.045684814453,-309.369903564453,0
386.784729003906,-309.830871582031,0
386.522277832031,-310.291015625,0
386.258209228516,-310.750244140625,0
385.992645263672,-311.208557128906,0
385.725463867188,-311.665954589844,0
385.456787109375,-312.122467041016,0
385.1865234375,-312.578094482422,0
384.914703369141,-313.03271484375,0
384.641387939453,-313.486480712891,0
384.366485595703,-313.939331054687,0
384.090087890625,-314.391174316406,0
383.812103271484,-314.842132568359,0
383.532653808594,-315.292144775391,0
383.251647949219,-315.741119384766,0
382.969085693359,-316.189239501953,0
382.685028076172,-316.636322021484,0
382.399444580078,-317.08251953125,0
382.112365722656,-317.527709960937,0
381.823791503906,-317.971893310547,0
381.53369140625,-318.415100097656,0
381.242065429687,-318.857360839844,0
380.949005126953,-319.298553466797,0
380.654388427734,-319.738830566406,0
380.358306884766,-320.178070068359,0
380.060699462891,-320.616271972656,0
379.761627197266,-321.053497314453,0
379.461059570312,-321.489685058594,0
379.159027099609,-321.924865722656,0
378.855529785156,-322.359008789063,0
378.550506591797,-322.792114257813,0
378.244079589844,-323.224212646484,0
377.936157226562,-323.6552734375,0
377.626770019531,-324.085205078125,0
377.31591796875,-324.514129638672,0
377.003631591797,-324.942016601562,0
376.689910888672,-325.368835449219,0
376.374694824219,-325.794555664062,0
376.058044433594,-326.21923828125,0
375.739959716797,-326.642822265625,0
375.420471191406,-327.065338134766,0
375.099517822266,-327.486724853516,0
374.777130126953,-327.907073974609,0
374.453308105469,-328.326324462891,0
374.128051757812,-328.744415283203,0
373.801452636719,-329.161468505859,0
373.473358154297,-329.577362060547,0
373.143890380859,-329.992156982422,0
372.813049316406,-330.405792236328,0
372.480743408203,-330.818359375,0
372.147064208984,-331.229766845703,0
371.811981201172,-331.640045166016,0
371.475524902344,-332.049163818359,0
371.1376953125,-332.457183837891,0
370.798431396484,-332.864013671875,0
370.457824707031,-333.269714355469,0
370.115814208984,-333.674224853516,0
369.772430419922,-334.077575683594,0
369.427703857422,-334.479797363281,0
369.081634521484,-334.880828857422,0
368.734130859375,-335.280639648437,0
368.385375976563,-335.679290771484,0
368.03515625,-336.076751708984,0
367.683685302734,-336.473052978516,0
367.330780029297,-336.868133544922,0
366.976593017578,-337.262054443359,0
366.621063232422,-337.654724121094,0
366.264190673828,-338.046173095703,0
365.906005859375,-338.436462402344,0
365.546478271484,-338.825469970703,0
365.185638427734,-339.213287353516,0
364.823486328125,-339.599853515625,0
364.460021972656,-339.985229492187,0
364.095245361328,-340.369384765625,0
363.729217529297,-340.752227783203,0
363.36181640625,-341.133819580078,0
362.9931640625,-341.514221191406,0
362.623199462891,-341.893341064453,0
362.251922607422,-342.271240234375,0
361.879425048828,-342.647827148437,0
361.505645751953,-343.023162841797,0
361.130554199219,-343.397216796875,0
360.754211425781,-343.77001953125,0
360.376617431641,-344.141540527344,0
359.997772216797,-344.51171875,0
359.617614746094,-344.880676269531,0
359.236267089844,-345.248321533203,0
358.853637695312,-345.614654541016,0
358.469787597656,-345.979736328125,0
358.084686279297,-346.343444824219,0
357.698333740234,-346.705871582031,0
357.310791015625,-347.066955566406,0
356.921997070312,-347.4267578125,0
356.532012939453,-347.785247802734,0
356.140777587891,-348.142364501953,0
355.748352050781,-348.498199462891,0
355.354736328125,-348.852661132812,0
354.959869384766,-349.205810546875,0
354.563903808594,-349.5576171875,0
354.166656494141,-349.908081054688,0
353.768218994141,-350.257141113281,0
353.368591308594,-350.604888916016,0
352.967864990234,-350.951293945312,0
352.565887451172,-351.296295166016,0
352.162780761719,-351.639923095703,0
351.758483886719,-351.982238769531,0
351.353057861328,-352.323120117188,0
350.946441650391,-352.662628173828,0
350.538726806641,-353.000823974609,0
350.129791259766,-353.337554931641,0
349.719757080078,-353.672943115234,0
349.30859375,-354.006896972656,0
348.896240234375,-354.339477539063,0
348.482818603516,-354.670654296875,0
348.068267822266,-355.000396728516,0
347.652587890625,-355.328765869141,0
347.235809326172,-355.655700683594,0
346.817932128906,-355.981231689453,0
346.39892578125,-356.305328369141,0
345.978820800781,-356.627990722656,0
345.557586669922,-356.949249267578,0
345.135375976563,-357.26904296875,0
344.711975097656,-357.587463378906,0
344.287506103516,-357.904418945312,0
343.861999511719,-358.219909667969,0
343.435424804687,-358.533935546875,0
343.0078125,-358.846527099609,0
342.579071044922,-359.157653808594,0
342.149322509766,-359.467346191406,0
341.718505859375,-359.775604248047,0
341.286651611328,-360.082336425781,0
340.853759765625,-360.387634277344,0
340.419830322266,-360.691467285156,0
339.98486328125,-360.993804931641,0
339.548858642578,-361.294677734375,0
339.111877441406,-361.594024658203,0
338.673858642578,-361.891937255859,0
338.234802246094,-362.188354492188,0
337.794769287109,-362.483276367188,0
337.353729248047,-362.776672363281,0
336.911682128906,-363.068603515625,0
336.468688964844,-363.359039306641,0
336.024719238281,-363.647918701172,0
335.579742431641,-363.935333251953,0
335.1337890625,-364.22119140625,0
334.686859130859,-364.505554199219,0
334.238983154297,-364.788421630859,0
333.790130615234,-365.069732666016,0
333.34033203125,-365.349548339844,0
332.889587402344,-365.627807617187,0
332.437927246094,-365.904541015625,0
331.985290527344,-366.179748535156,0
331.53173828125,-366.453430175781,0
331.077270507812,-366.725555419922,0
330.621887207031,-366.996124267578,0
330.16552734375,-367.26513671875,0
329.708312988281,-367.532623291016,0
329.250183105469,-367.798553466797,0
328.791137695312,-368.062927246094,0
328.331207275391,-368.325714111328,0
327.870391845703,-368.586975097656,0
327.40869140625,-368.846649169922,0
326.946105957031,-369.104705810547,0
326.482666015625,-369.361267089844,0
326.018310546875,-369.6162109375,0
325.553131103516,-369.86962890625,0
325.087066650391,-370.121429443359,0
324.620147705078,-370.371612548828,0
324.152404785156,-370.620239257812,0
323.683837890625,-370.867248535156,0
323.214385986328,-371.112701416016,0
322.744171142578,-371.356536865234,0
322.273040771484,-371.598754882812,0
321.801147460937,-371.839447021484,0
321.328430175781,-372.078460693359,0
320.854888916016,-372.315887451172,0
320.380584716797,-372.551696777344,0
319.905426025391,-372.785919189453,0
319.429534912109,-373.0185546875,0
318.952819824219,-373.24951171875,0
318.475341796875,-373.478851318359,0
317.9970703125,-373.706604003906,0
317.518035888672,-373.932708740234,0
317.038238525391,-374.157196044922,0
316.557647705078,-374.380065917969,0
316.076324462891,-374.601257324219,0
315.594268798828,-374.820831298828,0
315.111480712891,-375.038757324219,0
314.627899169922,-375.255065917969,0
314.143676757813,-375.469757080078,0
313.658630371094,-375.682769775391,0
313.172882080078,-375.894134521484,0
312.686462402344,-376.103790283203,0
312.199310302734,-376.311859130859,0
311.711486816406,-376.518280029297,0
311.222900390625,-376.723022460938,0
310.733673095703,-376.926116943359,0
310.243713378906,-377.127502441406,0
309.753112792969,-377.327270507813,0
309.261840820312,-377.525360107422,0
308.769897460937,-377.721771240234,0
308.277282714844,-377.916534423828,0
307.783966064453,-378.109588623047,0
307.2900390625,-378.301025390625,0
306.795471191406,-378.490692138672,0
306.300201416016,-378.678741455078,0
305.804382324219,-378.865112304688,0
305.307891845703,-379.049774169922,0
304.810791015625,-379.232757568359,0
304.313079833984,-379.414001464844,0
303.814697265625,-379.593658447266,0
303.315765380859,-379.771545410156,0
302.816192626953,-379.94775390625,0
302.316040039062,-380.122253417969,0
301.815307617187,-380.295043945312,0
301.313995361328,-380.466125488281,0
300.812072753906,-380.635559082031,0
300.309600830078,-380.803253173828,0
299.806579589844,-380.969268798828,0
299.302978515625,-381.133544921875,0
298.798828125,-381.296081542969,0
298.294097900391,-381.456970214844,0
297.788848876953,-381.616119384766,0
297.283081054687,-381.773529052734,0
296.776763916016,-381.929229736328,0
296.269897460937,-382.083221435547,0
295.762542724609,-382.235504150391,0
295.254669189453,-382.386077880859,0
294.746276855469,-382.534851074219,0
294.237396240234,-382.681945800781,0
293.72802734375,-382.827270507812,0
293.218109130859,-382.970916748047,0
292.707763671875,-383.11279296875,0
292.196929931641,-383.252960205078,0
291.685607910156,-383.391357421875,0
291.173828125,-383.528076171875,0
290.661590576172,-383.662994384766,0
290.148895263672,-383.796203613281,0
289.6357421875,-383.927703857422,0
289.122161865234,-384.057403564453,0
288.608123779297,-384.185363769531,0
288.093658447266,-384.311584472656,0
287.578796386719,-384.436065673828,0
287.0634765625,-384.558807373047,0
286.547760009766,-384.679779052734,0
286.031616210937,-384.799011230469,0
285.515075683594,-384.916534423828,0
284.998168945312,-385.0322265625,0
284.480834960937,-385.146209716797,0
283.963134765625,-385.258392333984,0
283.445037841797,-385.368835449219,0
282.926635742187,-385.4775390625,0
282.407806396484,-385.584411621094,0
281.888610839844,-385.689575195312,0
281.369079589844,-385.792999267578,0
280.849212646484,-385.894592285156,0
280.329010009766,-385.994476318359,0
279.808441162109,-386.092590332031,0
279.287567138672,-386.188903808594,0
278.766326904297,-386.283477783203,0
278.244842529297,-386.376251220703,0
277.722961425781,-386.467254638672,0
277.200805664062,-386.556518554687,0
276.678375244141,-386.643981933594,0
276.155639648437,-386.729644775391,0
275.632598876953,-386.813598632812,0
275.109283447266,-386.895721435547,0
274.585693359375,-386.976104736328,0
274.061859130859,-387.054656982422,0
273.537719726562,-387.131500244141,0
273.013366699219,-387.206512451172,0
272.488739013672,-387.279754638672,0
271.963836669922,-387.351196289063,0
271.438720703125,-387.4208984375,0
270.913360595703,-387.48876953125,0
270.387756347656,-387.554870605469,0
269.861968994141,-387.619201660156,0
269.335968017578,-387.681762695312,0
268.809753417969,-387.742462158203,0
268.283325195312,-387.801452636719,0
267.756683349609,-387.858612060547,0
267.229858398438,-387.914031982422,0
266.702880859375,-387.967620849609,0
266.175689697266,-388.019409179687,0
265.648345947266,-388.069427490234,0
265.120819091797,-388.11767578125,0
264.593139648438,-388.1640625,0
264.065307617187,-388.208709716797,0
263.537322998047,-388.251556396484,0
263.009216308594,-388.292602539062,0
262.48095703125,-388.331848144531,0
261.952575683594,-388.369354248047,0
261.424011230469,-388.404968261719,0
260.895385742187,-388.438842773437,0
260.366668701172,-388.470947265625,0
259.837799072266,-388.501251220703,0
259.308837890625,-388.529693603516,0
258.779815673828,-388.556396484375,0
258.250671386719,-388.581298828125,0
257.721466064453,-388.604400634766,0
257.192138671875,-388.625640869141,0
256.662811279297,-388.645202636719,0
256.133361816406,-388.662872314453,0
255.603881835937,-388.678741455078,0
255.074340820312,-388.692840576172,0
254.544769287109,-388.705200195312,0
254.015167236328,-388.715667724609,0
253.485504150391,-388.724365234375,0
252.955841064453,-388.731262207031,0
252.426147460937,-388.736389160156,0
251.896423339844,-388.739715576172,0
251.36669921875,-388.7412109375,0
250.836990356445,-388.740905761719,0
250.311553955078,-388.738891601563,0
249.811553955078,-388.736328125,0
249.311569213867,-388.733734130859,0
248.811569213867,-388.731170654297,0
248.311584472656,-388.728576660156,0
247.811584472656,-388.726013183594,0
247.311599731445,-388.723419189453,0
246.811599731445,-388.720855712891,0
246.311614990234,-388.71826171875,0
245.811614990234,-388.715698242187,0
245.311614990234,-388.713134765625,0
244.811630249023,-388.710540771484,0
244.311630249023,-388.707977294922,0
243.811645507812,-388.705383300781,0
243.311645507812,-388.702819824219,0
242.811660766602,-388.700225830078,0
242.311660766602,-388.697662353516,0
241.811660766602,-388.695068359375,0
241.311676025391,-388.692504882812,0
240.811676025391,-388.68994140625,0
240.31169128418,-388.687347412109,0
239.81169128418,-388.684783935547,0
239.311706542969,-388.682189941406,0
238.811706542969,-388.679626464844,0
238.311706542969,-388.677032470703,0
237.811721801758,-388.674468994141,0
237.311721801758,-388.671875,0
236.811737060547,-388.669311523437,0
236.311737060547,-388.666748046875,0
235.811752319336,-388.664154052734,0
235.311752319336,-388.661590576172,0
234.811767578125,-388.658996582031,0
234.311767578125,-388.656433105469,0
233.811767578125,-388.653839111328,0
233.311782836914,-388.651275634766,0
232.811782836914,-388.648681640625,0
232.311798095703,-388.646118164062,0
231.811798095703,-388.6435546875,0
231.311813354492,-388.640960693359,0
230.811813354492,-388.638397216797,0
230.311813354492,-388.635803222656,0
229.811828613281,-388.633239746094,0
229.318405151367,-388.630859375,0
228.827178955078,-388.628967285156,0
228.3359375,-388.627502441406,0
227.844680786133,-388.626586914062,0
227.353424072266,-388.626129150391,0
226.862167358398,-388.626190185547,0
226.37092590332,-388.626708984375,0
225.879684448242,-388.627746582031,0
225.388427734375,-388.629272460937,0
224.897186279297,-388.631286621094,0
224.405944824219,-388.633819580078,0
223.914688110352,-388.636779785156,0
223.422637939453,-388.640228271484,0
222.922653198242,-388.643981933594,0
222.422668457031,-388.647735595703,0
221.92268371582,-388.651489257813,0
221.422698974609,-388.655242919922,0
220.922714233398,-388.658996582031,0
220.422714233398,-388.662750244141,0
219.922729492187,-388.66650390625,0
219.422744750977,-388.670257568359,0
218.922760009766,-388.674011230469,0
218.422775268555,-388.677734375,0
217.922790527344,-388.681488037109,0
217.422805786133,-388.685241699219,0
216.922821044922,-388.688995361328,0
216.422836303711,-388.692749023437,0
215.9228515625,-388.696502685547,0
215.4228515625,-388.700286865234,0
214.922866821289,-388.704040527344,0
214.422882080078,-388.707794189453,0
213.922897338867,-388.711547851562,0
213.422912597656,-388.715301513672,0
212.922927856445,-388.719055175781,0
212.422943115234,-388.722778320312,0
211.922958374023,-388.726531982422,0
211.422958374023,-388.730285644531,0
210.922988891602,-388.734039306641,0
210.422988891602,-388.73779296875,0
209.923004150391,-388.741546630859,0
209.42301940918,-388.745300292969,0
208.923034667969,-388.749053955078,0
208.423049926758,-388.752807617188,0
207.923065185547,-388.756561279297,0
207.423080444336,-388.760314941406,0
206.923095703125,-388.764068603516,0
206.423110961914,-388.767822265625,0
205.923126220703,-388.771575927734,0
205.423141479492,-388.775329589844,0
204.923141479492,-388.779083251953,0
204.423156738281,-388.782806396484,0
203.92317199707,-388.786560058594,0
203.423187255859,-388.790313720703,0
202.923202514648,-388.794067382812,0
202.423217773437,-388.797821044922,0
201.923233032227,-388.801574707031,0
201.423248291016,-388.805328369141,0
200.923263549805,-388.80908203125,0
200.423278808594,-388.812835693359,0
199.923294067383,-388.816589355469,0
199.423309326172,-388.820343017578,0
198.923324584961,-388.824096679688,0
198.423324584961,-388.827850341797,0
197.92333984375,-388.831604003906,0
197.423355102539,-388.835357666016,0
196.923370361328,-388.839111328125,0
196.423385620117,-388.842834472656,0
195.923400878906,-388.846588134766,0
195.423416137695,-388.850341796875,0
194.923431396484,-388.854095458984,0
194.423446655273,-388.857849121094,0
193.923461914063,-388.861602783203,0
193.423477172852,-388.865325927734,0
192.923492431641,-388.869079589844,0
192.42350769043,-388.872833251953,0
191.923522949219,-388.876586914062,0
191.423538208008,-388.880340576172,0
190.923538208008,-388.884094238281,0
190.423553466797,-388.887847900391,0
189.923568725586,-388.8916015625,0
189.423583984375,-388.895355224609,0
188.923599243164,-388.899108886719,0
188.423614501953,-388.902862548828,0
187.923629760742,-388.906616210937,0
187.423645019531,-388.910369873047,0
186.92366027832,-388.914123535156,0
186.423675537109,-388.917846679687,0
185.923690795898,-388.921600341797,0
185.423706054688,-388.925354003906,0
184.923706054688,-388.929107666016,0
184.423721313477,-388.932861328125,0
183.923736572266,-388.936614990234,0
183.423751831055,-388.940368652344,0
182.923767089844,-388.944122314453,0
182.431533813477,-388.948028564453,0
181.934722900391,-388.952331542969,0
181.43473815918,-388.956695556641,0
180.934753417969,-388.961090087891,0
180.434783935547,-388.965454101562,0
179.934799194336,-388.969818115234,0
179.434814453125,-388.974212646484,0
178.934829711914,-388.978576660156,0
178.434844970703,-388.982971191406,0
177.934875488281,-388.987335205078,0
177.43489074707,-388.99169921875,0
176.934906005859,-388.99609375,0
176.434936523437,-389.000457763672,0
175.934951782227,-389.004821777344,0
175.434967041016,-389.009216308594,0
174.934982299805,-389.013580322266,0
174.435012817383,-389.017974853516,0
173.935028076172,-389.022338867187,0
173.435043334961,-389.026702880859,0
172.93505859375,-389.031097412109,0
172.435089111328,-389.035461425781,0
171.935104370117,-389.039825439453,0
171.435119628906,-389.044219970703,0
170.935134887695,-389.048583984375,0
170.435165405273,-389.052978515625,0
169.935180664063,-389.057342529297,0
169.435195922852,-389.061706542969,0
168.935211181641,-389.066101074219,0
168.435241699219,-389.070465087891,0
167.935256958008,-389.074829101562,0
167.435272216797,-389.079223632812,0
166.935287475586,-389.083587646484,0
166.435317993164,-389.087982177734,0
165.935333251953,-389.092346191406,0
165.435348510742,-389.096710205078,0
164.935363769531,-389.101104736328,0
164.435394287109,-389.10546875,0
163.935409545898,-389.109832763672,0
163.435424804688,-389.114227294922,0
162.935440063477,-389.118591308594,0
162.435470581055,-389.122985839844,0
161.935485839844,-389.127349853516,0
161.435501098633,-389.131713867187,0
160.935516357422,-389.136108398437,0
160.429183959961,-389.140533447266,0
159.901870727539,-389.143981933594,0
159.374588012695,-389.145812988281,0
158.847274780273,-389.146026611328,0
158.319961547852,-389.144561767578,0
157.792663574219,-389.141479492188,0
157.265396118164,-389.13671875,0
156.73811340332,-389.13037109375,0
156.210876464844,-389.122283935547,0
155.683654785156,-389.112640380859,0
155.156478881836,-389.101318359375,0
154.629333496094,-389.08837890625,0
154.102233886719,-389.073760986328,0
153.575164794922,-389.057464599609,0
153.04817199707,-389.039581298828,0
152.521240234375,-389.02001953125,0
151.994338989258,-388.998840332031,0
151.467529296875,-388.976013183594,0
150.940795898438,-388.951538085937,0
150.414123535156,-388.925415039062,0
149.887573242188,-388.897674560547,0
149.361083984375,-388.868255615234,0
148.834686279297,-388.837219238281,0
148.308410644531,-388.804504394531,0
147.782211303711,-388.770172119141,0
147.256134033203,-388.734191894531,0
146.730163574219,-388.696563720703,0
146.204330444336,-388.657318115234,0
145.678619384766,-388.616455078125,0
145.153030395508,-388.573883056641,0
144.627578735352,-388.529693603516,0
144.102264404297,-388.48388671875,0
143.577102661133,-388.436401367187,0
143.05207824707,-388.387298583984,0
142.527206420898,-388.336547851562,0
142.002532958984,-388.2841796875,0
141.477996826172,-388.230194091797,0
140.953643798828,-388.174530029297,0
140.429458618164,-388.117248535156,0
139.90544128418,-388.058349609375,0
139.381637573242,-387.997772216797,0
138.857986450195,-387.935607910156,0
138.334564208984,-387.871765136719,0
137.811340332031,-387.806304931641,0
137.288330078125,-387.739227294922,0
136.765533447266,-387.670532226563,0
136.242935180664,-387.600128173828,0
135.720550537109,-387.528137207031,0
135.19841003418,-387.45458984375,0
134.676498413086,-387.379333496094,0
134.154830932617,-387.302429199219,0
133.633407592773,-387.223968505859,0
133.112213134766,-387.143798828125,0
132.591278076172,-387.062072753906,0
132.070617675781,-386.978698730469,0
131.550201416016,-386.893707275391,0
131.030059814453,-386.807098388672,0
130.510177612305,-386.718872070312,0
129.990615844727,-386.628967285156,0
129.471313476563,-386.537475585937,0
128.952285766602,-386.444396972656,0
128.433547973633,-386.349639892578,0
127.915115356445,-386.253295898437,0
127.396987915039,-386.155334472656,0
126.879165649414,-386.055786132812,0
126.361679077148,-385.954528808594,0
125.844482421875,-385.851745605469,0
125.327621459961,-385.747344970703,0
124.811088562012,-385.641296386719,0
124.294891357422,-385.533630371094,0
123.779022216797,-385.424407958984,0
123.26350402832,-385.313507080078,0
122.748336791992,-385.201049804687,0
122.233520507813,-385.086975097656,0
121.719062805176,-384.971282958984,0
121.204971313477,-384.853973388672,0
120.691246032715,-384.735076904297,0
120.177886962891,-384.614593505859,0
119.664909362793,-384.492492675781,0
119.152328491211,-384.368804931641,0
118.640121459961,-384.243499755859,0
118.128311157227,-384.116577148438,0
117.616905212402,-383.988098144531,0
117.105895996094,-383.858001708984,0
116.59529876709,-383.726318359375,0
116.085113525391,-383.593048095703,0
115.575340270996,-383.458190917969,0
115.06600189209,-383.321716308594,0
114.557090759277,-383.183685302734,0
114.048599243164,-383.044067382813,0
113.540557861328,-382.90283203125,0
113.032958984375,-382.760009765625,0
112.525802612305,-382.615631103516,0
112.019111633301,-382.469635009766,0
111.512870788574,-382.322113037109,0
111.007095336914,-382.172973632813,0
110.501777648926,-382.022277832031,0
109.996948242188,-381.869995117187,0
109.49259185791,-381.716125488281,0
108.988708496094,-381.560699462891,0
108.485321044922,-381.403686523437,0
107.982414245605,-381.245086669922,0
107.480010986328,-381.0849609375,0
106.978118896484,-380.923248291016,0
106.476737976074,-380.759979248047,0
105.975852966309,-380.595153808594,0
105.475494384766,-380.428741455078,0
104.975654602051,-380.260772705078,0
104.476333618164,-380.091247558594,0
103.977554321289,-379.920196533203,0
103.479309082031,-379.74755859375,0
102.981605529785,-379.573364257813,0
102.484451293945,-379.397644042969,0
101.987838745117,-379.220306396484,0
101.491790771484,-379.04150390625,0
100.996299743652,-378.861114501953,0
100.501373291016,-378.679168701172,0
100.007011413574,-378.495697021484,0
99.5132369995117,-378.310638427734,0
99.0200347900391,-378.124114990234,0
98.5274200439453,-377.93603515625,0
98.0353851318359,-377.746398925781,0
97.5439529418945,-377.555236816406,0
97.0531234741211,-377.362518310547,0
96.5628890991211,-377.168334960938,0
96.0732650756836,-376.972564697266,0
95.5842590332031,-376.775268554687,0
95.0958709716797,-376.576477050781,0
94.6081008911133,-376.376129150391,0
94.120964050293,-376.174255371094,0
93.6344604492188,-375.970886230469,0
93.1485824584961,-375.765991210937,0
92.6633453369141,-375.5595703125,0
92.1787719726563,-375.351654052734,0
91.6948318481445,-375.142242431641,0
91.2115707397461,-374.931274414062,0
90.7289505004883,-374.718841552734,0
90.2469940185547,-374.5048828125,0
89.7657165527344,-374.289459228516,0
89.2851181030273,-374.072448730469,0
88.8051910400391,-373.85400390625,0
88.3259506225586,-373.634094238281,0
87.8473968505859,-373.412628173828,0
87.3695373535156,-373.189666748047,0
86.8923797607422,-372.965270996094,0
86.4159164428711,-372.739318847656,0
85.9401626586914,-372.511932373047,0
85.4651336669922,-372.283050537109,0
84.9908065795898,-372.052703857422,0
84.5171966552734,-371.820831298828,0
84.0443267822266,-371.587524414062,0
83.5721817016602,-371.352691650391,0
83.1007766723633,-371.116455078125,0
82.6300964355469,-370.878692626953,0
82.1601791381836,-370.639495849609,0
81.6909866333008,-370.398834228516,0
81.2225646972656,-370.156677246094,0
80.7549057006836,-369.9130859375,0
80.2880020141602,-369.668060302734,0
79.8218612670898,-369.421508789062,0
79.3564910888672,-369.173553466797,0
78.8919143676758,-368.924133300781,0
78.4281005859375,-368.673309326172,0
77.9650726318359,-368.420989990234,0
77.5028381347656,-368.167236328125,0
77.0414123535156,-367.912017822266,0
76.5807571411133,-367.655395507813,0
76.1209259033203,-367.397338867187,0
75.6618957519531,-367.137786865234,0
75.2036743164063,-366.876892089844,0
74.7462692260742,-366.614501953125,0
74.2896957397461,-366.350738525391,0
73.8339385986328,-366.085510253906,0
73.3790054321289,-365.818878173828,0
72.924919128418,-365.550811767578,0
72.4716644287109,-365.281341552734,0
72.0192565917969,-365.010498046875,0
71.5676956176758,-364.738220214844,0
71.1169815063477,-364.464477539062,0
70.6671371459961,-364.189392089844,0
70.2181396484375,-363.912872314453,0
69.7700042724609,-363.634948730469,0
69.32275390625,-363.355682373047,0
68.8763732910156,-363.074981689453,0
68.4308547973633,-362.792877197266,0
67.9862365722656,-362.509368896484,0
67.5425033569336,-362.224517822266,0
67.0996551513672,-361.938262939453,0
66.6576995849609,-361.650634765625,0
66.2166519165039,-361.361633300781,0
65.7765045166016,-361.0712890625,0
65.3372650146484,-360.779510498047,0
64.8989410400391,-360.486358642578,0
64.4615325927734,-360.19189453125,0
64.0250473022461,-359.896026611328,0
63.5894775390625,-359.598846435547,0
63.154842376709,-359.300262451172,0
62.7211494445801,-359.000335693359,0
62.2883834838867,-358.699035644531,0
61.8565673828125,-358.396423339844,0
61.4256935119629,-358.092407226562,0
60.995777130127,-357.787139892578,0
60.5668106079102,-357.480499267578,0
60.138801574707,-357.172485351562,0
59.7117538452148,-356.863159179687,0
59.2856788635254,-356.552490234375,0
58.8605728149414,-356.240478515625,0
58.4364471435547,-355.927215576172,0
58.0132904052734,-355.612579345703,0
57.5911178588867,-355.296600341797,0
57.1699447631836,-354.979309082031,0
56.7497673034668,-354.660766601563,0
56.3305740356445,-354.340850830078,0
55.9123802185059,-354.019653320312,0
55.4952011108398,-353.697174072266,0
55.0790214538574,-353.373352050781,0
54.6638603210449,-353.048248291016,0
54.2497138977051,-352.721862792969,0
53.8365821838379,-352.394165039063,0
53.4244766235352,-352.065185546875,0
53.0134086608887,-351.734954833984,0
52.6033630371094,-351.403381347656,0
52.1943588256836,-351.070556640625,0
51.7863998413086,-350.736511230469,0
51.3794784545898,-350.401123046875,0
50.9736099243164,-350.064483642578,0
50.568790435791,-349.726623535156,0
50.1650238037109,-349.387451171875,0
49.7623291015625,-349.047027587891,0
49.3606910705566,-348.705383300781,0
48.9601173400879,-348.362426757812,0
48.5606269836426,-348.018249511719,0
48.1622009277344,-347.672882080078,0
47.7648620605469,-347.326202392578,0
47.3686027526856,-346.978302001953,0
46.9734382629395,-346.629150390625,0
46.5793609619141,-346.27880859375,0
46.1863746643066,-345.927215576172,0
45.7944946289063,-345.574401855469,0
45.4037132263184,-345.220367431641,0
45.014030456543,-344.865112304687,0
44.6254730224609,-344.508636474609,0
44.2380218505859,-344.150970458984,0
43.851692199707,-343.792114257812,0
43.4664764404297,-343.431976318359,0
43.0823936462402,-343.070709228516,0
42.6994400024414,-342.708221435547,0
42.3176193237305,-342.344543457031,0
41.9369354248047,-341.979675292969,0
41.5573959350586,-341.613586425781,0
41.1789855957031,-341.246368408203,0
40.8017425537109,-340.8779296875,0
40.4256362915039,-340.508331298828,0
40.0506896972656,-340.137573242187,0
39.6769065856934,-339.765625,0
39.3042831420898,-339.392578125,0
38.9328231811523,-339.018310546875,0
38.5625305175781,-338.642852783203,0
38.1934242248535,-338.266326904297,0
37.8254852294922,-337.888580322266,0
37.4587287902832,-337.509735107422,0
37.0931549072266,-337.129730224609,0
36.7287673950195,-336.748565673828,0
36.3655776977539,-336.366302490234,0
36.0035743713379,-335.982849121094,0
35.6427726745605,-335.598327636719,0
35.2831726074219,-335.212646484375,0
34.9247779846191,-334.825866699219,0
34.5675926208496,-334.437957763672,0
34.2116203308105,-334.048950195312,0
33.856861114502,-333.658813476563,0
33.5033264160156,-333.267608642578,0
33.151008605957,-332.875244140625,0
32.7999153137207,-332.481811523437,0
32.4500579833984,-332.087310791016,0
32.1014289855957,-331.691680908203,0
31.7540397644043,-331.294982910156,0
31.4078922271729,-330.897216796875,0
31.0629806518555,-330.498352050781,0
30.7193183898926,-330.098419189453,0
30.3769035339355,-329.697418212891,0
30.0357418060303,-329.295318603516,0
29.6958465576172,-328.892211914062,0
29.3572044372559,-328.487976074219,0
29.0198135375977,-328.082763671875,0
28.6837100982666,-327.676483154297,0
28.3488655090332,-327.269104003906,0
28.0152912139893,-326.860717773437,0
27.6829948425293,-326.451293945312,0
27.3519840240478,-326.040832519531,0
27.0222473144531,-325.629302978516,0
26.6938018798828,-325.216796875,0
26.3666400909424,-324.803283691406,0
26.040771484375,-324.388702392578,0
25.7161979675293,-323.973114013672,0
25.3929290771484,-323.556518554687,0
25.0709495544434,-323.138946533203,0
24.7502937316895,-322.720367431641,0
24.4309310913086,-322.30078125,0
24.112886428833,-321.880157470703,0
23.7961463928223,-321.458557128906,0
23.4807376861572,-321.036041259766,0
23.1666393280029,-320.612426757812,0
22.8538551330566,-320.187957763672,0
22.542407989502,-319.762420654297,0
22.2322978973389,-319.335968017578,0
21.9235076904297,-318.908538818359,0
21.6160659790039,-318.480133056641,0
21.3099479675293,-318.05078125,0
21.0051803588867,-317.620483398438,0
20.7017631530762,-317.189208984375,0
20.3996810913086,-316.756958007812,0
20.0989532470703,-316.323852539062,0
19.7995758056641,-315.889770507812,0
19.5015525817871,-315.454742431641,0
19.204891204834,-315.018829345703,0
18.9096031188965,-314.581970214844,0
18.6156635284424,-314.144165039062,0
18.3230934143066,-313.705444335937,0
18.0319080352783,-313.265869140625,0
17.7420883178711,-312.825378417969,0
17.4536399841309,-312.383911132813,0
17.1665706634521,-311.941619873047,0
16.8808898925781,-311.498382568359,0
16.5965881347656,-311.054290771484,0
16.3136730194092,-310.609313964844,0
16.0321426391602,-310.163482666016,0
15.7520112991333,-309.716735839844,0
15.4732809066772,-309.269104003906,0
15.1959495544434,-308.820617675781,0
14.9200162887573,-308.371246337891,0
14.645471572876,-307.921081542969,0
14.3723564147949,-307.470001220703,0
14.1006412506104,-307.018096923828,0
13.8303251266479,-306.565338134766,0
13.5614414215088,-306.111755371094,0
13.2939605712891,-305.657318115234,0
13.0279083251953,-305.202056884766,0
12.7632741928101,-304.745971679687,0
12.5000715255737,-304.2890625,0
12.2382850646973,-303.831298828125,0
11.9779329299927,-303.372772216797,0
11.7190093994141,-302.913391113281,0
11.4615364074707,-302.453247070313,0
11.2054805755615,-301.992309570312,0
10.9508695602417,-301.530517578125,0
10.6977100372314,-301.067962646484,0
10.4459953308105,-300.604614257812,0
10.1957159042358,-300.140502929687,0
9.94688606262207,-299.675567626953,0
9.69951725006104,-299.209899902344,0
9.45359706878662,-298.743438720703,0
9.20914173126221,-298.276245117187,0
8.96613597869873,-297.808258056641,0
8.72459316253662,-297.339538574219,0
8.4845142364502,-296.870025634766,0
8.24590301513672,-296.399780273437,0
8.00875377655029,-295.928802490234,0
7.77308464050293,-295.457122802734,0
7.53889656066895,-294.984710693359,0
7.30617237091064,-294.511505126953,0
7.07492828369141,-294.037628173828,0
6.84516620635986,-293.56298828125,0
6.61688327789307,-293.087677001953,0
6.39008235931397,-292.611633300781,0
6.16477489471436,-292.134887695312,0
5.94095134735107,-291.657409667969,0
5.71862316131592,-291.179290771484,0
5.4977912902832,-290.700469970703,0
5.27843952178955,-290.220916748047,0
5.06060123443604,-289.74072265625,0
4.84425830841064,-289.259857177734,0
4.62941265106201,-288.7783203125,0
4.4160795211792,-288.296081542969,0
4.20424365997314,-287.813201904297,0
3.99391937255859,-287.329650878906,0
3.7850923538208,-286.845428466797,0
3.57779502868652,-286.360565185547,0
3.37200927734375,-285.875122070312,0
3.1677360534668,-285.388977050781,0
2.96497535705566,-284.902221679687,0
2.76374340057373,-284.414825439453,0
2.56402492523193,-283.926788330078,0
2.36583423614502,-283.438171386719,0
2.16917324066162,-282.948883056641,0
1.97404003143311,-282.459045410156,0
1.78043556213379,-281.968566894531,0
1.58836078643799,-281.477478027344,0
1.39781475067139,-280.985809326172,0
1.20881175994873,-280.493530273437,0
1.02134037017822,-280.000671386719,0
0.83541202545166,-279.507232666016,0
0.651028633117676,-279.013214111328,0
0.468174934387207,-278.518615722656,0
0.286880493164062,-278.023468017578,0
0.10711669921875,-277.527740478516,0
-0.071087837219238,-277.031463623047,0
-0.247748374938965,-276.534637451172,0
-0.422845840454102,-276.037231445313,0
-0.596399307250977,-275.539306640625,0
-0.768407821655273,-275.040863037109,0
-0.938854217529297,-274.541870117188,0
-1.10774040222168,-274.042297363281,0
-1.27506637573242,-273.542266845703,0
-1.44083118438721,-273.041717529297,0
-1.60501956939697,-272.540618896484,0
-1.76766204833984,-272.039001464844,0
-1.9287281036377,-271.536895751953,0
-2.08823299407959,-271.034301757813,0
-2.24616146087646,-270.531219482422,0
-2.40252685546875,-270.027618408203,0
-2.55731678009033,-269.523529052734,0
-2.71054553985596,-269.019012451172,0
-2.86218166351318,-268.513977050781,0
-3.01224136352539,-268.008453369141,0
-3.16073799133301,-267.502471923828,0
-3.30764293670654,-266.996063232422,0
-3.45297050476074,-266.489196777344,0
-3.59670639038086,-265.981842041016,0
-3.73886394500732,-265.474090576172,0
-3.87944364547729,-264.965850830078,0
-4.01843070983887,-264.457183837891,0
-4.1558256149292,-263.948089599609,0
-4.2916431427002,-263.438598632812,0
-4.42585134506226,-262.928649902344,0
-4.55848217010498,-262.418273925781,0
-4.68951988220215,-261.907531738281,0
-4.81894874572754,-261.396362304687,0
-4.94680023193359,-260.884765625,0
-5.07304286956787,-260.372802734375,0
-5.19769287109375,-259.860443115234,0
-5.3207483291626,-259.347686767578,0
-5.44219493865967,-258.834564208984,0
-5.56203365325928,-258.321044921875,0
-5.68027782440186,-257.807189941406,0
-5.79691410064697,-257.292938232422,0
-5.91195583343506,-256.7783203125,0
-6.02537393569946,-256.263366699219,0
-6.13719749450684,-255.748062133789,0
-6.24741172790527,-255.232391357422,0
-6.35601663589478,-254.716400146484,0
-6.46299839019775,-254.200057983398,0
-6.56838417053223,-253.683410644531,0
-6.67214679718018,-253.166381835937,0
-6.77429866790772,-252.649078369141,0
-6.87482738494873,-252.131439208984,0
-6.9737606048584,-251.613494873047,0
-7.07105445861816,-251.095260620117,0
-7.16673803329468,-250.576705932617,0
-7.26081228256226,-250.057846069336,0
-7.35326051712036,-249.538726806641,0
-7.44408512115479,-249.019302368164,0
-7.53329849243164,-248.499572753906,0
-7.62087249755859,-247.979598999023,0
-7.70683574676514,-247.459365844727,0
-7.79117488861084,-246.938842773437,0
-7.87388849258423,-246.418060302734,0
-7.9549765586853,-245.897018432617,0
-8.03443908691406,-245.375747680664,0
-8.11226081848145,-244.854217529297,0
-8.18847274780273,-244.332443237305,0
-8.26304340362549,-243.810455322266,0
-8.33598899841309,-243.288208007812,0
-8.40730953216553,-242.765747070312,0
-8.47700309753418,-242.243072509766,0
-8.54505729675293,-241.720153808594,0
-8.61146926879883,-241.197052001953,0
-8.67627239227295,-240.673751831055,0
-8.73941802978516,-240.15022277832,0
-8.80093765258789,-239.626525878906,0
-8.86083221435547,-239.102645874023,0
-8.91908645629883,-238.578567504883,0
-8.97569847106934,-238.054306030273,0
-9.03068542480469,-237.529876708984,0
-9.08403015136719,-237.005279541016,0
-9.13573360443115,-236.480514526367,0
-9.1857967376709,-235.955596923828,0
-9.23423385620117,-235.430511474609,0
-9.28102874755859,-234.905288696289,0
-9.3261833190918,-234.379913330078,0
-9.36969661712647,-233.854415893555,0
-9.4115686416626,-233.328750610352,0
-9.45179843902588,-232.802993774414,0
-9.49038696289063,-232.277114868164,0
-9.52733421325684,-231.751098632812,0
-9.56264114379883,-231.224975585937,0
-9.59630584716797,-230.698760986328,0
-9.62832927703857,-230.172409057617,0
-9.65871143341064,-229.64599609375,0
-9.68745136260986,-229.11946105957,0
-9.71455001831055,-228.592849731445,0
-9.73999214172363,-228.066162109375,0
-9.76380920410156,-227.53938293457,0
-9.78596782684326,-227.012557983398,0
-9.80648422241211,-226.485656738281,0
-9.82536125183106,-225.958679199219,0
-9.84259510040283,-225.431671142578,0
-9.85817241668701,-224.904586791992,0
-9.87212371826172,-224.377471923828,0
-9.88441848754883,-223.850296020508,0
-9.89505577087402,-223.323104858398,0
-9.90406703948975,-222.795883178711,0
-9.91142177581787,-222.268630981445,0
-9.91714954376221,-221.741363525391,0
-9.92120552062988,-221.214065551758,0
-9.92363548278809,-220.686767578125,0
-9.92440795898438,-220.159454345703,0
-9.92353916168213,-219.63215637207,0
-9.92159843444824,-219.125869750977,0
-9.91963672637939,-218.625869750977,0
-9.91767501831055,-218.125869750977,0
-9.91571235656738,-217.625869750977,0
-9.91374969482422,-217.125885009766,0
-9.91178703308106,-216.625885009766,0
-9.90982532501221,-216.125885009766,0
-9.90786361694336,-215.625900268555,0
-9.9059009552002,-215.125900268555,0
-9.90393829345703,-214.625900268555,0
-9.90197563171387,-214.125900268555,0
-9.90001392364502,-213.625900268555,0
-9.89805221557617,-213.125915527344,0
-9.89608955383301,-212.625915527344,0
-9.89412689208984,-212.125915527344,0
-9.89216423034668,-211.625915527344,0
-9.89020252227783,-211.125930786133,0
-9.88824081420898,-210.625930786133,0
-9.88627815246582,-210.125930786133,0
-9.88431549072266,-209.625930786133,0
-9.88235282897949,-209.125946044922,0
-9.88039112091064,-208.625946044922,0
-9.8784294128418,-208.125946044922,0
-9.87646675109863,-207.625961303711,0
-9.87450408935547,-207.125961303711,0
-9.87254142761231,-206.625961303711,0
-9.87057971954346,-206.125961303711,0
-9.86861801147461,-205.625961303711,0
-9.86665534973145,-205.1259765625,0
-9.86469268798828,-204.6259765625,0
-9.86273002624512,-204.1259765625,0
-9.86076831817627,-203.625991821289,0
-9.85880661010742,-203.125991821289,0
-9.85684394836426,-202.625991821289,0
-9.85488128662109,-202.125991821289,0
-9.85291862487793,-201.625991821289,0
-9.85095691680908,-201.126007080078,0
-9.84899520874023,-200.626007080078,0
-9.84703254699707,-200.126007080078,0
-9.84506988525391,-199.626022338867,0
-9.84310722351074,-199.126022338867,0
-9.84114551544189,-198.626022338867,0
-9.83918380737305,-198.126022338867,0
-9.83722114562988,-197.626022338867,0
-9.83525848388672,-197.126037597656,0
-9.83329582214356,-196.626037597656,0
-9.83133411407471,-196.126037597656,0
-9.82937240600586,-195.626052856445,0
-9.8274097442627,-195.126052856445,0
-9.82544708251953,-194.626052856445,0
-9.82348442077637,-194.126052856445,0
-9.82152271270752,-193.626052856445,0
-9.81956100463867,-193.126068115234,0
-9.81759834289551,-192.626068115234,0
-9.81563568115234,-192.126068115234,0
-9.8136739730835,-191.626083374023,0
-9.81171131134033,-191.126083374023,0
-9.80974960327148,-190.626083374023,0
-9.80778694152832,-190.126083374023,0
-9.80582427978516,-189.626098632813,0
-9.80386257171631,-189.126098632813,0
-9.80189990997314,-188.626098632813,0
-9.7999382019043,-188.126098632813,0
-9.79797554016113,-187.626113891602,0
-9.79601287841797,-187.126113891602,0
-9.79405117034912,-186.626113891602,0
-9.79208850860596,-186.126113891602,0
-9.79012680053711,-185.626129150391,0
-9.78816413879395,-185.126129150391,0
-9.78620147705078,-184.626129150391,0
-9.78423976898193,-184.126129150391,0
-9.78227710723877,-183.62614440918,0
-9.78031539916992,-183.12614440918,0
-9.77835273742676,-182.62614440918,0
-9.77639007568359,-182.12614440918,0
-9.77442836761475,-181.626159667969,0
-9.77246570587158,-181.126159667969,0
-9.77050399780273,-180.626159667969,0
-9.76854133605957,-180.126159667969,0
-9.76657867431641,-179.626159667969,0
-9.76461696624756,-179.126159667969,0
-9.76265430450439,-178.626159667969,0
-9.76069259643555,-178.126174926758,0
-9.75872993469238,-177.626174926758,0
-9.75676727294922,-177.126174926758,0
-9.75480556488037,-176.626174926758,0
-9.75284290313721,-176.126190185547,0
-9.75088119506836,-175.626190185547,0
-9.7489185333252,-175.126190185547,0
-9.74695587158203,-174.626190185547,0
-9.74499416351318,-174.126205444336,0
-9.74303150177002,-173.626205444336,0
-9.74106979370117,-173.126205444336,0
-9.73910713195801,-172.626205444336,0
-9.73714447021484,-172.126220703125,0
-9.735182762146,-171.626220703125,0
-9.73322010040283,-171.126220703125,0
-9.73125839233398,-170.626220703125,0
-9.72929573059082,-170.126235961914,0
-9.72733306884766,-169.626235961914,0
-9.72537136077881,-169.126235961914,0
-9.72340869903564,-168.626235961914,0
-9.7214469909668,-168.126251220703,0
-9.71948432922363,-167.626251220703,0
-9.71752166748047,-167.126251220703,0
-9.71555995941162,-166.626251220703,0
-9.71359729766846,-166.126266479492,0
-9.71163558959961,-165.626266479492,0
-9.70967292785645,-165.126266479492,0
-9.70771026611328,-164.626281738281,0
-9.70574855804443,-164.126281738281,0
-9.70378589630127,-163.62629699707,0
-9.70182418823242,-163.12629699707,0
-9.69986152648926,-162.62629699707,0
-9.69789886474609,-162.12629699707,0
-9.69593715667725,-161.626312255859,0
-9.69397449493408,-161.126312255859,0
-9.69201278686523,-160.626312255859,0
-9.69005012512207,-160.126312255859,0
-9.68808746337891,-159.626327514648,0
-9.68612575531006,-159.126327514648,0
-9.68416309356689,-158.626327514648,0
-9.68220138549805,-158.126327514648,0
-9.68023872375488,-157.626327514648,0
-9.67827606201172,-157.126342773438,0
-9.67631435394287,-156.626342773438,0
-9.67435169219971,-156.126342773438,0
-9.67238998413086,-155.626358032227,0
-9.6704273223877,-155.126358032227,0
-9.66846466064453,-154.626358032227,0
-9.66650295257568,-154.126358032227,0
-9.66454029083252,-153.626358032227,0
-9.66257858276367,-153.126373291016,0
-9.66061592102051,-152.626373291016,0
-9.65865325927734,-152.126373291016,0
-9.6566915512085,-151.626388549805,0
-9.65472888946533,-151.126388549805,0
-9.65276718139648,-150.626388549805,0
-9.65080451965332,-150.126388549805,0
-9.64884185791016,-149.626403808594,0
-9.64688014984131,-149.126403808594,0
-9.64491748809814,-148.626403808594,0
-9.6429557800293,-148.126419067383,0
-9.64099311828613,-147.626419067383,0
-9.63903045654297,-147.126419067383,0
-9.63706874847412,-146.626419067383,0
-9.63510608673096,-146.126419067383,0
-9.63314437866211,-145.626434326172,0
-9.63118171691895,-145.126434326172,0
-9.62921905517578,-144.626434326172,0
-9.62725734710693,-144.126449584961,0
-9.62529468536377,-143.626449584961,0
-9.62333297729492,-143.126449584961,0
-9.62137031555176,-142.626449584961,0
-9.61940765380859,-142.126449584961,0
-9.61744594573975,-141.62646484375,0
-9.61548328399658,-141.12646484375,0
-9.61352157592773,-140.62646484375,0
-9.61155891418457,-140.126480102539,0
-9.60959625244141,-139.626480102539,0
-9.60763454437256,-139.126480102539,0
-9.60567188262939,-138.626480102539,0
-9.60371017456055,-138.126480102539,0
-9.60174751281738,-137.626495361328,0
-9.59978485107422,-137.126495361328,0
-9.59782314300537,-136.626495361328,0
-9.59586048126221,-136.126510620117,0
-9.59389877319336,-135.626510620117,0
-9.5919361114502,-135.126510620117,0
-9.58997344970703,-134.626510620117,0
-9.58801174163818,-134.126510620117,0
-9.58604907989502,-133.626525878906,0
-9.58408737182617,-133.126525878906,0
-9.58212471008301,-132.626525878906,0
-9.58016204833984,-132.126541137695,0
-9.578200340271,-131.626541137695,0
-9.57623767852783,-131.126541137695,0
-9.57427597045898,-130.626541137695,0
-9.57231330871582,-130.126541137695,0
-9.57035064697266,-129.626556396484,0
-9.56838893890381,-129.126556396484,0
-9.56642627716064,-128.626556396484,0
-9.5644645690918,-128.126571655273,0
-9.56250190734863,-127.626579284668,0
-9.56053924560547,-127.126579284668,0
-9.55857753753662,-126.626579284668,0
-9.55661487579346,-126.126586914063,0
-9.55465316772461,-125.626594543457,0
-9.55269050598145,-125.126594543457,0
-9.55072784423828,-124.626594543457,0
-9.54876613616943,-124.126602172852,0
-9.54680347442627,-123.626609802246,0
-9.54484176635742,-123.126609802246,0
-9.54287910461426,-122.626609802246,0
-9.54091644287109,-122.126617431641,0
-9.53895473480225,-121.626625061035,0
-9.53699207305908,-121.126625061035,0
-9.53503036499023,-120.626625061035,0
-9.53306770324707,-120.12663269043,0
-9.53110504150391,-119.626640319824,0
-9.52914333343506,-119.126640319824,0
-9.52718067169189,-118.626640319824,0
-9.52521896362305,-118.126647949219,0
-9.52325630187988,-117.626655578613,0
-9.52129364013672,-117.126655578613,0
-9.51933193206787,-116.626655578613,0
-9.51736927032471,-116.126663208008,0
-9.51540756225586,-115.626670837402,0
-9.5134449005127,-115.126670837402,0
-9.51148223876953,-114.626670837402,0
-9.50952053070068,-114.126678466797,0
-9.50755786895752,-113.626686096191,0
-9.50559616088867,-113.126686096191,0
-9.50363349914551,-112.626693725586,0
-9.50167083740234,-112.126693725586,0
-9.4997091293335,-111.62670135498,0
-9.49774646759033,-111.12670135498,0
-9.49578475952148,-110.626708984375,0
-9.49382209777832,-110.126708984375,0
-9.49185943603516,-109.62671661377,0
-9.48989772796631,-109.12671661377,0
-9.48793506622314,-108.626724243164,0
-9.4859733581543,-108.126724243164,0
-9.48401069641113,-107.626731872559,0
-9.48204803466797,-107.126731872559,0
-9.48008632659912,-106.626739501953,0
-9.47812366485596,-106.126739501953,0
-9.47616195678711,-105.626747131348,0
-9.47419929504395,-105.126747131348,0
-9.47223663330078,-104.626754760742,0
-9.47027492523193,-104.126754760742,0
-9.46831226348877,-103.626762390137,0
-9.46635055541992,-103.126762390137,0
-9.46438789367676,-102.626770019531,0
-9.46242523193359,-102.126770019531,0
-9.46046352386475,-101.626777648926,0
-9.45850086212158,-101.126777648926,0
-9.45653915405273,-100.62678527832,0
-9.45457649230957,-100.12678527832,0
-9.45261383056641,-99.6267929077149,0
-9.45065212249756,-99.1267929077148,0
-9.44869041442871,-98.6268005371094,0
-9.44672775268555,-98.1267929077148,0
-9.44476509094238,-97.6268005371094,0
-9.44280242919922,-97.1268005371094,0
-9.44084072113037,-96.6268005371094,0
-9.43887901306152,-96.1268081665039,0
-9.43691635131836,-95.6268157958984,0
-9.4349536895752,-95.1268157958984,0
-9.43299102783203,-94.6268157958984,0
-9.43102931976318,-94.126823425293,0
-9.42906761169434,-93.6268310546875,0
-9.42710494995117,-93.1268310546875,0
-9.42514228820801,-92.6268310546875,0
-9.42317962646484,-92.126838684082,0
-9.421217918396,-91.6268463134766,0
-9.41925621032715,-91.1268463134766,0
-9.41729354858398,-90.6268463134766,0
-9.41533088684082,-90.1268539428711,0
-9.41336822509766,-89.6268615722656,0
-9.41140651702881,-89.1268615722656,0
-9.40944480895996,-88.6268615722656,0
-9.4074821472168,-88.1268692016602,0
-9.40551948547363,-87.6268768310547,0
-9.40355682373047,-87.1268768310547,0
-9.40159511566162,-86.6268768310547,0
-9.39963340759277,-86.1268844604492,0
-9.39767074584961,-85.6268920898438,0
-9.39570808410645,-85.1268920898437,0
-9.39374542236328,-84.6268920898438,0
-9.39178371429443,-84.1268997192383,0
-9.38982200622559,-83.6269073486328,0
-9.38785934448242,-83.1269073486328,0
-9.38589668273926,-82.6269073486328,0
-9.38393402099609,-82.1269149780273,0
-9.38197231292725,-81.6269226074219,0
-9.3800106048584,-81.1269226074219,0
-9.37804794311523,-80.6269226074219,0
-9.37608528137207,-80.1269302368164,0
-9.37412261962891,-79.6269378662109,0
-9.37216091156006,-79.1269378662109,0
-9.37019920349121,-78.6269454956055,0
-9.36823654174805,-78.1269454956055,0
-9.36627388000488,-77.626953125,0
-9.36431121826172,-77.126953125,0
-9.36234951019287,-76.6269607543945,0
-9.36038780212402,-76.1269607543945,0
-9.35842514038086,-75.6269683837891,0
-9.3564624786377,-75.1269683837891,0
-9.35449981689453,-74.6269760131836,0
-9.35253810882568,-74.1269760131836,0
-9.35057640075684,-73.6269836425781,0
-9.34861373901367,-73.1269836425781,0
-9.34665107727051,-72.6269912719727,0
-9.34468841552734,-72.1269912719727,0
-9.3427267074585,-71.6269989013672,0
-9.34076499938965,-71.1269989013672,0
-9.33880233764648,-70.6270065307617,0
-9.33683967590332,-70.1270065307617,0
-9.33487701416016,-69.6270141601562,0
-9.33291530609131,-69.1270141601563,0
-9.33095359802246,-68.6270217895508,0
-9.3289909362793,-68.1270217895508,0
-9.32702827453613,-67.6270294189453,0
-9.32506561279297,-67.1270294189453,0
-9.32310390472412,-66.6270370483398,0
-9.32114219665527,-66.1270370483399,0
-9.31917953491211,-65.6270446777344,0
-9.31721687316895,-65.1270446777344,0
-9.31525421142578,-64.6270523071289,0
-9.31329250335693,-64.1270523071289,0
-9.31133079528809,-63.627067565918,0
-9.30936813354492,-63.127067565918,0
-9.30740547180176,-62.6270751953125,0
-9.30544281005859,-62.1270751953125,0
-9.30348110198975,-61.627082824707,0
-9.3015193939209,-61.127082824707,0
-9.29955673217773,-60.6270904541016,0
-9.29759407043457,-60.1270904541016,0
-9.29563140869141,-59.6270980834961,0
-9.29366970062256,-59.1270980834961,0
-9.29170799255371,-58.6271057128906,0
-9.28974533081055,-58.1271095275879,0
-9.28778266906738,-57.6271133422852,0
-9.28582000732422,-57.1271171569824,0
-9.28385829925537,-56.6271209716797,0
-9.28189659118652,-56.127124786377,0
-9.27993392944336,-55.6271286010742,0
-9.2779712677002,-55.1271324157715,0
-9.27600955963135,-54.6271362304688,0
-9.27404689788818,-54.127140045166,0
-9.27208518981934,-53.6271438598633,0
-9.27012252807617,-53.1271476745606,0
-9.26815986633301,-52.6271514892578,0
-9.26619815826416,-52.1271553039551,0
-9.264235496521,-51.6271591186523,0
-9.26227378845215,-51.1271629333496,0
-9.26031112670898,-50.6271667480469,0
-9.25834846496582,-50.1271705627441,0
-9.25638580322266,-49.6271743774414,0
-9.25442409515381,-49.1271781921387,0
-9.25246238708496,-48.6271820068359,0
-9.2504997253418,-48.1271858215332,0
-9.24853706359863,-47.6271896362305,0
-9.24657535552979,-47.127197265625,0
-9.24461269378662,-46.627197265625,0
-9.24265098571777,-46.1272048950195,0
-9.24068832397461,-45.6272048950195,0
-9.23872566223145,-45.1272125244141,0
-9.2367639541626,-44.6272125244141,0
-9.23480129241943,-44.1272201538086,0
-9.23283958435059,-43.6272201538086,0
-9.23087692260742,-43.1272239685059,0
-9.22891426086426,-42.6272277832031,0
-9.22695255279541,-42.1272315979004,0
-9.22498989105225,-41.6272354125977,0
-9.2230281829834,-41.1272392272949,0
-9.22106552124023,-40.6272430419922,0
-9.21910285949707,-40.1272468566895,0
-9.21714115142822,-39.6272506713867,0
-9.21517848968506,-39.127254486084,0
-9.21321678161621,-38.6272583007812,0
-9.21125411987305,-38.1272621154785,0
-9.20929145812988,-37.6272659301758,0
-9.20732975006104,-37.127269744873,0
-9.20536708831787,-36.6272735595703,0
-9.20340538024902,-36.1272773742676,0
-9.20144271850586,-35.6272811889648,0
-9.1994800567627,-35.1272850036621,0
-9.19751834869385,-34.6272888183594,0
-9.19555568695068,-34.1272926330566,0
-9.19359397888184,-33.6273002624512,0
-9.19163131713867,-33.1273040771484,0
-9.18966865539551,-32.6273078918457,0
-9.18770694732666,-32.127311706543,0
-9.1857442855835,-31.6273174285889,0
-9.18378257751465,-31.1273212432861,0
-9.18181991577148,-30.6273250579834,0
-9.17985725402832,-30.1273288726807,0
-9.17789554595947,-29.6273326873779,0
-9.17593288421631,-29.1273365020752,0
-9.17397117614746,-28.6273403167725,0
-9.1720085144043,-28.1273441314697,0
-9.17004585266113,-27.627347946167,0
-9.16808414459229,-27.1273517608643,0
-9.16612148284912,-26.6273555755615,0
-9.16415977478027,-26.1273593902588,0
-9.16219711303711,-25.6273632049561,0
-9.16023445129395,-25.1273670196533,0
-9.1582727432251,-24.6273708343506,0
-9.15631008148193,-24.1273746490479,0
-9.15434837341309,-23.6273784637451,0
-9.15238571166992,-23.1273822784424,0
-9.15042304992676,-22.6273860931396,0
-9.14846134185791,-22.1273899078369,0
-9.14649868011475,-21.6273937225342,0
-9.1445369720459,-21.1273975372314,0
-9.14257431030273,-20.6274013519287,0
-9.14061164855957,-20.127405166626,0
-9.13864994049072,-19.6274089813232,0
-9.13668727874756,-19.1274127960205,0
-9.13472557067871,-18.6274166107178,0
-9.13276290893555,-18.127420425415,0
-9.13080024719238,-17.6274242401123,0
-9.12883853912354,-17.1274280548096,0
-9.12687587738037,-16.6274318695068,0
-9.12491416931152,-16.1274356842041,0
-9.12295150756836,-15.6274375915527,0
-9.1209888458252,-15.12744140625,0
-9.11902713775635,-14.6274452209473,0
-9.11706447601318,-14.1274490356445,0
-9.11510276794434,-13.6274528503418,0
-9.11314010620117,-13.1274566650391,0
-9.11117744445801,-12.6274604797363,0
-9.10921573638916,-12.1274642944336,0
-9.107253074646,-11.6274681091309,0
-9.10529136657715,-11.1274719238281,0
-9.10332870483398,-10.6274757385254,0
-9.10136604309082,-10.1274795532227,0
-9.09940433502197,-9.62748336791992,0
-9.09744167327881,-9.12748718261719,0
-9.09547996520996,-8.62749099731445,0
-9.0935173034668,-8.12749481201172,0
-9.09155464172363,-7.62749910354614,0
-9.08959293365479,-7.12750291824341,0
-9.08763027191162,-6.62750673294067,0
-9.08566856384277,-6.12751054763794,0
-9.08370590209961,-5.62751436233521,0
-9.08174324035645,-5.12751817703247,0
-9.0797815322876,-4.62752199172974,0
-9.07781887054443,-4.127525806427,0
-9.07585716247559,-3.62752938270569,0
-9.07389450073242,-3.12753319740295,0
-9.07193183898926,-2.62753701210022,0
-9.06997013092041,-2.12754082679749,0
-9.06800746917725,-1.62754464149475,0
-9.0660457611084,-1.12754845619202,0
-9.06408309936523,-0.627552390098572,0
-9.06212043762207,-0.127556174993515,0
-9.06015872955322,0.372440010309219,0
-9.05819606781006,0.872436165809631,0
-9.05623435974121,1.37243247032166,0
-9.05427169799805,1.87242865562439,0
-9.05230903625488,2.37242484092712,0
-9.05034732818604,2.87242102622986,0
-9.04838466644287,3.37241721153259,0
-9.04642295837402,3.87241339683533,0
-9.04446029663086,4.37240934371948,0
-9.0424976348877,4.8724045753479,0
-9.04053592681885,5.37240076065064,0
-9.03857326507568,5.87239694595337,0
-9.03661155700684,6.3723931312561,0
-9.03464889526367,6.87238931655884,0
-9.03268623352051,7.37238550186157,0
-9.03072452545166,7.87238168716431,0
-9.0287618637085,8.3723783493042,0
-9.02680015563965,8.87237453460693,0
-9.02483749389648,9.37237071990967,0
-9.02287483215332,9.8723669052124,0
-9.02091312408447,10.3723630905151,0
-9.01895046234131,10.8723592758179,0
-9.01698875427246,11.3723554611206,0
-9.0150260925293,11.8723516464233,0
-9.01306343078613,12.3723478317261,0
-9.01110172271729,12.8723430633545,0
-9.00913906097412,13.3723392486572,0
-9.00717735290527,13.87233543396,0
-9.00521469116211,14.3723316192627,0
-9.00325202941895,14.8723278045654,0
-9.0012903213501,15.3723239898682,0
-8.99932765960693,15.8723201751709,0
-8.99736595153809,16.372314453125,0
-8.99540328979492,16.8723106384277,0
-8.99344062805176,17.3723068237305,0
-8.99147891998291,17.8723030090332,0
-8.98951625823975,18.3722991943359,0
-8.9875545501709,18.8722953796387,0
-8.98559188842773,19.3722915649414,0
-8.98362922668457,19.8722877502441,0
-8.98166751861572,20.3722839355469,0
-8.97958278656006,20.8782043457031,0
-8.97707271575928,21.3820953369141,0
-8.97454929351807,21.8820877075195,0
-8.97202682495117,22.382080078125,0
-8.96950340270996,22.8820762634277,0
-8.96697998046875,23.3820686340332,0
-8.96445655822754,23.8820610046387,0
-8.96193408966064,24.3820571899414,0
-8.95941066741943,24.8820495605469,0
-8.95688819885254,25.3820419311523,0
-8.95436477661133,25.8820381164551,0
-8.95184135437012,26.3820304870605,0
-8.94931793212891,26.882022857666,0
-8.9467945098877,27.3820190429687,0
-8.9442720413208,27.8820114135742,0
-8.94174861907959,28.3820037841797,0
-8.9392261505127,28.8819999694824,0
-8.93670272827148,29.3819923400879,0
-8.93417930603027,29.8819847106934,0
-8.93165588378906,30.3819808959961,0
-8.92913341522217,30.8819732666016,0
-8.92660999298096,31.381965637207,0
-8.92408752441406,31.8819618225098,0
-8.92156410217285,32.3819541931152,0
-8.91904067993164,32.8819465637207,0
-8.91651725769043,33.3819427490234,0
-8.91399383544922,33.8819351196289,0
-8.91147136688232,34.3819313049316,0
-8.90894794464111,34.8819236755371,0
-8.90642547607422,35.3819160461426,0
-8.90390205383301,35.881908416748,0
-8.9013786315918,36.3819007873535,0
-8.89885520935059,36.8818969726563,0
-8.89633274078369,37.381893157959,0
-8.89380931854248,37.8818855285645,0
-8.89128684997559,38.3818778991699,0
-8.88876342773438,38.8818702697754,0
-8.88624000549316,39.3818626403809,0
-8.88371658325195,39.8818588256836,0
-8.88119411468506,40.3818550109863,0
-8.87867069244385,40.8818473815918,0
-8.87614727020264,41.3818397521973,0
-8.87362480163574,41.8818321228027,0
-8.87110137939453,42.3818244934082,0
-8.86857795715332,42.8818206787109,0
-8.86605453491211,43.3818168640137,0
-8.86353206634522,43.8818092346191,0
-8.861008644104,44.3818016052246,0
-8.85848617553711,44.8817939758301,0
-8.8559627532959,45.3817863464356,0
-8.85343933105469,45.8817825317383,0
-8.85091590881348,46.381778717041,0
-8.84839344024658,46.8817710876465,0
-8.84587001800537,47.381763458252,0
-8.84334659576416,47.8817558288574,0
-8.84082412719727,48.3817481994629,0
-8.83830070495606,48.8817443847656,0
-8.83577728271484,49.3817405700684,0
-8.83325386047363,49.8817329406738,0
-8.83073139190674,50.3817253112793,0
-8.82820796966553,50.8817176818848,0
-8.82568550109863,51.3817100524902,0
-8.82316207885742,51.881706237793,0
-8.82063865661621,52.3816986083984,0
-8.818115234375,52.8816947937012,0
-8.81559276580811,53.3816871643066,0
-8.81306934356689,53.8816795349121,0
-8.81054592132568,54.3816719055176,0
-8.80802345275879,54.8816680908203,0
-8.80550003051758,55.3816604614258,0
-8.80297660827637,55.8816566467285,0
-8.80045318603516,56.381649017334,0
-8.79793071746826,56.8816413879395,0
-8.79540729522705,57.3816337585449,0
-8.79288482666016,57.8816299438477,0
-8.79036140441895,58.3816223144531,0
-8.78783798217773,58.8816184997559,0
-8.78531455993652,59.3816108703613,0
-8.78279209136963,59.8816032409668,0
-8.78026866912842,60.3815956115723,0
-8.77774524688721,60.881591796875,0
-8.77522277832031,61.3815841674805,0
-8.7726993560791,61.8815803527832,0
-8.77017593383789,62.3815727233887,0
-8.76765251159668,62.8815650939941,0
-8.76513004302979,63.3815612792969,0
-8.76260662078857,63.8815536499024,0
-8.76008415222168,64.3815460205078,0
-8.75756072998047,64.8815383911133,0
-8.75503730773926,65.3815307617188,0
-8.75251388549805,65.8815231323242,0
-8.74999141693115,66.3815155029297,0
-8.74746799468994,66.8815078735352,0
-8.74494457244873,67.3815002441406,0
-8.74242210388184,67.8814926147461,0
-8.73989868164063,68.3814849853516,0
-8.73737525939941,68.8814849853516,0
-8.7348518371582,69.381477355957,0
-8.73232936859131,69.881477355957,0
-8.7298059463501,70.3814697265625,0
-8.7272834777832,70.881462097168,0
-8.72476005554199,71.3814544677734,0
-8.72223663330078,71.8814468383789,0
-8.71971321105957,72.3814392089844,0
-8.71719074249268,72.8814392089844,0
-8.71466732025147,73.3814315795898,0
-8.71214389801025,73.8814239501953,0
-8.70962142944336,74.3814163208008,0
-8.70709800720215,74.8814086914063,0
-8.70457458496094,75.3814010620117,0
-8.70205116271973,75.8814010620117,0
-8.69952869415283,76.3813934326172,0
-8.69700527191162,76.8813858032227,0
-8.69448280334473,77.3813781738281,0
-8.69195938110352,77.8813705444336,0
-8.68943595886231,78.3813705444336,0
-8.68691253662109,78.8813552856445,0
-8.6843900680542,79.3813552856445,0
-8.68186664581299,79.88134765625,0
-8.67934322357178,80.3813400268555,0
-8.67682075500488,80.8813323974609,0
-8.67429733276367,81.3813247680664,0
-8.67177391052246,81.8813247680664,0
-8.66925048828125,82.3813095092774,0
-8.66672801971436,82.8813095092773,0
-8.66420459747314,83.3813018798828,0
-8.66168212890625,83.8812942504883,0
-8.65915870666504,84.3812942504883,0
-8.65663528442383,84.8812789916992,0
-8.65411186218262,85.3812789916992,0
-8.65158939361572,85.8812713623047,0
-8.64906597137451,86.3812637329102,0
-8.6465425491333,86.8812561035156,0
-8.64402008056641,87.3812484741211,0
-8.6414966583252,87.8812484741211,0
-8.63897323608398,88.381233215332,0
-8.63644981384277,88.881233215332,0
-8.63392734527588,89.3812255859375,0
-8.63140392303467,89.881217956543,0
-8.62888145446777,90.381217956543,0
-8.62635803222656,90.8812026977539,0
-8.62383460998535,91.3812026977539,0
-8.62131118774414,91.8811950683594,0
-8.61878871917725,92.3811874389648,0
-8.61626529693604,92.8811798095703,0
-8.61374187469482,93.3811721801758,0
-8.61121940612793,93.8811721801758,0
-8.60869598388672,94.3811569213867,0
-8.60617256164551,94.8811569213867,0
-8.6036491394043,95.3811492919922,0
-8.6011266708374,95.8811416625977,0
-8.59860324859619,96.3811416625977,0
-8.5960807800293,96.8811264038086,0
-8.59355735778809,97.3811264038086,0
-8.59103393554688,97.8811187744141,0
-8.58851051330566,98.3811111450195,0
-8.58598804473877,98.881103515625,0
-8.58346462249756,99.3810958862305,0
-8.58094120025635,99.8810958862305,0
-8.57841873168945,100.381080627441,0
-8.57589530944824,100.881080627441,0
-8.57337188720703,101.381072998047,0
-8.57084846496582,101.881065368652,0
-8.56832599639893,102.381065368652,0
-8.56580257415772,102.881050109863,0
-8.56328010559082,103.381050109863,0
-8.56075668334961,103.881042480469,0
-8.5582332611084,104.381034851074,0
-8.55570983886719,104.88102722168,0
-8.55318737030029,105.381019592285,0
-8.55066394805908,105.881019592285,0
-8.54814052581787,106.381004333496,0
-8.54561805725098,106.881004333496,0
-8.54309463500977,107.380996704102,0
-8.54057121276856,107.880989074707,0
-8.53804779052734,108.380989074707,0
-8.53552532196045,108.880973815918,0
-8.53300189971924,109.380973815918,0
-8.53047943115234,109.880966186523,0
-8.52795600891113,110.380958557129,0
-8.52543258666992,110.880950927734,0
-8.52290916442871,111.38094329834,0
-8.52038669586182,111.88094329834,0
-8.51786327362061,112.380935668945,0
-8.51533985137939,112.880928039551,0
-8.5128173828125,113.380920410156,0
-8.51029396057129,113.880912780762,0
-8.50777053833008,114.380905151367,0
-8.50524711608887,114.880897521973,0
-8.50272464752197,115.380897521973,0
-8.50020122528076,115.880889892578,0
-8.49767875671387,116.380882263184,0
-8.49515533447266,116.880874633789,0
-8.49263191223145,117.380867004395,0
-8.49010848999023,117.880867004395,0
-8.48758602142334,118.380859375,0
-8.48506259918213,118.880851745605,0
-8.48253917694092,119.380844116211,0
-8.48001670837402,119.880836486816,0
-8.47749328613281,120.380828857422,0
-8.4749698638916,120.880821228027,0
-8.47244644165039,121.380821228027,0
-8.4699239730835,121.880813598633,0
-8.46740055084229,122.380805969238,0
-8.46487808227539,122.880798339844,0
-8.46235466003418,123.380790710449,0
-8.45983123779297,123.880790710449,0
-8.45730781555176,124.380783081055,0
-8.45478534698486,124.88077545166,0
-8.45226192474365,125.380767822266,0
-8.44973850250244,125.880760192871,0
-8.44721603393555,126.380752563477,0
-8.44469261169434,126.880744934082,0
-8.44216918945313,127.380744934082,0
-8.43964576721191,127.880737304688,0
-8.43712329864502,128.380737304688,0
-8.43459987640381,128.880737304688,0
-8.43207740783691,129.380722045898,0
-8.4295539855957,129.880722045898,0
-8.42703056335449,130.380706787109,0
-8.42450714111328,130.880706787109,0
-8.42198467254639,131.380706787109,0
-8.41946125030518,131.88069152832,0
-8.41693878173828,132.38069152832,0
-8.41441535949707,132.880676269531,0
-8.41189193725586,133.380676269531,0
-8.40936851501465,133.880661010742,0
-8.40684509277344,134.380661010742,0
-8.40432262420654,134.880661010742,0
-8.40179920196533,135.380645751953,0
-8.39927673339844,135.880645751953,0
-8.39675331115723,136.380630493164,0
-8.39422988891602,136.880630493164,0
-8.39170646667481,137.380615234375,0
-8.38918399810791,137.880615234375,0
-8.3866605758667,138.380615234375,0
-8.38413810729981,138.880599975586,0
-8.38161468505859,139.380599975586,0
-8.37909126281738,139.880584716797,0
-8.37656784057617,140.380584716797,0
-8.37404441833496,140.880584716797,0
-8.37152194976807,141.380569458008,0
-8.36899852752686,141.880554199219,0
-8.36647605895996,142.380554199219,0
-8.36395263671875,142.880554199219,0
-8.36142921447754,143.38053894043,0
-8.35890579223633,143.88053894043,0
-8.35638332366943,144.380523681641,0
-8.35385990142822,144.880523681641,0
-8.35133743286133,145.380523681641,0
-8.34881401062012,145.880508422852,0
-8.34629058837891,146.380493164063,0
-8.3437671661377,146.880493164063,0
-8.34124374389648,147.380493164063,0
-8.33872127532959,147.880493164063,0
-8.33619785308838,148.380477905273,0
-8.33367538452148,148.880462646484,0
-8.33115196228027,149.380462646484,0
-8.32862854003906,149.880462646484,0
-8.32610511779785,150.380462646484,0
-8.32358264923096,150.880447387695,0
-8.32105922698975,151.380432128906,0
-8.31853675842285,151.880432128906,0
-8.31601333618164,152.380432128906,0
-8.31348991394043,152.880432128906,0
-8.31096649169922,153.380416870117,0
-8.30844402313232,153.880401611328,0
-8.30592060089111,154.380401611328,0
-8.3033971786499,154.880401611328,0
-8.30087471008301,155.380386352539,0
-8.2983512878418,155.880386352539,0
-8.29582786560059,156.38037109375,0
-8.29330444335938,156.88037109375,0
-8.29078197479248,157.38037109375,0
-8.28825855255127,157.880355834961,0
-8.28573608398438,158.380355834961,0
-8.28321266174316,158.880340576172,0
-8.28068923950195,159.380340576172,0
-8.27816581726074,159.880340576172,0
-8.27564334869385,160.380325317383,0
-8.27311992645264,160.880310058594,0
-8.27059650421143,161.380310058594,0
-8.26807403564453,161.880310058594,0
-8.26555061340332,162.380294799805,0
-8.26302719116211,162.880294799805,0
-8.2605037689209,163.380279541016,0
-8.257981300354,163.880279541016,0
-8.25545787811279,164.380279541016,0
-8.2529354095459,164.880264282227,0
-8.25041198730469,165.380264282227,0
-8.24788856506348,165.880249023438,0
-8.24536514282227,166.380249023438,0
-8.24284172058106,166.880249023438,0
-8.24031925201416,167.380233764648,0
-8.23779582977295,167.880233764648,0
-8.23527336120606,168.380218505859,0
-8.23274993896484,168.880218505859,0
-8.23022651672363,169.380218505859,0
-8.22770309448242,169.88020324707,0
-8.22518062591553,170.38020324707,0
-8.22265720367432,170.880187988281,0
-8.22013473510742,171.380187988281,0
-8.21761131286621,171.880187988281,0
-8.215087890625,172.380172729492,0
-8.21256446838379,172.880157470703,0
-8.21004104614258,173.380157470703,0
-8.20751857757568,173.880157470703,0
-8.20499515533447,174.380142211914,0
-8.20247268676758,174.880142211914,0
-8.19994926452637,175.380126953125,0
-8.19742584228516,175.880126953125,0
-8.19490242004395,176.380126953125,0
-8.19237995147705,176.880111694336,0
-8.18985652923584,177.380111694336,0
-8.18733406066895,177.880096435547,0
-8.18481063842773,178.380096435547,0
-8.18228721618652,178.880096435547,0
-8.17976379394531,179.380081176758,0
-8.1772403717041,179.880081176758,0
-8.17471790313721,180.380065917969,0
-8.17219543457031,180.880065917969,0
-8.1696720123291,181.380065917969,0
-8.16714859008789,181.88005065918,0
-8.16462516784668,182.38005065918,0
-8.16210174560547,182.880035400391,0
-8.15957927703857,183.380035400391,0
-8.15705585479736,183.880035400391,0
-8.15453338623047,184.380020141602,0
-8.15200996398926,184.880004882813,0
-8.14948654174805,185.380004882813,0
-8.14696311950684,185.880004882813,0
-8.14443969726563,186.379989624023,0
-8.14191722869873,186.879989624023,0
-8.13939476013184,187.379974365234,0
-8.13687133789063,187.879974365234,0
-8.13434791564941,188.379974365234,0
-8.1318244934082,188.879959106445,0
-8.12930107116699,189.379959106445,0
-8.1267786026001,189.879943847656,0
-8.12425518035889,190.379943847656,0
-8.12173271179199,190.879943847656,0
-8.11920928955078,191.379928588867,0
-8.11668586730957,191.879928588867,0
-8.11416244506836,192.379913330078,0
-8.11163902282715,192.879913330078,0
-8.10911655426025,193.379913330078,0
-8.10659408569336,193.879898071289,0
-8.10407066345215,194.379898071289,0
-8.10154724121094,194.8798828125,0
-8.09902381896973,195.3798828125,0
-8.09650039672852,195.879867553711,0
-8.09397792816162,196.379867553711,0
-8.09145450592041,196.879852294922,0
-8.08893203735352,197.379852294922,0
-8.08640861511231,197.879852294922,0
-8.08388519287109,198.379837036133,0
-8.08136177062988,198.879837036133,0
-8.07883834838867,199.379821777344,0
-8.07631587982178,199.879821777344,0
-8.07379341125488,200.379821777344,0
-8.07126998901367,200.879806518555,0
-8.06874656677246,201.379806518555,0
-8.06622314453125,201.879791259766,0
-8.06369972229004,202.379791259766,0
-8.06117725372314,202.879791259766,0
-8.05865383148193,203.379776000977,0
-8.05613136291504,203.879776000977,0
-8.05360794067383,204.379760742187,0
-8.05108451843262,204.879760742187,0
-8.04856109619141,205.379745483398,0
-8.0460376739502,205.879745483398,0
-8.0435152053833,206.379745483398,0
-8.04099273681641,206.879730224609,0
-8.0384693145752,207.379730224609,0
-8.03594589233398,207.87971496582,0
-8.03342247009277,208.37971496582,0
-8.03089904785156,208.879699707031,0
-8.02837657928467,209.379699707031,0
-8.02585315704346,209.879699707031,0
-8.02333068847656,210.379684448242,0
-8.02080726623535,210.879684448242,0
-8.01828384399414,211.379669189453,0
-8.01576042175293,211.879669189453,0
-8.01323795318604,212.379669189453,0
-8.01071453094482,212.879653930664,0
-8.00819206237793,213.379653930664,0
-8.00566864013672,213.879638671875,0
-8.00314521789551,214.379638671875,0
-8.0006217956543,214.879638671875,0
-7.99809885025024,215.379623413086,0
-7.99557590484619,215.879623413086,0
-7.99305248260498,216.379608154297,0
-7.99052953720093,216.879608154297,0
-7.98800659179688,217.379592895508,0
-7.98548316955566,217.879592895508,0
-7.98296022415161,218.379592895508,0
-7.98043727874756,218.879577636719,0
-7.97791385650635,219.379577636719,0
-7.9753909111023,219.87956237793,0
-7.97333335876465,220.361953735352,0
-7.97248697280884,220.839965820312,0
-7.97283744812012,221.317962646484,0
-7.97439813613892,221.795959472656,0
-7.97715520858765,222.273956298828,0
-7.98110866546631,222.751937866211,0
-7.98627233505249,223.229904174805,0
-7.9926323890686,223.707885742188,0
-8.00020408630371,224.185821533203,0
-8.00895500183106,224.66374206543,0
-8.01893424987793,225.141647338867,0
-8.0300931930542,225.619506835937,0
-8.04246330261231,226.097351074219,0
-8.05602931976318,226.575149536133,0
-8.0708065032959,227.052932739258,0
-8.0867805480957,227.530670166016,0
-8.10394859313965,228.008361816406,0
-8.12232971191406,228.485992431641,0
-8.14190578460693,228.963607788086,0
-8.16267871856689,229.441162109375,0
-8.18466186523438,229.918640136719,0
-8.20784187316895,230.396087646484,0
-8.23221683502197,230.873474121094,0
-8.25778865814209,231.350784301758,0
-8.28457260131836,231.828033447266,0
-8.31254959106445,232.305206298828,0
-8.34172534942627,232.782318115234,0
-8.37209606170654,233.259353637695,0
-8.40367794036865,233.736312866211,0
-8.43644046783447,234.213195800781,0
-8.47041511535645,234.689971923828,0
-8.50558567047119,235.166687011719,0
-8.54196643829346,235.643310546875,0
-8.57952880859375,236.119827270508,0
-8.6183032989502,236.596252441406,0
-8.65825748443604,237.07258605957,0
-8.69942283630371,237.548812866211,0
-8.74178600311279,238.024932861328,0
-8.78534412384033,238.500946044922,0
-8.83008289337158,238.976852416992,0
-8.87603378295898,239.45263671875,0
-8.92318058013916,239.928298950195,0
-8.97152328491211,240.403854370117,0
-9.02106285095215,240.879287719727,0
-9.07178211212158,241.354598999023,0
-9.12371444702148,241.82975769043,0
-9.17684173583984,242.304794311523,0
-9.23115062713623,242.779708862305,0
-9.28665542602539,243.254470825195,0
-9.34335708618164,243.729080200195,0
-9.40125465393066,244.203582763672,0
-9.4603328704834,244.677917480469,0
-9.5206241607666,245.152099609375,0
-9.58209609985352,245.626129150391,0
-9.64476299285889,246.100006103516,0
-9.7086124420166,246.57373046875,0
-9.77365779876709,247.047286987305,0
-9.83988475799561,247.52067565918,0
-9.90732192993164,247.993896484375,0
-9.97592639923096,248.466934204102,0
-10.0457429885864,248.939819335938,0
-10.1167249679565,249.412521362305,0
-10.1889028549194,249.885040283203,0
-10.262279510498,250.357376098633,0
-10.3368358612061,250.829528808594,0
-10.4125728607178,251.301483154297,0
-10.4895076751709,251.773254394531,0
-10.5676231384277,252.244827270508,0
-10.6469202041626,252.716217041016,0
-10.7274141311646,253.187377929687,0
-10.8090734481812,253.658355712891,0
-10.8919315338135,254.129119873047,0
-10.9759693145752,254.599685668945,0
-11.0611896514893,255.070022583008,0
-11.147590637207,255.540161132812,0
-11.2351741790771,256.010070800781,0
-11.323938369751,256.479736328125,0
-11.4138851165772,256.94921875,0
-11.505012512207,257.418426513672,0
-11.5973072052002,257.887451171875,0
-11.6907987594605,258.356201171875,0
-11.7854557037354,258.824768066406,0
-11.8812952041626,259.293029785156,0
-11.9783163070679,259.761108398438,0
-12.0765047073364,260.228942871094,0
-12.175874710083,260.696472167969,0
-12.2764110565186,261.163787841797,0
-12.3781290054321,261.630828857422,0
-12.481029510498,262.097625732422,0
-12.5850963592529,262.564147949219,0
-12.6903295516968,263.030456542969,0
-12.796745300293,263.496459960938,0
-12.9043283462524,263.962188720703,0
-13.0130767822266,264.427642822266,0
-13.1229934692383,264.892852783203,0
-13.234091758728,265.357757568359,0
-13.346342086792,265.822387695312,0
-13.459774017334,266.286743164062,0
-13.5743732452393,266.750793457031,0
-13.6901245117188,267.214569091797,0
-13.8070573806763,267.678039550781,0
-13.925142288208,268.141265869141,0
-14.0443954467773,268.604125976562,0
-14.1648139953613,269.066711425781,0
-14.2864007949829,269.528991699219,0
-14.4091396331787,269.990936279297,0
-14.5330448150635,270.45263671875,0
-14.6581020355225,270.913970947266,0
-14.7843284606934,271.375,0
-14.9117202758789,271.835693359375,0
-15.0402507781982,272.296112060547,0
-15.1699466705322,272.756164550781,0
-15.3008117675781,273.215911865234,0
-15.4328136444092,273.675354003906,0
-15.5659828186035,274.134399414062,0
-15.7003040313721,274.593139648437,0
-15.8357772827148,275.051544189453,0
-15.9723882675171,275.509613037109,0
-16.1101665496826,275.967346191406,0
-16.2490825653076,276.424682617187,0
-16.3891677856445,276.881683349609,0
-16.530387878418,277.338348388672,0
-16.6727600097656,277.794677734375,0
-16.8162727355957,278.250640869141,0
-16.9609355926514,278.706207275391,0
-17.1067371368408,279.161407470703,0
-17.2536926269531,279.616302490234,0
-17.401782989502,280.070770263672,0
-17.5510272979736,280.524871826172,0
-17.7013931274414,280.978576660156,0
-17.8529148101807,281.431945800781,0
-18.0055713653564,281.884918212891,0
-18.159366607666,282.337493896484,0
-18.3143005371094,282.789703369141,0
-18.4703712463379,283.241485595703,0
-18.6275806427002,283.692932128906,0
-18.7859115600586,284.143920898437,0
-18.9453964233398,284.594543457031,0
-19.1059913635254,285.044769287109,0
-19.2677364349365,285.494537353516,0
-19.4306049346924,285.943969726562,0
-19.594596862793,286.392913818359,0
-19.7597274780273,286.841522216797,0
-19.9259643554688,287.289672851562,0
-20.0933570861816,287.737426757812,0
-20.2618560791016,288.184722900391,0
-20.4314785003662,288.631652832031,0
-20.6022243499756,289.078063964844,0
-20.7741088867188,289.524108886719,0
-20.9471015930176,289.9697265625,0
-21.1212005615234,290.414886474609,0
-21.2964401245117,290.859619140625,0
-21.4727897644043,291.303894042969,0
-21.6502456665039,291.747711181641,0
-21.8288383483887,292.191131591797,0
-22.0085258483887,292.634063720703,0
-22.189338684082,293.076538085938,0
-22.3712577819824,293.518585205078,0
-22.5542869567871,293.960144042969,0
-22.7384262084961,294.401275634766,0
-22.9236717224121,294.841888427734,0
-23.1100254058838,295.282073974609,0
-23.2974891662598,295.721801757812,0
-23.4860610961914,296.161041259766,0
-23.6757259368896,296.599761962891,0
-23.8665008544922,297.0380859375,0
-24.0583686828613,297.475860595703,0
-24.2513465881348,297.913177490234,0
-24.4454193115234,298.350036621094,0
-24.6405830383301,298.786346435547,0
-24.836856842041,299.222198486328,0
-25.0342254638672,299.657562255859,0
-25.2326736450195,300.092407226562,0
-25.4322299957275,300.526763916016,0
-25.6328659057617,300.960632324219,0
-25.8345947265625,301.393951416016,0
-26.0374183654785,301.826782226563,0
-26.2413215637207,302.259124755859,0
-26.4463195800781,302.690979003906,0
-26.6523971557617,303.122253417969,0
-26.8595523834229,303.553039550781,0
-27.0678043365479,303.983276367188,0
-27.2771186828613,304.412994384766,0
-27.4875297546387,304.842193603516,0
-27.6990165710449,305.270904541016,0
-27.9115715026855,305.699035644531,0
-28.1252021789551,306.126617431641,0
-28.339916229248,306.553680419922,0
-28.5556945800781,306.980224609375,0
-28.7725505828857,307.406219482422,0
-28.9904727935791,307.831634521484,0
-29.20947265625,308.256500244141,0
-29.4295387268066,308.680847167969,0
-29.6506576538086,309.104614257812,0
-29.8728523254395,309.527862548828,0
-30.0961151123047,309.950531005859,0
-30.3204250335693,310.372589111328,0
-30.5457992553711,310.794158935547,0
-30.7722396850586,311.215118408203,0
-30.9997329711914,311.635498046875,0
-31.2282886505127,312.055297851562,0
-31.4578952789307,312.474548339844,0
-31.6885528564453,312.893249511719,0
-31.9202728271484,313.311309814453,0
-32.1530303955078,313.728820800781,0
-32.3868408203125,314.145721435547,0
-32.621696472168,314.562072753906,0
-32.8576049804687,314.977783203125,0
-33.0945472717285,315.392944335938,0
-33.3325424194336,315.807464599609,0
-33.5715713500977,316.221374511719,0
-33.811653137207,316.634765625,0
-34.0527534484863,317.047485351562,0
-34.2949066162109,317.459594726562,0
-34.5380935668945,317.871124267578,0
-34.7823028564453,318.282043457031,0
-35.0275611877441,318.692352294922,0
-35.2738418579102,319.102020263672,0
-35.5211410522461,319.511047363281,0
-35.7694778442383,319.919494628906,0
-36.0188484191895,320.327301025391,0
-36.269229888916,320.734466552734,0
-36.5206451416016,321.141021728516,0
-36.773078918457,321.546936035156,0
-37.0265197753906,321.952178955078,0
-37.2809982299805,322.356811523438,0
-37.5364837646484,322.760833740234,0
-37.7929763793945,323.164154052734,0
-38.0504989624023,323.566864013672,0
-38.3090209960937,323.968933105469,0
-38.5685615539551,324.370361328125,0
-38.8291053771973,324.771118164062,0
-39.0906600952148,325.171203613281,0
-39.3532028198242,325.570648193359,0
-39.616771697998,325.969421386719,0
-39.8813285827637,326.367523193359,0
-40.1468925476074,326.764984130859,0
-40.4134521484375,327.161743164062,0
-40.6810111999512,327.557830810547,0
-40.9495506286621,327.953247070312,0
-41.2190971374512,328.348022460937,0
-41.4896392822266,328.742095947266,0
-41.7611694335938,329.135498046875,0
-42.0336761474609,329.528198242187,0
-42.3071746826172,329.920227050781,0
-42.5816688537598,330.311553955078,0
-42.8571395874023,330.702209472656,0
-43.1335830688477,331.092163085937,0
-43.4110107421875,331.481414794922,0
-43.6894226074219,331.869964599609,0
-43.9688034057617,332.2578125,0
-44.2491569519043,332.644958496094,0
-44.5304908752441,333.031433105469,0
-44.8127861022949,333.417114257812,0
-45.0960655212402,333.802215576172,0
-45.380298614502,334.186462402344,0
-45.6654968261719,334.570068359375,0
-45.95166015625,334.952972412109,0
-46.2387847900391,335.335083007813,0
-46.5268707275391,335.716522216797,0
-46.8159217834473,336.097259521484,0
-47.1059226989746,336.477233886719,0
-47.3968849182129,336.856475830078,0
-47.6887893676758,337.235015869141,0
-47.9816513061523,337.612762451172,0
-48.2754516601563,337.989837646484,0
-48.5702095031738,338.366149902344,0
-48.8659133911133,338.74169921875,0
-49.1625442504883,339.116516113281,0
-49.4601287841797,339.490600585937,0
-49.7586631774902,339.863922119141,0
-50.0581130981445,340.236480712891,0
-50.358512878418,340.608276367188,0
-50.6598472595215,340.979370117187,0
-50.9621124267578,341.349670410156,0
-51.2652969360352,341.719207763672,0
-51.5694160461426,342.087982177734,0
-51.8744659423828,342.455993652344,0
-52.1804428100586,342.8232421875,0
-52.4873313903809,343.189697265625,0
-52.7951545715332,343.555419921875,0
-53.1038818359375,343.920349121094,0
-53.4135360717773,344.284484863281,0
-53.7240982055664,344.647857666016,0
-54.0355682373047,345.010437011719,0
-54.3479614257813,345.372222900391,0
-54.6612548828125,345.733245849609,0
-54.9754524230957,346.093444824219,0
-55.2905578613281,346.452911376953,0
-55.6065826416016,346.8115234375,0
-55.9234771728516,347.169372558594,0
-56.2412948608398,347.526397705078,0
-56.560001373291,347.882690429687,0
-56.8795967102051,348.238098144531,0
-57.2000999450684,348.5927734375,0
-57.5214767456055,348.946594238281,0
-57.8437423706055,349.299591064453,0
-58.1669082641602,349.651824951172,0
-58.4909553527832,350.003234863281,0
-58.8158760070801,350.353820800781,0
-59.1416702270508,350.703582763672,0
-59.4683609008789,351.052490234375,0
-59.7959213256836,351.400665283203,0
-60.1243553161621,351.747955322266,0
-60.453670501709,352.094421386719,0
-60.7838401794434,352.440032958984,0
-61.1148834228516,352.784851074219,0
-61.4467926025391,353.128875732422,0
-61.7795639038086,353.471984863281,0
-62.113208770752,353.814300537109,0
-62.447696685791,354.15576171875,0
-62.7830505371094,354.496398925781,0
-63.1192588806152,354.836181640625,0
-63.4563179016113,355.175079345703,0
-63.7942352294922,355.513153076172,0
-64.1330032348633,355.850402832031,0
-64.4726104736328,356.186798095703,0
-64.8130493164063,356.522308349609,0
-65.1543579101562,356.856994628906,0
-65.4964904785156,357.190795898437,0
-65.839469909668,357.523742675781,0
-66.1832809448242,357.855834960937,0
-66.5279235839844,358.187042236328,0
-66.8733978271484,358.517395019531,0
-67.2196884155273,358.846893310547,0
-67.5668258666992,359.175476074219,0
-67.9147796630859,359.503234863281,0
-68.2635650634766,359.830108642578,0
-68.613166809082,360.156036376953,0
-68.9635848999023,360.481170654297,0
-69.314826965332,360.805389404297,0
-69.666862487793,361.128723144531,0
-70.0197372436523,361.451171875,0
-70.3733978271484,361.772735595703,0
-70.7278823852539,362.093414306641,0
-71.0831604003906,362.413177490234,0
-71.4392395019531,362.732086181641,0
-71.7961349487305,363.050048828125,0
-72.1538238525391,363.367156982422,0
-72.5122909545898,363.683319091797,0
-72.8715667724609,363.998657226562,0
-73.2316360473633,364.313018798828,0
-73.5924911499023,364.626495361328,0
-73.9541320800781,364.939056396484,0
-74.3165664672852,365.250732421875,0
-74.6797714233398,365.561462402344,0
-75.0437698364258,365.871307373047,0
-75.4085235595703,366.180236816406,0
-75.7740707397461,366.488220214844,0
-76.1403884887695,366.795318603516,0
-76.5074768066406,367.101470947266,0
-76.8753280639649,367.406677246094,0
-77.2439575195313,367.710998535156,0
-77.6133422851563,368.014373779297,0
-77.9834899902344,368.316833496094,0
-78.3543853759766,368.618316650391,0
-78.7260589599609,368.918975830078,0
-79.0984649658203,369.218566894531,0
-79.4716415405273,369.517303466797,0
-79.8455581665039,369.815093994141,0
-80.2202301025391,370.111907958984,0
-80.5956420898437,370.407806396484,0
-80.9718017578125,370.702758789063,0
-81.3486938476563,370.996734619141,0
-81.7263259887695,371.289794921875,0
-82.1046981811523,371.581878662109,0
-82.4837951660156,371.873046875,0
-82.8636245727539,372.163238525391,0
-83.2442016601562,372.452453613281,0
-83.62548828125,372.740753173828,0
-84.0074844360352,373.028045654297,0
-84.3902206420898,373.314453125,0
-84.7736740112305,373.599822998047,0
-85.157844543457,373.88427734375,0
-85.5427169799805,374.167724609375,0
-85.9283142089844,374.450225830078,0
-86.3146133422852,374.731750488281,0
-86.7016220092773,375.012298583984,0
-87.0893325805664,375.291870117187,0
-87.4777526855469,375.570495605469,0
-87.8668670654297,375.848083496094,0
-88.2566680908203,376.124725341797,0
-88.6471710205078,376.400421142578,0
-89.0383682250977,376.675079345703,0
-89.4302597045899,376.948791503906,0
-89.8228225708008,377.221527099609,0
-90.2160797119141,377.493225097656,0
-90.6100158691406,377.763946533203,0
-91.0046463012695,378.033721923828,0
-91.3999328613281,378.302490234375,0
-91.7959060668945,378.570251464844,0
-92.1925430297852,378.836975097656,0
-92.5898590087891,379.102752685547,0
-92.9878387451172,379.367492675781,0
-93.386474609375,379.631286621094,0
-93.785774230957,379.894012451172,0
-94.1857376098633,380.155792236328,0
-94.5863647460937,380.416534423828,0
-94.9876327514648,380.67626953125,0
-95.3895645141602,380.934997558594,0
-95.7921295166016,381.192687988281,0
-96.1953582763672,381.449401855469,0
-96.5992202758789,381.705139160156,0
-97.0037307739258,381.959777832031,0
-97.4088745117188,382.213409423828,0
-97.8146591186524,382.466094970703,0
-98.221076965332,382.717681884766,0
-98.6281204223633,382.968322753906,0
-99.0357971191406,383.217864990234,0
-99.4441070556641,383.466400146484,0
-99.8530349731445,383.713928222656,0
-100.262580871582,383.960418701172,0
-100.672744750977,384.205871582031,0
-101.083526611328,384.450286865234,0
-101.494918823242,384.693695068359,0
-101.906921386719,384.936004638672,0
-102.319541931152,385.177368164062,0
-102.732757568359,385.417663574219,0
-103.146575927734,385.656860351562,0
-103.561004638672,385.895050048828,0
-103.976020812988,386.132263183594,0
-104.391639709473,386.368316650391,0
-104.807846069336,386.603424072266,0
-105.224639892578,386.837432861328,0
-105.642021179199,387.070404052734,0
-106.059982299805,387.302337646484,0
-106.478538513184,387.533233642578,0
-106.897666931152,387.763031005859,0
-107.317375183105,387.991821289062,0
-107.737648010254,388.219482421875,0
-108.158500671387,388.446166992187,0
-108.579917907715,388.671752929688,0
-109.001907348633,388.896270751953,0
-109.424446105957,389.119750976562,0
-109.847557067871,389.342132568359,0
-110.27123260498,389.563537597656,0
-110.695449829102,389.783782958984,0
-111.120216369629,390.002990722656,0
-111.545539855957,390.221130371094,0
-111.971412658691,390.438201904297,0
-112.397834777832,390.654205322266,0
-112.824783325195,390.869110107422,0
-113.252281188965,391.082946777344,0
-113.680313110352,391.295745849609,0
-114.108879089355,391.507415771484,0
-114.537979125977,391.718109130859,0
-114.967597961426,391.927612304687,0
-115.397743225098,392.136077880859,0
-115.828414916992,392.343475341797,0
-116.259620666504,392.549743652344,0
-116.69132232666,392.754943847656,0
-117.123550415039,392.959045410156,0
-117.556282043457,393.162139892578,0
-117.989532470703,393.364044189453,0
-118.423278808594,393.56494140625,0
-118.857536315918,393.764709472656,0
-119.292297363281,393.96337890625,0
-119.727546691895,394.160949707031,0
-120.163299560547,394.357452392578,0
-120.599540710449,394.552856445312,0
-121.036277770996,394.747131347656,0
-121.473487854004,394.940338134766,0
-121.911193847656,395.132415771484,0
-122.349380493164,395.323425292969,0
-122.788047790527,395.513336181641,0
-123.227188110352,395.702087402344,0
-123.666801452637,395.889801025391,0
-124.106880187988,396.076354980469,0
-124.547431945801,396.261810302734,0
-124.98844909668,396.446197509766,0
-125.429931640625,396.629425048828,0
-125.871871948242,396.811614990234,0
-126.314262390137,396.992614746094,0
-126.757110595703,397.172576904297,0
-127.200408935547,397.351348876953,0
-127.644149780273,397.529022216797,0
-128.088348388672,397.705596923828,0
-128.532989501953,397.881072998047,0
-128.978057861328,398.055389404297,0
-129.423568725586,398.228637695312,0
-129.869522094727,398.400726318359,0
-130.315887451172,398.571716308594,0
-130.7626953125,398.741546630859,0
-131.209930419922,398.910278320312,0
-131.657577514648,399.077880859375,0
-132.105651855469,399.244415283203,0
-132.554138183594,399.409698486328,0
-133.003051757813,399.573944091797,0
-133.452362060547,399.737030029297,0
-133.902084350586,399.898986816406,0
-134.352249145508,400.059814453125,0
-134.802749633789,400.219543457031,0
-135.253692626953,400.378082275391,0
-135.705017089844,400.535552978516,0
-136.156768798828,400.691833496094,0
-136.608871459961,400.846984863281,0
-137.061370849609,401.001007080078,0
-137.514266967773,401.153900146484,0
-137.967544555664,401.3056640625,0
-138.421188354492,401.456268310547,0
-138.875213623047,401.605743408203,0
-139.329620361328,401.754058837891,0
-139.784408569336,401.901214599609,0
-140.239547729492,402.047271728516,0
-140.695068359375,402.192169189453,0
-141.150955200195,402.335876464844,0
-141.607177734375,402.478485107422,0
-142.063766479492,402.619995117188,0
-142.520706176758,402.76025390625,0
-142.978012084961,402.8994140625,0
-143.435668945313,403.037414550781,0
-143.893661499023,403.174285888672,0
-144.351989746094,403.309997558594,0
-144.810668945313,403.444519042969,0
-145.269668579102,403.577941894531,0
-145.729019165039,403.710174560547,0
-146.188705444336,403.841217041016,0
-146.648681640625,403.97119140625,0
-147.109024047852,404.099975585938,0
-147.569671630859,404.227600097656,0
-148.030654907227,404.354034423828,0
-148.491928100586,404.479339599609,0
-148.953536987305,404.603454589844,0
-149.415435791016,404.726440429688,0
-149.877655029297,404.848266601563,0
-150.340194702148,404.968933105469,0
-150.803009033203,405.088409423828,0
-151.266128540039,405.206726074219,0
-151.729553222656,405.323913574219,0
-152.193267822266,405.439910888672,0
-152.657272338867,405.554748535156,0
-153.121566772461,405.668395996094,0
-153.586135864258,405.780883789063,0
-154.050994873047,405.892211914063,0
-154.516128540039,406.002349853516,0
-154.981552124023,406.111328125,0
-155.447219848633,406.219177246094,0
-155.913192749023,406.325836181641,0
-156.37939453125,406.431274414063,0
-156.84587097168,406.535614013672,0
-157.312622070312,406.638702392578,0
-157.779632568359,406.740661621094,0
-158.246887207031,406.841461181641,0
-158.714385986328,406.941070556641,0
-159.18212890625,407.039489746094,0
-159.650146484375,407.13671875,0
-160.118392944336,407.232818603516,0
-160.586883544922,407.327697753906,0
-161.055618286133,407.421447753906,0
-161.524551391602,407.513977050781,0
-161.993743896484,407.605316162109,0
-162.463180541992,407.695526123047,0
-162.932800292969,407.784515380859,0
-163.402679443359,407.872344970703,0
-163.872756958008,407.958984375,0
-164.343063354492,408.04443359375,0
-164.813552856445,408.128723144531,0
-165.284301757813,408.211822509766,0
-165.755218505859,408.293731689453,0
-166.226364135742,408.374450683594,0
-166.697708129883,408.453979492188,0
-167.169235229492,408.532318115234,0
-167.640960693359,408.609497070313,0
-168.112899780273,408.685516357422,0
-168.584991455078,408.760284423828,0
-169.05729675293,408.833862304688,0
-169.52978515625,408.906311035156,0
-170.00244140625,408.9775390625,0
-170.475311279297,409.047576904297,0
-170.948303222656,409.116455078125,0
-171.421493530273,409.18408203125,0
-171.894836425781,409.250579833984,0
-172.368377685547,409.315856933594,0
-172.842056274414,409.380004882813,0
-173.315902709961,409.44287109375,0
-173.789916992188,409.504577636719,0
-174.264053344727,409.565093994141,0
-174.738372802734,409.624389648438,0
-175.212814331055,409.682556152344,0
-175.687408447266,409.739501953125,0
-176.162170410156,409.795257568359,0
-176.63703918457,409.849822998047,0
-177.112060546875,409.903137207031,0
-177.587188720703,409.955322265625,0
-178.062454223633,410.006286621094,0
-178.537872314453,410.056060791016,0
-179.013397216797,410.104675292969,0
-179.489044189453,410.152038574219,0
-179.964813232422,410.198211669922,0
-180.440673828125,410.243194580078,0
-180.91667175293,410.287048339844,0
-181.392776489258,410.329620361328,0
-181.868988037109,410.371002197266,0
-182.345291137695,410.411224365234,0
-182.821685791016,410.450225830078,0
-183.298202514648,410.488037109375,0
-183.774795532227,410.524658203125,0
-184.251480102539,410.56005859375,0
-184.728256225586,410.594299316406,0
-185.205108642578,410.627319335937,0
-185.682052612305,410.659118652344,0
-186.159072875977,410.689758300781,0
-186.636184692383,410.719146728516,0
-187.113357543945,410.747375488281,0
-187.590576171875,410.7744140625,0
-188.06787109375,410.800201416016,0
-188.545257568359,410.824829101562,0
-189.022689819336,410.848236083984,0
-189.500152587891,410.870483398438,0
-189.977691650391,410.891448974609,0
-190.455276489258,410.911315917969,0
-190.932922363281,410.929931640625,0
-191.410614013672,410.947326660156,0
-191.888336181641,410.963531494141,0
-192.366119384766,410.978576660156,0
-192.843902587891,410.992340087891,0
-193.321762084961,411.005004882813,0
-193.799606323242,411.016418457031,0
-194.27751159668,411.026611328125,0
-194.755416870117,411.035583496094,0
-195.233352661133,411.043426513672,0
-195.711318969727,411.050018310547,0
-196.189270019531,411.055419921875,0
-196.667266845703,411.059631347656,0
-197.145263671875,411.062622070313,0
-197.633178710938,411.064544677734,0
-198.133163452148,411.066375732422,0
-198.633163452148,411.068176269531,0
-199.133148193359,411.070007324219,0
-199.633148193359,411.071807861328,0
-200.133148193359,411.073638916016,0
-200.633148193359,411.075439453125,0
-201.133148193359,411.077270507812,0
-201.633148193359,411.0791015625,0
-202.133148193359,411.080902099609,0
-202.63313293457,411.082733154297,0
-203.13313293457,411.084533691406,0
-203.633117675781,411.086364746094,0
-204.133117675781,411.088165283203,0
-204.633117675781,411.089996337891,0
-205.133117675781,411.091796875,0
-205.633117675781,411.093627929688,0
-206.133117675781,411.095428466797,0
-206.633117675781,411.097259521484,0
-207.133102416992,411.099060058594,0
-207.633102416992,411.100891113281,0
-208.133102416992,411.102691650391,0
-208.633087158203,411.104522705078,0
-209.133087158203,411.106353759766,0
-209.633087158203,411.108154296875,0
-210.133087158203,411.109985351563,0
-210.633087158203,411.111785888672,0
-211.133087158203,411.113616943359,0
-211.633087158203,411.115417480469,0
-212.133071899414,411.117248535156,0
-212.633071899414,411.119049072266,0
-213.133056640625,411.120880126953,0
-213.633056640625,411.122680664063,0
-214.133056640625,411.12451171875,0
-214.633056640625,411.126312255859,0
-215.133056640625,411.128143310547,0
-215.633056640625,411.129943847656,0
-216.133056640625,411.131774902344,0
-216.633041381836,411.133605957031,0
-217.133041381836,411.135406494141,0
-217.633026123047,411.137237548828,0
-218.133026123047,411.139038085938,0
-218.633026123047,411.140869140625,0
-219.133026123047,411.142669677734,0
-219.633026123047,411.144500732422,0
-220.133026123047,411.146301269531,0
-220.633026123047,411.148132324219,0
-221.133010864258,411.149932861328,0
-221.633010864258,411.151763916016,0
-222.132995605469,411.153564453125,0
-222.632995605469,411.155395507813,0
-223.132995605469,411.1572265625,0
-223.632995605469,411.159027099609,0
-224.132995605469,411.160858154297,0
-224.632995605469,411.162658691406,0
-225.132995605469,411.164489746094,0
-225.63298034668,411.166290283203,0
-226.13298034668,411.168121337891,0
-226.63298034668,411.169921875,0
-227.132965087891,411.171752929688,0
-227.632965087891,411.173553466797,0
-228.132965087891,411.175384521484,0
-228.632965087891,411.177185058594,0
-229.132965087891,411.179016113281,0
-229.632965087891,411.180816650391,0
-230.132965087891,411.182647705078,0
-230.632949829102,411.184478759766,0
-231.132949829102,411.186279296875,0
-231.632934570312,411.188110351563,0
-232.132934570313,411.189910888672,0
-232.632934570312,411.191741943359,0
-233.132934570312,411.193542480469,0
-233.632934570312,411.195373535156,0
-234.132934570312,411.197174072266,0
-234.632934570313,411.199005126953,0
-235.132919311523,411.200805664063,0
-235.632919311523,411.20263671875,0
-236.132904052734,411.204437255859,0
-236.632904052734,411.206268310547,0
-237.132904052734,411.208068847656,0
-237.632904052734,411.209899902344,0
-238.132904052734,411.211730957031,0
-238.632904052734,411.213531494141,0
-239.132904052734,411.215362548828,0
-239.632888793945,411.217163085938,0
-240.132888793945,411.218994140625,0
-240.632873535156,411.220794677734,0
-241.132873535156,411.222625732422,0
-241.632873535156,411.224426269531,0
-242.132873535156,411.226257324219,0
-242.632873535156,411.228057861328,0
-243.132873535156,411.229888916016,0
-243.632873535156,411.231689453125,0
-244.132858276367,411.233520507813,0
-244.632858276367,411.2353515625,0
-245.132858276367,411.237152099609,0
-245.632843017578,411.238983154297,0
-246.132843017578,411.240783691406,0
-246.632843017578,411.242614746094,0
-247.132843017578,411.244415283203,0
-247.632843017578,411.246246337891,0
-248.132843017578,411.248046875,0
-248.632843017578,411.249877929687,0
-249.132827758789,411.251678466797,0
-249.632827758789,411.253509521484,0
-250.1328125,411.255310058594,0
-250.6328125,411.257141113281,0
-251.1328125,411.258941650391,0
-251.6328125,411.260772705078,0
-252.1328125,411.262603759766,0
-252.6328125,411.264404296875,0
-253.1328125,411.266235351563,0
-253.632797241211,411.268035888672,0
-254.132797241211,411.269866943359,0
-254.632781982422,411.271667480469,0
-255.132781982422,411.273498535156,0
-255.632781982422,411.275299072266,0
-256.132781982422,411.277130126953,0
-256.632781982422,411.278930664063,0
-257.132781982422,411.28076171875,0
-257.632781982422,411.282562255859,0
-258.132781982422,411.284393310547,0
-258.632751464844,411.286193847656,0
-259.132751464844,411.288024902344,0
-259.632751464844,411.289855957031,0
-260.132751464844,411.291656494141,0
-260.632751464844,411.293487548828,0
-261.132751464844,411.295288085938,0
-261.632751464844,411.297119140625,0
-262.132751464844,411.298919677734,0
-262.632751464844,411.300750732422,0
-263.132751464844,411.302551269531,0
-263.632720947266,411.304382324219,0
-264.132720947266,411.306182861328,0
-264.632720947266,411.308013916016,0
-265.132720947266,411.309814453125,0
-265.632720947266,411.311645507813,0
-266.132720947266,411.313446044922,0
-266.632720947266,411.315277099609,0
-267.132720947266,411.317108154297,0
-267.632690429688,411.318908691406,0
-268.132690429687,411.320739746094,0
-268.632690429687,411.322540283203,0
-269.132690429687,411.324371337891,0
-269.632690429688,411.326171875,0
-270.132690429687,411.328002929688,0
-270.632690429687,411.329803466797,0
-271.132690429687,411.331634521484,0
-271.632690429688,411.333435058594,0
-272.132690429687,411.335266113281,0
-272.632659912109,411.337066650391,0
-273.132659912109,411.338897705078,0
-273.632659912109,411.340728759766,0
-274.132659912109,411.342529296875,0
-274.632659912109,411.344360351563,0
-275.132659912109,411.346160888672,0
-275.632659912109,411.347991943359,0
-276.132659912109,411.349792480469,0
-276.632659912109,411.351623535156,0
-277.132629394531,411.353424072266,0
-277.632629394531,411.355255126953,0
-278.132629394531,411.357055664063,0
-278.632629394531,411.35888671875,0
-279.132629394531,411.360687255859,0
-279.632629394531,411.362518310547,0
-280.132629394531,411.364318847656,0
-280.632629394531,411.366149902344,0
-281.132629394531,411.367980957031,0
-281.632629394531,411.369781494141,0
-282.132598876953,411.371612548828,0
-282.632598876953,411.373413085938,0
-283.132598876953,411.375244140625,0
-283.632598876953,411.377044677734,0
-284.132598876953,411.378875732422,0
-284.632598876953,411.380676269531,0
-285.132598876953,411.382507324219,0
-285.632598876953,411.384307861328,0
-286.132568359375,411.386138916016,0
-286.632568359375,411.387939453125,0
-287.132568359375,411.389770507813,0
-287.632568359375,411.391571044922,0
-288.132568359375,411.393402099609,0
-288.632568359375,411.395233154297,0
-289.132568359375,411.397033691406,0
-289.632568359375,411.398864746094,0
-290.132568359375,411.400665283203,0
-290.632568359375,411.402496337891,0
-291.132537841797,411.404296875,0
-291.632537841797,411.406127929688,0
-292.132537841797,411.407928466797,0
-292.632537841797,411.409759521484,0
-293.132537841797,411.411560058594,0
-293.632537841797,411.413391113281,0
-294.132537841797,411.415191650391,0
-294.632537841797,411.417022705078,0
-295.132537841797,411.418853759766,0
-295.632507324219,411.420654296875,0
-296.132507324219,411.422485351563,0
-296.632507324219,411.424285888672,0
-297.132507324219,411.426116943359,0
-297.632507324219,411.427917480469,0
-298.132507324219,411.429748535156,0
-298.632507324219,411.431549072266,0
-299.132507324219,411.433380126953,0
-299.632507324219,411.435180664062,0
-300.132507324219,411.43701171875,0
-300.632476806641,411.438812255859,0
-301.132476806641,411.440643310547,0
-301.632476806641,411.442443847656,0
-302.132476806641,411.444274902344,0
-302.632476806641,411.446105957031,0
-303.132476806641,411.447906494141,0
-303.632476806641,411.449737548828,0
-304.132476806641,411.451538085938,0
-304.632446289063,411.453369140625,0
-305.132446289062,411.455169677734,0
-305.632446289062,411.457000732422,0
-306.132446289062,411.458801269531,0
-306.632446289063,411.460632324219,0
-307.132446289062,411.462432861328,0
-307.632446289062,411.464263916016,0
-308.132446289062,411.466064453125,0
-308.632446289062,411.467895507812,0
-309.132446289063,411.469696044922,0
-309.632415771484,411.471527099609,0
-310.132415771484,411.473358154297,0
-310.632415771484,411.475158691406,0
-311.132415771484,411.476989746094,0
-311.632415771484,411.478790283203,0
-312.132415771484,411.480621337891,0
-312.632415771484,411.482421875,0
-313.132415771484,411.484252929688,0
-313.632415771484,411.486053466797,0
-314.132385253906,411.487884521484,0
-314.632385253906,411.489685058594,0
-315.132385253906,411.491516113281,0
-315.632385253906,411.493316650391,0
-316.132385253906,411.495147705078,0
-316.632385253906,411.496978759766,0
-317.132385253906,411.498779296875,0
-317.632385253906,411.500610351563,0
-318.132385253906,411.502410888672,0
-318.632354736328,411.504241943359,0
-319.131927490234,411.506042480469,0
-319.607574462891,411.507080078125,0
-320.083251953125,411.506805419922,0
-320.558898925781,411.505218505859,0
-321.034515380859,411.502258300781,0
-321.510192871094,411.498016357422,0
-321.98583984375,411.492431640625,0
-322.46142578125,411.485565185547,0
-322.93701171875,411.477325439453,0
-323.412536621094,411.4677734375,0
-323.888092041016,411.456909179688,0
-324.363586425781,411.444702148438,0
-324.839080810547,411.431213378906,0
-325.314514160156,411.416381835938,0
-325.789886474609,411.400238037109,0
-326.265228271484,411.382781982422,0
-326.740539550781,411.363952636719,0
-327.215759277344,411.343811035156,0
-327.690948486328,411.322387695313,0
-328.166015625,411.299621582031,0
-328.641082763672,411.275543212891,0
-329.116088867187,411.250122070313,0
-329.591003417969,411.223388671875,0
-330.065856933594,411.195343017578,0
-330.540588378906,411.165954589844,0
-331.015228271484,411.135314941406,0
-331.489837646484,411.103271484375,0
-331.96435546875,411.069915771484,0
-332.438720703125,411.035308837891,0
-332.913024902344,410.999298095703,0
-333.387237548828,410.962036132813,0
-333.861328125,410.923431396484,0
-334.335296630859,410.883483886719,0
-334.809173583984,410.842254638672,0
-335.282897949219,410.799713134766,0
-335.756561279297,410.755798339844,0
-336.230072021484,410.710632324219,0
-336.703430175781,410.664093017578,0
-337.176727294922,410.616271972656,0
-337.649810791016,410.567138671875,0
-338.122802734375,410.516632080078,0
-338.595611572266,410.464874267578,0
-339.068298339844,410.411743164063,0
-339.540832519531,410.357360839844,0
-340.013244628906,410.301666259766,0
-340.485473632812,410.244598388672,0
-340.957550048828,410.186248779297,0
-341.429443359375,410.126617431641,0
-341.901184082031,410.065612792969,0
-342.372741699219,410.003326416016,0
-342.844116210937,409.939727783203,0
-343.315368652344,409.874816894531,0
-343.786376953125,409.80859375,0
-344.257202148437,409.741088867188,0
-344.727905273437,409.672210693359,0
-345.198303222656,409.60205078125,0
-345.668609619141,409.530639648438,0
-346.138671875,409.457855224609,0
-346.608520507812,409.3837890625,0
-347.078186035156,409.308410644531,0
-347.547607421875,409.231719970703,0
-348.016845703125,409.153747558594,0
-348.485809326172,409.074401855469,0
-348.954650878906,408.993835449219,0
-349.423187255859,408.911926269531,0
-349.891510009766,408.828735351563,0
-350.359619140625,408.744201660156,0
-350.827484130859,408.658386230469,0
-351.295074462891,408.5712890625,0
-351.762451171875,408.48291015625,0
-352.229583740234,408.393188476563,0
-352.696441650391,408.302185058594,0
-353.163055419922,408.209869384766,0
-353.629455566406,408.116271972656,0
-354.095520019531,408.021362304688,0
-354.561370849609,407.925170898438,0
-355.026916503906,407.827667236328,0
-355.4921875,407.728881835938,0
-355.957244873047,407.628814697266,0
-356.421966552734,407.527435302734,0
-356.886383056641,407.424774169922,0
-357.350555419922,407.320770263672,0
-357.814453125,407.215576171875,0
-358.277984619141,407.109008789063,0
-358.741271972656,407.001190185547,0
-359.204284667969,406.892059326172,0
-359.666961669922,406.781646728516,0
-360.129302978516,406.669952392578,0
-360.591369628906,406.557006835938,0
-361.053100585938,406.442718505859,0
-361.514495849609,406.327178955078,0
-361.9755859375,406.210357666016,0
-362.436340332031,406.092254638672,0
-362.896789550781,405.972869873047,0
-363.356903076172,405.852172851563,0
-363.816650390625,405.730224609375,0
-364.276092529297,405.607025146484,0
-364.735137939453,405.482482910156,0
-365.193878173828,405.356689453125,0
-365.652252197266,405.229644775391,0
-366.110260009766,405.101348876953,0
-366.567932128906,404.971740722656,0
-367.025238037109,404.840850830078,0
-367.482177734375,404.708709716797,0
-367.938751220703,404.575256347656,0
-368.394958496094,404.440582275391,0
-368.850738525391,404.304656982422,0
-369.306182861328,404.167358398438,0
-369.761260986328,404.028900146484,0
-370.215911865234,403.889129638672,0
-370.670166015625,403.748107910156,0
-371.124084472656,403.605834960938,0
-371.577575683594,403.462310791016,0
-372.030639648437,403.317474365234,0
-372.483276367188,403.171417236328,0
-372.935607910156,403.024108886719,0
-373.387451171875,402.87548828125,0
-373.838928222656,402.725677490234,0
-374.289916992188,402.574554443359,0
-374.740509033203,402.422210693359,0
-375.190673828125,402.268615722656,0
-375.640472412109,402.113739013672,0
-376.089752197266,401.957702636719,0
-376.538635253906,401.800323486328,0
-376.987091064453,401.641693115234,0
-377.43505859375,401.481842041016,0
-377.882659912109,401.320770263672,0
-378.329711914062,401.158416748047,0
-378.776397705078,400.994873046875,0
-379.222564697266,400.830017089844,0
-379.668304443359,400.663940429688,0
-380.113586425781,400.496673583984,0
-380.558380126953,400.328125,0
-381.002716064453,400.158325195313,0
-381.446594238281,399.987335205078,0
-381.889953613281,399.815124511719,0
-382.332824707031,399.6416015625,0
-382.775268554687,399.466888427734,0
-383.217193603516,399.290954589844,0
-383.658599853516,399.113800048828,0
-384.099548339844,398.935424804687,0
-384.539978027344,398.755798339844,0
-384.979949951172,398.574920654297,0
-385.419372558594,398.392883300781,0
-385.858337402344,398.209594726563,0
-386.296752929687,398.025054931641,0
-386.734619140625,397.839385986328,0
-387.172027587891,397.652404785156,0
-387.60888671875,397.464233398437,0
-388.045227050781,397.274871826172,0
-388.481048583984,397.084259033203,0
-388.916290283203,396.892425537109,0
-389.351043701172,396.699432373047,0
-389.785247802734,396.505218505859,0
-390.218902587891,396.309844970703,0
-390.652038574219,396.113189697266,0
-391.084594726562,395.915344238281,0
-391.5166015625,395.71630859375,0
-391.948059082031,395.516052246094,0
-392.378997802734,395.314605712891,0
-392.809326171875,395.111999511719,0
-393.239105224609,394.908172607422,0
-393.668273925781,394.703125,0
-394.096923828125,394.496917724609,0
-394.524993896484,394.289489746094,0
-394.952484130859,394.080932617188,0
-395.379364013672,393.87109375,0
-395.8056640625,393.66015625,0
-396.231384277344,393.447967529297,0
-396.656555175781,393.234619140625,0
-397.081085205078,393.020080566406,0
-397.505004882813,392.804382324219,0
-397.928375244141,392.587524414062,0
-398.35107421875,392.369445800781,0
-398.773223876953,392.150238037109,0
-399.194732666016,391.929809570312,0
-399.615600585937,391.708251953125,0
-400.035919189453,391.485443115234,0
-400.45556640625,391.261566162109,0
-400.874603271484,391.036468505859,0
-401.292999267578,390.810211181641,0
-401.710784912109,390.582794189453,0
-402.1279296875,390.354278564453,0
-402.544403076172,390.124481201172,0
-402.960266113281,389.893646240234,0
-403.37548828125,389.661560058594,0
-403.790069580078,389.428375244141,0
-404.204010009766,389.194000244141,0
-404.617309570313,388.95849609375,0
-405.029876708984,388.721832275391,0
-405.441864013672,388.484069824219,0
-405.853149414063,388.245147705078,0
-406.263763427734,388.005035400391,0
-406.673736572266,387.763763427734,0
-407.0830078125,387.521423339844,0
-407.491607666016,387.277893066406,0
-407.899536132813,387.033264160156,0
-408.306762695313,386.787475585938,0
-408.713348388672,386.540618896484,0
-409.119201660156,386.292541503906,0
-409.524383544922,386.043395996094,0
-409.928894042969,385.793121337891,0
-410.332672119141,385.541687011719,0
-410.735748291016,385.289154052734,0
-411.138122558594,385.035491943359,0
-411.539794921875,384.78076171875,0
-411.940765380859,384.524841308594,0
-412.341003417969,384.267852783203,0
-412.740570068359,384.009674072266,0
-413.139373779297,383.75048828125,0
-413.537475585938,383.490142822266,0
-413.934814453125,383.228698730469,0
-414.331451416016,382.966156005859,0
-414.727386474609,382.702514648438,0
-415.122528076172,382.437713623047,0
-415.517028808594,382.171905517578,0
-415.910675048828,381.904968261719,0
-416.303619384766,381.636901855469,0
-416.69580078125,381.367797851562,0
-417.087280273438,381.097534179687,0
-417.477966308594,380.826263427734,0
-417.867919921875,380.553863525391,0
-418.257110595703,380.280364990234,0
-418.645538330078,380.005828857422,0
-419.033203125,379.730194091797,0
-419.420074462891,379.453460693359,0
-419.806182861328,379.175659179687,0
-420.191558837891,378.896789550781,0
-420.576110839844,378.616882324219,0
-420.959869384766,378.335906982422,0
-421.342895507813,378.053833007812,0
-421.72509765625,377.770660400391,0
-422.106536865234,377.486511230469,0
-422.487152099609,377.201202392578,0
-422.867004394531,376.914916992187,0
-423.246032714844,376.627563476563,0
-423.624298095703,376.339141845703,0
-424.001739501953,376.049652099609,0
-424.378356933594,375.759124755859,0
-424.754211425781,375.467590332031,0
-425.129180908203,375.174926757813,0
-425.503387451172,374.881317138672,0
-425.876770019531,374.586608886719,0
-426.249298095703,374.290863037109,0
-426.621063232422,373.994079589844,0
-426.991943359375,373.696319580078,0
-427.362030029297,373.397491455078,0
-427.731262207031,373.09765625,0
-428.099670410156,372.796752929687,0
-428.467224121094,372.494842529297,0
-428.833953857422,372.191925048828,0
-429.199829101563,371.887969970703,0
-429.564880371094,371.582977294922,0
-429.929077148438,371.277008056641,0
-430.292419433594,370.970031738281,0
-430.654876708984,370.662048339844,0
-431.016510009766,370.352996826172,0
-431.377227783203,370.042999267578,0
-431.737182617188,369.732025146484,0
-432.09619140625,369.419982910156,0
-432.454345703125,369.106964111328,0
-432.811614990234,368.79296875,0
-433.168060302734,368.477966308594,0
-433.523559570313,368.161987304688,0
-433.878234863281,367.844970703125,0
-434.231994628906,367.527038574219,0
-434.584899902344,367.208068847656,0
-434.936889648438,366.88818359375,0
-435.287994384766,366.567260742187,0
-435.63818359375,366.245391845703,0
-435.987487792969,365.922546386719,0
-436.3359375,365.598724365234,0
-436.683441162109,365.27392578125,0
-437.030059814453,364.948181152344,0
-437.375762939453,364.621459960937,0
-437.720581054688,364.293792724609,0
-438.064392089844,363.965118408203,0
-438.407379150391,363.635559082031,0
-438.749450683594,363.305023193359,0
-439.090576171875,362.973510742187,0
-439.430786132813,362.641082763672,0
-439.770050048828,362.307708740234,0
-440.1083984375,361.973358154297,0
-440.445770263672,361.638122558594,0
-440.782287597656,361.301910400391,0
-441.117828369141,360.964752197266,0
-441.452453613281,360.626678466797,0
-441.786071777344,360.287689208984,0
-442.118774414063,359.94775390625,0
-442.450592041016,359.606903076172,0
-442.781433105469,359.26513671875,0
-443.111297607422,358.922424316406,0
-443.440246582031,358.578826904297,0
-443.768188476563,358.234344482422,0
-444.095153808594,357.888854980469,0
-444.421234130859,357.542541503906,0
-444.746276855469,357.1953125,0
-445.070373535156,356.847137451172,0
-445.393524169922,356.498077392578,0
-445.715698242188,356.148162841797,0
-446.036865234375,355.797271728516,0
-446.357086181641,355.445587158203,0
-446.676300048828,355.092926025391,0
-446.994537353516,354.739440917969,0
-447.311828613281,354.385009765625,0
-447.628112792969,354.029754638672,0
-447.943420410156,353.673614501953,0
-448.257720947266,353.316589355469,0
-448.571014404297,352.958679199219,0
-448.883331298828,352.599884033203,0
-449.194610595703,352.240264892578,0
-449.504943847656,351.879760742188,0
-449.814270019531,351.518402099609,0
-450.122528076172,351.156158447266,0
-450.429809570313,350.793090820313,0
-450.736114501953,350.429168701172,0
-451.041381835938,350.064361572266,0
-451.345611572266,349.698699951172,0
-451.648864746094,349.332275390625,0
-451.951080322266,348.964935302734,0
-452.252258300781,348.596771240234,0
-452.552398681641,348.227783203125,0
-452.8515625,347.857971191406,0
-453.149627685547,347.487274169922,0
-453.446716308594,347.115783691406,0
-453.742736816406,346.743469238281,0
-454.037750244141,346.370361328125,0
-454.331726074219,345.996398925781,0
-454.624633789063,345.621643066406,0
-454.916473388672,345.246063232422,0
-455.207305908203,344.869689941406,0
-455.497131347656,344.492462158203,0
-455.785827636719,344.114440917969,0
-456.073516845703,343.735656738281,0
-456.360137939453,343.356079101562,0
-456.645721435547,342.975646972656,0
-456.930236816406,342.594451904297,0
-457.213684082031,342.212493896484,0
-457.496032714844,341.829711914062,0
-457.777374267578,341.446166992187,0
-458.057647705078,341.061828613281,0
-458.336791992187,340.676727294922,0
-458.614929199219,340.290832519531,0
-458.891967773438,339.904113769531,0
-459.167907714844,339.516723632812,0
-459.442779541016,339.128509521484,0
-459.716613769531,338.739562988281,0
-459.989318847656,338.349853515625,0
-460.260955810547,337.959350585938,0
-460.531463623047,337.568145751953,0
-460.800903320313,337.176177978516,0
-461.069274902344,336.783416748047,0
-461.336547851563,336.389953613281,0
-461.602722167969,335.995758056641,0
-461.867797851563,335.600799560547,0
-462.131744384766,335.205108642578,0
-462.394622802734,334.808654785156,0
-462.656402587891,334.411529541016,0
-462.917083740234,334.013641357422,0
-463.176635742188,333.615051269531,0
-463.435089111328,333.215698242187,0
-463.692413330078,332.815643310547,0
-463.948638916016,332.414916992187,0
-464.203735351563,332.013427734375,0
-464.457702636719,331.611297607422,0
-464.710571289062,331.208404541016,0
-464.962341308594,330.804840087891,0
-465.212951660156,330.400573730469,0
-465.462432861328,329.995574951172,0
-465.710845947266,329.589874267578,0
-465.958099365234,329.183563232422,0
-466.204162597656,328.776519775391,0
-466.449157714844,328.368774414063,0
-466.692993164063,327.960357666016,0
-466.935699462891,327.551300048828,0
-467.17724609375,327.141510009766,0
-467.417724609375,326.731109619141,0
-467.656982421875,326.320007324219,0
-467.895111083984,325.908233642578,0
-468.132141113281,325.495819091797,0
-468.367950439453,325.082763671875,0
-468.602630615234,324.669006347656,0
-468.836181640625,324.254669189453,0
-469.068603515625,323.839630126953,0
-469.2998046875,323.423950195312,0
-469.529907226563,323.007629394531,0
-469.7587890625,322.590667724609,0
-469.986541748047,322.173095703125,0
-470.213134765625,321.754852294922,0
-470.438598632813,321.335998535156,0
-470.662841796875,320.916534423828,0
-470.885955810547,320.496429443359,0
-471.107849121094,320.075714111328,0
-471.328582763672,319.654388427734,0
-471.548217773438,319.232482910156,0
-471.766571044922,318.809906005859,0
-471.983825683594,318.38671875,0
-472.199890136719,317.962982177734,0
-472.414764404297,317.538635253906,0
-472.628448486328,317.113647460937,0
-472.841003417969,316.688079833984,0
-473.052276611328,316.261932373047,0
-473.262420654297,315.835235595703,0
-473.471435546875,315.407928466797,0
-473.679168701172,314.980041503906,0
-473.885711669922,314.551544189453,0
-474.091094970703,314.122528076172,0
-474.295288085937,313.692962646484,0
-474.498260498047,313.262756347656,0
-474.700103759766,312.83203125,0
-474.900665283203,312.400726318359,0
-475.100067138672,311.968872070313,0
-475.298248291016,311.536468505859,0
-475.495239257813,311.103515625,0
-475.691040039063,310.669982910156,0
-475.885620117188,310.235961914062,0
-476.078948974609,309.801391601562,0
-476.271118164063,309.366271972656,0
-476.462066650391,308.930603027344,0
-476.651794433594,308.494415283203,0
-476.84033203125,308.057708740234,0
-477.027618408203,307.620513916016,0
-477.213684082031,307.182739257812,0
-477.398559570313,306.744476318359,0
-477.582244873047,306.305694580078,0
-477.764678955078,305.866424560547,0
-477.945861816406,305.426605224609,0
-478.125823974609,304.986297607422,0
-478.304626464844,304.545562744141,0
-478.482147216797,304.104248046875,0
-478.658447265625,303.662414550781,0
-478.833526611328,303.220184326172,0
-479.007354736328,302.777435302734,0
-479.179962158203,302.334197998047,0
-479.351348876953,301.890472412109,0
-479.521453857422,301.4462890625,0
-479.690368652344,301.001617431641,0
-479.858062744141,300.556457519531,0
-480.024444580078,300.110900878906,0
-480.189666748047,299.664825439453,0
-480.353607177734,299.218322753906,0
-480.516326904297,298.771331787109,0
-480.677795410156,298.323944091797,0
-480.838012695313,297.876068115234,0
-480.996978759766,297.427734375,0
-481.154663085938,296.97900390625,0
-481.311157226563,296.529815673828,0
-481.466369628906,296.080200195312,0
-481.620361328125,295.630126953125,0
-481.773071289063,295.179656982422,0
-481.924530029297,294.728759765625,0
-482.074737548828,294.277435302734,0
-482.223693847656,293.825714111328,0
-482.371398925781,293.373565673828,0
-482.517852783203,292.920989990234,0
-482.663024902344,292.468017578125,0
-482.806945800781,292.014678955078,0
-482.949584960938,291.560882568359,0
-483.090972900391,291.106750488281,0
-483.231109619141,290.652191162109,0
-483.369964599609,290.197265625,0
-483.507568359375,289.741882324219,0
-483.643890380859,289.286224365234,0
-483.778961181641,288.830139160156,0
-483.912780761719,288.373687744141,0
-484.045288085938,287.916870117187,0
-484.176544189453,287.459686279297,0
-484.306518554688,287.002105712891,0
-484.435272216797,286.544219970703,0
-484.562683105469,286.085876464844,0
-484.688873291016,285.627288818359,0
-484.813720703125,285.168304443359,0
-484.937316894531,284.708984375,0
-485.059661865234,284.249328613281,0
-485.180725097656,283.789306640625,0
-485.300476074219,283.329010009766,0
-485.418975830078,282.868347167969,0
-485.536193847656,282.407318115234,0
-485.652130126953,281.946014404297,0
-485.766723632813,281.484375,0
-485.880096435547,281.022430419922,0
-485.9921875,280.560150146484,0
-486.102935791016,280.097564697266,0
-486.212432861328,279.634674072266,0
-486.320648193359,279.171508789062,0
-486.427581787109,278.7080078125,0
-486.533203125,278.244201660156,0
-486.637542724609,277.780151367187,0
-486.740600585938,277.315795898437,0
-486.842376708984,276.851104736328,0
-486.942810058594,276.386199951172,0
-487.0419921875,275.920989990234,0
-487.139862060547,275.455505371094,0
-487.236450195313,274.989776611328,0
-487.331726074219,274.523742675781,0
-487.425720214844,274.057434082031,0
-487.518402099609,273.590911865234,0
-487.609802246094,273.124084472656,0
-487.699920654297,272.657043457031,0
-487.788696289063,272.189758300781,0
-487.876190185547,271.722229003906,0
-487.962371826172,271.254455566406,0
-488.047241210938,270.786407470703,0
-488.130859375,270.318145751953,0
-488.213134765625,269.849639892578,0
-488.294158935547,269.380920410156,0
-488.373809814453,268.912017822266,0
-488.452209472656,268.442810058594,0
-488.529235839844,267.973449707031,0
-488.605010986328,267.503845214844,0
-488.679473876953,267.034057617187,0
-488.752624511719,266.564056396484,0
-488.824462890625,266.093872070312,0
-488.894989013672,265.623443603516,0
-488.964233398437,265.152862548828,0
-489.032165527344,264.682067871094,0
-489.098724365234,264.211120605469,0
-489.1640625,263.739959716797,0
-489.228057861328,263.268615722656,0
-489.290710449219,262.797088623047,0
-489.352081298828,262.325408935547,0
-489.412109375,261.853576660156,0
-489.470886230469,261.381530761719,0
-489.528289794922,260.909332275391,0
-489.584381103516,260.43701171875,0
-489.639221191406,259.964538574219,0
-489.692687988281,259.491882324219,0
-489.744873046875,259.019073486328,0
-489.795684814453,258.546142578125,0
-489.845245361328,258.073059082031,0
-489.893463134766,257.599853515625,0
-489.940399169922,257.126495361328,0
-489.985961914063,256.653045654297,0
-490.030212402344,256.179443359375,0
-490.073181152344,255.70573425293,0
-490.114807128906,255.231887817383,0
-490.155151367188,254.757934570312,0
-490.194122314453,254.283874511719,0
-490.231811523438,253.809707641602,0
-490.268157958984,253.33544921875,0
-490.30322265625,252.861083984375,0
-490.336944580078,252.386611938477,0
-490.369323730469,251.912063598633,0
-490.400421142578,251.437408447266,0
-490.430145263672,250.962677001953,0
-490.458587646484,250.487869262695,0
-490.485717773437,250.012969970703,0
-490.511535644531,249.538009643555,0
-490.536010742188,249.06298828125,0
-490.559173583984,248.587890625,0
-490.580993652344,248.112716674805,0
-490.601501464844,247.637496948242,0
-490.620727539063,247.162246704102,0
-490.638580322266,246.686904907227,0
-490.655120849609,246.211532592773,0
-490.670349121094,245.736129760742,0
-490.684265136719,245.260665893555,0
-490.696838378906,244.78515625,0
-490.708099365234,244.309646606445,0
-490.718017578125,243.834075927734,0
-490.726623535156,243.358489990234,0
-490.733917236328,242.882904052734,0
-490.739868164063,242.407287597656,0
-490.744506835938,241.931625366211,0
-490.747802734375,241.455993652344,0
-490.749877929688,240.980331420898,0
-490.751007080078,240.484451293945,0
-490.752166748047,239.984451293945,0
-490.753326416016,239.484451293945,0
-490.754486083984,238.984451293945,0
-490.755676269531,238.484466552734,0
-490.7568359375,237.984466552734,0
-490.757995605469,237.484466552734,0
-490.759155273438,236.984466552734,0
-490.760345458984,236.484466552734,0
-490.761505126953,235.984466552734,0
-490.762664794922,235.484466552734,0
-490.763824462891,234.984466552734,0
-490.764984130859,234.484466552734,0
-490.766174316406,233.984466552734,0
-490.767333984375,233.484466552734,0
-490.768463134766,232.988616943359,0
-490.769104003906,232.497375488281,0
-490.769287109375,232.006134033203,0
-490.768951416016,231.514877319336,0
-490.768157958984,231.023635864258,0
-490.766845703125,230.532379150391,0
-490.765075683594,230.041122436523,0
-490.762786865234,229.549880981445,0
-490.760040283203,229.058639526367,0
-490.756744384766,228.567413330078,0
-490.752990722656,228.076187133789,0
-490.748779296875,227.584930419922,0
-490.744049072266,227.093704223633,0
-490.738800048828,226.602493286133,0
-490.733123779297,226.111267089844,0
-490.726867675781,225.620056152344,0
-490.720184326172,225.128860473633,0
-490.712982177734,224.637664794922,0
-490.705291748047,224.146469116211,0
-490.697113037109,223.655288696289,0
-490.688446044922,223.164108276367,0
-490.679321289062,222.672958374023,0
-490.669647216797,222.181777954102,0
-490.659515380859,221.690643310547,0
-490.648864746094,221.199523925781,0
-490.637725830078,220.708389282227,0
-490.626159667969,220.21728515625,0
-490.614044189453,219.726181030273,0
-490.601440429688,219.235092163086,0
-490.58837890625,218.744003295898,0
-490.574798583984,218.252944946289,0
-490.560699462891,217.761901855469,0
-490.546142578125,217.270858764648,0
-490.531036376953,216.772232055664,0
-490.515899658203,216.2724609375,0
-490.500762939453,215.772689819336,0
-490.485626220703,215.272918701172,0
-490.470489501953,214.773147583008,0
-490.455383300781,214.273376464844,0
-490.440246582031,213.77360534668,0
-490.425109863281,213.273834228516,0
-490.409973144531,212.774063110352,0
-490.394836425781,212.274291992187,0
-490.379699707031,211.774520874023,0
-490.364562988281,211.274749755859,0
-490.349426269531,210.774978637695,0
-490.334289550781,210.275207519531,0
-490.319152832031,209.775436401367,0
-490.304046630859,209.275665283203,0
-490.288909912109,208.775894165039,0
-490.273773193359,208.276123046875,0
-490.258636474609,207.776351928711,0
-490.243499755859,207.276580810547,0
-490.228363037109,206.776809692383,0
-490.213226318359,206.277038574219,0
-490.198089599609,205.777267456055,0
-490.182952880859,205.277496337891,0
-490.167816162109,204.777725219727,0
-490.152679443359,204.277954101562,0
-490.137573242188,203.778182983398,0
-490.122436523438,203.278411865234,0
-490.107299804687,202.77864074707,0
-490.092163085938,202.278869628906,0
-490.077026367188,201.779098510742,0
-490.061889648438,201.279327392578,0
-490.046752929688,200.779556274414,0
-490.031616210938,200.27978515625,0
-490.016479492188,199.780014038086,0
-490.001281738281,199.272613525391,0
-489.986633300781,198.764068603516,0
-489.972442626953,198.255508422852,0
-489.958740234375,197.746948242188,0
-489.945556640625,197.238372802734,0
-489.932891845703,196.729766845703,0
-489.920776367188,196.22119140625,0
-489.909088134766,195.712554931641,0
-489.897979736328,195.203918457031,0
-489.887329101563,194.695297241211,0
-489.877197265625,194.186645507813,0
-489.867614746094,193.677978515625,0
-489.858520507813,193.169326782227,0
-489.849914550781,192.66064453125,0
-489.841796875,192.151947021484,0
-489.834228515625,191.643249511719,0
-489.8271484375,191.134552001953,0
-489.820587158203,190.625839233398,0
-489.814544677734,190.117141723633,0
-489.809020996094,189.6083984375,0
-489.803985595703,189.099685668945,0
-489.799438476563,188.590957641602,0
-489.79541015625,188.082214355469,0
-489.791900634766,187.573471069336,0
-489.788818359375,187.07209777832,0
-489.785675048828,186.572113037109,0
-489.782562255859,186.072113037109,0
-489.779449462891,185.572128295898,0
-489.776336669922,185.072143554688,0
-489.773193359375,184.572143554687,0
-489.770080566406,184.072158813477,0
-489.766967773438,183.572174072266,0
-489.763854980469,183.072174072266,0
-489.760711669922,182.572189331055,0
-489.757598876953,182.072204589844,0
-489.754486083984,181.572204589844,0
-489.751373291016,181.072219848633,0
-489.748229980469,180.572235107422,0
-489.7451171875,180.072235107422,0
-489.742004394531,179.572250366211,0
-489.738891601563,179.072250366211,0
-489.735778808594,178.572265625,0
-489.732635498047,178.072280883789,0
-489.729522705078,177.571594238281,0
-489.726409912109,177.07160949707,0
-489.723297119141,176.571624755859,0
-489.720184326172,176.071624755859,0
-489.717041015625,175.571640014648,0
-489.713928222656,175.071655273438,0
-489.710815429688,174.571655273438,0
-489.707702636719,174.071670532227,0
-489.704559326172,173.571685791016,0
-489.701446533203,173.071685791016,0
-489.698333740234,172.571701049805,0
-489.695220947266,172.071716308594,0
-489.692077636719,171.571716308594,0
-489.68896484375,171.071731567383,0
-489.685852050781,170.571746826172,0
-489.682739257813,170.071746826172,0
-489.679626464844,169.571746826172,0
-489.676483154297,169.07177734375,0
-489.673370361328,168.57177734375,0
-489.670257568359,168.07177734375,0
-489.667144775391,167.571807861328,0
-489.664001464844,167.071807861328,0
-489.660888671875,166.571807861328,0
-489.657775878906,166.071823120117,0
-489.654663085938,165.571838378906,0
-489.651519775391,165.071838378906,0
-489.648406982422,164.571853637695,0
-489.645294189453,164.071868896484,0
-489.642181396484,163.571868896484,0
-489.639038085938,163.071884155273,0
-489.635925292969,162.571899414063,0
-489.6328125,162.071899414063,0
-489.629699707031,161.571914672852,0
-489.626586914063,161.071929931641,0
-489.623443603516,160.571929931641,0
-489.620330810547,160.07194519043,0
-489.617218017578,159.571960449219,0
-489.614105224609,159.071960449219,0
-489.610961914063,158.571975708008,0
-489.607849121094,158.071990966797,0
-489.604736328125,157.571990966797,0
-489.601623535156,157.072006225586,0
-489.598480224609,156.572006225586,0
-489.595367431641,156.072021484375,0
-489.592254638672,155.572021484375,0
-489.589141845703,155.072036743164,0
-489.586029052734,154.572052001953,0
-489.582885742188,154.072052001953,0
-489.579772949219,153.572067260742,0
-489.57666015625,153.072082519531,0
-489.573547363281,152.572082519531,0
-489.570404052734,152.07209777832,0
-489.567291259766,151.572113037109,0
-489.564178466797,151.072113037109,0
-489.561065673828,150.572128295898,0
-489.557922363281,150.072143554688,0
-489.554809570313,149.572143554688,0
-489.551696777344,149.072158813477,0
-489.548583984375,148.572174072266,0
-489.545440673828,148.072174072266,0
-489.542327880859,147.572189331055,0
-489.539215087891,147.072204589844,0
-489.536102294922,146.572204589844,0
-489.532989501953,146.072219848633,0
-489.529846191406,145.572219848633,0
-489.526733398438,145.072235107422,0
-489.523620605469,144.572250366211,0
-489.5205078125,144.072250366211,0
-489.517364501953,143.572265625,0
-489.514251708984,143.072265625,0
-489.511138916016,142.572280883789,0
-489.508026123047,142.072296142578,0
-489.5048828125,141.572296142578,0
-489.501770019531,141.072311401367,0
-489.498657226563,140.572326660156,0
-489.495544433594,140.072326660156,0
-489.492431640625,139.572341918945,0
-489.489288330078,139.072357177734,0
-489.486175537109,138.572357177734,0
-489.483062744141,138.072372436523,0
-489.479949951172,137.572387695313,0
-489.476806640625,137.072387695313,0
-489.473693847656,136.572402954102,0
-489.470581054688,136.072418212891,0
-489.467468261719,135.572418212891,0
-489.464324951172,135.07243347168,0
-489.461212158203,134.572448730469,0
-489.458099365234,134.072448730469,0
-489.454986572266,133.572463989258,0
-489.451843261719,133.072463989258,0
-489.44873046875,132.572479248047,0
-489.445617675781,132.072479248047,0
-489.442504882813,131.572494506836,0
-489.439392089844,131.072509765625,0
-489.436248779297,130.572509765625,0
-489.433135986328,130.072525024414,0
-489.430023193359,129.572540283203,0
-489.426910400391,129.072540283203,0
-489.423767089844,128.572555541992,0
-489.420654296875,128.072570800781,0
-489.417541503906,127.572578430176,0
-489.414428710938,127.07258605957,0
-489.411285400391,126.572593688965,0
-489.408172607422,126.072601318359,0
-489.405059814453,125.572616577148,0
-489.401947021484,125.072624206543,0
-489.398834228516,124.572631835938,0
-489.395690917969,124.072647094727,0
-489.392578125,123.572654724121,0
-489.389465332031,123.072662353516,0
-489.386352539063,122.572677612305,0
-489.383209228516,122.072685241699,0
-489.380096435547,121.572692871094,0
-489.376983642578,121.072700500488,0
-489.373870849609,120.572708129883,0
-489.370727539063,120.072723388672,0
-489.367614746094,119.572731018066,0
-489.364501953125,119.072738647461,0
-489.361389160156,118.57275390625,0
-489.358245849609,118.072761535645,0
-489.355133056641,117.572769165039,0
-489.352020263672,117.072784423828,0
-489.348907470703,116.572792053223,0
-489.345794677734,116.072799682617,0
-489.342651367187,115.572807312012,0
-489.339538574219,115.072814941406,0
-489.33642578125,114.572830200195,0
-489.333312988281,114.07283782959,0
-489.330169677734,113.572845458984,0
-489.327056884766,113.072860717773,0
-489.323944091797,112.572868347168,0
-489.320831298828,112.072875976563,0
-489.317687988281,111.572891235352,0
-489.314575195313,111.072898864746,0
-489.311462402344,110.572906494141,0
-489.308349609375,110.072914123535,0
-489.305236816406,109.572929382324,0
-489.302093505859,109.072937011719,0
-489.298980712891,108.572944641113,0
-489.295867919922,108.072952270508,0
-489.292755126953,107.572967529297,0
-489.289611816406,107.072975158691,0
-489.286499023438,106.572982788086,0
-489.283386230469,106.072998046875,0
-489.2802734375,105.57300567627,0
-489.277130126953,105.073013305664,0
-489.274017333984,104.573020935059,0
-489.270904541016,104.073036193848,0
-489.267791748047,103.573043823242,0
-489.2646484375,103.073051452637,0
-489.261535644531,102.573059082031,0
-489.258422851563,102.07307434082,0
-489.255310058594,101.573081970215,0
-489.252197265625,101.073089599609,0
-489.249053955078,100.573104858398,0
-489.245941162109,100.073112487793,0
-489.242828369141,99.5731201171875,0
-489.239715576172,99.073127746582,0
-489.236572265625,98.5731430053711,0
-489.233459472656,98.0731506347656,0
-489.230346679688,97.5731582641602,0
-489.227233886719,97.0731658935547,0
-489.224090576172,96.5731811523438,0
-489.220977783203,96.0731887817383,0
-489.217834472656,95.5737991333008,0
-489.213562011719,95.1327133178711,0
-489.206329345703,94.6916656494141,0
-489.196136474609,94.2506637573242,0
-489.182983398438,93.8097610473633,0
-489.166809082031,93.3689422607422,0
-489.147705078125,92.9282531738281,0
-489.125640869141,92.4877014160156,0
-489.100616455078,92.0472946166992,0
-489.072601318359,91.6070861816406,0
-489.041625976563,91.1670532226563,0
-489.007720947266,90.7272644042969,0
-488.970855712891,90.2876892089844,0
-488.931030273438,89.8483810424805,0
-488.888214111328,89.4093475341797,0
-488.842468261719,88.9706268310547,0
-488.793762207031,88.5322189331055,0
-488.742126464844,88.0941390991211,0
-488.687530517578,87.6564254760742,0
-488.629974365234,87.2190856933594,0
-488.569488525391,86.7821426391602,0
-488.506072998047,86.3456115722656,0
-488.439727783203,85.9095306396484,0
-488.370422363281,85.4738998413086,0
-488.298156738281,85.0387420654297,0
-488.223052978516,84.6040725708008,0
-488.144989013672,84.1699371337891,0
-488.063995361328,83.7363204956055,0
-487.980072021484,83.3032684326172,0
-487.893280029297,82.8707885742188,0
-487.803527832031,82.4389038085937,0
-487.710876464844,82.0076293945312,0
-487.615386962891,81.5769882202148,0
-487.516906738281,81.1470184326172,0
-487.415588378906,80.7176971435547,0
-487.311370849609,80.2890701293945,0
-487.204284667969,79.8611679077149,0
-487.094329833984,79.4339828491211,0
-486.981475830078,79.0075531005859,0
-486.865783691406,78.5818939208984,0
-486.747192382813,78.1570205688477,0
-486.625732421875,77.7329559326172,0
-486.50146484375,77.3097076416016,0
-486.374328613281,76.8873291015625,0
-486.244354248047,76.4657974243164,0
-486.111572265625,76.0451507568359,0
-485.975952148438,75.6254119873047,0
-485.837493896484,75.2065887451172,0
-485.696197509766,74.7887191772461,0
-485.552124023438,74.3718032836914,0
-485.405242919922,73.9558715820313,0
-485.255584716797,73.5409317016602,0
-485.103118896484,73.1269989013672,0
-484.947875976563,72.714111328125,0
-484.789855957031,72.3022842407227,0
-484.629058837891,71.8915328979492,0
-484.465515136719,71.4818649291992,0
-484.299224853516,71.0733032226563,0
-484.130157470703,70.6658706665039,0
-483.958343505859,70.2595901489258,0
-483.783843994141,69.8544692993164,0
-483.606597900391,69.4505462646484,0
-483.426666259766,69.0478057861328,0
-483.243957519531,68.6463012695313,0
-483.058624267578,68.2460250854492,0
-482.870574951172,67.8470077514649,0
-482.679870605469,67.4492645263672,0
-482.486450195313,67.0528259277344,0
-482.290344238281,66.6576843261719,0
-482.091644287109,66.2638702392578,0
-481.890258789062,65.8714065551758,0
-481.686248779297,65.4803085327148,0
-481.479614257813,65.0905914306641,0
-481.270385742188,64.702278137207,0
-481.058502197266,64.3153762817383,0
-480.844085693359,63.9299125671387,0
-480.627014160156,63.5459022521973,0
-480.407348632813,63.1633567810059,0
-480.185180664062,62.7822990417481,0
-479.960418701172,62.4027442932129,0
-479.733123779297,62.024715423584,0
-479.503265380859,61.6482200622559,0
-479.270904541016,61.2732849121094,0
-479.036010742188,60.8999137878418,0
-478.798614501953,60.5281372070313,0
-478.558685302734,60.1579704284668,0
-478.316284179688,59.7894248962402,0
-478.071472167969,59.4225196838379,0
-477.824127197266,59.0572662353516,0
-477.574371337891,58.6936912536621,0
-477.322143554688,58.3318023681641,0
-477.067504882813,57.9716148376465,0
-476.810424804688,57.6131591796875,0
-476.550933837891,57.2564315795898,0
-476.289093017578,56.9014587402344,0
-476.024841308594,56.548267364502,0
-475.758239746094,56.1968574523926,0
-475.489227294922,55.8472442626953,0
-475.217895507813,55.499454498291,0
-474.944244384766,55.1534996032715,0
-474.668273925781,54.8093910217285,0
-474.389953613281,54.4671478271484,0
-474.109375,54.1267890930176,0
-473.826477050781,53.7883224487305,0
-473.541351318359,53.4517707824707,0
-473.253936767578,53.1171417236328,0
-472.964294433594,52.7844581604004,0
-472.672424316406,52.4537315368652,0
-472.378326416016,52.1249694824219,0
-472.082000732422,51.7982063293457,0
-471.783508300781,51.4734382629395,0
-471.482849121094,51.1506881713867,0
-471.179962158203,50.8299674987793,0
-470.874969482422,50.5112915039063,0
-470.567810058594,50.1946792602539,0
-470.258575439453,49.8801345825195,0
-469.947204589844,49.5676803588867,0
-469.633728027344,49.2573394775391,0
-469.318206787109,48.949104309082,0
-469.000579833984,48.6430015563965,0
-468.680938720703,48.3390464782715,0
-468.359222412109,48.0372467041016,0
-468.035491943359,47.7376213073731,0
-467.709747314453,47.4401779174805,0
-467.382019042969,47.1449356079102,0
-467.052307128906,46.8519058227539,0
-466.720611572266,46.5611000061035,0
-466.386962890625,46.2725372314453,0
-466.051452636719,45.9862213134766,0
-465.713989257813,45.7021751403809,0
-465.374572753906,45.4204063415527,0
-465.033294677734,45.1409225463867,0
-464.690155029297,44.8637504577637,0
-464.345123291016,44.5888862609863,0
-463.998291015625,44.3163528442383,0
-463.649627685547,44.0461616516113,0
-463.299133300781,43.7783203125,0
-462.946868896484,43.5128479003906,0
-462.592803955078,43.2497482299805,0
-462.236999511719,42.9890441894531,0
-461.879425048828,42.7307357788086,0
-461.520111083984,42.4748382568359,0
-461.159118652344,42.2213668823242,0
-460.796447753906,41.970329284668,0
-460.432006835937,41.7217407226562,0
-460.065948486328,41.4756088256836,0
-459.6982421875,41.2319450378418,0
-459.328918457031,40.9907646179199,0
-458.957977294922,40.7520713806152,0
-458.58544921875,40.5158843994141,0
-458.211303710938,40.2822113037109,0
-457.835601806641,40.0510559082031,0
-457.458374023438,39.8224334716797,0
-457.07958984375,39.596363067627,0
-456.699279785156,39.3728370666504,0
-456.317535400391,39.1518859863281,0
-455.934265136719,38.9335060119629,0
-455.549530029297,38.7177124023437,0
-455.163360595703,38.5045051574707,0
-454.775787353516,38.2939071655273,0
-454.386840820313,38.0859184265137,0
-453.996429443359,37.8805541992187,0
-453.604644775391,37.6778221130371,0
-453.211547851562,37.4777374267578,0
-452.817108154297,37.2802963256836,0
-452.421295166016,37.0855178833008,0
-452.024200439453,36.8934020996094,0
-451.625854492188,36.703971862793,0
-451.226257324219,36.5172157287598,0
-450.825347900391,36.3331642150879,0
-450.423278808594,36.1518096923828,0
-450.019958496094,35.9731674194336,0
-449.615417480469,35.7972450256348,0
-449.209747314453,35.6240386962891,0
-448.802917480469,35.4535751342773,0
-448.394927978516,35.2858581542969,0
-447.985870361328,35.1208801269531,0
-447.575653076172,34.958667755127,0
-447.164367675781,34.7992172241211,0
-446.752044677734,34.6425361633301,0
-446.338623046875,34.4886360168457,0
-445.924224853516,34.3375244140625,0
-445.5087890625,34.1891937255859,0
-445.092346191406,34.0436782836914,0
-444.674987792969,33.9009552001953,0
-444.256652832031,33.7610549926758,0
-443.837371826172,33.6239700317383,0
-443.417205810547,33.4897041320801,0
-442.996124267578,33.3582725524902,0
-442.574188232422,33.2296829223633,0
-442.151397705078,33.1039276123047,0
-441.727752685547,32.9810333251953,0
-441.303283691406,32.8609809875488,0
-440.878021240234,32.7437934875488,0
-440.451995849609,32.6294708251953,0
-440.025207519531,32.5180130004883,0
-439.59765625,32.4094314575195,0
-439.169403076172,32.3037376403809,0
-438.740417480469,32.2009201049805,0
-438.310791015625,32.1009902954102,0
-437.880493164063,32.003963470459,0
-437.449523925781,31.9098320007324,0
-437.017974853516,31.818603515625,0
-436.585784912109,31.7302742004395,0
-436.153045654297,31.644868850708,0
-435.719696044922,31.5623683929443,0
-435.285827636719,31.4827842712402,0
-434.851470947266,31.4061279296875,0
-434.416534423828,31.3323974609375,0
-433.981170654297,31.261589050293,0
-433.545288085938,31.1937141418457,0
-433.108978271484,31.128776550293,0
-432.672271728516,31.066780090332,0
-432.235137939453,31.0077247619629,0
-431.797607421875,30.9516105651855,0
-431.359710693359,30.8984355926514,0
-430.921478271484,30.848217010498,0
-430.48291015625,30.8009490966797,0
-430.044036865234,30.7566261291504,0
-429.604858398438,30.7152633666992,0
-429.165435791016,30.6768569946289,0
-428.725769042969,30.6414070129395,0
-428.285827636719,30.6089248657227,0
-427.845733642578,30.5793972015381,0
-427.405426025391,30.5528297424316,0
-426.964935302734,30.5292320251465,0
-426.524291992188,30.5085945129395,0
-426.083526611328,30.4909267425537,0
-425.642700195313,30.4762268066406,0
-425.201721191406,30.4644966125488,0
-424.760681152344,30.4557247161865,0
-424.319671630859,30.44993019104,0
-423.848968505859,30.4465274810791,0
-423.348968505859,30.4433135986328,0
-422.848968505859,30.4400978088379,0
-422.348999023438,30.436882019043,0
-421.848999023438,30.4336681365967,0
-421.348999023438,30.4304523468018,0
-420.849029541016,30.4272384643555,0
-420.349029541016,30.4240226745605,0
-419.849029541016,30.4208068847656,0
-419.349060058594,30.4175930023193,0
-418.849060058594,30.4143772125244,0
-418.349060058594,30.4111633300781,0
-417.849090576172,30.4079475402832,0
-417.349090576172,30.4047336578369,0
-416.849090576172,30.401517868042,0
-416.34912109375,30.3983020782471,0
-415.84912109375,30.3950881958008,0
-415.34912109375,30.3918724060059,0
-414.849151611328,30.3886585235596,0
-414.349151611328,30.3854427337646,0
-413.849151611328,30.3822269439697,0
-413.349182128906,30.3790130615234,0
-412.849182128906,30.3757972717285,0
-412.349212646484,30.3725814819336,0
-411.849212646484,30.3693675994873,0
-411.349243164063,30.3661518096924,0
-410.849243164062,30.3629379272461,0
-410.349243164063,30.3597221374512,0
-409.849243164063,30.3565082550049,0
-409.349273681641,30.35329246521,0
-408.849273681641,30.350076675415,0
-408.349304199219,30.3468627929688,0
-407.849304199219,30.3436470031738,0
-407.349304199219,30.3404331207275,0
-406.849304199219,30.3372173309326,0
-406.349334716797,30.3340015411377,0
-405.849334716797,30.3307876586914,0
-405.349365234375,30.3275718688965,0
-404.849365234375,30.3243579864502,0
-404.349365234375,30.3211421966553,0
-403.849365234375,30.3179264068604,0
-403.349395751953,30.3147125244141,0
-402.849395751953,30.3114967346191,0
-402.349426269531,30.3082828521728,0
-401.849426269531,30.3050670623779,0
-401.349426269531,30.3018531799316,0
-400.849456787109,30.2986373901367,0
-400.349456787109,30.2954216003418,0
-399.849456787109,30.2922077178955,0
-399.349487304687,30.2889919281006,0
-398.849487304687,30.2857780456543,0
-398.349487304687,30.2825622558594,0
-397.849517822266,30.2793464660645,0
-397.349517822266,30.2761325836182,0
-396.849517822266,30.2729167938232,0
-396.349548339844,30.269702911377,0
-395.849548339844,30.266487121582,0
-395.349548339844,30.2632713317871,0
-394.849578857422,30.2600574493408,0
-394.349578857422,30.2568416595459,0
-393.849578857422,30.2536277770996,0
-393.349609375,30.2504119873047,0
-392.849609375,30.2471981048584,0
-392.349609375,30.2439823150635,0
-391.849639892578,30.2407665252686,0
-391.349639892578,30.2375526428223,0
-390.849639892578,30.2343368530273,0
-390.349670410156,30.2311229705811,0
-389.849670410156,30.2279071807861,0
-389.349670410156,30.2246913909912,0
-388.849700927734,30.2214775085449,0
-388.349700927734,30.21826171875,0
-387.849700927734,30.2150478363037,0
-387.349731445312,30.2118320465088,0
-386.849731445312,30.2086162567139,0
-386.349731445312,30.2054023742676,0
-385.849761962891,30.2021865844727,0
-385.349761962891,30.1989727020264,0
-384.849761962891,30.1957569122314,0
-384.349792480469,30.1925430297852,0
-383.849792480469,30.1893272399902,0
-383.349792480469,30.1861114501953,0
-382.849822998047,30.182897567749,0
-382.349822998047,30.1796817779541,0
-381.849822998047,30.1764678955078,0
-381.349853515625,30.1732521057129,0
-380.849853515625,30.170036315918,0
-380.349853515625,30.1668224334717,0
-379.849884033203,30.1636066436768,0
-379.349884033203,30.1603927612305,0
-378.849914550781,30.1571769714355,0
-378.349914550781,30.1539611816406,0
-377.849914550781,30.1507472991943,0
-377.349914550781,30.1475315093994,0
-376.849945068359,30.1443176269531,0
-376.349945068359,30.1411018371582,0
-375.849975585938,30.1378879547119,0
-375.349975585937,30.134672164917,0
-374.849975585937,30.1314563751221,0
-374.350006103516,30.1282424926758,0
-373.850006103516,30.1250267028809,0
-373.350006103516,30.1218128204346,0
-372.850036621094,30.1185970306396,0
-372.350036621094,30.1153812408447,0
-371.850036621094,30.1121673583984,0
-371.350067138672,30.1089515686035,0
-370.850067138672,30.1057376861572,0
-370.350067138672,30.1025218963623,0
-369.85009765625,30.0993061065674,0
-369.35009765625,30.0960922241211,0
-368.85009765625,30.0928764343262,0
-368.350128173828,30.0896625518799,0
-367.850128173828,30.086446762085,0
-367.350128173828,30.0832328796387,0
-366.850158691406,30.0800170898437,0
-366.350158691406,30.0768013000488,0
-365.850158691406,30.0735874176025,0
-365.350189208984,30.0703716278076,0
-364.850189208984,30.0671577453613,0
-364.350189208984,30.0639419555664,0
-363.850219726562,30.0607261657715,0
-363.350219726563,30.0575122833252,0
-362.850219726562,30.0542964935303,0
-362.350250244141,30.051082611084,0
-361.850250244141,30.0478668212891,1.29209374790662E-05
-361.350250244141,30.0446510314941,0.000107172054413
-360.850280761719,30.0414371490479,0.000292759505101
-360.350280761719,30.0382213592529,0.000569683325011
-359.850280761719,30.0350074768066,0.000937943463214
-359.350311279297,30.0317916870117,0.001397539977916
-358.850311279297,30.0285778045654,0.001948472810909
-358.350311279297,30.0253620147705,0.002590741962194
-357.850341796875,30.0221462249756,0.003324347548187
-357.350341796875,30.0189323425293,0.004149289336056
-356.850341796875,30.0157165527344,0.005065567791462
-356.350341796875,30.0125026702881,0.006073181983083
-355.850372314453,30.0092868804932,0.007172132842243
-355.350372314453,30.0060710906982,0.008362419903278
-354.850372314453,30.002857208252,0.009644043631852
-354.350402832031,29.999641418457,0.011017004027963
-353.850402832031,29.9964275360107,0.012481300160289
-353.350402832031,29.9932117462158,0.014036932960153
-352.850433349609,29.9899959564209,0.015683902427554
-352.356384277344,29.986946105957,0.017422206699848
-351.865112304687,29.9843673706055,0.01925184763968
-351.373901367187,29.9822692871094,0.021172827109695
-350.882659912109,29.9806785583496,0.023185141384602
-350.391418457031,29.9795703887939,0.025288792327046
-349.900146484375,29.9789695739746,0.027483778074384
-349.408905029297,29.9788513183594,0.029770102351904
-348.917663574219,29.9792098999023,0.032147761434317
-348.41845703125,29.9798545837402,0.034616757184267
-347.91845703125,29.980525970459,0.037177089601755
-347.41845703125,29.9811973571777,0.039828758686781
-346.91845703125,29.9818687438965,0.042571764439345
-346.41845703125,29.982536315918,0.045406106859446
-345.91845703125,29.9832077026367,0.048331782221794
-345.41845703125,29.9838790893555,0.051348797976971
-344.91845703125,29.9845504760742,0.054457146674395
-344.41845703125,29.9852180480957,0.057656835764647
-343.91845703125,29.9858894348145,0.060947857797146
-343.41845703125,29.9865608215332,0.064330220222473
-342.91845703125,29.987232208252,0.067803911864758
-342.41845703125,29.9878997802734,0.07136894762516
-341.91845703125,29.9885711669922,0.07502531260252
-341.41845703125,29.9892425537109,0.078773021697998
-340.91845703125,29.9899139404297,0.082612060010433
-340.41845703125,29.9905815124512,0.086542434990406
-339.91845703125,29.9912528991699,0.090564154088497
-339.41845703125,29.9919242858887,0.094677202403545
-338.91845703125,29.9925956726074,0.098881587386131
-338.41845703125,29.9932632446289,0.103177309036255
-337.91845703125,29.9939346313477,0.107564367353916
-337.41845703125,29.9946060180664,0.112042762339115
-336.91845703125,29.9952774047852,0.116612501442432
-336.41845703125,29.9959449768066,0.121273569762707
-335.91845703125,29.9966163635254,0.126025974750519
-335.41845703125,29.9972877502441,0.130869716405869
-334.91845703125,29.9979553222656,0.135804787278175
-334.41845703125,29.9986267089844,0.1408312022686
-333.91845703125,29.9992980957031,0.145948946475983
-333.41845703125,29.9999694824219,0.151158034801483
-332.91845703125,30.0006370544434,0.156458467245102
-332.41845703125,30.0013084411621,0.161850214004517
-331.91845703125,30.0019798278809,0.167333319783211
-331.41845703125,30.0026512145996,0.172907754778862
-330.91845703125,30.0033187866211,0.17857351899147
-330.41845703125,30.0039901733398,0.184330627322197
-329.91845703125,30.0046615600586,0.190179064869881
-329.41845703125,30.0053329467773,0.196118831634521
-328.91845703125,30.0060005187988,0.202149957418442
-328.41845703125,30.0066719055176,0.208272397518158
-327.91845703125,30.0073432922363,0.214486181735992
-327.41845703125,30.0080146789551,0.220791310071945
-326.91845703125,30.0086822509766,0.227187767624855
-326.41845703125,30.0093536376953,0.233675569295883
-325.91845703125,30.0100250244141,0.240254700183868
-325.41845703125,30.0106964111328,0.246925160288811
-324.91845703125,30.0113639831543,0.253686964511871
-324.41845703125,30.012035369873,0.260540097951889
-323.91845703125,30.0127067565918,0.267484575510025
-323.41845703125,30.0133743286133,0.274520397186279
-322.91845703125,30.014045715332,0.281647562980652
-322.41845703125,30.0147171020508,0.28886604309082
-321.91845703125,30.0153884887695,0.296175867319107
-321.41845703125,30.016056060791,0.30357700586319
-320.91845703125,30.0167274475098,0.311069518327713
-320.41845703125,30.0173988342285,0.318653345108032
-319.91845703125,30.0180702209473,0.32632851600647
-319.41845703125,30.0187377929687,0.334095001220703
-318.91845703125,30.0194091796875,0.341952860355377
-318.41845703125,30.0200805664062,0.349902033805847
-317.91845703125,30.020751953125,0.357942551374435
-317.41845703125,30.0214195251465,0.36607438325882
-316.91845703125,30.0220909118652,0.374297589063644
-316.41845703125,30.022762298584,0.382612109184265
-315.91845703125,30.0234336853027,0.391017973423004
-315.41845703125,30.0241012573242,0.399515151977539
-314.91845703125,30.024772644043,0.408103674650192
-314.41845703125,30.0254440307617,0.416783541440964
-313.91845703125,30.0261154174805,0.425554752349854
-313.41845703125,30.026782989502,0.434417307376862
-312.91845703125,30.0274543762207,0.443371176719665
-312.41845703125,30.0281257629395,0.452416390180588
-311.91845703125,30.0287971496582,0.461552947759628
-311.41845703125,30.0294647216797,0.470780819654465
-310.91845703125,30.0301361083984,0.480100035667419
-310.41845703125,30.0308074951172,0.489510595798492
-309.918487548828,30.0314750671387,0.499012500047684
-309.418487548828,30.0321464538574,0.508605718612671
-308.918487548828,30.0328178405762,0.518290281295776
-308.418487548828,30.0334892272949,0.528066217899323
-307.918487548828,30.0341567993164,0.53793340921402
-307.418487548828,30.0348281860352,0.547892034053803
-306.918487548828,30.0354995727539,0.557941913604736
-306.418487548828,30.0361709594727,0.568083167076111
-305.918487548828,30.0368385314941,0.578315734863281
-305.418487548828,30.0375099182129,0.588639676570892
-304.918487548828,30.0381813049316,0.599054932594299
-304.418487548828,30.0388526916504,0.609561502933502
-303.918487548828,30.0395202636719,0.620159447193146
-303.418487548828,30.0401916503906,0.630848705768585
-302.918487548828,30.0408630371094,0.641629338264465
-302.418487548828,30.0415344238281,0.652501285076141
-301.918487548828,30.0422019958496,0.663464546203613
-301.418487548828,30.0428733825684,0.674519181251526
-300.918487548828,30.0435447692871,0.685665130615234
-300.418487548828,30.0442161560059,0.696902394294739
-299.918487548828,30.0448837280273,0.708231031894684
-299.418487548828,30.0455551147461,0.719650983810425
-298.918487548828,30.0462265014648,0.731162250041962
-298.418487548828,30.0468978881836,0.742764890193939
-297.918487548828,30.0475654602051,0.754458844661713
-297.418487548828,30.0482368469238,0.766244173049927
-296.918487548828,30.0489082336426,0.778120815753937
-296.418487548828,30.0495758056641,0.790088772773743
-295.918487548828,30.0502471923828,0.802148103713989
-295.418487548828,30.0509185791016,0.814298748970032
-294.918487548828,30.0515899658203,0.82654070854187
-294.418487548828,30.0522575378418,0.838874042034149
-293.918487548828,30.0529289245605,0.851298689842224
-293.418487548828,30.0536003112793,0.86381471157074
-292.918518066406,30.054271697998,0.876422047615051
-292.418518066406,30.0549392700195,0.889120697975159
-291.918518066406,30.0556106567383,0.901910722255707
-291.418518066406,30.056282043457,0.914792060852051
-290.918518066406,30.0569534301758,0.927764713764191
-290.418518066406,30.0576210021973,0.940828740596771
-289.918518066406,30.058292388916,0.953984081745148
-289.418518066406,30.0589637756348,0.96723073720932
-288.918518066406,30.0596351623535,0.980568766593933
-288.418518066406,30.060302734375,0.993998110294342
-287.918518066406,30.0609741210937,1.00751888751984
-287.418518066406,30.0616455078125,1.02113091945648
-286.918518066406,30.0623168945312,1.03483426570892
-286.418518066406,30.0629844665527,1.04862892627716
-285.918518066406,30.0636558532715,1.06251502037048
-285.418518066406,30.0643272399902,1.07649230957031
-284.918518066406,30.0649948120117,1.09056103229523
-284.418518066406,30.0656661987305,1.10472106933594
-283.918518066406,30.0663375854492,1.11897253990173
-283.418518066406,30.067008972168,1.13331520557404
-282.918518066406,30.0676765441895,1.14774930477142
-282.418518066406,30.0683479309082,1.16227471828461
-281.918518066406,30.069019317627,1.17689144611359
-281.418518066406,30.0696907043457,1.19159948825836
-280.918518066406,30.0703582763672,1.20639884471893
-280.418518066406,30.0710296630859,1.22128963470459
-279.918518066406,30.0717010498047,1.23627161979675
-279.418518066406,30.0723724365234,1.251345038414
-278.918518066406,30.0730400085449,1.26650989055634
-278.418518066406,30.0737113952637,1.28176593780518
-277.918518066406,30.0743827819824,1.29711329936981
-277.418518066406,30.0750541687012,1.31255209445953
-276.918518066406,30.0757217407227,1.32808220386505
-276.418518066406,30.0763931274414,1.34370362758636
-275.918518066406,30.0770645141602,1.35941636562347
-275.418518066406,30.0777359008789,1.37522053718567
-274.918518066406,30.0784034729004,1.39111590385437
-274.418518066406,30.0790748596191,1.40710270404816
-273.918518066406,30.0797462463379,1.42318081855774
-273.418518066406,30.0804176330566,1.43935024738312
-272.918518066406,30.0810852050781,1.45561099052429
-272.418518066406,30.0817565917969,1.47196316719055
-271.918518066406,30.0824279785156,1.48840665817261
-271.418518066406,30.0830955505371,1.50494146347046
