x,y,z,pitch_deg
-270.989440917969,26.5836696624756,1.51904726028442,1.90887451171875
-270.489440917969,26.5843391418457,1.53575098514557,1.91934204101563
-269.989440917969,26.5850105285645,1.55254590511322,1.9298095703125
-269.489440917969,26.5856800079346,1.56943225860596,1.94027709960938
-268.989440917969,26.5863513946533,1.58640992641449,1.95074462890625
-268.489440917969,26.5870208740234,1.60347890853882,1.961181640625
-267.989440917969,26.5876922607422,1.62063932418823,1.97164916992188
-267.489440917969,26.5883617401123,1.63789093494415,1.98211669921875
-266.989440917969,26.5890331268311,1.65523397922516,1.99258422851563
-266.489440917969,26.5897026062012,1.67266833782196,2.0030517578125
-265.989440917969,26.5903739929199,1.69019401073456,2.01351928710937
-265.489440917969,26.59104347229,1.70781099796295,2.02398681640625
-264.989440917969,26.5917148590088,1.72551929950714,2.03445434570312
-264.489440917969,26.5923843383789,1.74331903457642,2.044921875
-263.989440917969,26.5930557250977,1.76121008396149,2.05538940429687
-263.489440917969,26.5937252044678,1.77919244766235,2.06585693359375
-262.989440917969,26.5943946838379,1.79726612567902,2.07632446289062
-262.489440917969,26.5950660705566,1.81543111801147,2.0867919921875
-261.989440917969,26.5957355499268,1.83368754386902,2.09725952148437
-261.489440917969,26.5964069366455,1.85203528404236,2.10772705078125
-260.989440917969,26.5970764160156,1.8704742193222,2.11819458007812
-260.489440917969,26.5977478027344,1.88900470733643,2.128662109375
-259.989440917969,26.5984172821045,1.90762639045715,2.13912963867187
-259.489440917969,26.5990886688232,1.92633938789368,2.14959716796875
-258.989440917969,26.5997581481934,1.94514381885529,2.16006469726562
-258.489440917969,26.6004295349121,1.96403956413269,2.1705322265625
-257.989440917969,26.6010990142822,1.98302662372589,2.18099975585937
-257.489440917969,26.601770401001,2.00210499763489,2.19146728515625
-256.989440917969,26.6024398803711,2.02127480506897,2.20193481445312
-256.489440917969,26.6031112670898,2.04053568840027,2.21240234375
-255.989456176758,26.60378074646,2.05988812446594,2.22286987304687
-255.489456176758,26.6044521331787,2.07933187484741,2.23330688476562
-254.989456176758,26.6051216125488,2.09886693954468,2.2437744140625
-254.489456176758,26.6057929992676,2.11849355697632,2.25424194335937
-253.989456176758,26.6064624786377,2.13821125030518,2.26470947265625
-253.489456176758,26.6071338653564,2.15802025794983,2.27517700195312
-252.989456176758,26.6078033447266,2.17792081832886,2.28564453125
-252.489456176758,26.6084747314453,2.1979124546051,2.29611206054687
-251.989456176758,26.6091442108154,2.21799564361572,2.30657958984375
-251.489456176758,26.6098155975342,2.23816990852356,2.31704711914062
-250.989456176758,26.6104850769043,2.25843572616577,2.3275146484375
-250.489471435547,26.6111545562744,2.27879285812378,2.33798217773437
-249.989471435547,26.6118259429932,2.29924130439758,2.34844970703125
-249.489471435547,26.6124954223633,2.31978106498718,2.35891723632812
-248.989471435547,26.613166809082,2.34041213989258,2.369384765625
-248.489456176758,26.6138362884521,2.36113476753235,2.37985229492187
-247.989456176758,26.6145076751709,2.38194847106934,2.39031982421875
-247.489456176758,26.615177154541,2.40285348892212,2.40078735351562
-246.989456176758,26.6158485412598,2.42385005950928,2.4112548828125
-246.489456176758,26.6165180206299,2.44493794441223,2.42172241210937
-245.989471435547,26.6171894073486,2.4661169052124,2.43218994140625
-245.489471435547,26.6178588867187,2.48738741874695,2.44265747070312
-244.989471435547,26.6185302734375,2.50874924659729,2.453125
-244.489471435547,26.6191997528076,2.53020238876343,2.46359252929687
-243.989471435547,26.6198711395264,2.55174684524536,2.47406005859375
-243.489471435547,26.6205406188965,2.57338261604309,2.48452758789062
-242.989471435547,26.6212120056152,2.5951099395752,2.4949951171875
-242.489471435547,26.6218814849854,2.61692833900452,2.50546264648437
-241.989471435547,26.6225528717041,2.63883805274963,2.51589965820312
-241.489471435547,26.6232223510742,2.66083931922913,2.5263671875
-240.989471435547,26.623893737793,2.68293190002441,2.53683471679687
-240.489471435547,26.6245632171631,2.70511555671692,2.54730224609375
-239.989471435547,26.6252346038818,2.7273907661438,2.55776977539062
-239.489471435547,26.625904083252,2.74975728988647,2.5682373046875
-238.989471435547,26.6265754699707,2.77221512794495,2.57870483398437
-238.489471435547,26.6272449493408,2.79476428031921,2.58917236328125
-237.989471435547,26.6279144287109,2.81740474700928,2.59963989257812
-237.489486694336,26.6285858154297,2.84013676643372,2.610107421875
-236.989486694336,26.6292552947998,2.86295986175537,2.62057495117187
-236.489486694336,26.6299266815186,2.8858745098114,2.63104248046875
-235.989486694336,26.6305961608887,2.90888023376465,2.64151000976562
-235.489486694336,26.6312675476074,2.93197751045227,2.6519775390625
-234.989486694336,26.6319370269775,2.95516610145569,2.66244506835937
-234.489486694336,26.6326084136963,2.97844576835632,2.67291259765625
-233.989486694336,26.6332778930664,3.00181698799133,2.68338012695312
-233.489486694336,26.6339492797852,3.02527952194214,2.69384765625
-232.989486694336,26.6346187591553,3.04883360862732,2.70431518554687
-232.489486694336,26.635290145874,3.07247877120972,2.71478271484375
-231.989486694336,26.6359596252441,3.09621524810791,2.72525024414062
-231.489486694336,26.6366310119629,3.12004327774048,2.7357177734375
-230.989486694336,26.637300491333,3.14396238327026,2.74618530273437
-230.489486694336,26.6379718780518,3.16797304153442,2.75665283203125
-229.989486694336,26.6386413574219,3.1920747756958,2.76712036132812
-229.489486694336,26.6393127441406,3.21626806259155,2.777587890625
-228.989486694336,26.6399822235107,3.2405526638031,2.78802490234375
-228.489486694336,26.6406536102295,3.26492857933044,2.79849243164062
-227.989486694336,26.6413230895996,3.28939580917358,2.8089599609375
-227.489486694336,26.6419944763184,3.31395435333252,2.81942749023437
-226.989486694336,26.6426639556885,3.33860421180725,2.82989501953125
-226.489486694336,26.6433353424072,3.36334562301636,2.84036254882812
-225.989486694336,26.6440048217773,3.38817811012268,2.850830078125
-225.489486694336,26.6446743011475,3.41310214996338,2.86129760742187
-224.989486694336,26.6453456878662,3.43811726570129,2.87176513671875
-224.489486694336,26.6460151672363,3.46322393417358,2.88223266601562
-223.989486694336,26.6466865539551,3.48842191696167,2.8927001953125
-223.489486694336,26.6473560333252,3.51371121406555,2.90316772460937
-222.989486694336,26.6480274200439,3.53909182548523,2.91363525390625
-222.489486694336,26.6486968994141,3.5645637512207,2.92410278320312
-221.989486694336,26.6493682861328,3.59012699127197,2.9345703125
-221.489486694336,26.6500377655029,3.61578154563904,2.94503784179687
-220.989486694336,26.6507091522217,3.6415274143219,2.95550537109375
-220.489486694336,26.6513786315918,3.66736483573914,2.96597290039062
-219.989486694336,26.6520500183105,3.69327735900879,2.97024536132812
-219.489486694336,26.6527194976807,3.71919751167297,2.97024536132812
-218.989486694336,26.6533908843994,3.74511766433716,2.97024536132812
-218.489486694336,26.6540603637695,3.77103781700134,2.97024536132812
-217.989486694336,26.6547317504883,3.79695796966553,2.97024536132812
-217.489486694336,26.6554012298584,3.82287812232971,2.97024536132812
-216.989486694336,26.6560726165771,3.8487982749939,2.97024536132812
-216.489486694336,26.6567420959473,3.87471842765808,2.97024536132812
-215.989486694336,26.657413482666,3.90063881874084,2.97024536132812
-215.489486694336,26.6580829620361,3.92655897140503,2.97024536132812
-214.989486694336,26.6587543487549,3.95247912406921,2.97024536132812
-214.489486694336,26.659423828125,3.9783992767334,2.97024536132812
-213.989486694336,26.6600952148437,4.004319190979,2.97024536132812
-213.489486694336,26.6607646942139,4.03023958206177,2.97024536132812
-212.989486694336,26.661434173584,4.05615949630737,2.97024536132812
-212.489486694336,26.6621055603027,4.08207988739014,2.97024536132812
-211.989501953125,26.6627750396729,4.10799980163574,2.97024536132812
-211.489501953125,26.6634464263916,4.13392019271851,2.97024536132812
-210.989501953125,26.6641159057617,4.15984058380127,2.97024536132812
-210.489501953125,26.6647872924805,4.18576049804688,2.97024536132812
-209.989501953125,26.6654567718506,4.21168088912964,2.97024536132812
-209.489501953125,26.6661281585693,4.23760080337524,2.97024536132812
-208.989501953125,26.6667976379395,4.26352119445801,2.97024536132812
-208.489501953125,26.6674690246582,4.28944110870361,2.97024536132812
-207.989501953125,26.6681385040283,4.31536149978638,2.97024536132812
-207.489501953125,26.6688098907471,4.34128141403198,2.97024536132812
-206.989501953125,26.6694793701172,4.36720180511475,2.97024536132812
-206.489501953125,26.6701507568359,4.39312171936035,2.97024536132812
-205.989501953125,26.6708202362061,4.41904211044312,2.97024536132812
-205.489501953125,26.6714916229248,4.44496202468872,2.97024536132812
-204.989501953125,26.6721611022949,4.47088241577148,2.97024536132812
-204.489501953125,26.6728324890137,4.49680233001709,2.97024536132812
-203.989501953125,26.6735019683838,4.52272272109985,2.97024536132812
-203.489517211914,26.6741733551025,4.54864263534546,2.97024536132812
-202.989517211914,26.6748428344727,4.57456302642822,2.97024536132812
-202.489517211914,26.6755142211914,4.60048341751099,2.97024536132812
-201.989517211914,26.6761837005615,4.62640333175659,2.97024536132812
-201.489517211914,26.6768550872803,4.65232372283936,2.97024536132812
-200.989517211914,26.6775245666504,4.67824363708496,2.97024536132812
-200.489517211914,26.6781940460205,4.70416402816772,2.97024536132812
-199.989517211914,26.6788654327393,4.73008394241333,2.97024536132812
-199.489517211914,26.6795349121094,4.75600433349609,2.97024536132812
-198.989517211914,26.6802062988281,4.7819242477417,2.97024536132812
-198.489517211914,26.6808757781982,4.80784463882446,2.97024536132812
-197.989517211914,26.681547164917,4.83376455307007,2.97024536132812
-197.489517211914,26.6822166442871,4.85968494415283,2.97024536132812
-196.989517211914,26.6828880310059,4.88560485839844,2.97024536132812
-196.489517211914,26.683557510376,4.9115252494812,2.97024536132812
-195.989517211914,26.6842288970947,4.93744516372681,2.97024536132812
-195.489517211914,26.6848983764648,4.96336555480957,2.97024536132812
-194.989517211914,26.6855697631836,4.98928546905518,2.97024536132812
-194.489517211914,26.6862392425537,5.01520586013794,2.97024536132812
-193.989517211914,26.6869106292725,5.04112577438355,2.97024536132812
-193.489517211914,26.6875801086426,5.06704616546631,2.97024536132812
-192.989517211914,26.6882514953613,5.09296655654907,2.97024536132812
-192.489517211914,26.6889209747314,5.11888647079468,2.97024536132812
-191.989517211914,26.6895923614502,5.14480686187744,2.97024536132812
-191.489517211914,26.6902618408203,5.17072677612305,2.97024536132812
-190.989517211914,26.6909332275391,5.19664716720581,2.97024536132812
-190.489517211914,26.6916027069092,5.22256708145142,2.97024536132812
-189.989517211914,26.6922740936279,5.24848747253418,2.97024536132812
-189.489517211914,26.692943572998,5.27440738677979,2.97024536132812
-188.989517211914,26.6936149597168,5.30032777786255,2.97024536132812
-188.489517211914,26.6942844390869,5.32624769210815,2.97024536132812
-187.989517211914,26.6949558258057,5.35216808319092,2.97024536132812
-187.489517211914,26.6956253051758,5.37808799743652,2.97024536132812
-186.989517211914,26.6962947845459,5.40400838851929,2.97024536132812
-186.489517211914,26.6969661712646,5.42992830276489,2.97024536132812
-185.989517211914,26.6976356506348,5.45584869384766,2.97024536132812
-185.489517211914,26.6983070373535,5.48176860809326,2.97024536132812
-184.989517211914,26.6989765167236,5.50768899917603,2.97024536132812
-184.489517211914,26.6996479034424,5.53360891342163,2.97024536132812
-183.989517211914,26.7003173828125,5.55952930450439,2.97024536132812
-183.489517211914,26.7009887695312,5.58544969558716,2.97024536132812
-182.989517211914,26.7016582489014,5.61136960983276,2.97024536132812
-182.489517211914,26.7023296356201,5.63729000091553,2.97024536132812
-181.989517211914,26.7029991149902,5.66320991516113,2.97024536132812
-181.489517211914,26.703670501709,5.6891303062439,2.97024536132812
-180.989517211914,26.7043399810791,5.7150502204895,2.97024536132812
-180.489532470703,26.7050113677978,5.74097061157227,2.97024536132812
-179.989532470703,26.705680847168,5.76689052581787,2.97024536132812
-179.489532470703,26.7063522338867,5.79281091690064,2.97024536132812
-178.989532470703,26.7070217132568,5.81873083114624,2.97024536132812
-178.489532470703,26.7076930999756,5.844651222229,2.97024536132812
-177.989532470703,26.7083625793457,5.87057113647461,2.97024536132812
-177.489532470703,26.7090339660645,5.89649152755737,2.97024536132812
-176.989532470703,26.7097034454346,5.92241144180298,2.97024536132812
-176.489532470703,26.7103748321533,5.94833183288574,2.97024536132812
-175.989532470703,26.7110443115234,5.97425174713135,2.97024536132812
-175.489532470703,26.7117156982422,6.00017213821411,2.97024536132812
-174.989532470703,26.7123851776123,6.02609252929688,2.97024536132812
-174.489532470703,26.7130546569824,6.05201244354248,2.97024536132812
-173.989532470703,26.7137260437012,6.07793283462524,2.97024536132812
-173.489532470703,26.7143955230713,6.10385274887085,2.97024536132812
-172.989532470703,26.71506690979,6.12977313995361,2.97024536132812
-172.489532470703,26.7157363891602,6.15569305419922,2.97024536132812
-171.989532470703,26.7164077758789,6.18161344528198,2.97024536132812
-171.489532470703,26.717077255249,6.20753335952759,2.97024536132812
-170.989532470703,26.7177486419678,6.23345375061035,2.97024536132812
-170.489532470703,26.7184181213379,6.25937366485596,2.97024536132812
-169.989532470703,26.7190895080566,6.28529405593872,2.97024536132812
-169.489532470703,26.7197589874268,6.31121397018433,2.97024536132812
-168.989532470703,26.7204303741455,6.33713436126709,2.97024536132812
-168.489532470703,26.7210998535156,6.3630542755127,2.97024536132812
-167.989532470703,26.7217712402344,6.38897466659546,2.97024536132812
-167.489547729492,26.7224407196045,6.41489458084106,2.97024536132812
-166.989547729492,26.7231121063232,6.44081497192383,2.97024536132812
-166.489547729492,26.7237815856934,6.46673488616943,2.97024536132812
-165.989547729492,26.7244529724121,6.4926552772522,2.97024536132812
-165.489547729492,26.7251224517822,6.51857566833496,2.97024536132812
-164.989547729492,26.725793838501,6.54449558258057,2.97024536132812
-164.489547729492,26.7264633178711,6.57041597366333,2.97024536132812
-163.989547729492,26.7271347045898,6.59633588790894,2.97024536132812
-163.489547729492,26.72780418396,6.6222562789917,2.97024536132812
-162.989547729492,26.7284755706787,6.64817619323731,2.97024536132812
-162.489547729492,26.7291450500488,6.67409658432007,2.97024536132812
-161.989547729492,26.7298145294189,6.70001649856567,2.97024536132812
-161.489547729492,26.7304859161377,6.72593688964844,2.97024536132812
-160.989547729492,26.7311553955078,6.75185680389404,2.97024536132812
-160.489547729492,26.7318267822266,6.77777719497681,2.97024536132812
-159.989547729492,26.7324962615967,6.80369710922241,2.97024536132812
-159.489547729492,26.7331676483154,6.82961750030518,2.97024536132812
-158.989547729492,26.7338371276855,6.85553741455078,2.97024536132812
-158.489547729492,26.7345085144043,6.88145780563355,2.97024536132812
-157.989547729492,26.7351779937744,6.90737771987915,2.97024536132812
-157.489547729492,26.7358493804932,6.93329811096191,2.97024536132812
-156.989547729492,26.7365188598633,6.95921850204468,2.97024536132812
-156.489547729492,26.737190246582,6.98513841629028,2.97024536132812
-155.989547729492,26.7378597259521,7.01105880737305,2.97024536132812
-155.489547729492,26.7385311126709,7.03697872161865,2.97024536132812
-154.989547729492,26.739200592041,7.06289911270142,2.97024536132812
-154.489547729492,26.7398719787598,7.08881902694702,2.97024536132812
-153.989547729492,26.7405414581299,7.11473941802979,2.97024536132812
-153.489547729492,26.7412128448486,7.14065933227539,2.97024536132812
-152.989547729492,26.7418823242187,7.16657972335815,2.97024536132812
-152.489547729492,26.7425537109375,7.19249963760376,2.97024536132812
-151.989547729492,26.7432231903076,7.21842002868652,2.97024536132812
-151.489547729492,26.7438945770264,7.24433994293213,2.97024536132812
-150.989547729492,26.7445640563965,7.27026033401489,2.97024536132812
-150.489547729492,26.7452354431152,7.2961802482605,2.97024536132812
-149.989547729492,26.7459049224853,7.32210063934326,2.97024536132812
-149.489547729492,26.7465744018555,7.34802055358887,2.97024536132812
-148.989547729492,26.7472457885742,7.37394094467163,2.97024536132812
-148.489547729492,26.7479152679443,7.39986085891724,2.97024536132812
-147.989547729492,26.7485866546631,7.42578125,2.97024536132812
-147.489562988281,26.7492561340332,7.45170164108276,2.97024536132812
-146.989562988281,26.749927520752,7.47762155532837,2.97024536132812
-146.489562988281,26.7505970001221,7.50354194641113,2.97024536132812
-145.989562988281,26.7512683868408,7.52946186065674,2.97024536132812
-145.489562988281,26.7519378662109,7.5553822517395,2.97024536132812
-144.989562988281,26.7526092529297,7.58130216598511,2.97024536132812
-144.489562988281,26.7532787322998,7.60722255706787,2.97024536132812
-143.989562988281,26.7539501190186,7.63314247131348,2.97024536132812
-143.489562988281,26.7546195983887,7.65906286239624,2.97024536132812
-142.989562988281,26.7552909851074,7.68498277664185,2.97024536132812
-142.489562988281,26.7559604644775,7.71090316772461,2.97024536132812
-141.989562988281,26.7566318511963,7.73682308197022,2.97024536132812
-141.489562988281,26.7573013305664,7.76274347305298,2.97024536132812
-140.989562988281,26.7579727172852,7.78866338729858,2.97024536132812
-140.489562988281,26.7586421966553,7.81458377838135,2.97024536132812
-139.989562988281,26.759313583374,7.84050369262695,2.97024536132812
-139.489562988281,26.7599830627441,7.86642408370972,2.97024536132812
-138.989562988281,26.7606544494629,7.89234447479248,2.97024536132812
-138.489562988281,26.761323928833,7.91826438903809,2.97024536132812
-137.989562988281,26.7619953155518,7.94418478012085,2.97024536132812
-137.489562988281,26.7626647949219,7.97010469436646,2.97024536132812
-136.989562988281,26.763334274292,7.99602508544922,2.97024536132812
-136.489562988281,26.7640056610107,8.02194499969482,2.97024536132812
-135.989562988281,26.7646751403809,8.04786491394043,2.97024536132812
-135.489562988281,26.7653465270996,8.07378578186035,2.97024536132812
-134.989562988281,26.7660160064697,8.09970569610596,2.97024536132812
-134.489562988281,26.7666873931885,8.12562561035156,2.97024536132812
-133.989562988281,26.7673568725586,8.15154552459717,2.97024536132812
-133.489562988281,26.7680282592773,8.17746639251709,2.97024536132812
-132.989562988281,26.7686977386475,8.2033863067627,2.97024536132812
-132.489562988281,26.7693691253662,8.22929573059082,2.9613037109375
-131.98957824707,26.7700386047363,8.25499248504639,2.92782592773437
-131.48957824707,26.7707099914551,8.28039646148682,2.89434814453125
-130.98957824707,26.7713794708252,8.30550861358643,2.86087036132812
-130.48957824707,26.7720508575439,8.3303279876709,2.827392578125
-129.98957824707,26.7727203369141,8.35485553741455,2.79391479492187
-129.48957824707,26.7733917236328,8.37909126281738,2.76043701171875
-128.98957824707,26.7740612030029,8.40303421020508,2.72695922851562
-128.48957824707,26.7747325897217,8.42668533325195,2.6934814453125
-127.98957824707,26.7754020690918,8.45004463195801,2.66000366210937
-127.489585876465,26.7760734558105,8.47311115264893,2.62652587890625
-126.989585876465,26.7767429351807,8.49588584899902,2.59304809570312
-126.489585876465,26.7774143218994,8.5183687210083,2.5595703125
-125.989585876465,26.7780838012695,8.54055881500244,2.52609252929687
-125.489585876465,26.7787551879883,8.56245708465576,2.49261474609375
-124.989585876465,26.7794246673584,8.58406352996826,2.45913696289062
-124.489585876465,26.7800941467285,8.60537719726563,2.4256591796875
-123.989585876465,26.7807655334473,8.62639904022217,2.39218139648437
-123.489585876465,26.7814350128174,8.64712905883789,2.35870361328125
-122.989585876465,26.7821063995361,8.66756629943848,2.32522583007812
-122.489585876465,26.7827758789062,8.68771171569824,2.291748046875
-121.989585876465,26.783447265625,8.70756530761719,2.25827026367187
-121.489585876465,26.7841167449951,8.727126121521,2.22479248046875
-120.989585876465,26.7847881317139,8.74639511108398,2.19131469726562
-120.489585876465,26.785457611084,8.76537227630615,2.1578369140625
-119.989585876465,26.7861270904541,8.78405666351318,2.12435913085937
-119.489593505859,26.7867984771728,8.80244922637939,2.09088134765625
-118.989593505859,26.787467956543,8.82054996490479,2.05740356445312
-118.489593505859,26.7881393432617,8.83835792541504,2.02392578125
-117.989593505859,26.7888088226318,8.85587406158447,1.99044799804688
-117.489593505859,26.7894802093506,8.87309741973877,1.95697021484375
-116.989593505859,26.7901496887207,8.89002990722656,1.92349243164063
-116.489593505859,26.7908210754395,8.9066686630249,1.8900146484375
-115.989593505859,26.7914905548096,8.92301654815674,1.85653686523438
-115.489601135254,26.7921619415283,8.93907165527344,1.82305908203125
-114.989601135254,26.7928314208984,8.95483493804932,1.78958129882813
-114.489601135254,26.7935028076172,8.97030639648438,1.756103515625
-113.989601135254,26.7941722869873,8.9854850769043,1.72262573242188
-113.489601135254,26.7948436737061,9.0003719329834,1.68914794921875
-112.989601135254,26.7955131530762,9.01496601104736,1.65567016601563
-112.489601135254,26.7961845397949,9.02926921844482,1.6221923828125
-111.989601135254,26.796854019165,9.04327869415283,1.58871459960938
-111.489601135254,26.7975254058838,9.05699729919434,1.55523681640625
-110.989601135254,26.7981948852539,9.0704231262207,1.52175903320313
-110.489601135254,26.7988662719727,9.08355712890625,1.48828125
-109.989601135254,26.7995357513428,9.09639835357666,1.45480346679688
-109.489601135254,26.8002052307129,9.10894870758057,1.42132568359375
-108.989601135254,26.8008766174316,9.12120532989502,1.38784790039063
-108.489601135254,26.8015460968018,9.13317108154297,1.3543701171875
-107.989601135254,26.8022174835205,9.14484405517578,1.32089233398438
-107.489601135254,26.8028869628906,9.15622520446777,1.28741455078125
-106.989601135254,26.8035583496094,9.16731357574463,1.25393676757813
-106.489601135254,26.8042278289795,9.17811107635498,1.220458984375
-105.989601135254,26.8048992156982,9.18861484527588,1.18698120117188
-105.489601135254,26.8055686950684,9.19882774353027,1.15350341796875
-104.989601135254,26.8062400817871,9.20874786376953,1.12002563476563
-104.489601135254,26.8069095611572,9.21837615966797,1.0865478515625
-103.989601135254,26.807580947876,9.22771167755127,1.05307006835938
-103.489601135254,26.8082504272461,9.23675537109375,1.01959228515625
-102.989601135254,26.8089218139648,9.24550724029541,0.986114501953125
-102.489608764648,26.809591293335,9.25397682189941,0.961578369140625
-101.989608764648,26.8102626800537,9.26236820220947,0.961578369140625
-101.489608764648,26.8109321594238,9.27075958251953,0.961578369140625
-100.989608764648,26.8116035461426,9.27915096282959,0.961578369140625
-100.489608764648,26.8122730255127,9.28754234313965,0.961578369140625
-99.9896087646484,26.8129444122314,9.29593372344971,0.961578369140625
-99.4896087646484,26.8136138916016,9.30432510375977,0.961578369140625
-98.9896087646484,26.8142852783203,9.31271648406982,0.961578369140625
-98.4896087646484,26.8149547576904,9.32110786437988,0.961578369140625
-97.9896087646484,26.8156261444092,9.32949924468994,0.961578369140625
-97.489616394043,26.8162956237793,9.337890625,0.961578369140625
-96.989616394043,26.8169651031494,9.34628200531006,0.961578369140625
-96.489616394043,26.8176364898682,9.35467338562012,0.961578369140625
-95.989616394043,26.8183059692383,9.36306476593018,0.961578369140625
-95.489616394043,26.818977355957,9.37145519256592,0.961578369140625
-94.989616394043,26.8196468353271,9.37984657287598,0.961578369140625
-94.489616394043,26.8203182220459,9.38823795318604,0.961578369140625
-93.989616394043,26.820987701416,9.39662933349609,0.961578369140625
-93.489616394043,26.8216590881348,9.40502166748047,0.961700439453125
-92.989616394043,26.8223285675049,9.41341495513916,0.9619140625
-92.489616394043,26.8229999542236,9.42181015014648,0.962127685546875
-91.989616394043,26.8236694335937,9.43020725250244,0.96234130859375
-91.489616394043,26.8243408203125,9.43860626220703,0.96258544921875
-90.989616394043,26.8250102996826,9.44700717926025,0.962799072265625
-90.489616394043,26.8256816864014,9.45541000366211,0.9630126953125
-89.989616394043,26.8263511657715,9.4638147354126,0.963226318359375
-89.489616394043,26.8270225524902,9.47222137451172,0.96343994140625
-88.989616394043,26.8276920318603,9.48062992095947,0.96368408203125
-88.489616394043,26.8283634185791,9.48904037475586,0.963897705078125
-87.989616394043,26.8290328979492,9.4974536895752,0.964111328125
-87.489616394043,26.829704284668,9.50586795806885,0.964324951171875
-86.989616394043,26.8303737640381,9.51428413391113,0.96453857421875
-86.4896240234375,26.8310451507568,9.52270221710205,0.96478271484375
-85.9896240234375,26.831714630127,9.5311222076416,0.964996337890625
-85.4896240234375,26.8323860168457,9.53954410552979,0.9652099609375
-84.9896240234375,26.8330554962158,9.54796886444092,0.965423583984375
-84.4896240234375,26.8337249755859,9.55639457702637,0.96563720703125
-83.9896240234375,26.8343963623047,9.56482219696045,0.96588134765625
-83.4896240234375,26.8350658416748,9.57325172424316,0.966094970703125
-82.9896240234375,26.8357372283936,9.58168411254883,0.96630859375
-82.4896240234375,26.8364067077637,9.59011745452881,0.966522216796875
-81.9896240234375,26.8370780944824,9.59855270385742,0.96673583984375
-81.4896240234375,26.8377475738525,9.60698986053467,0.96697998046875
-80.9896240234375,26.8384189605713,9.61542987823486,0.967193603515625
-80.4896240234375,26.8390884399414,9.62387084960938,0.9674072265625
-79.9896240234375,26.8397598266602,9.63231372833252,0.967620849609375
-79.489631652832,26.8404293060303,9.64075946807861,0.96783447265625
-78.989631652832,26.841100692749,9.64920616149902,0.96807861328125
-78.489631652832,26.8417701721191,9.65765476226807,0.968292236328125
-77.989631652832,26.8424415588379,9.66610622406006,0.968505859375
-77.489631652832,26.843111038208,9.67455863952637,0.968719482421875
-76.989631652832,26.8437824249268,9.68301391601563,0.96893310546875
-76.489631652832,26.8444519042969,9.6914701461792,0.96917724609375
-75.989631652832,26.8451232910156,9.69992828369141,0.969390869140625
-75.489631652832,26.8457927703857,9.70838928222656,0.9696044921875
-74.989631652832,26.8464641571045,9.71685123443604,0.969818115234375
-74.489631652832,26.8471336364746,9.72531604766846,0.97003173828125
-73.989631652832,26.8478050231934,9.7337818145752,0.97027587890625
-73.489631652832,26.8484745025635,9.74225044250488,0.970489501953125
-72.989631652832,26.8491458892822,9.75072002410889,0.970703125
-72.489631652832,26.8498153686523,9.75919151306152,0.970916748046875
-71.989631652832,26.8504867553711,9.76766586303711,0.97113037109375
-71.489631652832,26.8511562347412,9.77614116668701,0.97137451171875
-70.989631652832,26.8518257141113,9.78461933135986,0.971588134765625
-70.4896392822266,26.8524971008301,9.79309844970703,0.9718017578125
-69.9896392822266,26.8531684875488,9.80158042907715,0.972015380859375
-69.489631652832,26.8538398742676,9.8100643157959,0.97222900390625
-68.9896392822266,26.8545093536377,9.81854915618897,0.97247314453125
-68.4896392822266,26.8551807403564,9.82703685760498,0.972686767578125
-67.9896392822266,26.8558502197266,9.83552551269531,0.972900390625
-67.4896392822266,26.8565196990967,9.84401702880859,0.973114013671875
-66.9896392822266,26.8571910858154,9.85250949859619,0.97332763671875
-66.4896392822266,26.8578605651855,9.86100482940674,0.97357177734375
-65.9896392822266,26.8585319519043,9.86950206756592,0.973785400390625
-65.4896392822266,26.8592014312744,9.87800025939941,0.9739990234375
-64.9896392822266,26.8598728179932,9.88650131225586,0.974212646484375
-64.4896392822266,26.8605422973633,9.89500427246094,0.97442626953125
-63.9896354675293,26.861213684082,9.90350818634033,0.97467041015625
-63.4896354675293,26.8618831634521,9.91201496124268,0.974884033203125
-62.9896392822266,26.8625545501709,9.92052364349365,0.97509765625
-62.4896392822266,26.863224029541,9.92903327941895,0.975311279296875
-61.9896392822266,26.8638954162598,9.93754577636719,0.97552490234375
-61.4896392822266,26.8645648956299,9.94606018066406,0.97576904296875
-60.9896392822266,26.8652362823486,9.95457553863525,0.975982666015625
-60.4896392822266,26.8659057617187,9.96309375762939,0.9761962890625
-59.9896430969238,26.8665752410889,9.97161388397217,0.976409912109375
-59.4896430969238,26.8672466278076,9.98013591766357,0.97662353515625
-58.9896430969238,26.8679161071777,9.9886589050293,0.97686767578125
-58.4896430969238,26.8685874938965,9.99718475341797,0.977081298828125
-57.9896430969238,26.8692569732666,10.0057125091553,0.977294921875
-57.4896430969238,26.8699283599854,10.0142421722412,0.977508544921875
-56.9896430969238,26.8705978393555,10.0227737426758,0.97772216796875
-56.4896430969238,26.8712692260742,10.0313062667847,0.97796630859375
-55.9896430969238,26.8719387054443,10.0398416519165,0.978179931640625
-55.4896430969238,26.8726100921631,10.048378944397,0.9783935546875
-54.9896469116211,26.8732795715332,10.0569181442261,0.978607177734375
-54.4896469116211,26.873950958252,10.0654592514038,0.97882080078125
-53.9896469116211,26.8746204376221,10.0740022659302,0.97906494140625
-53.4896469116211,26.8752918243408,10.0825462341309,0.979278564453125
-52.9896469116211,26.8759613037109,10.0910930633545,0.9794921875
-52.4896469116211,26.8766326904297,10.0996417999268,0.979705810546875
-51.9896469116211,26.8773021697998,10.1081924438477,0.97991943359375
-51.4896469116211,26.8779735565186,10.1167449951172,0.98016357421875
-50.9896507263184,26.8786430358887,10.1252994537354,0.980377197265625
-50.4914093017578,26.8793563842773,10.1338558197021,0.9805908203125
-49.9966583251953,26.880443572998,10.1424140930176,0.980804443359375
-49.5019073486328,26.8820133209228,10.1509742736816,0.98101806640625
-49.0039405822754,26.8839721679687,10.1595363616943,0.98126220703125
-48.5039482116699,26.8860015869141,10.1681003570557,0.981475830078125
-48.0039482116699,26.8880310058594,10.1766662597656,0.981689453125
-47.5039558410645,26.8900604248047,10.1852340698242,0.981903076171875
-47.003963470459,26.89208984375,10.1938037872314,0.98211669921875
-46.503963470459,26.8941230773926,10.2023754119873,0.98236083984375
-46.0039710998535,26.8961524963379,10.2109489440918,0.982574462890625
-45.5039710998535,26.8981819152832,10.2195243835449,0.9827880859375
-45.0039787292481,26.9002113342285,10.2281017303467,0.983001708984375
-44.5039787292481,26.9022407531738,10.2366809844971,0.98321533203125
-44.0039863586426,26.9042739868164,10.2452621459961,0.98345947265625
-43.5039863586426,26.9063034057617,10.2538452148438,0.983551025390625
-43.0039939880371,26.908332824707,10.2624282836914,0.983551025390625
-42.5039939880371,26.9103622436523,10.2710113525391,0.983551025390625
-42.0040016174316,26.9123916625977,10.2795944213867,0.983551025390625
-41.5040016174316,26.9144248962402,10.2881774902344,0.983551025390625
-41.0040092468262,26.9164543151855,10.296760559082,0.983551025390625
-40.5040168762207,26.9184837341309,10.3053436279297,0.983551025390625
-40.0040168762207,26.9205131530762,10.3139266967773,0.983551025390625
-39.5040245056152,26.9225425720215,10.322509765625,0.983551025390625
-39.0040245056152,26.9245758056641,10.3310928344727,0.983551025390625
-38.5040321350098,26.9266052246094,10.3396759033203,0.983551025390625
-38.0040321350098,26.9286346435547,10.348258972168,0.983551025390625
-37.5040397644043,26.9306640625,10.3568420410156,0.983551025390625
-37.0040397644043,26.9326934814453,10.3654251098633,0.983551025390625
-36.5040473937988,26.9347267150879,10.3740081787109,0.983551025390625
-36.0040473937988,26.9367561340332,10.3825912475586,0.983551025390625
-35.5040550231934,26.9387855529785,10.3911743164063,0.983551025390625
-35.0040626525879,26.9408149719238,10.3997573852539,0.983551025390625
-34.5040626525879,26.9428443908691,10.4083404541016,0.983551025390625
-34.0040702819824,26.9448776245117,10.4169235229492,0.983551025390625
-33.5040702819824,26.946907043457,10.4255065917969,0.983551025390625
-33.004077911377,26.9489364624023,10.4340896606445,0.983551025390625
-32.504077911377,26.9509658813477,10.4426727294922,0.983551025390625
-32.0040817260742,26.952995300293,10.4512557983398,0.983551025390625
-31.5040817260742,26.9550285339355,10.4598388671875,0.983551025390625
-31.0040893554687,26.9570579528809,10.4684219360352,0.983551025390625
-30.5040893554687,26.9590873718262,10.4770050048828,0.983551025390625
-30.0040969848633,26.9611167907715,10.4855880737305,0.983551025390625
-29.5040969848633,26.9631462097168,10.4941711425781,0.983551025390625
-29.0041046142578,26.9651794433594,10.5027542114258,0.983551025390625
-28.5041122436523,26.9672088623047,10.5113372802734,0.983551025390625
-28.0041122436523,26.96923828125,10.5199203491211,0.983551025390625
-27.5041198730469,26.9712677001953,10.5285034179688,0.983551025390625
-27.0041198730469,26.9732971191406,10.5370864868164,0.983551025390625
-26.5041275024414,26.9753303527832,10.5456695556641,0.983551025390625
-26.0041275024414,26.9773597717285,10.5542526245117,0.983551025390625
-25.5041351318359,26.9793891906738,10.5628356933594,0.983551025390625
-25.0041351318359,26.9814186096191,10.571418762207,0.983551025390625
-24.5041427612305,26.9834480285645,10.5800018310547,0.983551025390625
-24.0041427612305,26.985481262207,10.5885848999023,0.983551025390625
-23.504150390625,26.9875106811523,10.59716796875,0.983551025390625
-23.004150390625,26.9895401000977,10.6057510375977,0.983551025390625
-22.5041580200195,26.991569519043,10.6143341064453,0.983551025390625
-22.0041656494141,26.9935989379883,10.622917175293,0.983551025390625
-21.5041656494141,26.9956321716309,10.6315002441406,0.983551025390625
-21.0041732788086,26.9976615905762,10.6400833129883,0.983551025390625
-20.5041732788086,26.9996910095215,10.6486663818359,0.983551025390625
-20.0041809082031,27.0017204284668,10.6572494506836,0.983551025390625
-19.5041809082031,27.0037498474121,10.6658325195313,0.983551025390625
-19.0041885375977,27.0057830810547,10.6744155883789,0.983551025390625
-18.5041885375977,27.0078125,10.6829986572266,0.983551025390625
-18.0041961669922,27.0098419189453,10.6915817260742,0.983551025390625
-17.5041961669922,27.0118713378906,10.7001647949219,0.983551025390625
-17.0042037963867,27.0139007568359,10.7087478637695,0.983551025390625
-16.5042037963867,27.0159339904785,10.7173309326172,0.983551025390625
-16.0042114257813,27.0179634094238,10.7259140014648,0.983551025390625
-15.5042190551758,27.0199928283691,10.7344970703125,0.983551025390625
-15.0042190551758,27.0220222473145,10.7430801391602,0.983551025390625
-14.5042266845703,27.0240516662598,10.7516632080078,0.983551025390625
-14.0042266845703,27.0260848999023,10.7602462768555,0.983551025390625
-13.5042343139648,27.0281143188477,10.7687759399414,0.968902587890625
-13.0042343139648,27.030143737793,10.777153968811,0.951202392578125
-12.5042419433594,27.0321731567383,10.7853775024414,0.9334716796875
-12.0042419433594,27.0342025756836,10.7934465408325,0.915771484375
-11.5042495727539,27.0362358093262,10.8013610839844,0.898040771484375
-11.0042495727539,27.0382652282715,10.8091201782227,0.880340576171875
-10.5042572021484,27.0402946472168,10.816725730896,0.86260986328125
-10.004264831543,27.0423240661621,10.8241758346558,0.84490966796875
-9.50426483154297,27.0443534851074,10.8314714431763,0.827178955078125
-9.0042724609375,27.04638671875,10.8386135101318,0.809478759765625
-8.5042724609375,27.0484161376953,10.8456001281738,0.791748046875
-8.00428009033203,27.0504455566406,10.8524322509766,0.7740478515625
-7.50428056716919,27.0524749755859,10.8591089248657,0.756317138671875
-7.00428819656372,27.0545043945312,10.8656320571899,0.738616943359375
-6.50428819656372,27.0565376281738,10.8720006942749,0.72088623046875
-6.00429582595825,27.0585670471191,10.8782138824463,0.70318603515625
-5.50429582595825,27.0605964660645,10.8842735290527,0.685455322265625
-5.00430345535278,27.0626258850098,10.8901777267456,0.667755126953125
-4.50430345535278,27.0646553039551,10.8959274291992,0.6500244140625
-4.00431108474731,27.0666885375977,10.9015226364136,0.63232421875
-3.50431895256042,27.068717956543,10.9069633483887,0.614593505859375
-3.00431895256042,27.0707473754883,10.9122495651245,0.596893310546875
-2.50432658195496,27.0727767944336,10.9173812866211,0.57916259765625
-2.00432658195496,27.0748062133789,10.9223585128784,0.56146240234375
-1.5043340921402,27.0768394470215,10.9271802902222,0.543731689453125
-1.0043340921402,27.0788688659668,10.931848526001,0.526031494140625
-0.504341721534729,27.0808982849121,10.9363613128662,0.50830078125
-0.004341740161181,27.0829277038574,10.9407196044922,0.4906005859375
0.495650619268417,27.0849571228027,10.9449234008789,0.472869873046875
0.995650649070739,27.0869903564453,10.9489727020264,0.455169677734375
1.49564301967621,27.0890197753906,10.9528675079346,0.43743896484375
1.99564301967621,27.0910491943359,10.9566078186035,0.41973876953125
2.49563527107239,27.0930786132813,10.9601936340332,0.402008056640625
2.99563145637512,27.0951080322266,10.9636249542236,0.384307861328125
3.49562764167786,27.0971412658691,10.9669008255005,0.3665771484375
3.99562406539917,27.0991706848145,10.9700222015381,0.348876953125
4.4956202507019,27.1012001037598,10.9729900360107,0.331146240234375
4.99561643600464,27.1032295227051,10.9758024215698,0.313446044921875
5.49560880661011,27.1052589416504,10.9784603118896,0.29571533203125
5.99560499191284,27.107292175293,10.9809637069702,0.27801513671875
6.49560117721558,27.1093215942383,10.9833126068115,0.260284423828125
6.99559736251831,27.1113510131836,10.9855070114136,0.242584228515625
7.49559354782105,27.1133804321289,10.9875459671021,0.224853515625
7.99558973312378,27.1154098510742,10.9894313812256,0.2071533203125
8.49558639526367,27.1174430847168,10.9911613464355,0.189422607421875
8.99558258056641,27.1194725036621,10.9927377700806,0.171722412109375
9.49557876586914,27.1215019226074,10.994158744812,0.15399169921875
9.99557495117188,27.1235313415527,10.9954252243042,0.13629150390625
10.4955711364746,27.125560760498,10.9965372085571,0.118560791015625
10.9955673217773,27.1275939941406,10.9974946975708,0.100860595703125
11.4955635070801,27.1296234130859,10.9982976913452,0.0831298828125
11.9955558776855,27.1316528320312,10.9989461898804,0.0654296875
12.4955520629883,27.1336822509766,10.999439239502,0.047698974609375
12.995548248291,27.1357116699219,10.9997787475586,0.029998779296875
13.4955444335938,27.1377449035645,10.9999628067017,0.01226806640625
13.9955406188965,27.1397743225098,11,0
14.4955368041992,27.1418037414551,11,0
14.995532989502,27.1438331604004,11,0
15.4955291748047,27.1458625793457,11,0
15.9955253601074,27.1478958129883,11,0
16.4955215454102,27.1499252319336,11,0
16.9955177307129,27.1519546508789,11,0
17.4955139160156,27.1539840698242,11,0
17.9955062866211,27.1560134887695,11,0
18.4955024719238,27.1580467224121,11,0
18.9954986572266,27.1600761413574,11,0
19.4954948425293,27.1621055603027,11,0
19.995491027832,27.164134979248,11,0
20.4954872131348,27.1661643981934,11,0
20.9954833984375,27.1681976318359,11,0
21.4954795837402,27.1702270507812,11,0
21.995475769043,27.1722564697266,11,0
22.4954719543457,27.1742858886719,11,0
22.9954681396484,27.1763153076172,11,0
23.4954643249512,27.1783485412598,11,0
23.9954566955566,27.1803779602051,11,0
24.4954528808594,27.1824073791504,11,0
24.9954490661621,27.1844367980957,11,0
25.4954452514648,27.186466217041,11,0
25.9954414367676,27.1884994506836,11,0
26.4954376220703,27.1905288696289,11,0
26.995433807373,27.1925582885742,11,0
27.4954299926758,27.1945877075195,11,0
27.9954261779785,27.1966171264648,11,0
28.4954223632812,27.1986503601074,11,0
28.995418548584,27.2006797790527,11,0
29.4954147338867,27.202709197998,11,0
29.9954109191894,27.2047386169434,11,0
30.4954032897949,27.2067680358887,11,0
30.9953994750977,27.2088012695312,11,0
31.4953956604004,27.2108306884766,11,0
31.9953899383545,27.2128601074219,11,0
32.4953842163086,27.2148895263672,11,0
32.9953804016113,27.2169189453125,11,0
33.4953765869141,27.2189521789551,11,0
33.9953727722168,27.2209815979004,11,0
34.4953689575195,27.2230110168457,11,0
34.9953651428223,27.225040435791,11,0
35.4953575134277,27.2270698547363,11,0
35.9953575134277,27.2291030883789,11,0
36.4953498840332,27.2311325073242,11,0
36.9953498840332,27.2331619262695,11,0
37.4953422546387,27.2351913452148,11,0
37.9953384399414,27.2372207641602,11,0
38.4953346252441,27.2392539978027,11,0
38.9953308105469,27.241283416748,11,0
39.4953269958496,27.2433128356934,11,0
39.9953231811523,27.2453422546387,11,0
40.4953193664551,27.247371673584,11,0
40.9953155517578,27.2494049072266,11,0
41.4953117370605,27.2514343261719,11,0
41.995304107666,27.2534637451172,11,0
42.495304107666,27.2554931640625,11,0
42.9952964782715,27.2575263977051,11,0
43.4952964782715,27.2595558166504,11,0
43.995288848877,27.2615852355957,11,0
44.4952850341797,27.263614654541,11,0
44.9952812194824,27.2656440734863,11,0
45.4952774047852,27.2676773071289,11,0
45.9952735900879,27.2697067260742,11,0
46.4952697753906,27.2717361450195,11,0
46.9952659606934,27.2737655639648,11,0
47.4952583312988,27.2757949829102,11,0
47.9952583312988,27.2778282165527,11,0
48.4952507019043,27.279857635498,11,0
48.9952507019043,27.2818870544434,11,0
49.4952430725098,27.2839164733887,11,0
49.9952430725098,27.285945892334,11,0
50.4952354431152,27.2879791259766,11,0
50.995231628418,27.2900085449219,11,0
51.4952278137207,27.2920379638672,11,0
51.9952239990234,27.2940673828125,11,0
52.4952201843262,27.2960968017578,11,0
52.9952163696289,27.2981300354004,11,0
53.4952125549316,27.3001594543457,11,0
53.9952087402344,27.302188873291,11,0
54.4952049255371,27.3042182922363,11,0
54.9951972961426,27.3062477111816,11,0
55.4951972961426,27.3082809448242,11,0
55.9951896667481,27.3103103637695,11,0
56.4951858520508,27.3123397827148,11,0
56.9951820373535,27.3143692016602,11,0
57.4951782226563,27.3163986206055,11,0
57.995174407959,27.318431854248,11,0
58.4951705932617,27.3204612731934,11,0
58.9951667785645,27.3224906921387,11,0
59.4951629638672,27.324520111084,10.9999990463257,-0.001922607421875
59.9951591491699,27.3265495300293,10.9999322891235,-0.01336669921875
60.4951553344727,27.3285827636719,10.9997653961182,-0.02484130859375
60.9951515197754,27.3306121826172,10.9994983673096,-0.03631591796875
61.4951438903809,27.3326416015625,10.9991312026978,-0.04779052734375
61.9951400756836,27.3346710205078,10.9986639022827,-0.05926513671875
62.4951362609863,27.3367004394531,10.9980974197388,-0.070709228515625
62.9951324462891,27.3387336730957,10.9974298477173,-0.082183837890625
63.4951286315918,27.340763092041,10.9966630935669,-0.093658447265625
63.9951324462891,27.3427925109863,10.995795249939,-0.105133056640625
64.4951248168945,27.3448219299316,10.9948282241821,-0.1165771484375
64.9951171875,27.346851348877,10.9937601089478,-0.1280517578125
65.4951171875,27.3488845825195,10.9925928115845,-0.1395263671875
65.9951095581055,27.3509140014648,10.991325378418,-0.1510009765625
66.4951095581055,27.3529434204102,10.9899578094482,-0.1624755859375
66.9951019287109,27.3549728393555,10.9884901046753,-0.173919677734375
67.4951019287109,27.357006072998,10.9869213104248,-0.185394287109375
67.9950942993164,27.3590354919434,10.9852533340454,-0.196868896484375
68.4950942993164,27.3610649108887,10.9834861755371,-0.208343505859375
68.9950942993164,27.363094329834,10.9816179275513,-0.219818115234375
69.4950866699219,27.3651237487793,10.9796495437622,-0.23126220703125
69.9950790405273,27.3671531677246,10.9775810241699,-0.24273681640625
70.4950714111328,27.3691864013672,10.9754123687744,-0.25421142578125
70.9950714111328,27.3712158203125,10.97314453125,-0.26568603515625
71.4950714111328,27.3732452392578,10.970775604248,-0.27716064453125
71.9950637817383,27.3752746582031,10.9683074951172,-0.288604736328125
72.4950561523437,27.3773040771484,10.9657382965088,-0.300079345703125
72.9950561523438,27.379337310791,10.9630699157715,-0.311553955078125
73.4950485229492,27.3813667297363,10.960301399231,-0.323028564453125
73.9950485229492,27.3833961486816,10.9574317932129,-0.33447265625
74.4950408935547,27.385425567627,10.9544630050659,-0.345947265625
74.9950408935547,27.3874549865723,10.9513940811157,-0.357421875
75.4950332641602,27.3894882202148,10.9482250213623,-0.368896484375
75.9950256347656,27.3915176391602,10.9449558258057,-0.38037109375
76.4950256347656,27.3935470581055,10.9415864944458,-0.391815185546875
76.9950256347656,27.3955764770508,10.9381170272827,-0.403289794921875
77.4950180053711,27.3976058959961,10.9345474243164,-0.414764404296875
77.9950103759766,27.3996391296387,10.9308776855469,-0.426239013671875
78.4950103759766,27.401668548584,10.9271087646484,-0.437713623046875
78.995002746582,27.4036979675293,10.9232387542725,-0.44915771484375
79.495002746582,27.4057273864746,10.9192686080933,-0.46063232421875
79.9949951171875,27.4077568054199,10.9151992797852,-0.47210693359375
80.4949951171875,27.4097900390625,10.9110288619995,-0.48358154296875
80.994987487793,27.4118194580078,10.906759262085,-0.495025634765625
81.494987487793,27.4138488769531,10.9023895263672,-0.506500244140625
81.9949798583984,27.4158782958984,10.8979187011719,-0.517974853515625
82.4949798583984,27.4179077148437,10.8933486938477,-0.529449462890625
82.9949722290039,27.4199409484863,10.8886785507202,-0.540924072265625
83.4949645996094,27.4219703674316,10.8839082717896,-0.5523681640625
83.9949645996094,27.423999786377,10.8790378570557,-0.5638427734375
84.4949569702149,27.4260292053223,10.8740673065186,-0.5753173828125
84.9949569702148,27.4280586242676,10.8689966201782,-0.5867919921875
85.4949493408203,27.4300918579102,10.8638257980347,-0.5982666015625
85.9949493408203,27.4321212768555,10.8585548400879,-0.609710693359375
86.4949417114258,27.4341506958008,10.8531837463379,-0.621185302734375
86.9949417114258,27.4361801147461,10.847713470459,-0.632659912109375
87.4949340820313,27.4382133483887,10.8421421051025,-0.644134521484375
87.9949340820312,27.440242767334,10.8364706039429,-0.655609130859375
88.4949264526367,27.4422721862793,10.8306999206543,-0.66705322265625
88.9949264526367,27.4443016052246,10.8248281478882,-0.67852783203125
89.4949188232422,27.4463310241699,10.8188571929932,-0.69000244140625
89.9949188232422,27.4483642578125,10.8127861022949,-0.70147705078125
90.4949111938477,27.4503936767578,10.8066139221191,-0.712921142578125
90.9949035644531,27.4524230957031,10.8003425598145,-0.724395751953125
91.4949035644531,27.4544525146484,10.7939710617065,-0.735870361328125
91.9948959350586,27.4564819335937,10.7874994277954,-0.747344970703125
92.4948959350586,27.4585151672363,10.7809276580811,-0.758819580078125
92.9948883056641,27.4605445861816,10.7742557525635,-0.770263671875
93.4948883056641,27.462574005127,10.7674837112427,-0.78173828125
93.9948806762695,27.4646034240723,10.7606115341187,-0.793212890625
94.4948806762695,27.4666328430176,10.7536392211914,-0.8046875
94.9899520874024,27.4688987731934,10.7465677261353,-0.816162109375
95.4847106933594,27.4716148376465,10.7393951416016,-0.827606201171875
95.9794464111328,27.4748153686523,10.7321224212647,-0.839080810546875
96.4741744995117,27.4785308837891,10.7247505187988,-0.850555419921875
96.9689102172852,27.4827270507812,10.7172775268555,-0.862030029296875
97.4636383056641,27.4874401092529,10.7097053527832,-0.87347412109375
97.9583587646484,27.4926338195801,10.7020320892334,-0.88494873046875
98.4530792236328,27.4983100891113,10.6942596435547,-0.89642333984375
98.9477920532227,27.5045013427734,10.6863870620728,-0.90789794921875
99.442497253418,27.511173248291,10.6784143447876,-0.91937255859375
99.9371871948242,27.5183296203613,10.6703414916992,-0.930816650390625
100.431884765625,27.5260009765625,10.6621685028076,-0.942291259765625
100.926567077637,27.5341529846191,10.6538944244385,-0.953765869140625
101.426124572754,27.5426712036133,10.6455221176147,-0.965240478515625
101.926055908203,27.5512046813965,10.6370487213135,-0.976715087890625
102.425979614258,27.5597381591797,10.628475189209,-0.9881591796875
102.925903320313,27.5682716369629,10.6198015213013,-0.9996337890625
103.425834655762,27.5768051147461,10.6110277175903,-1.0111083984375
103.925758361816,27.5853385925293,10.6021547317505,-1.0225830078125
104.425689697266,27.5938720703125,10.5931806564331,-1.03402709960938
104.92561340332,27.6024055480957,10.5841073989868,-1.04550170898438
105.42554473877,27.6109390258789,10.574933052063,-1.05697631835938
105.925468444824,27.6194725036621,10.5656595230103,-1.06845092773438
106.425399780273,27.6280059814453,10.55628490448,-1.07992553710938
106.925323486328,27.6365394592285,10.5468111038208,-1.09136962890625
107.425247192383,27.6450729370117,10.5372371673584,-1.10284423828125
107.925178527832,27.6536064147949,10.5275630950928,-1.11431884765625
108.425109863281,27.6621398925781,10.5177888870239,-1.12579345703125
108.925033569336,27.6706733703613,10.5079145431519,-1.13726806640625
109.424957275391,27.6792068481445,10.4979400634766,-1.14871215820313
109.92488861084,27.6877403259277,10.487865447998,-1.16018676757813
110.424812316895,27.6962776184082,10.4776906967163,-1.17166137695313
110.924743652344,27.7048110961914,10.4674158096313,-1.18313598632813
111.424667358398,27.7133445739746,10.4570407867432,-1.19461059570313
111.924598693848,27.7218780517578,10.4465665817261,-1.2060546875
112.424522399902,27.730411529541,10.4359912872314,-1.217529296875
112.924453735352,27.7389450073242,10.4253158569336,-1.22900390625
113.424377441406,27.7474784851074,10.4145412445068,-1.240478515625
113.924301147461,27.7560119628906,10.4036655426025,-1.25192260742188
114.42423248291,27.7645454406738,10.3926906585693,-1.26339721679688
114.924156188965,27.773078918457,10.3816156387329,-1.27487182617188
115.424087524414,27.7816123962402,10.3704404830933,-1.28634643554688
115.924011230469,27.7901458740234,10.3591642379761,-1.29782104492188
116.423942565918,27.7986793518066,10.34778881073,-1.30926513671875
116.923866271973,27.8072128295898,10.3363132476807,-1.32073974609375
117.423797607422,27.815746307373,10.3247375488281,-1.33221435546875
117.923721313477,27.8242797851563,10.3130617141724,-1.34368896484375
118.423645019531,27.8328132629395,10.3012857437134,-1.35516357421875
118.92357635498,27.8413467407227,10.2894096374512,-1.36660766601563
119.42350769043,27.8498802185059,10.2774343490601,-1.37808227539063
119.923431396484,27.8584136962891,10.2653579711914,-1.38955688476563
120.423355102539,27.8669471740723,10.2531814575195,-1.40103149414063
120.923286437988,27.8754806518555,10.2409057617188,-1.4124755859375
121.423210144043,27.8840141296387,10.2285289764404,-1.4239501953125
121.923141479492,27.8925476074219,10.2160530090332,-1.4354248046875
122.423065185547,27.9010810852051,10.2034759521484,-1.4468994140625
122.922996520996,27.9096145629883,10.1907997131348,-1.4583740234375
123.422920227051,27.9181480407715,10.1780233383179,-1.46981811523438
123.9228515625,27.9266815185547,10.1651458740234,-1.48129272460938
124.422775268555,27.9352149963379,10.1521692276001,-1.49276733398438
124.922698974609,27.9437484741211,10.1390924453735,-1.50424194335938
125.422630310059,27.9522819519043,10.1259155273438,-1.51571655273438
125.922554016113,27.9608154296875,10.1126384735107,-1.52716064453125
126.422485351563,27.9693489074707,10.0992612838745,-1.53863525390625
126.922409057617,27.9778823852539,10.0857839584351,-1.55010986328125
127.422340393066,27.9864158630371,10.0722064971924,-1.56158447265625
127.922271728516,27.9949493408203,10.0585298538208,-1.57302856445313
128.422180175781,28.0034828186035,10.0447521209717,-1.58450317382813
128.922103881836,28.012020111084,10.0308742523193,-1.59597778320313
129.422027587891,28.0205535888672,10.0168972015381,-1.60745239257813
129.921966552734,28.0290870666504,10.0028190612793,-1.61892700195313
130.421890258789,28.0376205444336,9.9886417388916,-1.63037109375
130.921813964844,28.0461540222168,9.97436332702637,-1.641845703125
131.421737670898,28.0546875,9.95998573303223,-1.6533203125
131.921676635742,28.0632209777832,9.94550800323486,-1.664794921875
132.421600341797,28.0717544555664,9.93093013763428,-1.67626953125
132.921524047852,28.0802879333496,9.91625213623047,-1.68771362304688
133.421447753906,28.0888214111328,9.90147304534912,-1.69918823242188
133.92138671875,28.097354888916,9.88659477233887,-1.71066284179688
134.421310424805,28.1058883666992,9.87161636352539,-1.72213745117188
134.921234130859,28.1144218444824,9.85653877258301,-1.73361206054688
135.421157836914,28.1229553222656,9.84136009216309,-1.74505615234375
135.921081542969,28.1314888000488,9.82608127593994,-1.75653076171875
136.421020507813,28.140022277832,9.81070232391357,-1.76800537109375
136.920944213867,28.1485557556152,9.7952241897583,-1.77947998046875
137.420867919922,28.1570892333984,9.77964496612549,-1.79092407226563
137.920791625977,28.1656227111816,9.76396560668945,-1.80239868164063
138.42073059082,28.1741561889648,9.74818706512451,-1.81387329101563
138.920654296875,28.182689666748,9.73230838775635,-1.82534790039063
139.42057800293,28.1912231445312,9.71632862091064,-1.83682250976563
139.920501708984,28.1997566223144,9.70024967193604,-1.8482666015625
140.420425415039,28.2082901000977,9.6840705871582,-1.8597412109375
140.920364379883,28.2168235778809,9.66779041290283,-1.8712158203125
141.420288085938,28.2253570556641,9.65141105651856,-1.8826904296875
141.920211791992,28.2338905334473,9.63493156433106,-1.8941650390625
142.420135498047,28.2424240112305,9.61835193634033,-1.90560913085938
142.920074462891,28.2509574890137,9.60167217254639,-1.91708374023438
143.419998168945,28.2594909667969,9.58489227294922,-1.92855834960938
143.919921875,28.2680244445801,9.56801319122314,-1.94003295898438
144.419845581055,28.2765579223633,9.55103302001953,-1.95147705078125
144.919784545898,28.2850914001465,9.5339527130127,-1.96295166015625
145.419708251953,28.2936248779297,9.51677322387695,-1.97442626953125
145.919631958008,28.3021583557129,9.49949264526367,-1.98590087890625
146.419555664063,28.3106918334961,9.48211193084717,-1.99737548828125
146.919479370117,28.3192253112793,9.46463203430176,-2.00881958007812
147.419418334961,28.3277587890625,9.44705200195313,-2.02029418945312
147.919342041016,28.336296081543,9.42937088012695,-2.03176879882812
148.41926574707,28.3448295593262,9.41159057617188,-2.04324340820312
148.919189453125,28.3533630371094,9.39371013641357,-2.05471801757812
149.419128417969,28.3618965148926,9.37572956085205,-2.066162109375
149.919052124023,28.3704299926758,9.35764884948731,-2.07763671875
150.418975830078,28.378963470459,9.33946704864502,-2.089111328125
150.918899536133,28.3874969482422,9.32118701934814,-2.1005859375
151.418823242188,28.3960304260254,9.30280590057373,-2.112060546875
151.918762207031,28.4045639038086,9.28432464599609,-2.12350463867187
152.418685913086,28.4130973815918,9.26574325561523,-2.13497924804687
152.918609619141,28.421630859375,9.24706172943115,-2.14645385742187
153.418533325195,28.4301643371582,9.22828102111816,-2.15792846679687
153.918472290039,28.4386978149414,9.20939922332764,-2.16937255859375
154.418395996094,28.4472312927246,9.19041728973389,-2.18084716796875
154.918319702148,28.4557647705078,9.17133617401123,-2.19232177734375
155.418243408203,28.464298248291,9.15215396881104,-2.20379638671875
155.918182373047,28.4728317260742,9.13287258148193,-2.21527099609375
156.418106079102,28.4813652038574,9.11349105834961,-2.22671508789062
156.918029785156,28.4898986816406,9.09400939941406,-2.23818969726562
157.417953491211,28.4984321594238,9.07442665100098,-2.24966430664062
157.917877197266,28.506965637207,9.05474472045898,-2.26113891601562
158.417816162109,28.5154991149902,9.03496265411377,-2.27261352539062
158.917739868164,28.5240325927734,9.01508045196533,-2.2840576171875
159.417663574219,28.5325660705566,8.99509811401367,-2.2955322265625
159.917587280273,28.5410995483398,8.97501564025879,-2.3070068359375
160.417526245117,28.549633026123,8.954833984375,-2.3184814453125
160.917449951172,28.5581665039062,8.93455123901367,-2.32992553710937
161.417373657227,28.5666999816895,8.91416835784912,-2.34140014648437
161.917297363281,28.5752334594727,8.89368534088135,-2.35287475585937
162.417221069336,28.5837669372559,8.87310314178467,-2.36434936523437
162.91716003418,28.5923004150391,8.85241985321045,-2.37582397460937
163.417083740234,28.6008338928223,8.83163738250732,-2.38726806640625
163.917007446289,28.6093673706055,8.81075382232666,-2.39874267578125
164.416931152344,28.6179008483887,8.78977108001709,-2.41021728515625
164.916870117188,28.6264343261719,8.7686882019043,-2.42169189453125
165.416793823242,28.6349678039551,8.74750518798828,-2.43316650390625
165.916717529297,28.6435012817383,8.72622108459473,-2.44461059570312
166.416641235352,28.6520347595215,8.70483779907227,-2.45608520507812
166.916580200195,28.6605720520019,8.68335437774658,-2.46755981445312
167.41650390625,28.6691055297852,8.66177082061768,-2.47903442382812
167.916427612305,28.6776390075684,8.64008712768555,-2.490478515625
168.416351318359,28.6861724853516,8.61830425262451,-2.501953125
168.916275024414,28.6947059631348,8.59642028808594,-2.513427734375
169.416213989258,28.703239440918,8.57443618774414,-2.52490234375
169.916137695313,28.7117729187012,8.55235195159912,-2.536376953125
170.416061401367,28.7203063964844,8.5301685333252,-2.54782104492187
170.915985107422,28.7288398742676,8.50788402557373,-2.55929565429687
171.415924072266,28.7373733520508,8.48550033569336,-2.57077026367187
171.91584777832,28.745906829834,8.46301555633545,-2.58224487304687
172.415771484375,28.7544403076172,8.44043159484863,-2.59371948242187
172.91569519043,28.7629737854004,8.41774654388428,-2.60516357421875
173.415618896484,28.7715072631836,8.39496231079102,-2.61663818359375
173.915557861328,28.7800407409668,8.37207794189453,-2.62811279296875
174.415481567383,28.78857421875,8.34909343719482,-2.63958740234375
174.915405273438,28.7971076965332,8.32600879669189,-2.65106201171875
175.415328979492,28.8056411743164,8.30282402038574,-2.66250610351562
175.915267944336,28.8141746520996,8.27953910827637,-2.67398071289062
176.415191650391,28.8227081298828,8.25615406036377,-2.68545532226562
176.915115356445,28.831241607666,8.23266887664795,-2.69692993164062
177.4150390625,28.8397750854492,8.20908355712891,-2.7083740234375
177.914978027344,28.8483085632324,8.18539905548096,-2.7198486328125
178.414901733398,28.8568420410156,8.16161346435547,-2.7313232421875
178.914825439453,28.8653755187988,8.13772773742676,-2.7427978515625
179.414749145508,28.873908996582,8.11374282836914,-2.7542724609375
179.914672851563,28.8824424743652,8.08965682983398,-2.76571655273437
180.414611816406,28.8909759521484,8.06547164916992,-2.77719116210937
180.914535522461,28.8995094299316,8.04118633270264,-2.78866577148437
181.414459228516,28.9080429077148,8.01679992675781,-2.80014038085937
181.91438293457,28.916576385498,7.99231433868408,-2.81161499023437
182.414321899414,28.9251098632812,7.96772861480713,-2.82305908203125
182.914245605469,28.9336433410645,7.94304275512695,-2.83453369140625
183.414169311523,28.9421768188477,7.91825675964356,-2.84600830078125
183.914093017578,28.9507102966309,7.89337062835693,-2.85748291015625
184.414016723633,28.9592437744141,7.86838436126709,-2.86892700195312
184.913955688477,28.9677772521973,7.84329795837402,-2.88040161132812
185.413879394531,28.9763107299805,7.81811141967773,-2.89187622070312
185.913803100586,28.9848480224609,7.79282522201538,-2.90335083007812
186.413726806641,28.9933815002441,7.76743888854981,-2.91482543945312
186.913665771484,29.0019149780273,7.74195194244385,-2.92626953125
187.413589477539,29.0104484558105,7.71636533737183,-2.937744140625
187.913513183594,29.0189819335937,7.69067859649658,-2.94921875
188.413436889648,29.027515411377,7.66489171981812,-2.960693359375
188.913360595703,29.0360488891602,7.63900470733643,-2.97216796875
189.413299560547,29.0445823669434,7.61301803588867,-2.98361206054687
189.913223266602,29.0531158447266,7.58693075180054,-2.99508666992187
190.413146972656,29.0616493225098,7.56074380874634,-3.00656127929687
190.913070678711,29.070182800293,7.53445672988892,-3.01803588867187
191.413009643555,29.0787162780762,7.50806903839111,-3.02947998046875
191.912933349609,29.0872497558594,7.48158168792725,-3.04095458984375
192.412857055664,29.0957832336426,7.45499420166016,-3.05242919921875
192.912780761719,29.1043167114258,7.428307056427,-3.06390380859375
193.412719726563,29.112850189209,7.40151929855347,-3.07537841796875
193.912643432617,29.1213836669922,7.37463140487671,-3.08682250976562
194.412567138672,29.1299171447754,7.34764385223389,-3.09829711914062
194.912490844727,29.1384506225586,7.32055616378784,-3.10977172851562
195.412414550781,29.1469841003418,7.29336786270142,-3.12124633789062
195.912353515625,29.155517578125,7.26607990264893,-3.13272094726562
196.41227722168,29.1640510559082,7.23869180679321,-3.1441650390625
196.912200927734,29.1725845336914,7.21120405197144,-3.1556396484375
197.412124633789,29.1811180114746,7.18361568450928,-3.1671142578125
197.912063598633,29.1896514892578,7.1559271812439,-3.1785888671875
198.411987304688,29.198184967041,7.12813901901245,-3.1900634765625
198.911911010742,29.2067184448242,7.10025024414063,-3.20150756835937
199.411834716797,29.2152519226074,7.07226181030273,-3.21298217773437
199.911758422852,29.2237854003906,7.04417324066162,-3.22445678710937
200.411697387695,29.2323188781738,7.01598453521729,-3.23593139648437
200.91162109375,29.240852355957,6.98769569396973,-3.24737548828125
201.411544799805,29.2493858337402,6.95930671691895,-3.25885009765625
201.911468505859,29.2579193115234,6.9308180809021,-3.27032470703125
202.411407470703,29.2664527893066,6.90222883224487,-3.28179931640625
202.911331176758,29.2749862670898,6.87353992462158,-3.29327392578125
203.411254882812,29.283519744873,6.84475088119507,-3.30471801757812
203.911178588867,29.2920532226562,6.81586122512817,-3.31619262695312
204.411117553711,29.3005867004395,6.78687191009522,-3.32766723632812
204.911041259766,29.3091239929199,6.75778293609619,-3.33914184570312
205.41096496582,29.3176574707031,6.72859334945679,-3.35061645507812
205.910888671875,29.3261909484863,6.69930362701416,-3.362060546875
206.41081237793,29.3347244262695,6.66991424560547,-3.37353515625
206.910751342773,29.3432579040527,6.6404242515564,-3.385009765625
207.410675048828,29.3517913818359,6.61083459854126,-3.396484375
207.910598754883,29.3603248596191,6.5811448097229,-3.40792846679687
208.410522460938,29.3688583374023,6.55135488510132,-3.41940307617187
208.910461425781,29.3773918151855,6.52146482467651,-3.43087768554687
209.410385131836,29.3859252929687,6.49147605895996,-3.4404296875
209.910308837891,29.394458770752,6.46145248413086,-3.4404296875
210.410232543945,29.4029922485352,6.43142890930176,-3.4404296875
210.91015625,29.4115257263184,6.40140533447266,-3.4404296875
211.410095214844,29.4200592041016,6.37138223648071,-3.4404296875
211.910018920898,29.4285926818848,6.34135866165161,-3.4404296875
212.409942626953,29.437126159668,6.31133508682251,-3.4404296875
212.909866333008,29.4456596374512,6.28131151199341,-3.4404296875
213.409790039062,29.4541931152344,6.25128793716431,-3.4404296875
213.909729003906,29.4627265930176,6.22126483917236,-3.4404296875
214.409652709961,29.4712600708008,6.19124126434326,-3.4404296875
214.909576416016,29.479793548584,6.16121768951416,-3.4404296875
215.409515380859,29.4883270263672,6.13119411468506,-3.4404296875
215.909439086914,29.4968605041504,6.10117053985596,-3.4404296875
216.409362792969,29.5053939819336,6.07114744186401,-3.4404296875
216.909286499023,29.5139274597168,6.04112386703491,-3.4404296875
217.409210205078,29.5224609375,6.01110029220581,-3.4404296875
217.909149169922,29.5309944152832,5.98107671737671,-3.4404296875
218.409072875977,29.5395278930664,5.95105361938477,-3.4404296875
218.908996582031,29.5480613708496,5.92103004455566,-3.4404296875
219.408935546875,29.5565948486328,5.89100646972656,-3.4404296875
219.908843994141,29.565128326416,5.86098289489746,-3.4404296875
220.408782958984,29.5736618041992,5.83095932006836,-3.4404296875
220.908706665039,29.5821952819824,5.80093622207642,-3.4404296875
221.408630371094,29.5907287597656,5.77091264724731,-3.4404296875
221.908569335937,29.5992622375488,5.74088907241821,-3.4404296875
222.408477783203,29.607795715332,5.71086549758911,-3.4404296875
222.908416748047,29.6163291931152,5.68084192276001,-3.4404296875
223.408340454102,29.6248626708984,5.65081882476807,-3.4404296875
223.908264160156,29.6333961486816,5.62079524993897,-3.4404296875
224.408203125,29.6419334411621,5.59077167510986,-3.4404296875
224.908126831055,29.6504669189453,5.56074810028076,-3.4404296875
225.408050537109,29.6590003967285,5.53072500228882,-3.4404296875
225.907989501953,29.6675338745117,5.50070142745972,-3.4404296875
226.407897949219,29.6760673522949,5.47067785263062,-3.4404296875
226.907836914062,29.6846008300781,5.44065427780151,-3.4404296875
227.407760620117,29.6931343078613,5.41063070297241,-3.4404296875
227.907684326172,29.7016677856445,5.38060760498047,-3.4404296875
228.407623291016,29.7102012634277,5.35058403015137,-3.4404296875
228.907531738281,29.7187347412109,5.32056045532227,-3.4404296875
229.407470703125,29.7272682189941,5.29053688049316,-3.4404296875
229.90739440918,29.7358016967773,5.26051330566406,-3.4404296875
230.407318115234,29.7443351745605,5.23049020767212,-3.4404296875
230.907257080078,29.7528686523437,5.20046663284302,-3.4404296875
231.407180786133,29.761402130127,5.17044305801392,-3.4404296875
231.907104492188,29.7699356079102,5.14041948318481,-3.4404296875
232.407043457031,29.7784690856934,5.11039638519287,-3.4404296875
232.906951904297,29.7870025634766,5.08037281036377,-3.4404296875
233.406890869141,29.7955360412598,5.05034923553467,-3.4404296875
233.906814575195,29.804069519043,5.02032566070557,-3.4404296875
234.40673828125,29.8126029968262,4.99030208587647,-3.4404296875
234.906677246094,29.8211364746094,4.96027898788452,-3.4404296875
235.406585693359,29.8296699523926,4.93025541305542,-3.4404296875
235.906524658203,29.8382034301758,4.90023183822632,-3.4404296875
236.406448364258,29.846736907959,4.87020826339722,-3.4404296875
236.906372070312,29.8552703857422,4.84018468856812,-3.4404296875
237.406311035156,29.8638038635254,4.81016159057617,-3.4404296875
237.906234741211,29.8723373413086,4.78013801574707,-3.4404296875
238.406158447266,29.8808708190918,4.75011444091797,-3.4404296875
238.90608215332,29.889404296875,4.72009086608887,-3.4404296875
239.406005859375,29.8979377746582,4.69006776809692,-3.4404296875
239.905944824219,29.9064712524414,4.66004419326782,-3.4404296875
240.405868530273,29.9150047302246,4.63002061843872,-3.4404296875
240.905792236328,29.9235382080078,4.59999704360962,-3.4404296875
241.405731201172,29.932071685791,4.56997346878052,-3.4404296875
241.905639648437,29.9406051635742,4.53995037078857,-3.4404296875
242.405578613281,29.9491386413574,4.50992679595947,-3.4404296875
242.905502319336,29.9576759338379,4.47990322113037,-3.4404296875
243.405426025391,29.9662094116211,4.44987964630127,-3.4404296875
243.905364990234,29.9747428894043,4.41985607147217,-3.4404296875
244.4052734375,29.9832763671875,4.38983297348022,-3.4404296875
244.905212402344,29.9918098449707,4.35980939865112,-3.4404296875
245.405136108398,30.0003433227539,4.32978582382202,-3.4404296875
245.905059814453,30.0088768005371,4.29976224899292,-3.4404296875
246.404998779297,30.0174102783203,4.26973915100098,-3.4404296875
246.904922485352,30.0259437561035,4.23971557617188,-3.4404296875
247.404846191406,30.0344772338867,4.20969200134277,-3.4404296875
247.90478515625,30.0430107116699,4.17966842651367,-3.4404296875
248.404693603516,30.0515441894531,4.14964485168457,-3.4404296875
248.904632568359,30.0600776672363,4.11962175369263,-3.4404296875
249.404556274414,30.0686111450195,4.08959817886353,-3.4404296875
249.904479980469,30.0771446228027,4.05957460403442,-3.4404296875
250.404418945313,30.0856781005859,4.02955102920532,-3.4404296875
250.904327392578,30.0942115783691,3.9995276927948,-3.4404296875
251.404266357422,30.1027450561523,3.9695041179657,-3.4404296875
251.904190063477,30.1112785339355,3.93952393531799,-3.42910766601562
252.404113769531,30.1198120117188,3.90965628623962,-3.41607666015625
252.904052734375,30.128345489502,3.87990212440491,-3.40304565429687
253.40397644043,30.1368789672852,3.850261926651,-3.3900146484375
253.903900146484,30.1454124450684,3.82073521614075,-3.37698364257812
254.403839111328,30.1539459228516,3.79132199287415,-3.36398315429687
254.903747558594,30.1624794006348,3.76202273368835,-3.3509521484375
255.403686523437,30.171012878418,3.73283696174622,-3.33792114257812
255.903610229492,30.1795463562012,3.70376491546631,-3.32489013671875
256.403503417969,30.1880798339844,3.67480635643005,-3.3118896484375
256.903442382812,30.1966133117676,3.64596176147461,-3.29885864257812
257.403350830078,30.2051467895508,3.61723065376282,-3.28582763671875
257.903289794922,30.213680267334,3.58861303329468,-3.27279663085937
258.403228759766,30.2222137451172,3.56010913848877,-3.25979614257812
258.903137207031,30.2307472229004,3.53171896934509,-3.24676513671875
259.403076171875,30.2392807006836,3.50344252586365,-3.23373413085937
259.902984619141,30.2478141784668,3.47527980804443,-3.220703125
260.402923583984,30.25634765625,3.44723057746887,-3.20770263671875
260.902862548828,30.2648811340332,3.41929483413696,-3.19467163085937
261.402770996094,30.2734146118164,3.39147305488586,-3.181640625
261.902709960937,30.2819519042969,3.36376476287842,-3.16860961914062
262.402618408203,30.2904853820801,3.3361701965332,-3.15560913085937
262.902557373047,30.2990188598633,3.30868911743164,-3.142578125
263.402496337891,30.3075523376465,3.28132200241089,-3.12954711914062
263.902404785156,30.3160858154297,3.25406837463379,-3.11651611328125
264.40234375,30.3246192932129,3.22692823410034,-3.103515625
264.902252197266,30.3331527709961,3.1999020576477,-3.09048461914062
265.402191162109,30.3416862487793,3.17298936843872,-3.07745361328125
265.902130126953,30.3502197265625,3.14619016647339,-3.06442260742187
266.402038574219,30.3587532043457,3.11950492858887,-3.05142211914062
266.901977539062,30.3672866821289,3.092933177948,-3.03839111328125
267.401885986328,30.3758201599121,3.06647515296936,-3.02536010742187
267.901824951172,30.3843536376953,3.04013061523437,-3.0123291015625
268.401763916016,30.3928871154785,3.01389980316162,-2.99929809570312
268.901702880859,30.4014205932617,2.9877827167511,-2.98629760742187
269.401611328125,30.4099540710449,2.96177935600281,-2.9732666015625
269.901550292969,30.4184875488281,2.93588948249817,-2.96023559570312
270.401458740234,30.4270210266113,2.91011333465576,-2.94720458984375
270.901397705078,30.4355545043945,2.88445091247559,-2.9342041015625
271.401336669922,30.4440879821777,2.85890197753906,-2.92117309570312
271.901245117188,30.4526214599609,2.83346676826477,-2.90814208984375
272.401184082031,30.4611549377441,2.80814528465271,-2.89511108398437
272.901092529297,30.4696884155273,2.7829372882843,-2.88211059570312
273.401031494141,30.4782218933105,2.75784301757812,-2.86907958984375
273.900970458984,30.4867553710937,2.73286247253418,-2.85604858398437
274.40087890625,30.495288848877,2.70799541473389,-2.843017578125
274.900817871094,30.5038223266602,2.6832423210144,-2.83001708984375
275.400726318359,30.5123558044434,2.65860271453857,-2.81698608398437
275.900665283203,30.5208892822266,2.6340765953064,-2.803955078125
276.400604248047,30.5294227600098,2.60966420173645,-2.79092407226562
276.900512695312,30.537956237793,2.58536553382874,-2.77792358398437
277.400451660156,30.5464897155762,2.56118059158325,-2.764892578125
277.900360107422,30.5550231933594,2.53710913658142,-2.75186157226562
278.400299072266,30.5635566711426,2.51315140724182,-2.73883056640625
278.900238037109,30.5720901489258,2.48930740356445,-2.725830078125
279.400146484375,30.580623626709,2.46557712554932,-2.71279907226562
279.900085449219,30.5891571044922,2.44196033477783,-2.69976806640625
280.399993896484,30.5976905822754,2.41845726966858,-2.68673706054687
280.899932861328,30.6062240600586,2.39506769180298,-2.67373657226562
281.399871826172,30.6147613525391,2.37179183959961,-2.66070556640625
281.899780273437,30.6232948303223,2.34862971305847,-2.64767456054687
282.399719238281,30.6318283081055,2.32558131217957,-2.6346435546875
282.899658203125,30.6403617858887,2.30264639854431,-2.62161254882812
283.399566650391,30.6488952636719,2.27982521057129,-2.60861206054687
283.899505615234,30.6574287414551,2.2571177482605,-2.5955810546875
284.399444580078,30.6659622192383,2.23452377319336,-2.58255004882812
284.899353027344,30.6744956970215,2.21204352378845,-2.56951904296875
285.399291992187,30.6830291748047,2.18967700004578,-2.5565185546875
285.899200439453,30.6915626525879,2.16742420196533,-2.54348754882812
286.399139404297,30.7000961303711,2.14528489112854,-2.53045654296875
286.899078369141,30.7086296081543,2.12325930595398,-2.51742553710937
287.398986816406,30.7171630859375,2.10134720802307,-2.50442504882812
287.89892578125,30.7256965637207,2.07954883575439,-2.49139404296875
288.398834228516,30.7342300415039,2.05786418914795,-2.47836303710937
288.898773193359,30.7427635192871,2.03629326820374,-2.46533203125
289.398712158203,30.7512969970703,2.01483583450317,-2.45233154296875
289.898620605469,30.7598304748535,1.99349212646484,-2.43930053710937
290.398559570312,30.7683639526367,1.97226214408875,-2.42626953125
290.898468017578,30.7768974304199,1.9511456489563,-2.41323852539062
291.398406982422,30.7854309082031,1.93014299869537,-2.40023803710937
291.898345947266,30.7939643859863,1.9092538356781,-2.38720703125
292.398254394531,30.8024978637695,1.88847839832306,-2.37417602539062
292.898193359375,30.8110313415527,1.86781668663025,-2.36114501953125
293.398101806641,30.8195648193359,1.84726846218109,-2.34814453125
293.898040771484,30.8280982971191,1.82683396339417,-2.33511352539062
294.397979736328,30.8366317749023,1.80651319026947,-2.32208251953125
294.897888183594,30.8451652526855,1.78630602359772,-2.30905151367187
295.397827148438,30.8536987304687,1.76621246337891,-2.29605102539062
295.897735595703,30.862232208252,1.74623262882233,-2.28302001953125
296.397674560547,30.8707656860352,1.72636640071869,-2.26998901367187
296.897613525391,30.8792991638184,1.70661377906799,-2.2569580078125
297.397521972656,30.8878326416016,1.68697488307953,-2.24395751953125
297.8974609375,30.8963661193848,1.66744959354401,-2.23092651367187
298.397399902344,30.904899597168,1.64803802967072,-2.2178955078125
298.897308349609,30.9134330749512,1.62874007225037,-2.20486450195312
299.397247314453,30.9219665527344,1.60955572128296,-2.19183349609375
299.897186279297,30.9305038452148,1.59048509597778,-2.1788330078125
300.397094726562,30.939037322998,1.57152807712555,-2.16580200195312
300.897033691406,30.9475708007812,1.55268478393555,-2.15277099609375
301.396942138672,30.9561042785645,1.53395509719849,-2.13973999023437
301.896881103516,30.9646377563477,1.51533901691437,-2.12673950195312
302.396820068359,30.9731712341309,1.49683666229248,-2.11370849609375
302.896728515625,30.9817047119141,1.47844791412354,-2.10067749023437
303.396667480469,30.9902381896973,1.46017277240753,-2.087646484375
303.896575927734,30.9987716674805,1.44201135635376,-2.07464599609375
304.396514892578,31.0073051452637,1.42396354675293,-2.06161499023437
304.896453857422,31.0158386230469,1.40602946281433,-2.048583984375
305.396362304687,31.0243721008301,1.38820898532867,-2.03555297851562
305.896301269531,31.0329055786133,1.37050211429596,-2.02255249023437
306.396209716797,31.0414390563965,1.35290896892548,-2.009521484375
306.896148681641,31.0499725341797,1.33542943000793,-1.99649047851563
307.396087646484,31.0585060119629,1.31806361675262,-1.98345947265625
307.89599609375,31.0670394897461,1.30081140995026,-1.970458984375
308.395935058594,31.0755729675293,1.28367280960083,-1.95742797851563
308.895843505859,31.0841064453125,1.26664793491364,-1.94439697265625
309.395782470703,31.0926399230957,1.24973666667938,-1.93136596679688
309.895721435547,31.1011734008789,1.23293912410736,-1.91836547851563
310.395629882812,31.1097068786621,1.21625506877899,-1.90533447265625
310.895568847656,31.1182403564453,1.19968485832214,-1.89230346679688
311.3955078125,31.1267738342285,1.18322813510895,-1.8792724609375
311.895416259766,31.1353073120117,1.16688513755798,-1.86627197265625
312.395355224609,31.1438407897949,1.15065586566925,-1.85324096679688
312.895263671875,31.1523742675781,1.13454020023346,-1.8402099609375
313.395202636719,31.1609077453613,1.11853814125061,-1.82717895507813
313.895141601562,31.1694412231445,1.10264980792999,-1.81414794921875
314.395050048828,31.1779747009277,1.08687508106232,-1.8011474609375
314.894989013672,31.1865081787109,1.07121396064758,-1.78811645507813
315.394927978516,31.1950416564941,1.05566656589508,-1.77508544921875
315.894836425781,31.2035751342773,1.04023277759552,-1.76205444335938
316.394775390625,31.2121086120605,1.0249125957489,-1.74905395507813
316.894683837891,31.2206420898437,1.00970613956451,-1.73602294921875
317.394622802734,31.229175567627,0.994613349437714,-1.72299194335938
317.894561767578,31.2377090454102,0.9796342253685,-1.7099609375
318.394470214844,31.2462425231934,0.964768707752228,-1.69696044921875
318.894409179688,31.2547760009766,0.950016856193542,-1.68392944335938
319.394317626953,31.263313293457,0.935378670692444,-1.6708984375
319.894256591797,31.2718467712402,0.920854091644287,-1.65786743164063
320.394195556641,31.2803802490234,0.906443178653717,-1.64486694335938
320.894104003906,31.2889137268066,0.892145931720733,-1.6318359375
321.39404296875,31.2974472045898,0.877962350845337,-1.61880493164063
321.893951416016,31.305980682373,0.863892436027527,-1.60577392578125
322.393890380859,31.3145141601562,0.849936127662659,-1.5927734375
322.893829345703,31.3230476379395,0.836093485355377,-1.57974243164063
323.393737792969,31.3315811157227,0.822364509105682,-1.56671142578125
323.893676757812,31.3401145935059,0.808749198913574,-1.55368041992188
324.393615722656,31.3486480712891,0.795247554779053,-1.54067993164063
324.893524169922,31.3571815490723,0.781859517097473,-1.52764892578125
325.393463134766,31.3657150268555,0.76858514547348,-1.51461791992188
325.893371582031,31.3742485046387,0.755424439907074,-1.5015869140625
326.393310546875,31.3827819824219,0.74237734079361,-1.48858642578125
326.893249511719,31.3913154602051,0.729443967342377,-1.47555541992188
327.393157958984,31.3998489379883,0.716624200344086,-1.4625244140625
327.893096923828,31.4083824157715,0.703918099403381,-1.44949340820313
328.393005371094,31.4169158935547,0.691325604915619,-1.43646240234375
328.892944335937,31.4254493713379,0.678846836090088,-1.4234619140625
329.392883300781,31.4339828491211,0.666481673717499,-1.41043090820313
329.892791748047,31.4425163269043,0.654230177402496,-1.39739990234375
330.392730712891,31.4510498046875,0.642092347145081,-1.38436889648438
330.892669677734,31.4595832824707,0.630068123340607,-1.37136840820313
331.392578125,31.4681167602539,0.618157625198364,-1.35833740234375
331.892517089844,31.4766502380371,0.606360733509064,-1.34530639648438
332.392425537109,31.4851837158203,0.59467750787735,-1.332275390625
332.892364501953,31.4937171936035,0.583107888698578,-1.31927490234375
333.392303466797,31.5022506713867,0.571651995182037,-1.30624389648438
333.892211914062,31.5107841491699,0.560309708118439,-1.293212890625
334.392150878906,31.5193176269531,0.549081087112427,-1.28018188476563
334.892059326172,31.5278511047363,0.537966132164001,-1.26718139648438
335.391998291016,31.5363845825195,0.526964783668518,-1.254150390625
335.891937255859,31.5449180603027,0.516077160835266,-1.24111938476563
336.391845703125,31.5534515380859,0.505303144454956,-1.22808837890625
336.891784667969,31.5619850158691,0.49464276432991,-1.215087890625
337.391693115234,31.5705184936523,0.484096050262451,-1.20205688476563
337.891632080078,31.5790519714355,0.473663002252579,-1.18902587890625
338.391571044922,31.587589263916,0.463343620300293,-1.17599487304688
338.891479492188,31.5961227416992,0.453137844800949,-1.16299438476563
339.391418457031,31.6046562194824,0.443045765161514,-1.14996337890625
339.891357421875,31.6131896972656,0.433067321777344,-1.13693237304688
340.391265869141,31.6217231750488,0.423202514648438,-1.1239013671875
340.891204833984,31.630256652832,0.41345140337944,-1.11090087890625
341.39208984375,31.6388053894043,0.403813898563385,-1.09786987304688
341.940582275391,31.6455364227295,0.394290059804916,-1.0848388671875
342.489196777344,31.6471881866455,0.384879887104034,-1.07180786132813
343.037780761719,31.643762588501,0.375583380460739,-1.05877685546875
343.586334228516,31.6352577209473,0.366400480270386,-1.0457763671875
344.134735107422,31.6216773986816,0.357331275939941,-1.03274536132813
344.683013916016,31.6030197143555,0.348375707864761,-1.01971435546875
345.231109619141,31.579288482666,0.339533776044846,-1.00668334960938
345.778961181641,31.5504894256592,0.330805510282516,-0.993682861328125
346.326507568359,31.5166149139404,0.322190910577774,-0.98065185546875
346.873687744141,31.4776744842529,0.313689947128296,-0.967620849609375
347.420532226562,31.4336700439453,0.305302649736404,-0.95458984375
347.966918945312,31.3846092224121,0.297028988599777,-0.94158935546875
348.512847900391,31.3304920196533,0.288868993520737,-0.928558349609375
349.058227539062,31.2713222503662,0.28082263469696,-0.91552734375
349.603057861328,31.207103729248,0.272889941930771,-0.902496337890625
350.147247314453,31.1378517150879,0.265070885419846,-0.889495849609375
350.690795898437,31.0635604858398,0.257365494966507,-0.87646484375
351.233642578125,30.9842414855957,0.249773770570755,-0.863433837890625
351.775695800781,30.8999042510986,0.242295682430267,-0.85040283203125
352.317016601563,30.8105506896973,0.234931260347366,-0.83740234375
352.857391357422,30.7161922454834,0.22768047451973,-0.824371337890625
353.396911621094,30.6168346405029,0.220543339848518,-0.81134033203125
353.935485839844,30.5124855041504,0.213519871234894,-0.798309326171875
354.473083496094,30.4031562805176,0.206610053777695,-0.785308837890625
355.009643554687,30.2888565063477,0.19981387257576,-0.77227783203125
355.545135498047,30.1695976257324,0.193131357431412,-0.759246826171875
356.079467773437,30.0453834533691,0.186562493443489,-0.7462158203125
356.612640380859,29.9162292480469,0.180107280611992,-0.73321533203125
357.144592285156,29.7821426391602,0.173765733838081,-0.720184326171875
357.675262451172,29.6431446075439,0.167537823319435,-0.7071533203125
358.204650878906,29.4992370605469,0.161423563957214,-0.694122314453125
358.732696533203,29.3504333496094,0.15542297065258,-0.68109130859375
359.259338378906,29.1967468261719,0.14953601360321,-0.6680908203125
359.784545898437,29.038200378418,0.143762722611427,-0.655059814453125
360.308197021484,28.8747940063477,0.13810308277607,-0.64202880859375
360.830352783203,28.7065467834473,0.132557094097137,-0.628997802734375
361.350982666016,28.5334739685059,0.127124756574631,-0.615997314453125
361.869873046875,28.3555908203125,0.121806062757969,-0.60296630859375
362.387176513672,28.172908782959,0.116601034998894,-0.589935302734375
362.902770996094,27.9854507446289,0.111509650945663,-0.576904296875
363.416564941406,27.7932243347168,0.106531925499439,-0.56390380859375
363.928588867187,27.5962524414062,0.101667851209641,-0.550872802734375
364.438751220703,27.3945503234863,0.096917428076267,-0.537841796875
364.947052001953,27.1881332397461,0.09228065609932,-0.524810791015625
365.453399658203,26.9770183563232,0.087757542729378,-0.511810302734375
365.957763671875,26.76123046875,0.083348080515862,-0.498779296875
366.460113525391,26.5407810211182,0.079052269458771,-0.485748291015625
366.960357666016,26.3156909942627,0.074870109558106,-0.47271728515625
367.458557128906,26.0859775543213,0.070801600813866,-0.459716796875
367.954620361328,25.8516616821289,0.066846750676632,-0.446685791015625
368.448455810547,25.6127681732178,0.063005544245243,-0.43365478515625
368.940093994141,25.369312286377,0.05927799642086,-0.420623779296875
369.429443359375,25.12131690979,0.055664103478193,-0.407623291015625
369.916442871094,24.8688011169434,0.052163857966662,-0.39459228515625
370.401092529297,24.6117897033691,0.048777267336845,-0.381561279296875
370.883361816406,24.3503036499023,0.045504331588745,-0.3685302734375
371.363159179687,24.0843620300293,0.04234504699707,-0.35552978515625
371.840545654297,23.8139915466309,0.039299413561821,-0.342498779296875
372.315368652344,23.5392150878906,0.036367431282997,-0.3294677734375
372.787628173828,23.2600536346436,0.033549103885889,-0.316436767578125
373.257263183594,22.9765357971191,0.030844431370497,-0.303436279296875
373.724273681641,22.6886787414551,0.028253408148885,-0.2904052734375
374.188598632812,22.3965148925781,0.025776039808989,-0.277374267578125
374.650207519531,22.100061416626,0.023412322625518,-0.26434326171875
375.109039306641,21.7993488311768,0.021162258461118,-0.251312255859375
375.565032958984,21.4944038391113,0.019025845453143,-0.238311767578125
376.018249511719,21.1852474212646,0.017003087326884,-0.22528076171875
376.468566894531,20.8719158172607,0.015093981288374,-0.212249755859375
376.915954589844,20.5544242858887,0.013298527337611,-0.19921875
377.360382080078,20.2328090667725,0.011616726405919,-0.18621826171875
377.801818847656,19.9070892333984,0.010048577561975,-0.173187255859375
378.240173339844,19.577299118042,0.008594081737101,-0.16015625
378.675537109375,19.243465423584,0.007253238465637,-0.147125244140625
379.107757568359,18.9056167602539,0.006026048213243,-0.134124755859375
379.536834716797,18.5637817382813,0.004912510048598,-0.12109375
379.962738037109,18.2179908752441,0.003912624903023,-0.108062744140625
380.385375976562,17.8682708740234,0.003026392310858,-0.09503173828125
380.804840087891,17.5146541595459,0.002253812272102,-0.08203125
381.220947265625,17.157169342041,0.001594884786755,-0.069000244140625
381.633758544922,16.7958507537842,0.001049610087648,-0.05596923828125
382.043151855469,16.4307250976562,0.000617987941951,-0.042938232421875
382.44921875,16.0618209838867,0.00030001840787,-0.029937744140625
382.851837158203,15.6891813278198,9.57015436142683E-05,-0.01690673828125
383.2509765625,15.3128252029419,5.03730143464054E-06,-0.003875732421875
383.646606445313,14.9327936172485,0,0
384.038757324219,14.5491161346436,0,0
384.42724609375,14.1618232727051,0,0
384.812225341797,13.7709522247314,0,0
385.193481445312,13.3765354156494,0,0
385.571105957031,12.9786071777344,0,0
385.945068359375,12.5771961212158,0,0
386.315246582031,12.1723442077637,0,0
386.681701660156,11.7640819549561,0,0
387.044342041016,11.3524465560913,0,0
387.403167724609,10.9374704360962,0,0
387.758148193359,10.5191917419434,0,0
388.109222412109,10.0976448059082,0,0
388.456390380859,9.67286682128906,0,0
388.799591064453,9.24489212036133,0,0
389.138824462891,8.81375980377197,0,0
389.474029541016,8.3795051574707,0,0
389.805267333984,7.94216728210449,0,0
390.132385253906,7.50178050994873,0,0
390.455413818359,7.05838775634766,0,0
390.774353027344,6.61202144622803,0,0
391.089111328125,6.16272211074829,0,0
391.399749755859,5.71052980422974,0,0
391.706146240234,5.25547981262207,0,0
392.008331298828,4.79761505126953,0,0
392.306274414062,4.3369722366333,0,0
392.599914550781,3.87358903884888,0,0
392.889282226563,3.40751123428345,0,0
393.17431640625,2.93877291679382,0,0
393.454986572266,2.46741676330566,0,0
393.731292724609,1.99348258972168,0,0
394.003173828125,1.51700949668884,0,0
394.270660400391,1.03804302215576,0,0
394.53369140625,0.556620121002197,0,0
394.792297363281,0.07278299331665,0,0
395.046356201172,-0.413426876068115,0,0
395.2958984375,-0.901968955993652,0,0
395.540954589844,-1.39279723167419,0,0
395.781433105469,-1.88587617874146,0,0
396.017333984375,-2.38115882873535,0,0
396.248657226562,-2.87860226631165,0,0
396.475341796875,-3.37816691398621,0,0
396.697387695312,-3.8798086643219,0,0
396.914825439453,-4.38348293304443,0,0
397.127563476562,-4.88914918899536,0,0
397.335601806641,-5.39676427841187,0,0
397.538970947266,-5.90628051757813,0,0
397.737579345703,-6.41765880584717,0,0
397.931427001953,-6.93085384368897,0,0
398.120544433594,-7.44582080841064,0,0
398.304901123047,-7.96251583099365,0,0
398.484466552734,-8.48089790344238,0,0
398.6591796875,-9.00091552734375,0,0
398.8291015625,-9.5225305557251,0,0
398.994232177734,-10.0456972122192,0,0
399.154449462891,-10.5703678131104,0,0
399.309814453125,-11.0964994430542,0,0
399.460327148437,-11.6240472793579,0,0
399.605926513672,-12.1529655456543,0,0
399.746643066406,-12.6832084655762,0,0
399.882446289062,-13.214732170105,0,0
400.013305664062,-13.7474880218506,0,0
400.139221191406,-14.2814350128174,0,0
400.260223388672,-14.816520690918,0,0
400.376220703125,-15.3527069091797,0,0
400.487274169922,-15.8899421691895,0,0
400.593353271484,-16.4281845092773,0,0
400.694427490234,-16.9673843383789,0,0
400.79052734375,-17.5074977874756,0,0
400.881622314453,-18.0484752655029,0,0
400.967712402344,-18.590274810791,0,0
401.048797607422,-19.1328468322754,0,0
401.124847412109,-19.6761474609375,0,0
401.19580078125,-20.2201290130615,0,0
401.261779785156,-20.764741897583,0,0
401.322723388672,-21.309944152832,0,0
401.378601074219,-21.8556861877441,0,0
401.429382324219,-22.4019222259521,0,0
401.475158691406,-22.9486045837402,0,0
401.515838623047,-23.4956855773926,0,0
401.551483154297,-24.0431232452393,0,0
401.582061767578,-24.5908679962158,0,0
401.607543945313,-25.1388702392578,0,0
401.627960205078,-25.687084197998,0,0
401.643310546875,-26.2354640960693,0,0
401.653564453125,-26.7839622497559,0,0
401.658874511719,-27.3176536560059,0,0
401.662719726563,-27.8176383972168,0,0
401.666534423828,-28.3176231384277,0,0
401.670379638672,-28.8176097869873,0,0
401.674194335938,-29.3175945281982,0,0
401.678039550781,-29.8175792694092,0,0
401.681854248047,-30.3175659179688,0,0
401.685699462891,-30.8175506591797,0,0
401.689514160156,-31.3175354003906,0,0
401.693359375,-31.8175201416016,0,0
401.697204589844,-32.3175086975098,0,0
401.701019287109,-32.8174934387207,0,0
401.704864501953,-33.3174781799316,0,0
401.708679199219,-33.8174629211426,0,0
401.712524414063,-34.3174476623535,0,0
401.716339111328,-34.8174324035645,0,0
401.720184326172,-35.3174209594727,0,0
401.724029541016,-35.8174057006836,0,0
401.727844238281,-36.3173904418945,0,0
401.731689453125,-36.8173751831055,0,0
401.735504150391,-37.3173637390137,0,0
401.739349365234,-37.8173484802246,0,0
401.7431640625,-38.3173332214355,0,0
401.747009277344,-38.8173179626465,0,0
401.750823974609,-39.3173027038574,0,0
401.754669189453,-39.8172874450684,0,0
401.758514404297,-40.3172721862793,0,0
401.762329101563,-40.8172569274902,0,0
401.766174316406,-41.3172416687012,0,0
401.769989013672,-41.8172302246094,0,0
401.773834228516,-42.3172149658203,0,0
401.777648925781,-42.8171997070313,0,0
401.781494140625,-43.3171844482422,0,0
401.785339355469,-43.8171691894531,0,0
401.789154052734,-44.3171577453613,0,0
401.792999267578,-44.8171424865723,0,0
401.796813964844,-45.3171272277832,0,0
401.800659179688,-45.8171119689941,0,0
401.804473876953,-46.3170967102051,0,0
401.808319091797,-46.817081451416,0,0
401.812133789062,-47.317066192627,0,0
401.815979003906,-47.8170509338379,0,0
401.81982421875,-48.3170394897461,0,0
401.823638916016,-48.817024230957,0,0
401.827484130859,-49.317008972168,0,0
401.831298828125,-49.8169937133789,0,0
401.835144042969,-50.3169784545898,0,0
401.838958740234,-50.8169670104981,0,0
401.842803955078,-51.316951751709,0,0
401.846649169922,-51.8169364929199,0,0
401.850463867187,-52.3169212341309,0,0
401.854309082031,-52.8169059753418,0,0
401.858123779297,-53.3168907165527,0,0
401.861968994141,-53.8168754577637,0,0
401.865783691406,-54.3168601989746,0,0
401.86962890625,-54.8168487548828,0,0
401.873443603516,-55.3168334960938,0,0
401.877319335938,-55.8168144226074,0,0
401.881134033203,-56.3167991638184,0,0
401.884979248047,-56.8167839050293,0,0
401.888793945313,-57.3167724609375,0,0
401.892639160156,-57.8167572021484,0,0
401.896453857422,-58.3167419433594,0,0
401.900299072266,-58.8167266845703,0,0
401.904144287109,-59.3167114257813,0,0
401.907958984375,-59.8166923522949,0,0
401.911804199219,-60.3166809082031,0,0
401.915618896484,-60.8166656494141,0,0
401.919464111328,-61.316650390625,0,0
401.923278808594,-61.8166351318359,0,0
401.927124023438,-62.3166198730469,0,0
401.930938720703,-62.8166046142578,0,0
401.934783935547,-63.3165893554687,0,0
401.938629150391,-63.8165740966797,0,0
401.942443847656,-64.3165664672852,0,0
401.9462890625,-64.8165512084961,0,0
401.950103759766,-65.316535949707,0,0
401.953948974609,-65.8165283203125,0,0
401.957763671875,-66.3165130615234,0,0
401.961608886719,-66.8164978027344,0,0
401.965423583984,-67.3164825439453,0,0
401.969268798828,-67.8164672851563,0,0
401.973114013672,-68.3164520263672,0,0
401.976928710937,-68.8164367675781,0,0
401.980773925781,-69.3164215087891,0,0
401.984588623047,-69.81640625,0,0
401.988433837891,-70.3163909912109,0,0
401.992248535156,-70.8163757324219,0,0
401.99609375,-71.3163604736328,0,0
401.999938964844,-71.8163528442383,0,0
402.003753662109,-72.3163375854492,0,0
402.007598876953,-72.8163223266602,0,0
402.011413574219,-73.3163070678711,0,0
402.015258789062,-73.816291809082,0,0
402.019073486328,-74.316276550293,0,0
402.022918701172,-74.8162612915039,0,0
402.026733398438,-75.3162460327148,0,0
402.030578613281,-75.8162307739258,0,0
402.034393310547,-76.3162155151367,0,0
402.038238525391,-76.8162002563477,0,0
402.042053222656,-77.3161849975586,0,0
402.0458984375,-77.8161773681641,0,0
402.049743652344,-78.316162109375,0,0
402.053558349609,-78.8161468505859,0,0
402.057403564453,-79.3161315917969,0,0
402.061218261719,-79.8161163330078,0,0
402.065063476563,-80.3161010742187,0,0
402.068878173828,-80.8160858154297,0,0
402.072814941406,-81.3126831054688,0,0
402.077178955078,-81.8074111938477,0,0
402.08203125,-82.302131652832,0,0
402.087188720703,-82.801383972168,0,0
402.092407226563,-83.3013534545898,0,0
402.09765625,-83.8013305664063,0,0
402.102874755859,-84.3013000488281,0,0
402.108093261719,-84.8012771606445,0,0
402.113311767578,-85.3012466430664,0,0
402.118530273438,-85.8012161254883,0,0
402.123748779297,-86.3011932373047,0,0
402.128997802734,-86.8011627197266,0,0
402.134216308594,-87.301139831543,0,0
402.139434814453,-87.8011093139648,0,0
402.144653320313,-88.3010787963867,0,0
402.149871826172,-88.8010559082031,0,0
402.155090332031,-89.301025390625,0,0
402.160339355469,-89.8010025024414,0,0
402.165557861328,-90.3009719848633,0,0
402.170776367188,-90.8009490966797,0,0
402.175994873047,-91.3009185791016,0,0
402.181213378906,-91.8008880615234,0,0
402.186431884766,-92.3008651733398,0,0
402.191680908203,-92.8008346557617,0,0
402.196899414063,-93.3008117675781,0,0
402.202117919922,-93.80078125,0,0
402.207336425781,-94.3007583618164,0,0
402.212554931641,-94.8007278442383,0,0
402.2177734375,-95.3006973266602,0,0
402.223022460938,-95.8006744384766,0,0
402.228240966797,-96.300651550293,0,0
402.233459472656,-96.8006210327149,0,0
402.238677978516,-97.3005905151367,0,0
402.243896484375,-97.8005599975586,0,0
402.249145507813,-98.300537109375,0,0
402.254364013672,-98.8005142211914,0,0
402.259582519531,-99.3004837036133,0,0
402.264801025391,-99.8004531860352,0,0
402.27001953125,-100.300422668457,0,0
402.275238037109,-100.800399780273,0,0
402.280487060547,-101.30037689209,0,0
402.285705566406,-101.800346374512,0,0
402.290924072266,-102.300315856934,0,0
402.296142578125,-102.80029296875,0,0
402.301361083984,-103.300262451172,0,0
402.306579589844,-103.800239562988,0,0
402.311828613281,-104.30020904541,0,0
402.317047119141,-104.800178527832,0,0
402.322265625,-105.300155639648,0,0
402.327484130859,-105.800132751465,0,0
402.332702636719,-106.300102233887,0,0
402.337921142578,-106.800071716309,0,0
402.343170166016,-107.30004119873,0,0
402.348388671875,-107.800018310547,0,0
402.353607177734,-108.299995422363,0,0
402.358825683594,-108.799964904785,0,0
402.364044189453,-109.299934387207,0,0
402.369262695312,-109.799903869629,0,0
402.37451171875,-110.299880981445,0,0
402.379730224609,-110.799858093262,0,0
402.384948730469,-111.299827575684,0,0
402.390167236328,-111.799797058105,0,0
402.395385742188,-112.299774169922,0,0
402.400604248047,-112.799743652344,0,0
402.405853271484,-113.29972076416,0,0
402.411071777344,-113.799690246582,0,0
402.416290283203,-114.299659729004,0,0
402.421508789063,-114.79963684082,0,0
402.426727294922,-115.299613952637,0,0
402.431945800781,-115.799583435059,0,0
402.437194824219,-116.29955291748,0,0
402.442413330078,-116.799522399902,0,0
402.447631835938,-117.299499511719,0,0
402.452850341797,-117.799476623535,0,0
402.458068847656,-118.299446105957,0,0
402.463287353516,-118.799415588379,0,0
402.468536376953,-119.299385070801,0,0
402.473754882813,-119.799362182617,0,0
402.478973388672,-120.299339294434,0,0
402.484191894531,-120.799308776855,0,0
402.489410400391,-121.299278259277,0,0
402.49462890625,-121.799255371094,0,0
402.499877929688,-122.29923248291,0,0
402.505096435547,-122.799201965332,0,0
402.510314941406,-123.299171447754,0,0
402.515533447266,-123.799140930176,0,0
402.520751953125,-124.299118041992,0,0
402.525970458984,-124.799095153809,0,0
402.531219482422,-125.29906463623,0,0
402.536437988281,-125.799034118652,0,0
402.541656494141,-126.299003601074,0,0
402.546875,-126.798980712891,0,0
402.552093505859,-127.298957824707,0,0
402.557312011719,-127.798927307129,0,0
402.562561035156,-128.298889160156,0,0
402.567779541016,-128.798858642578,0,0
402.572998046875,-129.298843383789,0,0
402.578216552734,-129.798812866211,0,0
402.583435058594,-130.298782348633,0,0
402.588653564453,-130.798751831055,0,0
402.593902587891,-131.298721313477,0,0
402.59912109375,-131.798706054688,0,0
402.604339599609,-132.298675537109,0,0
402.609558105469,-132.798645019531,0,0
402.614776611328,-133.298614501953,0,0
402.619995117188,-133.798599243164,0,0
402.625244140625,-134.298568725586,0,0
402.630462646484,-134.798538208008,0,0
402.635681152344,-135.29850769043,0,0
402.640899658203,-135.798477172852,0,0
402.646118164062,-136.298461914063,0,0
402.6513671875,-136.798431396484,0,0
402.656585693359,-137.298400878906,0,0
402.661804199219,-137.798370361328,0,0
402.667022705078,-138.29833984375,0,0
402.672241210938,-138.798324584961,0,0
402.677459716797,-139.298294067383,0,0
402.682708740234,-139.798263549805,0,0
402.687927246094,-140.298233032227,0,0
402.693145751953,-140.798202514648,0,0
402.698364257813,-141.298187255859,0,0
402.703582763672,-141.798156738281,0,0
402.708801269531,-142.298126220703,0,0
402.714050292969,-142.798095703125,0,0
402.719268798828,-143.298080444336,0,0
402.724487304688,-143.798049926758,0,0
402.729705810547,-144.29801940918,0,0
402.734924316406,-144.797988891602,0,0
402.740142822266,-145.297958374023,0,0
402.745391845703,-145.797943115234,0,0
402.750610351563,-146.297912597656,0,0
402.755828857422,-146.797882080078,0,0
402.761047363281,-147.2978515625,0,0
402.766265869141,-147.797821044922,0,0
402.771484375,-148.297805786133,0,0
402.776733398438,-148.797775268555,0,0
402.781951904297,-149.297744750977,0,0
402.787170410156,-149.797714233398,0,0
402.792388916016,-150.29768371582,0,0
402.797607421875,-150.797668457031,0,0
402.802825927734,-151.297637939453,0,0
402.808074951172,-151.797607421875,0,0
402.813293457031,-152.297576904297,0,0
402.818511962891,-152.797561645508,0,0
402.82373046875,-153.29753112793,0,0
402.828948974609,-153.797500610352,0,0
402.834167480469,-154.297470092773,0,0
402.839416503906,-154.797439575195,0,0
402.844635009766,-155.297424316406,0,0
402.849853515625,-155.797393798828,0,0
402.855072021484,-156.29736328125,0,0
402.860290527344,-156.797332763672,0,0
402.865509033203,-157.297302246094,0,0
402.870758056641,-157.797286987305,0,0
402.8759765625,-158.297256469727,0,0
402.881195068359,-158.797225952148,0,0
402.886413574219,-159.297210693359,0,0
402.891662597656,-159.797180175781,0,0
402.896881103516,-160.297149658203,0,0
402.902099609375,-160.797119140625,0,0
402.907318115234,-161.297088623047,0,0
402.912536621094,-161.797073364258,0,0
402.917755126953,-162.29704284668,0,0
402.923004150391,-162.797012329102,0,0
402.92822265625,-163.296981811523,0,0
402.933441162109,-163.796951293945,0,0
402.938659667969,-164.296920776367,0,0
402.943878173828,-164.796890258789,0,0
402.949096679687,-165.296875,0,0
402.954345703125,-165.796844482422,0,0
402.959564208984,-166.296813964844,0,0
402.964782714844,-166.796783447266,0,0
402.970001220703,-167.296768188477,0,0
402.975219726563,-167.796737670898,0,0
402.980438232422,-168.29670715332,0,0
402.985687255859,-168.796676635742,0,0
402.990905761719,-169.296646118164,0,0
402.996124267578,-169.796630859375,0,0
403.001342773438,-170.296600341797,0,0
403.006561279297,-170.796569824219,0,0
403.011779785156,-171.296539306641,0,0
403.017028808594,-171.796508789063,0,0
403.022247314453,-172.296493530273,0,0
403.027465820313,-172.796463012695,0,0
403.032684326172,-173.296432495117,0,0
403.037902832031,-173.796401977539,0,0
403.043151855469,-174.296371459961,0,0
403.048370361328,-174.796356201172,0,0
403.053588867188,-175.296325683594,0,0
403.058807373047,-175.796295166016,0,0
403.064025878906,-176.296264648438,0,0
403.069244384766,-176.796249389648,0,0
403.074493408203,-177.29621887207,0,0
403.079711914063,-177.796188354492,0,0
403.084930419922,-178.296157836914,0,0
403.090148925781,-178.796127319336,0,0
403.095367431641,-179.296096801758,0,0
403.100616455078,-179.796081542969,0,0
403.105834960938,-180.296051025391,0,0
403.111053466797,-180.796020507813,0,0
403.116271972656,-181.296005249023,0,0
403.121520996094,-181.795974731445,0,0
403.126739501953,-182.295944213867,0,0
403.131958007813,-182.795913696289,0,0
403.137176513672,-183.295883178711,0,0
403.142395019531,-183.795867919922,0,0
403.147613525391,-184.295837402344,0,0
403.152862548828,-184.795806884766,0,0
403.158081054688,-185.295776367188,0,0
403.163299560547,-185.795761108398,0,0
403.168518066406,-186.29573059082,0,0
403.173736572266,-186.795700073242,0,0
403.178955078125,-187.295669555664,0,0
403.184204101563,-187.795639038086,0,0
403.189422607422,-188.295623779297,0,0
403.194641113281,-188.795593261719,0,0
403.199859619141,-189.295562744141,0,0
403.205078125,-189.795532226562,0,0
403.210327148438,-190.295516967773,0,0
403.215545654297,-190.795486450195,0,0
403.220764160156,-191.295455932617,0,0
403.225982666016,-191.795425415039,0,0
403.231201171875,-192.295394897461,0,0
403.236419677734,-192.795364379883,0,0
403.241668701172,-193.295349121094,0,0
403.246887207031,-193.795318603516,0,0
403.252105712891,-194.295288085938,0,0
403.25732421875,-194.795272827148,0,0
403.262542724609,-195.29524230957,0,0
403.267761230469,-195.795211791992,0,0
403.273010253906,-196.295181274414,0,0
403.278228759766,-196.795150756836,0,0
403.283447265625,-197.295120239258,0,0
403.288665771484,-197.795104980469,0,0
403.293884277344,-198.295074462891,0,0
403.299102783203,-198.795043945313,0,0
403.304351806641,-199.295013427734,0,0
403.3095703125,-199.794998168945,0,0
403.314788818359,-200.294967651367,0,0
403.320007324219,-200.794937133789,0,0
403.325225830078,-201.294906616211,0,0
403.330444335938,-201.794876098633,0,0
403.335693359375,-202.294860839844,0,0
403.340911865234,-202.794830322266,0,0
403.346130371094,-203.294799804687,0,0
403.351348876953,-203.794769287109,0,0
403.356567382813,-204.294738769531,0,0
403.361785888672,-204.794723510742,0,0
403.367034912109,-205.294692993164,0,0
403.372253417969,-205.794662475586,0,0
403.377471923828,-206.294631958008,0,0
403.382690429688,-206.79460144043,0,0
403.387908935547,-207.294586181641,0,0
403.393127441406,-207.794555664062,0,0
403.398376464844,-208.294525146484,0,0
403.403594970703,-208.794494628906,0,0
403.408813476563,-209.294479370117,0,0
403.414031982422,-209.794448852539,0,0
403.419250488281,-210.294418334961,0,0
403.424468994141,-210.794387817383,0,0
403.429718017578,-211.294357299805,0,0
403.434936523438,-211.794342041016,0,0
403.440155029297,-212.294311523438,0,0
403.445373535156,-212.794281005859,0,0
403.450592041016,-213.294250488281,0,0
403.455810546875,-213.794235229492,0,0
403.461059570313,-214.294204711914,0,0
403.466278076172,-214.794174194336,0,0
403.471496582031,-215.294143676758,0,0
403.476715087891,-215.79411315918,0,0
403.48193359375,-216.294082641602,0,0
403.487152099609,-216.794067382812,0,0
403.492401123047,-217.294036865234,0,0
403.497619628906,-217.794006347656,0,0
403.502838134766,-218.293975830078,0,0
403.508056640625,-218.793960571289,0,0
403.513275146484,-219.293930053711,0,0
403.518493652344,-219.793899536133,0,0
403.523742675781,-220.293869018555,0,0
403.528961181641,-220.793838500977,0,0
403.5341796875,-221.293823242187,0,0
403.539398193359,-221.793792724609,0,0
403.544616699219,-222.293762207031,0,0
403.549835205078,-222.793731689453,0,0
403.555084228516,-223.293701171875,0,0
403.560302734375,-223.793685913086,0,0
403.565521240234,-224.293655395508,0,0
403.570739746094,-224.79362487793,0,0
403.575958251953,-225.293594360352,0,0
403.581207275391,-225.793579101562,0,0
403.58642578125,-226.293548583984,0,0
403.591644287109,-226.793518066406,0,0
403.596862792969,-227.293487548828,0,0
403.602081298828,-227.79345703125,0,0
403.607299804688,-228.293441772461,0,0
403.612548828125,-228.793411254883,0,0
403.617767333984,-229.293380737305,0,0
403.622985839844,-229.793350219727,0,0
403.628204345703,-230.293319702148,0,0
403.633422851563,-230.793304443359,0,0
403.638641357422,-231.296951293945,0,0
403.642822265625,-231.81477355957,0,0
403.645233154297,-232.332595825195,0,0
403.645874023438,-232.850433349609,0,0
403.644775390625,-233.368255615234,0,0
403.641906738281,-233.886093139648,0,0
403.637268066406,-234.403900146484,0,0
403.630889892578,-234.921691894531,0,0
403.622711181641,-235.439468383789,0,0
403.612854003906,-235.95719909668,0,0
403.601196289063,-236.474884033203,0,0
403.587799072266,-236.992538452148,0,0
403.572570800781,-237.510162353516,0,0
403.5556640625,-238.027725219727,0,0
403.536956787109,-238.545196533203,0,0
403.516510009766,-239.062637329102,0,0
403.494293212891,-239.579986572266,0,0
403.470336914063,-240.097274780273,0,0
403.444580078125,-240.614456176758,0,0
403.417114257813,-241.131561279297,0,0
403.387908935547,-241.648574829102,0,0
403.356872558594,-242.165481567383,0,0
403.324157714844,-242.682266235352,0,0
403.289672851563,-243.198944091797,0,0
403.253387451172,-243.715515136719,0,0
403.215393066406,-244.231964111328,0,0
403.175659179688,-244.748260498047,0,0
403.134094238281,-245.264404296875,0,0
403.0908203125,-245.78044128418,0,0
403.045776367188,-246.296310424805,0,0
402.9990234375,-246.812026977539,0,0
402.950500488281,-247.327560424805,0,0
402.900238037109,-247.842971801758,0,0
402.848205566406,-248.358184814453,0,0
402.79443359375,-248.87321472168,0,0
402.738891601563,-249.388046264648,0,0
402.681640625,-249.902709960937,0,0
402.622619628906,-250.41716003418,0,0
402.561828613281,-250.931411743164,0,0
402.499359130859,-251.445465087891,0,0
402.43505859375,-251.959274291992,0,0
402.369079589844,-252.472885131836,0,0
402.30126953125,-252.986282348633,0,0
402.231842041016,-253.499420166016,0,0
402.160583496094,-254.012329101562,0,0
402.087554931641,-254.524993896484,0,0
402.012847900391,-255.037414550781,0,0
401.936431884766,-255.549545288086,0,0
401.858245849609,-256.061462402344,0,0
401.778289794922,-256.573089599609,0,0
401.696594238281,-257.084442138672,0,0
401.613189697266,-257.595489501953,0,0
401.528045654297,-258.106262207031,0,0
401.441192626953,-258.616790771484,0,0
401.3525390625,-259.126953125,0,0
401.26220703125,-259.636871337891,0,0
401.170104980469,-260.146423339844,0,0
401.076324462891,-260.655670166016,0,0
400.980804443359,-261.164642333984,0,0
400.883514404297,-261.673278808594,0,0
400.784515380859,-262.181549072266,0,0
400.683807373047,-262.689483642578,0,0
400.581359863281,-263.197082519531,0,0
400.477233886719,-263.704315185547,0,0
400.371307373047,-264.211242675781,0,0
400.263702392578,-264.717742919922,0,0
400.154418945313,-265.223907470703,0,0
400.043365478516,-265.729675292969,0,0
399.930603027344,-266.235076904297,0,0
399.816131591797,-266.740112304687,0,0
399.699890136719,-267.244750976562,0,0
399.581970214844,-267.748962402344,0,0
399.462371826172,-268.252777099609,0,0
399.341033935547,-268.756225585937,0,0
399.218017578125,-269.259185791016,0,0
399.09326171875,-269.761779785156,0,0
398.966796875,-270.263977050781,0,0
398.838653564453,-270.765655517578,0,0
398.708770751953,-271.266937255859,0,0
398.577239990234,-271.767791748047,0,0
398.443969726562,-272.268188476562,0,0
398.309020996094,-272.768127441406,0,0
398.17236328125,-273.267578125,0,0
398.033996582031,-273.7666015625,0,0
397.893951416016,-274.265167236328,0,0
397.752197265625,-274.76318359375,0,0
397.608734130859,-275.260772705078,0,0
397.463623046875,-275.757843017578,0,0
397.316833496094,-276.254425048828,0,0
397.168334960937,-276.750518798828,0,0
397.018188476562,-277.24609375,0,0
396.866271972656,-277.741149902344,0,0
396.712738037109,-278.235687255859,0,0
396.557495117188,-278.729705810547,0,0
396.400604248047,-279.223205566406,0,0
396.242065429687,-279.716156005859,0,0
396.081817626953,-280.208587646484,0,0
395.919860839844,-280.700439453125,0,0
395.756256103516,-281.191741943359,0,0
395.591033935547,-281.682495117187,0,0
395.424102783203,-282.172698974609,0,0
395.255523681641,-282.662322998047,0,0
395.085296630859,-283.151336669922,0,0
394.913360595703,-283.639801025391,0,0
394.739837646484,-284.127655029297,0,0
394.564575195312,-284.614990234375,0,0
394.387725830078,-285.101654052734,0,0
394.209167480469,-285.587738037109,0,0
394.028991699219,-286.073211669922,0,0
393.847137451172,-286.558074951172,0,0
393.663696289062,-287.042327880859,0,0
393.478546142578,-287.525909423828,0,0
393.291839599609,-288.008941650391,0,0
393.103424072266,-288.491271972656,0,0
392.913391113281,-288.972991943359,0,0
392.721740722656,-289.454010009766,0,0
392.528411865234,-289.934417724609,0,0
392.333465576172,-290.414123535156,0,0
392.136932373047,-290.893218994141,0,0
391.938720703125,-291.371643066406,0,0
391.738891601562,-291.849365234375,0,0
391.537506103516,-292.326416015625,0,0
391.334442138672,-292.802795410156,0,0
391.129791259766,-293.278442382812,0,0
390.923492431641,-293.753387451172,0,0
390.715606689453,-294.227691650391,0,0
390.506103515625,-294.701232910156,0,0
390.294952392578,-295.174102783203,0,0
390.082244873047,-295.646209716797,0,0
389.867980957031,-296.117584228516,0,0
389.652038574219,-296.588256835937,0,0
389.434509277344,-297.058197021484,0,0
389.215362548828,-297.527374267578,0,0
388.994659423828,-297.995819091797,0,0
388.772399902344,-298.463531494141,0,0
388.548522949219,-298.930450439453,0,0
388.323059082031,-299.396636962891,0,0
388.096008300781,-299.862030029297,0,0
387.867370605469,-300.32666015625,0,0
387.637176513672,-300.790496826172,0,0
387.405395507812,-301.253570556641,0,0
387.172058105469,-301.715881347656,0,0
386.937133789062,-302.177307128906,0,0
386.700653076172,-302.638000488281,0,0
386.462585449219,-303.097900390625,0,0
386.222961425781,-303.556945800781,0,0
385.981811523438,-304.015197753906,0,0
385.739105224609,-304.472625732422,0,0
385.494812011719,-304.92919921875,0,0
385.248992919922,-305.384979248047,0,0
385.001647949219,-305.839874267578,0,0
384.752746582031,-306.293975830078,0,0
384.502288818359,-306.747222900391,0,0
384.250274658203,-307.199584960937,0,0
383.996765136719,-307.651153564453,0,0
383.741668701172,-308.101776123047,0,0
383.485107421875,-308.551574707031,0,0
383.226959228516,-309.00048828125,0,0
382.967376708984,-309.448547363281,0,0
382.706176757812,-309.895660400391,0,0
382.443542480469,-310.341949462891,0,0
382.179321289063,-310.787353515625,0,0
381.913604736328,-311.231781005859,0,0
381.646423339844,-311.675354003906,0,0
381.377685546875,-312.118011474609,0,0
381.107482910156,-312.559722900391,0,0
380.835754394531,-313.000579833984,0,0
380.562591552734,-313.440460205078,0,0
380.287872314453,-313.87939453125,0,0
380.011657714844,-314.317443847656,0,0
379.733978271484,-314.754516601562,0,0
379.454803466797,-315.190673828125,0,0
379.174163818359,-315.625854492187,0,0
378.892059326172,-316.060089111328,0,0
378.608489990234,-316.493347167969,0,0
378.323394775391,-316.925689697266,0,0
378.036926269531,-317.356994628906,0,0
377.748901367187,-317.787353515625,0,0
377.45947265625,-318.216766357422,0,0
377.168548583984,-318.645111083984,0,0
376.876190185547,-319.072540283203,0,0
376.582366943359,-319.498931884766,0,0
376.287109375,-319.924346923828,0,0
375.990417480469,-320.348754882813,0,0
375.692230224609,-320.772155761719,0,0
375.392700195312,-321.194549560547,0,0
375.091674804687,-321.615905761719,0,0
374.789245605469,-322.036224365234,0,0
374.4853515625,-322.455505371094,0,0
374.180084228516,-322.873779296875,0,0
373.873413085937,-323.291046142578,0,0
373.565246582031,-323.707183837891,0,0
373.255706787109,-324.122344970703,0,0
372.944763183594,-324.536437988281,0,0
372.632446289062,-324.949462890625,0,0
372.318695068359,-325.361389160156,0,0
372.003540039062,-325.772308349609,0,0
371.68701171875,-326.182159423828,0,0
371.369049072266,-326.590881347656,0,0
371.049743652344,-326.99853515625,0,0
370.729034423828,-327.405120849609,0,0
370.406951904297,-327.810577392578,0,0
370.083526611328,-328.214965820312,0,0
369.758697509766,-328.618255615234,0,0
369.432495117187,-329.020446777344,0,0
369.104949951172,-329.421508789062,0,0
368.776031494141,-329.821441650391,0,0
368.445770263672,-330.220306396484,0,0
368.114135742187,-330.618011474609,0,0
367.781158447266,-331.014587402344,0,0
367.446838378906,-331.410034179687,0,0
367.111145019531,-331.804321289062,0,0
366.774169921875,-332.197540283203,0,0
366.435852050781,-332.589569091797,0,0
366.096160888672,-332.980407714844,0,0
365.755218505859,-333.3701171875,0,0
365.412872314453,-333.758666992187,0,0
365.069274902344,-334.146057128906,0,0
364.724304199219,-334.532257080078,0,0
364.378051757812,-334.917358398437,0,0
364.030517578125,-335.301208496094,0,0
363.681671142578,-335.683868408203,0,0
363.331512451172,-336.065399169922,0,0
362.980041503906,-336.445678710938,0,0
362.627319335937,-336.824798583984,0,0
362.273284912109,-337.202697753906,0,0
361.91796875,-337.579406738281,0,0
361.561370849609,-337.954925537109,0,0
361.203552246094,-338.329193115234,0,0
360.844421386719,-338.702239990234,0,0
360.484039306641,-339.074096679687,0,0
360.122375488281,-339.444702148438,0,0
359.759429931641,-339.814117431641,0,0
359.395263671875,-340.182250976562,0,0
359.029876708984,-340.549163818359,0,0
358.663238525391,-340.914825439453,0,0
358.295318603516,-341.279266357422,0,0
357.926208496094,-341.642425537109,0,0
357.555847167969,-342.004333496094,0,0
357.184234619141,-342.364990234375,0,0
356.811431884766,-342.724395751953,0,0
356.437408447266,-343.082489013672,0,0
356.062164306641,-343.439361572266,0,0
355.685699462891,-343.794921875,0,0
355.308044433594,-344.149200439453,0,0
354.929168701172,-344.502197265625,0,0
354.549133300781,-344.853942871094,0,0
354.167907714844,-345.204376220703,0,0
353.785430908203,-345.553466796875,0,0
353.401824951172,-345.901336669922,0,0
353.017028808594,-346.247833251953,0,0
352.631011962891,-346.593048095703,0,0
352.243927001953,-346.936950683594,0,0
351.855621337891,-347.279541015625,0,0
351.466125488281,-347.620788574219,0,0
351.075469970703,-347.960754394531,0,0
350.683715820312,-348.299346923828,0,0
350.290771484375,-348.636627197266,0,0
349.896697998047,-348.972534179688,0,0
349.501495361328,-349.307189941406,0,0
349.105133056641,-349.640411376953,0,0
348.707672119141,-349.972320556641,0,0
348.30908203125,-350.302886962891,0,0
347.909362792969,-350.632080078125,0,0
347.508514404297,-350.959930419922,0,0
347.106567382813,-351.286407470703,0,0
346.703491210937,-351.611511230469,0,0
346.299346923828,-351.935241699219,0,0
345.894104003906,-352.257598876953,0,0
345.487731933594,-352.57861328125,0,0
345.080291748047,-352.898193359375,0,0
344.671813964844,-353.216430664063,0,0
344.26220703125,-353.533264160156,0,0
343.851531982422,-353.848693847656,0,0
343.439758300781,-354.162719726562,0,0
343.027008056641,-354.475341796875,0,0
342.613098144531,-354.78662109375,0,0
342.198181152344,-355.096435546875,0,0
341.7822265625,-355.404846191406,0,0
341.365203857422,-355.711853027344,0,0
340.947174072266,-356.017425537109,0,0
340.528076171875,-356.321563720703,0,0
340.107971191406,-356.624328613281,0,0
339.686828613281,-356.925628662109,0,0
339.2646484375,-357.225494384766,0,0
338.841491699219,-357.523956298828,0,0
338.417266845703,-357.820953369141,0,0
337.992095947266,-358.116516113281,0,0
337.565856933594,-358.410614013672,0,0
337.138702392578,-358.703247070313,0,0
336.710479736328,-358.994476318359,0,0
336.281280517578,-359.284240722656,0,0
335.851135253906,-359.572540283203,0,0
335.420013427734,-359.859375,0,0
334.987884521484,-360.144744873047,0,0
334.554809570312,-360.428649902344,0,0
334.120819091797,-360.711059570312,0,0
333.685821533203,-360.992034912109,0,0
333.249877929688,-361.271453857422,0,0
332.81298828125,-361.549438476563,0,0
332.375152587891,-361.825958251953,0,0
331.936370849609,-362.100952148438,0,0
331.496673583984,-362.37451171875,0,0
331.056030273437,-362.646514892578,0,0
330.614501953125,-362.917053222656,0,0
330.172027587891,-363.186065673828,0,0
329.728668212891,-363.45361328125,0,0
329.284393310547,-363.719604492187,0,0
328.839202880859,-363.984130859375,0,0
328.393096923828,-364.247100830078,0,0
327.946166992187,-364.508575439453,0,0
327.498321533203,-364.7685546875,0,0
327.049560546875,-365.026977539062,0,0
326.599945068359,-365.283874511719,0,0
326.149475097656,-365.539245605469,0,0
325.698150634766,-365.793121337891,0,0
325.245941162109,-366.045379638672,0,0
324.792907714844,-366.296203613281,0,0
324.338958740234,-366.54541015625,0,0
323.884216308594,-366.793151855469,0,0
323.428619384766,-367.039276123047,0,0
322.972198486328,-367.283843994141,0,0
322.514953613281,-367.526916503906,0,0
322.056884765625,-367.768371582031,0,0
321.597961425781,-368.008331298828,0,0
321.138305664063,-368.246673583984,0,0
320.677764892578,-368.483489990234,0,0
320.216430664063,-368.71875,0,0
319.754333496094,-368.952392578125,0,0
319.291412353516,-369.184509277344,0,0
318.827758789062,-369.415008544922,0,0
318.36328125,-369.643981933594,0,0
317.898040771484,-369.871398925781,0,0
317.432037353516,-370.09716796875,0,0
316.965270996094,-370.321380615234,0,0
316.497711181641,-370.544006347656,0,0
316.029449462891,-370.765045166016,0,0
315.560424804687,-370.984497070312,0,0
315.090606689453,-371.202362060547,0,0
314.620086669922,-371.418579101562,0,0
314.148864746094,-371.633239746094,0,0
313.676879882812,-371.846282958984,0,0
313.204193115234,-372.057708740234,0,0
312.730804443359,-372.267608642578,0,0
312.256683349609,-372.475830078125,0,0
311.781829833984,-372.682434082031,0,0
311.306304931641,-372.887420654297,0,0
310.830108642578,-373.090789794922,0,0
310.353210449219,-373.292602539063,0,0
309.875610351562,-373.492736816406,0,0
309.397338867188,-373.691284179687,0,0
308.918365478516,-373.888153076172,0,0
308.438781738281,-374.083435058594,0,0
307.958526611328,-374.277069091797,0,0
307.477630615234,-374.469055175781,0,0
306.996063232422,-374.659454345703,0,0
306.513824462891,-374.848175048828,0,0
306.030975341797,-375.035308837891,0,0
305.547515869141,-375.220733642578,0,0
305.063385009766,-375.404571533203,0,0
304.578674316406,-375.586730957031,0,0
304.093322753906,-375.767272949219,0,0
303.607360839844,-375.946136474609,0,0
303.120819091797,-376.123321533203,0,0
302.633636474609,-376.298950195312,0,0
302.145904541016,-376.472839355469,0,0
301.657531738281,-376.645111083984,0,0
301.168609619141,-376.815673828125,0,0
300.679107666016,-376.984588623047,0,0
300.189056396484,-377.15185546875,0,0
299.698394775391,-377.317474365234,0,0
299.207214355469,-377.481384277344,0,0
298.715454101562,-377.643707275391,0,0
298.223175048828,-377.804290771484,0,0
297.730346679687,-377.963195800781,0,0
297.236938476562,-378.120452880859,0,0
296.743011474609,-378.276031494141,0,0
296.248596191406,-378.429901123047,0,0
295.753631591797,-378.582092285156,0,0
295.258148193359,-378.732666015625,0,0
294.76220703125,-378.881530761719,0,0
294.265716552734,-379.028686523437,0,0
293.768737792969,-379.174133300781,0,0
293.271270751953,-379.317932128906,0,0
292.773315429688,-379.459991455078,0,0
292.274871826172,-379.600402832031,0,0
291.775970458984,-379.739105224609,0,0
291.276611328125,-379.876129150391,0,0
290.776763916016,-380.011444091797,0,0
290.276458740234,-380.145080566406,0,0
289.775726318359,-380.276977539062,0,0
289.274505615234,-380.407196044922,0,0
288.772888183594,-380.535705566406,0,0
288.270843505859,-380.662506103516,0,0
287.768341064453,-380.78759765625,0,0
287.265411376953,-380.910980224609,0,0
286.762084960937,-381.032684326172,0,0
286.258361816406,-381.152679443359,0,0
285.754211425781,-381.270935058594,0,0
285.249633789062,-381.387481689453,0,0
284.744689941406,-381.502349853516,0,0
284.239379882812,-381.615447998047,0,0
283.733673095703,-381.726898193359,0,0
283.227569580078,-381.836547851562,0,0
282.721130371094,-381.944519042969,0,0
282.21435546875,-382.05078125,0,0
281.707153320312,-382.155242919922,0,0
281.199615478516,-382.258087158203,0,0
280.691741943359,-382.359161376953,0,0
280.183532714844,-382.45849609375,0,0
279.675018310547,-382.556121826172,0,0
279.166137695312,-382.652038574219,0,0
278.656921386719,-382.746185302734,0,0
278.147399902344,-382.838623046875,0,0
277.637603759766,-382.929321289062,0,0
277.12744140625,-383.018280029297,0,0
276.617004394531,-383.105529785156,0,0
276.106323242188,-383.191040039062,0,0
275.595306396484,-383.274810791016,0,0
275.084014892578,-383.356872558594,0,0
274.572418212891,-383.437133789062,0,0
274.060577392578,-383.515716552734,0,0
273.548492431641,-383.592498779297,0,0
273.0361328125,-383.667602539062,0,0
272.523559570313,-383.740936279297,0,0
272.010681152344,-383.812561035156,0,0
271.49755859375,-383.882385253906,0,0
270.984252929687,-383.950500488281,0,0
270.470672607422,-384.016876220703,0,0
269.956878662109,-384.081512451172,0,0
269.44287109375,-384.144378662109,0,0
268.928680419922,-384.205535888672,0,0
268.414276123047,-384.264892578125,0,0
267.899658203125,-384.322540283203,0,0
267.384857177734,-384.37841796875,0,0
266.869842529297,-384.432586669922,0,0
266.354675292969,-384.484985351562,0,0
265.839324951172,-384.535614013672,0,0
265.323822021484,-384.584503173828,0,0
264.808135986328,-384.631652832031,0,0
264.292297363281,-384.677032470703,0,0
263.776306152344,-384.720672607422,0,0
263.260162353516,-384.762573242187,0,0
262.743927001953,-384.802673339844,0,0
262.227508544922,-384.841033935547,0,0
261.710968017578,-384.877685546875,0,0
261.194274902344,-384.912536621094,0,0
260.677520751953,-384.945617675781,0,0
260.160675048828,-384.977020263672,0,0
259.643646240234,-385.006652832031,0,0
259.126586914063,-385.034454345703,0,0
258.609405517578,-385.060546875,0,0
258.092132568359,-385.084899902344,0,0
257.574829101562,-385.107452392578,0,0
257.057373046875,-385.128234863281,0,0
256.539916992187,-385.147338867187,0,0
256.022369384766,-385.164642333984,0,0
255.504760742187,-385.180145263672,0,0
254.987106323242,-385.193939208984,0,0
254.469421386719,-385.206024169922,0,0
253.951690673828,-385.216247558594,0,0
253.433929443359,-385.224761962891,0,0
252.916152954102,-385.231506347656,0,0
252.398345947266,-385.236511230469,0,0
251.880508422852,-385.23974609375,0,0
251.362686157227,-385.2412109375,0,0
250.844848632812,-385.240905761719,0,0
250.32958984375,-385.238922119141,0,0
249.82958984375,-385.236358642578,0,0
249.329605102539,-385.233764648437,0,0
248.829605102539,-385.231201171875,0,0
248.329620361328,-385.228607177734,0,0
247.829620361328,-385.226043701172,0,0
247.329635620117,-385.223449707031,0,0
246.829635620117,-385.220886230469,0,0
246.329650878906,-385.218292236328,0,0
245.829650878906,-385.215728759766,0,0
245.329650878906,-385.213165283203,0,0
244.829666137695,-385.210571289062,0,0
244.329666137695,-385.2080078125,0,0
243.829681396484,-385.205413818359,0,0
243.329681396484,-385.202850341797,0,0
242.829696655273,-385.200256347656,0,0
242.329696655273,-385.197692871094,0,0
241.829696655273,-385.195098876953,0,0
241.329711914062,-385.192535400391,0,0
240.829711914062,-385.189971923828,0,0
240.329727172852,-385.187377929687,0,0
239.829727172852,-385.184814453125,0,0
239.329742431641,-385.182220458984,0,0
238.829742431641,-385.179656982422,0,0
238.329742431641,-385.177062988281,0,0
237.82975769043,-385.174499511719,0,0
237.32975769043,-385.171905517578,0,0
236.829772949219,-385.169342041016,0,0
236.329772949219,-385.166778564453,0,0
235.829788208008,-385.164184570312,0,0
235.329788208008,-385.16162109375,0,0
234.829803466797,-385.159027099609,0,0
234.329803466797,-385.156463623047,0,0
233.829803466797,-385.153869628906,0,0
233.329818725586,-385.151306152344,0,0
232.829818725586,-385.148712158203,0,0
232.329833984375,-385.146148681641,0,0
231.829833984375,-385.143585205078,0,0
231.329849243164,-385.140991210937,0,0
230.829849243164,-385.138427734375,0,0
230.329849243164,-385.135833740234,0,0
229.829864501953,-385.133270263672,0,0
229.33381652832,-385.130889892578,0,0
228.839080810547,-385.128967285156,0,0
228.344329833984,-385.127502441406,0,0
227.849578857422,-385.126586914062,0,0
227.354827880859,-385.126129150391,0,0
226.860076904297,-385.126190185547,0,0
226.365325927734,-385.126739501953,0,0
225.870590209961,-385.127746582031,0,0
225.375823974609,-385.129302978516,0,0
224.881088256836,-385.131317138672,0,0
224.386352539062,-385.133850097656,0,0
223.891586303711,-385.136871337891,0,0
223.396377563477,-385.140319824219,0,0
222.896392822266,-385.144073486328,0,0
222.396408081055,-385.147827148438,0,0
221.896423339844,-385.151580810547,0,0
221.396438598633,-385.155334472656,0,0
220.896453857422,-385.159088134766,0,0
220.396453857422,-385.162841796875,0,0
219.896469116211,-385.166595458984,0,0
219.396484375,-385.170349121094,0,0
218.896499633789,-385.174102783203,0,0
218.396514892578,-385.177825927734,0,0
217.896530151367,-385.181579589844,0,0
217.396545410156,-385.185333251953,0,0
216.896560668945,-385.189086914062,0,0
216.396575927734,-385.192840576172,0,0
215.896591186523,-385.196594238281,0,0
215.396591186523,-385.200378417969,0,0
214.896606445313,-385.204132080078,0,0
214.396621704102,-385.207885742187,0,0
213.896636962891,-385.211639404297,0,0
213.39665222168,-385.215393066406,0,0
212.896667480469,-385.219146728516,0,0
212.396682739258,-385.222869873047,0,0
211.896697998047,-385.226623535156,0,0
211.396697998047,-385.230377197266,0,0
210.896728515625,-385.234130859375,0,0
210.396728515625,-385.237884521484,0,0
209.896743774414,-385.241638183594,0,0
209.396759033203,-385.245391845703,0,0
208.896774291992,-385.249145507813,0,0
208.396789550781,-385.252899169922,0,0
207.89680480957,-385.256652832031,0,0
207.396820068359,-385.260406494141,0,0
206.896835327148,-385.26416015625,0,0
206.396850585937,-385.267913818359,0,0
205.896865844727,-385.271667480469,0,0
205.396881103516,-385.275421142578,0,0
204.896881103516,-385.279174804687,0,0
204.396896362305,-385.282897949219,0,0
203.896911621094,-385.286651611328,0,0
203.396926879883,-385.290405273438,0,0
202.896942138672,-385.294158935547,0,0
202.396957397461,-385.297912597656,0,0
201.89697265625,-385.301666259766,0,0
201.396987915039,-385.305419921875,0,0
200.897003173828,-385.309173583984,0,0
200.397018432617,-385.312927246094,0,0
199.897033691406,-385.316680908203,0,0
199.397048950195,-385.320434570312,0,0
198.897064208984,-385.324188232422,0,0
198.397064208984,-385.327941894531,0,0
197.897079467773,-385.331695556641,0,0
197.397094726563,-385.33544921875,0,0
196.897109985352,-385.339202880859,0,0
196.397125244141,-385.342926025391,0,0
195.89714050293,-385.3466796875,0,0
195.397155761719,-385.350433349609,0,0
194.897171020508,-385.354187011719,0,0
194.397186279297,-385.357940673828,0,0
193.897201538086,-385.361694335938,0,0
193.397216796875,-385.365417480469,0,0
192.897232055664,-385.369171142578,0,0
192.397247314453,-385.372924804687,0,0
191.897262573242,-385.376678466797,0,0
191.397277832031,-385.380432128906,0,0
190.897277832031,-385.384185791016,0,0
190.39729309082,-385.387939453125,0,0
189.897308349609,-385.391693115234,0,0
189.397323608398,-385.395446777344,0,0
188.897338867188,-385.399200439453,0,0
188.397354125977,-385.402954101562,0,0
187.897369384766,-385.406707763672,0,0
187.397384643555,-385.410461425781,0,0
186.897399902344,-385.414215087891,0,0
186.397415161133,-385.417938232422,0,0
185.897430419922,-385.421691894531,0,0
185.397445678711,-385.425445556641,0,0
184.897445678711,-385.42919921875,0,0
184.3974609375,-385.432952880859,0,0
183.897476196289,-385.436706542969,0,0
183.397491455078,-385.440460205078,0,0
182.897506713867,-385.444213867187,0,0
182.40217590332,-385.448150634766,0,0
181.904098510742,-385.452453613281,0,0
181.404113769531,-385.456817626953,0,0
180.90412902832,-385.461212158203,0,0
180.404159545898,-385.465576171875,0,0
179.904174804688,-385.469940185547,0,0
179.404190063477,-385.474334716797,0,0
178.904205322266,-385.478698730469,0,0
178.404220581055,-385.483093261719,0,0
177.904251098633,-385.487457275391,0,0
177.404266357422,-385.491821289063,0,0
176.904281616211,-385.496215820312,0,0
176.404312133789,-385.500579833984,0,0
175.904327392578,-385.504943847656,0,0
175.404342651367,-385.509338378906,0,0
174.904357910156,-385.513702392578,0,0
174.404388427734,-385.518096923828,0,0
173.904403686523,-385.5224609375,0,0
173.404418945313,-385.526824951172,0,0
172.904434204102,-385.531219482422,0,0
172.40446472168,-385.535583496094,0,0
171.904479980469,-385.539947509766,0,0
171.404495239258,-385.544342041016,0,0
170.904510498047,-385.548706054687,0,0
170.404541015625,-385.553100585937,0,0
169.904556274414,-385.557464599609,0,0
169.404571533203,-385.561828613281,0,0
168.904586791992,-385.566223144531,0,0
168.40461730957,-385.570587158203,0,0
167.904632568359,-385.574951171875,0,0
167.404647827148,-385.579345703125,0,0
166.904663085938,-385.583709716797,0,0
166.404693603516,-385.588104248047,0,0
165.904708862305,-385.592468261719,0,0
165.404724121094,-385.596832275391,0,0
164.904739379883,-385.601226806641,0,0
164.404769897461,-385.605590820313,0,0
163.90478515625,-385.609954833984,0,0
163.404800415039,-385.614349365234,0,0
162.904815673828,-385.618713378906,0,0
162.404846191406,-385.623107910156,0,0
161.904861450195,-385.627471923828,0,0
161.404876708984,-385.6318359375,0,0
160.904891967773,-385.63623046875,0,0
160.400573730469,-385.640625,0,0
159.884185791016,-385.644012451172,0,0
159.367828369141,-385.645812988281,0,0
158.851425170898,-385.646026611328,0,0
158.335052490234,-385.644592285156,0,0
157.818664550781,-385.641571044922,0,0
157.302322387695,-385.636901855469,0,0
156.785949707031,-385.630676269531,0,0
156.269638061523,-385.622802734375,0,0
155.753341674805,-385.613342285156,0,0
155.237091064453,-385.602233886719,0,0
154.720855712891,-385.589569091797,0,0
154.204681396484,-385.575256347656,0,0
153.688522338867,-385.559326171875,0,0
153.172454833984,-385.541778564453,0,0
152.65641784668,-385.522644042969,0,0
152.140441894531,-385.501892089844,0,0
151.624557495117,-385.479522705078,0,0
151.10871887207,-385.45556640625,0,0
150.592971801758,-385.429962158203,0,0
150.07731628418,-385.402801513672,0,0
149.561737060547,-385.373992919922,0,0
149.046234130859,-385.343627929687,0,0
148.530853271484,-385.311584472656,0,0
148.015563964844,-385.277954101563,0,0
147.500381469727,-385.242736816406,0,0
146.985305786133,-385.205871582031,0,0
146.470367431641,-385.167449951172,0,0
145.955551147461,-385.127410888672,0,0
145.440841674805,-385.085723876953,0,0
144.92626953125,-385.042449951172,0,0
144.411834716797,-384.997589111328,0,0
143.897552490234,-384.951110839844,0,0
143.383407592773,-384.903015136719,0,0
142.869415283203,-384.853302001953,0,0
142.355590820313,-384.802032470703,0,0
141.841934204102,-384.749176025391,0,0
141.32844543457,-384.694641113281,0,0
140.81510925293,-384.638549804687,0,0
140.301940917969,-384.580871582031,0,0
139.789001464844,-384.521545410156,0,0
139.27619934082,-384.460693359375,0,0
138.763610839844,-384.398162841797,0,0
138.251235961914,-384.334075927734,0,0
137.739044189453,-384.268371582031,0,0
137.227066040039,-384.201080322266,0,0
136.715301513672,-384.132171630859,0,0
136.203735351563,-384.061676025391,0,0
135.692413330078,-383.989624023437,0,0
135.18132019043,-383.915924072266,0,0
134.670455932617,-383.840637207031,0,0
134.15983581543,-383.763763427734,0,0
133.649429321289,-383.685272216797,0,0
133.139282226563,-383.605255126953,0,0
132.629409790039,-383.523590087891,0,0
132.119766235352,-383.440368652344,0,0
131.610412597656,-383.355560302734,0,0
131.101303100586,-383.269134521484,0,0
130.592483520508,-383.181121826172,0,0
130.083938598633,-383.091491699219,0,0
129.575668334961,-383.000366210937,0,0
129.067672729492,-382.907562255859,0,0
128.559982299805,-382.813201904297,0,0
128.052597045898,-382.71728515625,0,0
127.545486450195,-382.619781494141,0,0
127.038726806641,-382.520629882812,0,0
126.532241821289,-382.419982910156,0,0
126.026084899902,-382.317749023438,0,0
125.52025604248,-382.213897705078,0,0
125.014747619629,-382.108459472656,0,0
124.509567260742,-382.001495361328,0,0
124.004730224609,-381.892913818359,0,0
123.500228881836,-381.782775878906,0,0
122.996078491211,-381.671051025391,0,0
122.49227142334,-381.557769775391,0,0
121.988822937012,-381.44287109375,0,0
121.485748291016,-381.326446533203,0,0
120.983016967773,-381.208465576172,0,0
120.480667114258,-381.0888671875,0,0
119.978698730469,-380.9677734375,0,0
119.477104187012,-380.845062255859,0,0
118.975898742676,-380.720764160156,0,0
118.475082397461,-380.594940185547,0,0
117.974655151367,-380.467529296875,0,0
117.474639892578,-380.338562011719,0,0
116.975021362305,-380.208068847656,0,0
116.475807189941,-380.075988769531,0,0
115.977020263672,-379.942352294922,0,0
115.478652954102,-379.807189941406,0,0
114.980690002441,-379.670471191406,0,0
114.483169555664,-379.532165527344,0,0
113.98609161377,-379.392303466797,0,0
113.489440917969,-379.250915527344,0,0
112.993240356445,-379.107940673828,0,0
112.497482299805,-378.963470458984,0,0
112.002182006836,-378.817413330078,0,0
111.507339477539,-378.669830322266,0,0
111.012962341309,-378.520690917969,0,0
110.519050598145,-378.370025634766,0,0
110.025604248047,-378.217834472656,0,0
109.532646179199,-378.064056396484,0,0
109.040161132813,-377.908752441406,0,0
108.548164367676,-377.751922607422,0,0
108.056663513184,-377.593566894531,0,0
107.56566619873,-377.433685302734,0,0
107.075164794922,-377.272277832031,0,0
106.585159301758,-377.109313964844,0,0
106.095680236816,-376.94482421875,0,0
105.606704711914,-376.77880859375,0,0
105.11824798584,-376.611297607422,0,0
104.630332946777,-376.442230224609,0,0
104.142929077148,-376.271636962891,0,0
103.656074523926,-376.099548339844,0,0
103.169746398926,-375.925903320312,0,0
102.683975219727,-375.750793457031,0,0
102.198745727539,-375.574157714844,0,0
101.714073181152,-375.395965576172,0,0
101.229957580566,-375.21630859375,0,0
100.746406555176,-375.035095214844,0,0
100.26342010498,-374.852416992187,0,0
99.781005859375,-374.668243408203,0,0
99.2991714477539,-374.482513427734,0,0
98.8179092407227,-374.295318603516,0,0
98.3372497558594,-374.106597900391,0,0
97.8571701049805,-373.916412353516,0,0
97.377685546875,-373.724700927734,0,0
96.898811340332,-373.531494140625,0,0
96.420539855957,-373.336822509766,0,0
95.94287109375,-373.140625,0,0
95.4658279418945,-372.942962646484,0,0
94.9894027709961,-372.743804931641,0,0
94.5135879516602,-372.543151855469,0,0
94.0384063720703,-372.341003417969,0,0
93.5638580322266,-372.137390136719,0,0
93.0899505615234,-371.932312011719,0,0
92.61669921875,-371.725738525391,0,0
92.1440734863281,-371.517669677734,0,0
91.6721038818359,-371.308166503906,0,0
91.2007904052734,-371.09716796875,0,0
90.7301483154297,-370.884674072266,0,0
90.2601623535156,-370.670776367187,0,0
89.7908477783203,-370.455383300781,0,0
89.3222045898438,-370.238525390625,0,0
88.8542404174805,-370.020172119141,0,0
88.3869705200195,-369.800445556641,0,0
87.9203796386719,-369.579162597656,0,0
87.4544830322266,-369.356475830078,0,0
86.9892807006836,-369.132354736328,0,0
86.524787902832,-368.906768798828,0,0
86.0609817504883,-368.679718017578,0,0
85.5979080200195,-368.451232910156,0,0
85.1355438232422,-368.221252441406,0,0
84.6739044189453,-367.989898681641,0,0
84.2129745483399,-367.757080078125,0,0
83.7527847290039,-367.522827148438,0,0
83.2933197021484,-367.287170410156,0,0
82.8345947265625,-367.050018310547,0,0
82.3766250610352,-366.811462402344,0,0
81.9193878173828,-366.571533203125,0,0
81.4629058837891,-366.330078125,0,0
81.0071792602539,-366.087280273437,0,0
80.5522155761719,-365.842987060547,0,0
80.098014831543,-365.597381591797,0,0
79.6445846557617,-365.350280761719,0,0
79.1919174194336,-365.101776123047,0,0
78.7400436401367,-364.851837158203,0,0
78.2889404296875,-364.600524902344,0,0
77.8386306762695,-364.347839355469,0,0
77.3891067504883,-364.093658447266,0,0
76.9403762817383,-363.838134765625,0,0
76.4924468994141,-363.581207275391,0,0
76.0453262329102,-363.322906494141,0,0
75.5990142822266,-363.063171386719,0,0
75.1535034179688,-362.802062988281,0,0
74.7088241577148,-362.53955078125,0,0
74.2649612426758,-362.275665283203,0,0
73.8219223022461,-362.010437011719,0,0
73.3797149658203,-361.743774414062,0,0
72.9383316040039,-361.475708007812,0,0
72.4978103637695,-361.206329345703,0,0
72.0581130981445,-360.935546875,0,0
71.6192626953125,-360.663360595703,0,0
71.1812744140625,-360.389892578125,0,0
70.7441329956055,-360.114990234375,0,0
70.3078460693359,-359.838745117188,0,0
69.8724365234375,-359.561126708984,0,0
69.4378967285156,-359.282165527344,0,0
69.0042190551758,-359.001831054687,0,0
68.571418762207,-358.720153808594,0,0
68.1395111083984,-358.437133789062,0,0
67.7084808349609,-358.152801513672,0,0
67.2783355712891,-357.867065429688,0,0
66.8490905761719,-357.580017089844,0,0
66.4207458496094,-357.291625976563,0,0
65.993293762207,-357.001892089844,0,0
65.5667495727539,-356.710876464844,0,0
65.1411209106445,-356.41845703125,0,0
64.7164077758789,-356.124755859375,0,0
64.292610168457,-355.829711914062,0,0
63.8697357177734,-355.533355712891,0,0
63.4477882385254,-355.235656738281,0,0
63.0267753601074,-354.936706542969,0,0
62.6066970825195,-354.636383056641,0,0
62.1875534057617,-354.334777832031,0,0
61.7693519592285,-354.031860351562,0,0
61.3521003723145,-353.727630615234,0,0
60.9357986450195,-353.422058105469,0,0
60.5204544067383,-353.115295410156,0,0
60.1060638427734,-352.807189941406,0,0
59.6926422119141,-352.497741699219,0,0
59.2801895141602,-352.18701171875,0,0
58.8687133789063,-351.875091552734,0,0
58.4582061767578,-351.561798095703,0,0
58.0486717224121,-351.247253417969,0,0
57.64013671875,-350.931457519531,0,0
57.2325744628906,-350.614318847656,0,0
56.8260154724121,-350.295959472656,0,0
56.4204483032227,-349.976348876953,0,0
56.0158729553223,-349.655426025391,0,0
55.6123046875,-349.333251953125,0,0
55.2097473144531,-349.009857177734,0,0
54.8081970214844,-348.685150146484,0,0
54.4076652526856,-348.359252929687,0,0
54.0081558227539,-348.032104492187,0,0
53.6096649169922,-347.703674316406,0,0
53.2122001647949,-347.373992919922,0,0
52.8157691955566,-347.043121337891,0,0
52.4203643798828,-346.710998535156,0,0
52.026008605957,-346.377624511719,0,0
51.6326904296875,-346.043029785156,0,0
51.2404174804688,-345.707183837891,0,0
50.8492012023926,-345.370147705078,0,0
50.4590263366699,-345.031921386719,0,0
50.0699195861816,-344.692443847656,0,0
49.6818656921387,-344.351745605469,0,0
49.2948875427246,-344.009826660156,0,0
48.9089698791504,-343.666748046875,0,0
48.5241279602051,-343.322418212891,0,0
48.1403617858887,-342.976898193359,0,0
47.7576751708984,-342.630218505859,0,0
47.3760681152344,-342.282318115234,0,0
46.9955558776856,-341.933227539062,0,0
46.6161308288574,-341.582977294922,0,0
46.2378044128418,-341.231536865234,0,0
45.8605690002441,-340.878875732422,0,0
45.4844398498535,-340.525085449219,0,0
45.1094169616699,-340.170104980469,0,0
44.7355041503906,-339.81396484375,0,0
44.3627090454102,-339.456665039062,0,0
43.9910278320312,-339.098175048828,0,0
43.6204605102539,-338.738525390625,0,0
43.2510299682617,-338.377716064453,0,0
42.8827133178711,-338.015777587891,0,0
42.5155334472656,-337.652709960937,0,0
42.1494903564453,-337.288482666016,0,0
41.7845878601074,-336.923156738281,0,0
41.4208221435547,-336.556640625,0,0
41.0582008361816,-336.18896484375,0,0
40.6967353820801,-335.820220947266,0,0
40.3364219665527,-335.450317382812,0,0
39.9772605895996,-335.079315185547,0,0
39.6192588806152,-334.707153320312,0,0
39.2624206542969,-334.333892822266,0,0
38.9067535400391,-333.959564208984,0,0
38.55224609375,-333.584045410156,0,0
38.1989212036133,-333.207489013672,0,0
37.8467674255371,-332.829803466797,0,0
37.4957962036133,-332.451019287109,0,0
37.1460113525391,-332.071166992187,0,0
36.7974090576172,-331.690216064453,0,0
36.4499969482422,-331.308166503906,0,0
36.1037864685059,-330.925048828125,0,0
35.7587699890137,-330.540802001953,0,0
35.4149475097656,-330.155517578125,0,0
35.0723342895508,-329.769195556641,0,0
34.7309303283691,-329.381774902344,0,0
34.3907356262207,-328.993286132813,0,0
34.0517578125,-328.603759765625,0,0
33.7139892578125,-328.213165283203,0,0
33.3774452209473,-327.821502685547,0,0
33.0421257019043,-327.428802490234,0,0
32.7080307006836,-327.035034179687,0,0
32.3751754760742,-326.640258789062,0,0
32.0435485839844,-326.244415283203,0,0
31.7131462097168,-325.847595214844,0,0
31.3840026855469,-325.44970703125,0,0
31.0560932159424,-325.05078125,0,0
30.7294292449951,-324.650848388672,0,0
30.404016494751,-324.249938964844,0,0
30.0798606872559,-323.847961425781,0,0
29.7569541931152,-323.444976806641,0,0
29.4353122711182,-323.041015625,0,0
29.1149272918701,-322.636047363281,0,0
28.7958106994629,-322.230072021484,0,0
28.4779586791992,-321.823059082031,0,0
28.1613864898682,-321.415130615234,0,0
27.846076965332,-321.006195068359,0,0
27.5320625305176,-320.596282958984,0,0
27.2193126678467,-320.185394287109,0,0
26.9078559875488,-319.773468017578,0,0
26.597677230835,-319.360626220703,0,0
26.2888031005859,-318.946838378906,0,0
25.9812088012695,-318.532012939453,0,0
25.6749057769775,-318.116333007812,0,0
25.369909286499,-317.699615478516,0,0
25.0662231445312,-317.281982421875,0,0
24.7638282775879,-316.863403320312,0,0
24.4627552032471,-316.443878173828,0,0
24.1629772186279,-316.023406982422,0,0
23.8645210266113,-315.602020263672,0,0
23.5673904418945,-315.1796875,0,0
23.2715663909912,-314.756408691406,0,0
22.9770660400391,-314.332244873047,0,0
22.6838893890381,-313.907165527344,0,0
22.3920383453369,-313.481140136719,0,0
22.1015243530273,-313.054260253906,0,0
21.8123512268066,-312.62646484375,0,0
21.5245018005371,-312.197723388672,0,0
21.2379913330078,-311.768096923828,0,0
20.9528369903564,-311.337615966797,0,0
20.6690196990967,-310.906219482422,0,0
20.3865451812744,-310.473907470703,0,0
20.1054229736328,-310.040802001953,0,0
19.8256587982178,-309.606750488281,0,0
19.5472469329834,-309.171844482422,0,0
19.270191192627,-308.736083984375,0,0
18.9944934844971,-308.299499511719,0,0
18.7201652526855,-307.861968994141,0,0
18.4472064971924,-307.423645019531,0,0
18.1756210327148,-306.984436035156,0,0
17.905403137207,-306.544372558594,0,0
17.6365432739258,-306.103546142578,0,0
17.3690872192383,-305.661804199219,0,0
17.1030006408691,-305.21923828125,0,0
16.8382835388184,-304.77587890625,0,0
16.5749702453613,-304.331665039062,0,0
16.3130283355713,-303.886657714844,0,0
16.0524864196777,-303.440826416016,0,0
15.7933349609375,-302.994201660156,0,0
15.5355834960938,-302.546752929688,0,0
15.2792196273804,-302.098480224609,0,0
15.0242595672607,-301.649444580078,0,0
14.7707004547119,-301.199554443359,0,0
14.5185604095459,-300.748962402344,0,0
14.2678079605103,-300.297546386719,0,0
14.0184707641602,-299.845336914063,0,0
13.7705554962158,-299.392364501953,0,0
13.5240545272827,-298.938629150391,0,0
13.278959274292,-298.484100341797,0,0
13.0352821350098,-298.02880859375,0,0
12.7930383682251,-297.572784423828,0,0
12.5522117614746,-297.115997314453,0,0
12.3128204345703,-296.658477783203,0,0
12.0748472213745,-296.2001953125,0,0
11.8383083343506,-295.741149902344,0,0
11.6032028198242,-295.281402587891,0,0
11.3695335388184,-294.820892333984,0,0
11.1372947692871,-294.359680175781,0,0
10.9065074920654,-293.897735595703,0,0
10.6771717071533,-293.435119628906,0,0
10.4492664337158,-292.971740722656,0,0
10.2228126525879,-292.507629394531,0,0
9.99781036376953,-292.042846679687,0,0
9.77425575256348,-291.577392578125,0,0
9.55215263366699,-291.111206054688,0,0
9.33151245117188,-290.644317626953,0,0
9.11232376098633,-290.1767578125,0,0
8.89460182189941,-289.708526611328,0,0
8.67834377288818,-289.239624023437,0,0
8.46353530883789,-288.769989013672,0,0
8.25020980834961,-288.299743652344,0,0
8.03834819793701,-287.828826904297,0,0
7.82795238494873,-287.357269287109,0,0
7.61903858184814,-286.885040283203,0,0
7.41159057617188,-286.412170410156,0,0
7.20562267303467,-285.938629150391,0,0
7.00112152099609,-285.464416503906,0,0
6.79811763763428,-284.989624023437,0,0
6.59659385681152,-284.514221191406,0,0
6.39655303955078,-284.038146972656,0,0
6.19799137115479,-283.561462402344,0,0
6.00092792510986,-283.084167480469,0,0
5.80534648895264,-282.606231689453,0,0
5.61126041412354,-282.127746582031,0,0
5.41867351531982,-281.648620605469,0,0
5.22758197784424,-281.168884277344,0,0
5.03798770904541,-280.688568115234,0,0
4.84989166259766,-280.207672119141,0,0
4.66329193115234,-279.726196289062,0,0
4.47820472717285,-279.244079589844,0,0
4.29461574554443,-278.761444091797,0,0
4.11253833770752,-278.278228759766,0,0
3.93197441101074,-277.79443359375,0,0
3.75290775299072,-277.310089111328,0,0
3.57536888122559,-276.8251953125,0,0
3.39932823181152,-276.339752197266,0,0
3.22481536865234,-275.853759765625,0,0
3.05181503295898,-275.367218017578,0,0
2.88034439086914,-274.880126953125,0,0
2.7103853225708,-274.392517089844,0,0
2.5419397354126,-273.904388427734,0,0
2.37502384185791,-273.415710449219,0,0
2.20963573455811,-272.926513671875,0,0
2.04577541351318,-272.436828613281,0,0
1.88344478607178,-271.946655273437,0,0
1.72265720367432,-271.455902099609,0,0
1.56338310241699,-270.964691162109,0,0
1.40565395355225,-270.472991943359,0,0
1.24945259094238,-269.980804443359,0,0
1.0947961807251,-269.488159179688,0,0
0.941668510437012,-268.994964599609,0,0
0.790084838867188,-268.501342773438,0,0
0.640029907226563,-268.007263183594,0,0
0.491535186767578,-267.5126953125,0,0
0.344583511352539,-267.017639160156,0,0
0.199163436889648,-266.522125244141,0,0
0.055300712585449,-266.026214599609,0,0
-0.087017059326172,-265.529846191406,0,0
-0.227775573730469,-265.032989501953,0,0
-0.366988182067871,-264.535766601562,0,0
-0.504655361175537,-264.038055419922,0,0
-0.640764236450195,-263.539916992187,0,0
-0.775313377380371,-263.041381835937,0,0
-0.908316612243652,-262.542449951172,0,0
-1.03974580764771,-262.043029785156,0,0
-1.16962909698486,-261.543243408203,0,0
-1.29795265197754,-261.043090820313,0,0
-1.42470073699951,-260.54248046875,0,0
-1.54990386962891,-260.04150390625,0,0
-1.6735315322876,-259.540130615234,0,0
-1.79559898376465,-259.038391113281,0,0
-1.91610622406006,-258.536254882812,0,0
-2.03503704071045,-258.033752441406,0,0
-2.15239334106445,-257.530883789062,0,0
-2.2681884765625,-257.027679443359,0,0
-2.38240909576416,-256.524078369141,0,0
-2.49506759643555,-256.020111083984,0,0
-2.60613584518433,-255.515838623047,0,0
-2.71564388275146,-255.011199951172,0,0
-2.82357501983643,-254.506210327148,0,0
-2.92993116378784,-254.000900268555,0,0
-3.03469562530518,-253.495269775391,0,0
-3.13789939880371,-252.989303588867,0,0
-3.23951244354248,-252.483001708984,0,0
-3.33954906463623,-251.976409912109,0,0
-3.43799495697021,-251.469482421875,0,0
-3.53487873077393,-250.962280273438,0,0
-3.63015651702881,-250.454772949219,0,0
-3.72385835647583,-249.946960449219,0,0
-3.81598424911499,-249.438842773437,0,0
-3.90651845932007,-248.930465698242,0,0
-3.99546146392822,-248.421813964844,0,0
-4.08282661437988,-247.912857055664,0,0
-4.16858673095703,-247.40364074707,0,0
-4.25276947021484,-246.894195556641,0,0
-4.33536148071289,-246.38444519043,0,0
-4.4163613319397,-245.874450683594,0,0
-4.49576997756958,-245.364212036133,0,0
-4.57358741760254,-244.853729248047,0,0
-4.64979648590088,-244.343002319336,0,0
-4.72443008422852,-243.83203125,0,0
-4.79745578765869,-243.320846557617,0,0
-4.8688907623291,-242.809432983398,0,0
-4.93873405456543,-242.297790527344,0,0
-5.0069842338562,-241.785934448242,0,0
-5.07362842559814,-241.273864746094,0,0
-5.13866567611694,-240.761581420898,0,0
-5.20212554931641,-240.249114990234,0,0
-5.26396369934082,-239.736450195312,0,0
-5.32420921325684,-239.223602294922,0,0
-5.38286352157593,-238.710571289062,0,0
-5.4399094581604,-238.197341918945,0,0
-5.49534940719605,-237.683944702148,0,0
-5.54919672012329,-237.170379638672,0,0
-5.60143756866455,-236.656646728516,0,0
-5.65207004547119,-236.14274597168,0,0
-5.70109558105469,-235.628692626953,0,0
-5.74852991104126,-235.114486694336,0,0
-5.79435634613037,-234.600143432617,0,0
-5.83857488632202,-234.085662841797,0,0
-5.88118648529053,-233.571044921875,0,0
-5.92219161987305,-233.056274414063,0,0
-5.96158790588379,-232.541412353516,0,0
-5.99937725067139,-232.026412963867,0,0
-6.035560131073,-231.511291503906,0,0
-6.07013463973999,-230.996063232422,0,0
-6.10310220718384,-230.480743408203,0,0
-6.13446235656738,-229.965301513672,0,0
-6.16421508789063,-229.449798583984,0,0
-6.19235992431641,-228.934173583984,0,0
-6.21889686584473,-228.418472290039,0,0
-6.243812084198,-227.902679443359,0,0
-6.26713514328003,-227.386810302734,0,0
-6.2888355255127,-226.870910644531,0,0
-6.30892753601074,-226.354904174805,0,0
-6.32741212844849,-225.838851928711,0,0
-6.34428977966309,-225.32275390625,0,0
-6.35954475402832,-224.806594848633,0,0
-6.37320709228516,-224.290405273437,0,0
-6.38524723052979,-223.774139404297,0,0
-6.39566373825073,-223.257873535156,0,0
-6.4044885635376,-222.741561889648,0,0
-6.4116907119751,-222.225234985352,0,0
-6.4173002243042,-221.708892822266,0,0
-6.42127180099487,-221.192520141602,0,0
-6.42365169525147,-220.676147460937,0,0
-6.42440795898438,-220.159744262695,0,0
-6.42355728149414,-219.64338684082,0,0
-6.42162561416626,-219.139617919922,0,0
-6.41966342926025,-218.639617919922,0,0
-6.41770124435425,-218.139617919922,0,0
-6.41573905944824,-217.639617919922,0,0
-6.41377639770508,-217.139633178711,0,0
-6.41181421279907,-216.639633178711,0,0
-6.40985202789307,-216.139633178711,0,0
-6.40788984298706,-215.6396484375,0,0
-6.40592765808106,-215.1396484375,0,0
-6.40396499633789,-214.6396484375,0,0
-6.40200281143189,-214.1396484375,0,0
-6.40004062652588,-213.6396484375,0,0
-6.39807844161987,-213.139663696289,0,0
-6.39611625671387,-212.639663696289,0,0
-6.3941535949707,-212.139663696289,0,0
-6.3921914100647,-211.639663696289,0,0
-6.39022922515869,-211.139678955078,0,0
-6.38826704025269,-210.639678955078,0,0
-6.38630485534668,-210.139678955078,0,0
-6.38434219360352,-209.639678955078,0,0
-6.38238000869751,-209.139694213867,0,0
-6.3804178237915,-208.639694213867,0,0
-6.3784556388855,-208.139694213867,0,0
-6.37649345397949,-207.639709472656,0,0
-6.37453079223633,-207.139709472656,0,0
-6.37256860733032,-206.639709472656,0,0
-6.37060642242432,-206.139709472656,0,0
-6.36864423751831,-205.639709472656,0,0
-6.36668205261231,-205.139724731445,0,0
-6.36471939086914,-204.639724731445,0,0
-6.36275720596314,-204.139724731445,0,0
-6.36079502105713,-203.639739990234,0,0
-6.35883283615112,-203.139739990234,0,0
-6.35687065124512,-202.639739990234,0,0
-6.35490798950195,-202.139739990234,0,0
-6.35294580459595,-201.639739990234,0,0
-6.35098361968994,-201.139755249023,0,0
-6.34902143478394,-200.639755249023,0,0
-6.34705924987793,-200.139755249023,0,0
-6.34509658813477,-199.639770507813,0,0
-6.34313440322876,-199.139770507813,0,0
-6.34117221832275,-198.639770507813,0,0
-6.33921003341675,-198.139770507813,0,0
-6.33724784851074,-197.639770507812,0,0
-6.33528518676758,-197.139785766602,0,0
-6.33332300186157,-196.639785766602,0,0
-6.33136081695557,-196.139785766602,0,0
-6.32939863204956,-195.639801025391,0,0
-6.32743644714356,-195.139801025391,0,0
-6.32547378540039,-194.639801025391,0,0
-6.32351160049439,-194.139801025391,0,0
-6.32154941558838,-193.639801025391,0,0
-6.31958723068237,-193.13981628418,0,0
-6.31762504577637,-192.63981628418,0,0
-6.3156623840332,-192.13981628418,0,0
-6.31370067596436,-191.639831542969,0,0
-6.31173801422119,-191.139831542969,0,0
-6.30977582931519,-190.639831542969,0,0
-6.30781364440918,-190.139831542969,0,0
-6.30585098266602,-189.639846801758,0,0
-6.30388927459717,-189.139846801758,0,0
-6.301926612854,-188.639846801758,0,0
-6.299964427948,-188.139846801758,0,0
-6.29800224304199,-187.639862060547,0,0
-6.29603958129883,-187.139862060547,0,0
-6.29407787322998,-186.639862060547,0,0
-6.29211521148682,-186.139862060547,0,0
-6.29015302658081,-185.639877319336,0,0
-6.28819084167481,-185.139877319336,0,0
-6.28622817993164,-184.639877319336,0,0
-6.28426647186279,-184.139877319336,0,0
-6.28230381011963,-183.639892578125,0,0
-6.28034162521362,-183.139877319336,0,0
-6.27837944030762,-182.639877319336,0,0
-6.27641725540161,-182.139877319336,0,0
-6.27445507049561,-181.639892578125,0,0
-6.27249240875244,-181.139892578125,0,0
-6.27053022384644,-180.639892578125,0,0
-6.26856803894043,-180.139892578125,0,0
-6.26660537719727,-179.639892578125,0,0
-6.26464366912842,-179.139892578125,0,0
-6.26268100738525,-178.639892578125,0,0
-6.26071882247925,-178.139907836914,0,0
-6.25875663757324,-177.639907836914,0,0
-6.25679445266724,-177.139907836914,0,0
-6.25483226776123,-176.639907836914,0,0
-6.25286960601807,-176.139923095703,0,0
-6.25090742111206,-175.639923095703,0,0
-6.24894523620606,-175.139923095703,0,0
-6.24698305130005,-174.639923095703,0,0
-6.24502086639404,-174.139938354492,0,0
-6.24305820465088,-173.639938354492,0,0
-6.24109601974487,-173.139938354492,0,0
-6.23913383483887,-172.639938354492,0,0
-6.23717164993286,-172.139953613281,0,0
-6.23520946502686,-171.639953613281,0,0
-6.23324680328369,-171.139953613281,0,0
-6.23128461837769,-170.639953613281,0,0
-6.22932243347168,-170.13996887207,0,0
-6.22736024856567,-169.63996887207,0,0
-6.22539806365967,-169.13996887207,0,0
-6.2234354019165,-168.63996887207,0,0
-6.2214732170105,-168.139984130859,0,0
-6.21951103210449,-167.639984130859,0,0
-6.21754884719849,-167.139984130859,0,0
-6.21558666229248,-166.639984130859,0,0
-6.21362400054932,-166.139999389648,0,0
-6.21166181564331,-165.639999389648,0,0
-6.20969963073731,-165.139999389648,0,0
-6.2077374458313,-164.640014648438,0,0
-6.20577526092529,-164.140014648438,0,0
-6.20381259918213,-163.640029907227,0,0
-6.20185041427612,-163.140029907227,0,0
-6.19988822937012,-162.640029907227,0,0
-6.19792604446411,-162.140029907227,0,0
-6.19596385955811,-161.640045166016,0,0
-6.19400119781494,-161.140060424805,0,0
-6.19203901290894,-160.640060424805,0,0
-6.19007682800293,-160.140060424805,0,0
-6.18811464309692,-159.640075683594,0,0
-6.18615245819092,-159.140075683594,0,0
-6.18418979644775,-158.640075683594,0,0
-6.18222761154175,-158.140075683594,0,0
-6.18026542663574,-157.640075683594,0,0
-6.17830324172974,-157.140090942383,0,0
-6.17634105682373,-156.640090942383,0,0
-6.17437839508057,-156.140090942383,0,0
-6.17241621017456,-155.640106201172,0,0
-6.17045402526856,-155.140106201172,0,0
-6.16849184036255,-154.640106201172,0,0
-6.16652965545654,-154.140106201172,0,0
-6.16456699371338,-153.640106201172,0,0
-6.16260480880737,-153.140121459961,0,0
-6.16064262390137,-152.640121459961,0,0
-6.15868043899536,-152.140121459961,0,0
-6.15671825408936,-151.64013671875,0,0
-6.15475559234619,-151.14013671875,0,0
-6.15279340744019,-150.64013671875,0,0
-6.15083122253418,-150.14013671875,0,0
-6.14886903762817,-149.640151977539,0,0
-6.14690685272217,-149.140151977539,0,0
-6.144944190979,-148.640151977539,0,0
-6.142982006073,-148.140167236328,0,0
-6.14101982116699,-147.640167236328,0,0
-6.13905763626099,-147.140167236328,0,0
-6.13709545135498,-146.640167236328,0,0
-6.13513278961182,-146.140167236328,0,0
-6.13317060470581,-145.640182495117,0,0
-6.13120841979981,-145.140182495117,0,0
-6.1292462348938,-144.640182495117,0,0
-6.12728404998779,-144.140197753906,0,0
-6.12532138824463,-143.640197753906,0,0
-6.12335920333862,-143.140197753906,0,0
-6.12139701843262,-142.640197753906,0,0
-6.11943483352661,-142.140197753906,0,0
-6.11747264862061,-141.640213012695,0,0
-6.11550998687744,-141.140213012695,0,0
-6.11354780197144,-140.640213012695,0,0
-6.11158561706543,-140.140228271484,0,0
-6.10962343215942,-139.640228271484,0,0
-6.10766124725342,-139.140228271484,0,0
-6.10569858551025,-138.640228271484,0,0
-6.10373640060425,-138.140228271484,0,0
-6.10177421569824,-137.640243530273,0,0
-6.09981203079224,-137.140243530273,0,0
-6.09784984588623,-136.640243530273,0,0
-6.09588718414307,-136.140258789063,0,0
-6.09392499923706,-135.640258789063,0,0
-6.09196281433106,-135.140258789063,0,0
-6.09000062942505,-134.640258789063,0,0
-6.08803844451904,-134.140258789063,0,0
-6.08607578277588,-133.640274047852,0,0
-6.08411359786987,-133.140274047852,0,0
-6.08215141296387,-132.640274047852,0,0
-6.08018922805786,-132.140289306641,0,0
-6.07822704315186,-131.640289306641,0,0
-6.07626438140869,-131.140289306641,0,0
-6.07430219650269,-130.640289306641,0,0
-6.07234001159668,-130.140289306641,0,0
-6.07037782669067,-129.64030456543,0,0
-6.06841564178467,-129.14030456543,0,0
-6.0664529800415,-128.64030456543,0,0
-6.06449127197266,-128.140319824219,0,0
-6.06252861022949,-127.640312194824,0,0
-6.06056642532349,-127.140312194824,0,0
-6.05860424041748,-126.640312194824,0,0
-6.05664157867432,-126.140319824219,0,0
-6.05467987060547,-125.640327453613,0,0
-6.05271720886231,-125.140327453613,0,0
-6.0507550239563,-124.640327453613,0,0
-6.04879283905029,-124.140335083008,0,0
-6.04683017730713,-123.640342712402,0,0
-6.04486846923828,-123.140342712402,0,0
-6.04290580749512,-122.640342712402,0,0
-6.04094362258911,-122.140350341797,0,0
-6.03898143768311,-121.640357971191,0,0
-6.03701877593994,-121.140357971191,0,0
-6.03505706787109,-120.640357971191,0,0
-6.03309440612793,-120.140365600586,0,0
-6.03113222122192,-119.64037322998,0,0
-6.02917003631592,-119.14037322998,0,0
-6.02720737457275,-118.64037322998,0,0
-6.02524566650391,-118.140380859375,0,0
-6.02328300476074,-117.64038848877,0,0
-6.02132081985474,-117.14038848877,0,0
-6.01935863494873,-116.64038848877,0,0
-6.01739597320557,-116.140396118164,0,0
-6.01543426513672,-115.640403747559,0,0
-6.01347160339356,-115.140403747559,0,0
-6.01150941848755,-114.640403747559,0,0
-6.00954723358154,-114.140411376953,0,0
-6.00758457183838,-113.640419006348,0,0
-6.00562286376953,-113.140419006348,0,0
-6.00366020202637,-112.640426635742,0,0
-6.00169801712036,-112.140426635742,0,0
-5.99973583221436,-111.640434265137,0,0
-5.99777317047119,-111.140434265137,0,0
-5.99581146240234,-110.640441894531,0,0
-5.99384880065918,-110.140441894531,0,0
-5.99188661575317,-109.640449523926,0,0
-5.98992443084717,-109.140449523926,0,0
-5.987961769104,-108.64045715332,0,0
-5.98600006103516,-108.14045715332,0,0
-5.98403739929199,-107.640464782715,0,0
-5.98207521438599,-107.140464782715,0,0
-5.98011302947998,-106.640472412109,0,0
-5.97815036773682,-106.140472412109,0,0
-5.97618865966797,-105.640480041504,0,0
-5.97422599792481,-105.140480041504,0,0
-5.9722638130188,-104.640487670898,0,0
-5.97030162811279,-104.140487670898,0,0
-5.96833896636963,-103.640495300293,0,0
-5.96637725830078,-103.140495300293,0,0
-5.96441459655762,-102.640502929688,0,0
-5.96245241165161,-102.140502929688,0,0
-5.96049022674561,-101.640510559082,0,0
-5.95852756500244,-101.140510559082,0,0
-5.95656585693359,-100.640518188477,0,0
-5.95460319519043,-100.140518188477,0,0
-5.95264101028442,-99.6405258178711,0,0
-5.95067882537842,-99.1405258178711,0,0
-5.94871664047241,-98.6405334472656,0,0
-5.94675445556641,-98.1405334472656,0,0
-5.94479179382324,-97.6405410766602,0,0
-5.94282960891724,-97.1405410766602,0,0
-5.94086742401123,-96.6405410766602,0,0
-5.93890523910522,-96.1405487060547,0,0
-5.93694305419922,-95.6405563354492,0,0
-5.93498039245606,-95.1405563354492,0,0
-5.93301820755005,-94.6405563354492,0,0
-5.93105602264404,-94.1405639648437,0,0
-5.92909383773804,-93.6405715942383,0,0
-5.92713165283203,-93.1405715942383,0,0
-5.92516899108887,-92.6405715942383,0,0
-5.92320680618286,-92.1405792236328,0,0
-5.92124462127686,-91.6405868530273,0,0
-5.91928243637085,-91.1405868530273,0,0
-5.91732025146484,-90.6405868530274,0,0
-5.91535758972168,-90.1405944824219,0,0
-5.91339540481567,-89.6406021118164,0,0
-5.91143321990967,-89.1406021118164,0,0
-5.90947103500366,-88.6406021118164,0,0
-5.90750885009766,-88.1406097412109,0,0
-5.90554618835449,-87.6406173706055,0,0
-5.90358400344849,-87.1406173706055,0,0
-5.90162181854248,-86.6406173706055,0,0
-5.89965963363647,-86.140625,0,0
-5.89769744873047,-85.6406326293945,0,0
-5.89573478698731,-85.1406326293945,0,0
-5.8937726020813,-84.6406326293945,0,0
-5.89181041717529,-84.1406402587891,0,0
-5.88984823226929,-83.6406478881836,0,0
-5.88788604736328,-83.1406478881836,0,0
-5.88592338562012,-82.6406478881836,0,0
-5.88396120071411,-82.1406555175781,0,0
-5.88199901580811,-81.6406631469727,0,0
-5.8800368309021,-81.1406631469727,0,0
-5.87807464599609,-80.6406631469727,0,0
-5.87611198425293,-80.1406707763672,0,0
-5.87414979934692,-79.6406784057617,0,0
-5.87218761444092,-79.1406784057617,0,0
-5.87022542953491,-78.6406860351562,0,0
-5.86826324462891,-78.1406860351563,0,0
-5.86630058288574,-77.6406936645508,0,0
-5.86433839797974,-77.1406936645508,0,0
-5.86237621307373,-76.6407012939453,0,0
-5.86041402816772,-76.1407012939453,0,0
-5.85845184326172,-75.6407089233398,0,0
-5.85648918151856,-75.1407089233399,0,0
-5.85452699661255,-74.6407165527344,0,0
-5.85256481170654,-74.1407165527344,0,0
-5.85060262680054,-73.6407241821289,0,0
-5.84864044189453,-73.1407241821289,0,0
-5.84667778015137,-72.6407318115234,0,0
-5.84471559524536,-72.1407318115234,0,0
-5.84275341033936,-71.640739440918,0,0
-5.84079122543335,-71.140739440918,0,0
-5.83882904052734,-70.6407470703125,0,0
-5.83686637878418,-70.1407470703125,0,0
-5.83490419387817,-69.640754699707,0,0
-5.83294200897217,-69.140754699707,0,0
-5.83097982406616,-68.6407623291016,0,0
-5.82901763916016,-68.1407623291016,0,0
-5.82705497741699,-67.6407699584961,0,0
-5.82509279251099,-67.1407699584961,0,0
-5.82313060760498,-66.6407775878906,0,0
-5.82116842269897,-66.1407775878906,0,0
-5.81920623779297,-65.6407852172852,0,0
-5.81724357604981,-65.1407852172852,0,0
-5.8152813911438,-64.6407928466797,0,0
-5.81331920623779,-64.1407928466797,0,0
-5.81135702133179,-63.6408042907715,0,0
-5.80939483642578,-63.1408042907715,0,0
-5.80743217468262,-62.640811920166,0,0
-5.80546998977661,-62.140811920166,0,0
-5.80350780487061,-61.6408195495606,0,0
-5.8015456199646,-61.1408195495605,0,0
-5.79958343505859,-60.6408271789551,0,0
-5.79762077331543,-60.1408271789551,0,0
-5.79565858840942,-59.6408348083496,0,0
-5.79369640350342,-59.1408348083496,0,0
-5.79173421859741,-58.6408424377441,0,0
-5.78977203369141,-58.1408462524414,0,0
-5.78780937194824,-57.6408500671387,0,0
-5.78584718704224,-57.1408538818359,0,0
-5.78388500213623,-56.6408576965332,0,0
-5.78192281723022,-56.1408615112305,0,0
-5.77996063232422,-55.6408653259277,0,0
-5.77799797058106,-55.140869140625,0,0
-5.77603626251221,-54.6408729553223,0,0
-5.77407360076904,-54.1408767700195,0,0
-5.77211141586304,-53.6408805847168,0,0
-5.77014923095703,-53.1408843994141,0,0
-5.76818656921387,-52.6408882141113,0,0
-5.76622486114502,-52.1408920288086,0,0
-5.76426219940186,-51.6408958435059,0,0
-5.76230001449585,-51.1408996582031,0,0
-5.76033782958984,-50.6409034729004,0,0
-5.75837516784668,-50.1409072875977,0,0
-5.75641298294067,-49.6409111022949,0,0
-5.75445079803467,-49.1409149169922,0,0
-5.75248861312866,-48.6409187316895,0,0
-5.75052642822266,-48.1409225463867,0,0
-5.74856376647949,-47.640926361084,0,0
-5.74660205841064,-47.1409339904785,0,0
-5.74463939666748,-46.6409339904785,0,0
-5.74267721176147,-46.1409416198731,0,0
-5.74071502685547,-45.640941619873,0,0
-5.73875236511231,-45.1409492492676,0,0
-5.73679065704346,-44.6409492492676,0,0
-5.73482799530029,-44.1409568786621,0,0
-5.73286581039429,-43.6409568786621,0,0
-5.73090362548828,-43.1409606933594,0,0
-5.72894096374512,-42.6409645080566,0,0
-5.72697925567627,-42.1409683227539,0,0
-5.72501659393311,-41.6409721374512,0,0
-5.7230544090271,-41.1409759521484,0,0
-5.72109222412109,-40.6409797668457,0,0
-5.71912956237793,-40.140983581543,0,0
-5.71716785430908,-39.6409873962402,0,0
-5.71520519256592,-39.1409912109375,0,0
-5.71324300765991,-38.6409950256348,0,0
-5.71128082275391,-38.140998840332,0,0
-5.70931816101074,-37.6410026550293,0,0
-5.70735645294189,-37.1410064697266,0,0
-5.70539379119873,-36.6410102844238,0,0
-5.70343160629272,-36.1410140991211,0,0
-5.70146942138672,-35.6410179138184,0,0
-5.69950675964356,-35.1410217285156,0,0
-5.69754505157471,-34.6410255432129,0,0
-5.69558238983154,-34.1410293579102,0,0
-5.69362020492554,-33.6410369873047,0,0
-5.69165802001953,-33.141040802002,0,0
-5.68969535827637,-32.6410446166992,0,0
-5.68773365020752,-32.1410484313965,0,0
-5.68577098846436,-31.6410522460937,0,0
-5.68380880355835,-31.141056060791,0,0
-5.68184661865234,-30.6410598754883,0,0
-5.67988395690918,-30.1410636901855,0,0
-5.67792224884033,-29.6410675048828,0,0
-5.67595958709717,-29.1410713195801,0,0
-5.67399740219116,-28.6410751342773,0,0
-5.67203521728516,-28.1410789489746,0,0
-5.67007255554199,-27.6410827636719,0,0
-5.66811084747314,-27.1410865783691,0,0
-5.66614818572998,-26.6410903930664,0,0
-5.66418600082397,-26.1410942077637,0,0
-5.66222381591797,-25.6410980224609,0,0
-5.66026115417481,-25.1411018371582,0,0
-5.65829944610596,-24.6411056518555,0,0
-5.65633678436279,-24.1411094665527,0,0
-5.65437459945679,-23.64111328125,0,0
-5.65241241455078,-23.1411170959473,0,0
-5.65044975280762,-22.6411209106445,0,0
-5.64848804473877,-22.1411247253418,0,0
-5.64652538299561,-21.6411285400391,0,0
-5.6445631980896,-21.1411323547363,0,0
-5.64260101318359,-20.6411361694336,0,0
-5.64063882827759,-20.1411399841309,0,0
-5.63867664337158,-19.6411437988281,0,0
-5.63671398162842,-19.1411476135254,0,0
-5.63475179672241,-18.6411514282227,0,0
-5.63278961181641,-18.1411552429199,0,0
-5.6308274269104,-17.6411590576172,0,0
-5.62886524200439,-17.1411628723145,0,0
-5.62690258026123,-16.6411666870117,0,0
-5.62494039535522,-16.141170501709,0,0
-5.62297821044922,-15.6411733627319,0,0
-5.62101602554321,-15.1411771774292,0,0
-5.61905384063721,-14.6411809921265,0,0
-5.61709117889404,-14.1411848068237,0,0
-5.61512899398804,-13.641188621521,0,0
-5.61316680908203,-13.1411924362183,0,0
-5.61120462417603,-12.6411962509155,0,0
-5.60924243927002,-12.1412000656128,0,0
-5.60727977752686,-11.6412038803101,0,0
-5.60531759262085,-11.1412076950073,0,0
-5.60335540771484,-10.6412115097046,0,0
-5.60139322280884,-10.1412153244019,0,0
-5.59943103790283,-9.64121913909912,0,0
-5.59746837615967,-9.14122295379639,0,0
-5.59550619125366,-8.64122676849365,0,0
-5.59354400634766,-8.14123058319092,0,0
-5.59158182144165,-7.64123487472534,0,0
-5.58961963653564,-7.14123868942261,0,0
-5.58765697479248,-6.64124250411987,0,0
-5.58569478988647,-6.14124631881714,0,0
-5.58373260498047,-5.6412501335144,0,0
-5.58177042007446,-5.14125394821167,0,0
-5.57980823516846,-4.64125776290894,0,0
-5.57784557342529,-4.1412615776062,0,0
-5.57588338851929,-3.64126515388489,0,0
-5.57392120361328,-3.14126896858215,0,0
-5.57195901870728,-2.64127278327942,0,0
-5.56999683380127,-2.14127659797668,0,0
-5.56803417205811,-1.64128053188324,0,0
-5.5660719871521,-1.14128434658051,0,0
-5.56410980224609,-0.641288220882416,0,0
-5.56214761734009,-0.141292005777359,0,0
-5.56018543243408,0.358704179525375,0,0
-5.55822277069092,0.858700335025787,0,0
-5.55626058578491,1.35869657993317,0,0
-5.55429840087891,1.8586927652359,0,0
-5.5523362159729,2.35868906974792,0,0
-5.55037403106689,2.85868525505066,0,0
-5.54841136932373,3.35868144035339,0,0
-5.54644918441772,3.85867762565613,0,0
-5.54448699951172,4.35867357254028,0,0
-5.54252481460571,4.8586688041687,0,0
-5.54056262969971,5.35866498947144,0,0
-5.53859996795654,5.85866117477417,0,0
-5.53663778305054,6.3586573600769,0,0
-5.53467559814453,6.85865354537964,0,0
-5.53271341323853,7.35864973068237,0,0
-5.53075122833252,7.85864591598511,0,0
-5.52878856658936,8.358642578125,0,0
-5.52682638168335,8.85863876342773,0,0
-5.52486419677734,9.35863494873047,0,0
-5.52290201187134,9.8586311340332,0,0
-5.52093982696533,10.3586273193359,0,0
-5.51897716522217,10.8586235046387,0,0
-5.51701498031616,11.3586196899414,0,0
-5.51505279541016,11.8586158752441,0,0
-5.51309061050415,12.3586120605469,0,0
-5.51112842559814,12.8586072921753,0,0
-5.50916576385498,13.358603477478,0,0
-5.50720405578613,13.8585996627808,0,0
-5.50524139404297,14.3585958480835,0,0
-5.50327920913696,14.8585920333862,0,0
-5.50131702423096,15.358588218689,0,0
-5.49935436248779,15.8585844039917,0,0
-5.49739265441895,16.3585796356201,0,0
-5.49542999267578,16.8585758209229,0,0
-5.49346780776978,17.3585720062256,0,0
-5.49150562286377,17.8585681915283,0,0
-5.48954296112061,18.3585643768311,0,0
-5.48758125305176,18.8585605621338,0,0
-5.48561859130859,19.3585567474365,0,0
-5.48365640640259,19.8585529327393,0,0
-5.48169422149658,20.358549118042,0,0
-5.4796199798584,20.8620986938477,0,0
-5.47711753845215,21.3644332885742,0,0
-5.47459411621094,21.8644256591797,0,0
-5.47207117080689,22.3644180297852,0,0
-5.46954822540283,22.8644142150879,0,0
-5.46702480316162,23.3644065856934,0,0
-5.46450185775757,23.8643989562988,0,0
-5.46197891235352,24.3643951416016,0,0
-5.45945549011231,24.864387512207,0,0
-5.45693254470825,25.3643798828125,0,0
-5.4544095993042,25.8643760681152,0,0
-5.45188617706299,26.3643684387207,0,0
-5.44936275482178,26.8643608093262,0,0
-5.44683980941772,27.3643569946289,0,0
-5.44431686401367,27.8643493652344,0,0
-5.44179344177246,28.3643417358398,0,0
-5.43927049636841,28.8643379211426,0,0
-5.43674755096436,29.364330291748,0,0
-5.43422412872314,29.8643226623535,0,0
-5.43170118331909,30.3643188476562,0,0
-5.42917823791504,30.8643112182617,0,0
-5.42665481567383,31.3643035888672,0,0
-5.42413187026978,31.8642997741699,0,0
-5.42160892486572,32.3642921447754,0,0
-5.41908550262451,32.8642845153809,0,0
-5.4165620803833,33.3642807006836,0,0
-5.41403913497925,33.8642730712891,0,0
-5.4115161895752,34.3642692565918,0,0
-5.40899276733398,34.8642616271973,0,0
-5.40646982192993,35.3642539978027,0,0
-5.40394687652588,35.8642463684082,0,0
-5.40142345428467,36.3642387390137,0,0
-5.39890050888062,36.8642349243164,0,0
-5.39637756347656,37.3642311096191,0,0
-5.39385414123535,37.8642234802246,0,0
-5.3913311958313,38.3642158508301,0,0
-5.38880825042725,38.8642082214355,0,0
-5.38628482818604,39.364200592041,0,0
-5.38376140594482,39.8641967773437,0,0
-5.38123893737793,40.3641929626465,0,0
-5.37871551513672,40.864185333252,0,0
-5.37619209289551,41.3641777038574,0,0
-5.37366914749146,41.8641700744629,0,0
-5.3711462020874,42.3641624450684,0,0
-5.36862277984619,42.8641586303711,0,0
-5.36609983444214,43.3641548156738,0,0
-5.36357688903809,43.8641471862793,0,0
-5.36105346679688,44.3641395568848,0,0
-5.35853052139282,44.8641319274902,0,0
-5.35600757598877,45.3641242980957,0,0
-5.35348415374756,45.8641204833984,0,0
-5.35096073150635,46.3641166687012,0,0
-5.34843826293945,46.8641090393066,0,0
-5.34591484069824,47.3641014099121,0,0
-5.34339141845703,47.8640937805176,0,0
-5.34086847305298,48.3640861511231,0,0
-5.33834552764893,48.8640823364258,0,0
-5.33582210540772,49.3640785217285,0,0
-5.33329916000366,49.864070892334,0,0
-5.33077621459961,50.3640632629395,0,0
-5.3282527923584,50.8640556335449,0,0
-5.32572984695435,51.3640480041504,0,0
-5.32320690155029,51.8640441894531,0,0
-5.32068347930908,52.3640365600586,0,0
-5.31816005706787,52.8640327453613,0,0
-5.31563758850098,53.3640251159668,0,0
-5.31311416625977,53.8640174865723,0,0
-5.31059074401856,54.3640098571777,0,0
-5.3080677986145,54.8640060424805,0,0
-5.30554485321045,55.3639984130859,0,0
-5.30302143096924,55.8639945983887,0,0
-5.30049848556519,56.3639869689941,0,0
-5.29797554016113,56.8639793395996,0,0
-5.29545211791992,57.3639717102051,0,0
-5.29292917251587,57.8639678955078,0,0
-5.29040622711182,58.3639602661133,0,0
-5.28788280487061,58.863956451416,0,0
-5.28535938262939,59.3639488220215,0,0
-5.2828369140625,59.863941192627,0,0
-5.28031349182129,60.3639335632324,0,0
-5.27779006958008,60.8639297485352,0,0
-5.27526712417603,61.3639221191406,0,0
-5.27274417877197,61.8639183044434,0,0
-5.27022075653076,62.3639106750488,0,0
-5.26769781112671,62.8639030456543,0,0
-5.26517486572266,63.363899230957,0,0
-5.26265144348145,63.8638916015625,0,0
-5.26012849807739,64.363883972168,0,0
-5.25760555267334,64.8638763427734,0,0
-5.25508213043213,65.3638687133789,0,0
-5.25255870819092,65.8638610839844,0,0
-5.25003623962402,66.3638534545899,0,0
-5.24751281738281,66.8638458251953,0,0
-5.2449893951416,67.3638381958008,0,0
-5.24246644973755,67.8638305664063,0,0
-5.2399435043335,68.3638229370117,0,0
-5.23742008209229,68.8638229370117,0,0
-5.23489713668823,69.3638153076172,0,0
-5.23237419128418,69.8638153076172,0,0
-5.22985076904297,70.3638076782227,0,0
-5.22732782363892,70.8638000488281,0,0
-5.22480487823486,71.3637924194336,0,0
-5.22228145599365,71.8637847900391,0,0
-5.2197585105896,72.3637771606445,0,0
-5.21723556518555,72.8637771606445,0,0
-5.21471214294434,73.36376953125,0,0
-5.21218872070313,73.8637619018555,0,0
-5.20966577529907,74.3637542724609,0,0
-5.20714282989502,74.8637466430664,0,0
-5.20461940765381,75.3637390136719,0,0
-5.20209646224976,75.8637390136719,0,0
-5.1995735168457,76.3637313842773,0,0
-5.19705009460449,76.8637237548828,0,0
-5.19452714920044,77.3637161254883,0,0
-5.19200420379639,77.8637084960937,0,0
-5.18948078155518,78.3637084960938,0,0
-5.18695783615112,78.8636932373047,0,0
-5.18443489074707,79.3636932373047,0,0
-5.18191146850586,79.8636856079102,0,0
-5.17938804626465,80.3636779785156,0,0
-5.1768651008606,80.8636703491211,0,0
-5.17434215545654,81.3636627197266,0,0
-5.17181873321533,81.8636627197266,0,0
-5.16929578781128,82.3636474609375,0,0
-5.16677284240723,82.8636474609375,0,0
-5.16424942016602,83.363639831543,0,0
-5.16172647476196,83.8636322021484,0,0
-5.15920352935791,84.3636322021484,0,0
-5.1566801071167,84.8636169433594,0,0
-5.15415716171265,85.3636169433594,0,0
-5.15163421630859,85.8636093139648,0,0
-5.14911079406738,86.3636016845703,0,0
-5.14658737182617,86.8635940551758,0,0
-5.14406442642212,87.3635864257813,0,0
-5.14154148101807,87.8635864257813,0,0
-5.13901805877686,88.3635711669922,0,0
-5.1364951133728,88.8635711669922,0,0
-5.13397216796875,89.3635635375977,0,0
-5.13144874572754,89.8635559082031,0,0
-5.12892580032349,90.3635559082031,0,0
-5.12640285491943,90.8635406494141,0,0
-5.12387943267822,91.3635406494141,0,0
-5.12135648727417,91.8635330200195,0,0
-5.11883354187012,92.363525390625,0,0
-5.11631011962891,92.8635177612305,0,0
-5.1137866973877,93.3635101318359,0,0
-5.11126375198364,93.8635101318359,0,0
-5.10874080657959,94.3634948730469,0,0
-5.10621738433838,94.8634948730469,0,0
-5.10369443893433,95.3634872436524,0,0
-5.10117149353027,95.8634796142578,0,0
-5.09864807128906,96.3634796142578,0,0
-5.09612512588501,96.8634643554688,0,0
-5.09360218048096,97.3634643554687,0,0
-5.09107875823975,97.8634567260742,0,0
-5.08855581283569,98.3634490966797,0,0
-5.08603286743164,98.8634414672852,0,0
-5.08350944519043,99.3634338378906,0,0
-5.08098602294922,99.8634338378906,0,0
-5.07846307754517,100.363418579102,0,0
-5.07594013214111,100.863418579102,0,0
-5.0734167098999,101.363410949707,0,0
-5.07089376449585,101.863403320313,0,0
-5.0683708190918,102.363403320313,0,0
-5.06584739685059,102.863388061523,0,0
-5.06332445144653,103.363388061523,0,0
-5.06080150604248,103.863380432129,0,0
-5.05827808380127,104.363372802734,0,0
-5.05575513839722,104.86336517334,0,0
-5.05323219299316,105.363357543945,0,0
-5.05070877075195,105.863357543945,0,0
-5.04818534851074,106.363342285156,0,0
-5.04566287994385,106.863342285156,0,0
-5.04313945770264,107.363334655762,0,0
-5.04061603546143,107.863327026367,0,0
-5.03809309005737,108.363327026367,0,0
-5.03557014465332,108.863311767578,0,0
-5.03304672241211,109.363311767578,0,0
-5.03052377700806,109.863304138184,0,0
-5.028000831604,110.363296508789,0,0
-5.02547740936279,110.863288879395,0,0
-5.02295446395874,111.36328125,0,0
-5.02043151855469,111.86328125,0,0
-5.01790809631348,112.363273620605,0,0
-5.01538467407227,112.863265991211,0,0
-5.01286220550537,113.363258361816,0,0
-5.01033878326416,113.863250732422,0,0
-5.00781536102295,114.363243103027,0,0
-5.0052924156189,114.863235473633,0,0
-5.00276947021484,115.363235473633,0,0
-5.00024604797363,115.863227844238,0,0
-4.99772310256958,116.363220214844,0,0
-4.99520015716553,116.863212585449,0,0
-4.99267673492432,117.363204956055,0,0
-4.99015378952026,117.863204956055,0,0
-4.98763084411621,118.36319732666,0,0
-4.985107421875,118.863189697266,0,0
-4.98258399963379,119.363182067871,0,0
-4.98006153106689,119.863174438477,0,0
-4.97753810882568,120.363166809082,0,0
-4.97501468658447,120.863159179688,0,0
-4.97249174118042,121.363159179688,0,0
-4.96996879577637,121.863151550293,0,0
-4.96744537353516,122.363143920898,0,0
-4.9649224281311,122.863136291504,0,0
-4.96239948272705,123.363128662109,0,0
-4.95987606048584,123.863128662109,0,0
-4.95735311508179,124.363121032715,0,0
-4.95483016967773,124.86311340332,0,0
-4.95230674743652,125.363105773926,0,0
-4.94978332519531,125.863098144531,0,0
-4.94726085662842,126.363090515137,0,0
-4.94473743438721,126.863082885742,0,0
-4.942214012146,127.363082885742,0,0
-4.93969106674194,127.863075256348,0,0
-4.93716812133789,128.363082885742,0,0
-4.93464469909668,128.863082885742,0,0
-4.93212175369263,129.363067626953,0,0
-4.92959880828857,129.863067626953,0,0
-4.92707538604736,130.363052368164,0,0
-4.92455244064331,130.863052368164,0,0
-4.92202949523926,131.363052368164,0,0
-4.91950607299805,131.863037109375,0,0
-4.91698312759399,132.363037109375,0,0
-4.91446018218994,132.863021850586,0,0
-4.91193675994873,133.363021850586,0,0
-4.90941333770752,133.863006591797,0,0
-4.90689039230347,134.363006591797,0,0
-4.90436744689941,134.863006591797,0,0
-4.9018440246582,135.362991333008,0,0
-4.89932107925415,135.862991333008,0,0
-4.8967981338501,136.362976074219,0,0
-4.89427471160889,136.862976074219,0,0
-4.89175176620483,137.36296081543,0,0
-4.88922882080078,137.86296081543,0,0
-4.88670539855957,138.36296081543,0,0
-4.88418245315552,138.862945556641,0,0
-4.88165950775147,139.362945556641,0,0
-4.87913608551025,139.862930297852,0,0
-4.87661266326904,140.362930297852,0,0
-4.87408971786499,140.862930297852,0,0
-4.87156677246094,141.362915039063,0,0
-4.86904335021973,141.862899780273,0,0
-4.86652040481567,142.362899780273,0,0
-4.86399745941162,142.862899780273,0,0
-4.86147403717041,143.362884521484,0,0
-4.85895109176636,143.862884521484,0,0
-4.85642814636231,144.362869262695,0,0
-4.85390472412109,144.862869262695,0,0
-4.85138177871704,145.362869262695,0,0
-4.84885883331299,145.862854003906,0,0
-4.84633541107178,146.362838745117,0,0
-4.84381198883057,146.862838745117,0,0
-4.84128904342651,147.362838745117,0,0
-4.83876609802246,147.862838745117,0,0
-4.83624267578125,148.362823486328,0,0
-4.8337197303772,148.862808227539,0,0
-4.83119678497314,149.362808227539,0,0
-4.82867336273193,149.862808227539,0,0
-4.82615041732788,150.362808227539,0,0
-4.82362747192383,150.86279296875,0,0
-4.82110404968262,151.362777709961,0,0
-4.81858110427856,151.862777709961,0,0
-4.81605815887451,152.362777709961,0,0
-4.8135347366333,152.862777709961,0,0
-4.81101131439209,153.362762451172,0,0
-4.8084888458252,153.862747192383,0,0
-4.80596542358398,154.362747192383,0,0
-4.80344200134277,154.862747192383,0,0
-4.80091905593872,155.362731933594,0,0
-4.79839611053467,155.862731933594,0,0
-4.79587268829346,156.362716674805,0,0
-4.7933497428894,156.862716674805,0,0
-4.79082679748535,157.362716674805,0,0
-4.78830337524414,157.862701416016,0,0
-4.78578042984009,158.362701416016,0,0
-4.78325748443604,158.862686157227,0,0
-4.78073406219482,159.362686157227,0,0
-4.77821063995361,159.862686157227,0,0
-4.77568817138672,160.362670898438,0,0
-4.77316474914551,160.862655639648,0,0
-4.7706413269043,161.362655639648,0,0
-4.76811838150024,161.862655639648,0,0
-4.76559543609619,162.362640380859,0,0
-4.76307201385498,162.862640380859,0,0
-4.76054906845093,163.36262512207,0,0
-4.75802612304688,163.86262512207,0,0
-4.75550270080566,164.36262512207,0,0
-4.75297975540161,164.862609863281,0,0
-4.75045680999756,165.362609863281,0,0
-4.74793338775635,165.862594604492,0,0
-4.7454104423523,166.362594604492,0,0
-4.74288702011108,166.862594604492,0,0
-4.74036407470703,167.362579345703,0,0
-4.73784065246582,167.862579345703,0,0
-4.73531770706177,168.362564086914,0,0
-4.73279476165772,168.862564086914,0,0
-4.7302713394165,169.362564086914,0,0
-4.72774839401245,169.862548828125,0,0
-4.7252254486084,170.362548828125,0,0
-4.72270202636719,170.862533569336,0,0
-4.72017908096314,171.362533569336,0,0
-4.71765613555908,171.862533569336,0,0
-4.71513271331787,172.362518310547,0,0
-4.71260976791382,172.862503051758,0,0
-4.71008634567261,173.362503051758,0,0
-4.70756340026856,173.862503051758,0,0
-4.70503997802734,174.362487792969,0,0
-4.70251703262329,174.862487792969,0,0
-4.69999408721924,175.36247253418,0,0
-4.69747066497803,175.86247253418,0,0
-4.69494771957397,176.36247253418,0,0
-4.69242477416992,176.862457275391,0,0
-4.68990135192871,177.362457275391,0,0
-4.68737840652466,177.862442016602,0,0
-4.68485546112061,178.362442016602,0,0
-4.68233203887939,178.862442016602,0,0
-4.67980909347534,179.362426757813,0,0
-4.67728567123413,179.862426757813,0,0
-4.67476272583008,180.362411499023,0,0
-4.67223978042603,180.862411499023,0,0
-4.66971635818481,181.362411499023,0,0
-4.66719341278076,181.862396240234,0,0
-4.66466999053955,182.362396240234,0,0
-4.6621470451355,182.862380981445,0,0
-4.65962409973145,183.362380981445,0,0
-4.65710067749023,183.862380981445,0,0
-4.65457773208618,184.362365722656,0,0
-4.65205478668213,184.862350463867,0,0
-4.64953136444092,185.362350463867,0,0
-4.64700841903687,185.862350463867,0,0
-4.64448499679565,186.362335205078,0,0
-4.6419620513916,186.862335205078,0,0
-4.63943910598755,187.362319946289,0,0
-4.63691568374634,187.862319946289,0,0
-4.63439273834229,188.362319946289,0,0
-4.63186931610107,188.8623046875,0,0
-4.62934637069702,189.3623046875,0,0
-4.62682342529297,189.862289428711,0,0
-4.62430000305176,190.362289428711,0,0
-4.62177705764771,190.862289428711,0,0
-4.61925411224365,191.362274169922,0,0
-4.61673069000244,191.862274169922,0,0
-4.61420774459839,192.362258911133,0,0
-4.61168432235718,192.862258911133,0,0
-4.60916137695313,193.362258911133,0,0
-4.60663843154907,193.862243652344,0,0
-4.60411500930786,194.362243652344,0,0
-4.60159206390381,194.862228393555,0,0
-4.5990686416626,195.362228393555,0,0
-4.59654569625855,195.862213134766,0,0
-4.59402275085449,196.362213134766,0,0
-4.59149932861328,196.862197875977,0,0
-4.58897638320923,197.362197875977,0,0
-4.58645343780518,197.862197875977,0,0
-4.58393001556397,198.362182617188,0,0
-4.58140707015991,198.862182617188,0,0
-4.5788836479187,199.362167358398,0,0
-4.57636070251465,199.862167358398,0,0
-4.5738377571106,200.362167358398,0,0
-4.57131433486939,200.862152099609,0,0
-4.56879138946533,201.362152099609,0,0
-4.56626796722412,201.86213684082,0,0
-4.56374502182007,202.36213684082,0,0
-4.56122207641602,202.86213684082,0,0
-4.55869865417481,203.362121582031,0,0
-4.55617570877075,203.862121582031,0,0
-4.5536527633667,204.362106323242,0,0
-4.55112934112549,204.862106323242,0,0
-4.54860639572144,205.362091064453,0,0
-4.54608297348022,205.862091064453,0,0
-4.54356002807617,206.362091064453,0,0
-4.54103708267212,206.862075805664,0,0
-4.53851366043091,207.362075805664,0,0
-4.53599071502686,207.862060546875,0,0
-4.53346729278564,208.362060546875,0,0
-4.53094434738159,208.862045288086,0,0
-4.52842140197754,209.362045288086,0,0
-4.52589797973633,209.862045288086,0,0
-4.52337503433228,210.362030029297,0,0
-4.52085208892822,210.862030029297,0,0
-4.51832866668701,211.362014770508,0,0
-4.51580572128296,211.862014770508,0,0
-4.51328277587891,212.362014770508,0,0
-4.5107593536377,212.861999511719,0,0
-4.50823640823364,213.361999511719,0,0
-4.50571298599243,213.86198425293,0,0
-4.50319004058838,214.36198425293,0,0
-4.50066661834717,214.86198425293,0,0
-4.49814367294312,215.361968994141,0,0
-4.49562072753906,215.861968994141,0,0
-4.49309730529785,216.361953735352,0,0
-4.4905743598938,216.861953735352,0,0
-4.48805141448975,217.361938476562,0,0
-4.48552799224854,217.861938476562,0,0
-4.48300504684448,218.361938476562,0,0
-4.48048210144043,218.861923217773,0,0
-4.47795867919922,219.361923217773,0,0
-4.47543573379517,219.861907958984,0,0
-4.47334957122803,220.351333618164,0,0
-4.47248792648315,220.838150024414,0,0
-4.47284412384033,221.324951171875,0,0
-4.47443342208862,221.811737060547,0,0
-4.47724199295044,222.298538208008,0,0
-4.48126792907715,222.78532409668,0,0
-4.48652696609497,223.272079467773,0,0
-4.493004322052,223.758865356445,0,0
-4.50071430206299,224.245590209961,0,0
-4.50962781906128,224.732315063477,0,0
-4.51978969573975,225.219009399414,0,0
-4.53115367889404,225.705673217773,0,0
-4.54375171661377,226.192321777344,0,0
-4.55756759643555,226.678924560547,0,0
-4.57261657714844,227.165496826172,0,0
-4.58888483047485,227.65202331543,0,0
-4.606369972229,228.13850402832,0,0
-4.62508869171143,228.624923706055,0,0
-4.6450252532959,229.111343383789,0,0
-4.66618061065674,229.597671508789,0,0
-4.68856811523438,230.083953857422,0,0
-4.71217441558838,230.570190429688,0,0
-4.73699855804443,231.056350708008,0,0
-4.76304149627686,231.542465209961,0,0
-4.79031705856323,232.02848815918,0,0
-4.81881093978882,232.514450073242,0,0
-4.84852313995361,233.000350952148,0,0
-4.8794527053833,233.48616027832,0,0
-4.91161632537842,233.971908569336,0,0
-4.94498157501221,234.457565307617,0,0
-4.97958183288574,234.943115234375,0,0
-5.01539993286133,235.428619384766,0,0
-5.05245018005371,235.914001464844,0,0
-5.0907039642334,236.399291992188,0,0
-5.13019227981567,236.884490966797,0,0
-5.17088222503662,237.369583129883,0,0
-5.212806224823,237.854583740234,0,0
-5.25594806671143,238.339477539062,0,0
-5.30030822753906,238.824249267578,0,0
-5.34587097167969,239.30891418457,0,0
-5.39266681671143,239.79345703125,0,0
-5.44068145751953,240.277877807617,0,0
-5.489914894104,240.762191772461,0,0
-5.54036617279053,241.246368408203,0,0
-5.59201908111572,241.730422973633,0,0
-5.64490747451782,242.214340209961,0,0
-5.69901275634766,242.698120117188,0,0
-5.75432109832764,243.181777954102,0,0
-5.81084823608398,243.665283203125,0,0
-5.86859369277954,244.148635864258,0,0
-5.92755699157715,244.631866455078,0,0
-5.98772382736206,245.114929199219,0,0
-6.04912376403809,245.597839355469,0,0
-6.11172723770142,246.080596923828,0,0
-6.17554759979248,246.563201904297,0,0
-6.24057292938232,247.045639038086,0,0
-6.3068151473999,247.527923583984,0,0
-6.3742618560791,248.010025024414,0,0
-6.44294118881226,248.491958618164,0,0
-6.51280784606934,248.973709106445,0,0
-6.583909034729,249.455291748047,0,0
-6.65619850158691,249.93669128418,0,0
-6.72970485687256,250.417907714844,0,0
-6.80443143844605,250.898941040039,0,0
-6.88036012649536,251.379791259766,0,0
-6.95749235153198,251.860443115234,0,0
-7.03584337234497,252.340896606445,0,0
-7.11539697647095,252.821136474609,0,0
-7.19615364074707,253.301208496094,0,0
-7.27812957763672,253.781036376953,0,0
-7.36129283905029,254.260681152344,0,0
-7.44567537307739,254.740112304688,0,0
-7.53126001358032,255.219345092773,0,0
-7.61804914474487,255.698333740234,0,0
-7.70604085922241,256.177124023437,0,0
-7.79523658752441,256.655670166016,0,0
-7.8856348991394,257.134002685547,0,0
-7.97723770141602,257.612121582031,0,0
-8.07004261016846,258.089996337891,0,0
-8.16403579711914,258.567626953125,0,0
-8.25924873352051,259.045013427734,0,0
-8.35564804077148,259.522216796875,0,0
-8.45325183868408,259.999114990234,0,0
-8.55205917358398,260.475799560547,0,0
-8.65205478668213,260.952209472656,0,0
-8.75325393676758,261.428375244141,0,0
-8.85564136505127,261.904266357422,0,0
-8.95923233032227,262.379913330078,0,0
-9.06402683258057,262.855316162109,0,0
-9.17000961303711,263.330444335937,0,0
-9.27717971801758,263.805297851562,0,0
-9.38555431365967,264.279907226563,0,0
-9.49511814117432,264.754180908203,0,0
-9.60586833953857,265.228210449219,0,0
-9.71780872344971,265.701995849609,0,0
-9.83095169067383,266.175476074219,0,0
-9.94526863098145,266.648651123047,0,0
-10.0607891082764,267.121551513672,0,0
-10.1774978637695,267.594146728516,0,0
-10.2953796386719,268.066467285156,0,0
-10.4144649505615,268.538482666016,0,0
-10.5347242355347,269.010192871094,0,0
-10.6561717987061,269.481597900391,0,0
-10.7788076400757,269.952667236328,0,0
-10.9026327133179,270.423461914062,0,0
-11.0276317596436,270.893951416016,0,0
-11.1538171768188,271.364105224609,0,0
-11.281177520752,271.833953857422,0,0
-11.4097270965576,272.303466796875,0,0
-11.5394639968872,272.772674560547,0,0
-11.6703605651855,273.241546630859,0,0
-11.8024444580078,273.710083007813,0,0
-11.9357175827026,274.178283691406,0,0
-12.0701484680176,274.646148681641,0,0
-12.2057695388794,275.113677978516,0,0
-12.3425636291504,275.580841064453,0,0
-12.4805316925049,276.047698974609,0,0
-12.6196575164795,276.514190673828,0,0
-12.7599716186523,276.980346679687,0,0
-12.9014453887939,277.446105957031,0,0
-13.0441074371338,277.911529541016,0,0
-13.1879281997681,278.376586914062,0,0
-13.3329229354858,278.841339111328,0,0
-13.4790754318237,279.305694580078,0,0
-13.6264019012451,279.769653320312,0,0
-13.7748880386353,280.233215332031,0,0
-13.9245471954346,280.696472167969,0,0
-14.0753650665283,281.159332275391,0,0
-14.2273569107056,281.621795654297,0,0
-14.3804922103882,282.083862304688,0,0
-14.5348014831543,282.545562744141,0,0
-14.6902694702148,283.006866455078,0,0
-14.8468952178955,283.4677734375,0,0
-15.0046815872192,283.928283691406,0,0
-15.1636257171631,284.388397216797,0,0
-15.3237285614014,284.84814453125,0,0
-15.4849758148193,285.307464599609,0,0
-15.6473960876465,285.766387939453,0,0
-15.8109455108643,286.224884033203,0,0
-15.9756689071655,286.682922363281,0,0
-16.1415367126465,287.140655517578,0,0
-16.3085460662842,287.597869873047,0,0
-16.4767169952393,288.054718017578,0,0
-16.6460151672363,288.511108398438,0,0
-16.8164882659912,288.967102050781,0,0
-16.9880886077881,289.422637939453,0,0
-17.1608352661133,289.877807617187,0,0
-17.3347244262695,290.332427978516,0,0
-17.5097713470459,290.786712646484,0,0
-17.6859493255615,291.240509033203,0,0
-17.8632545471191,291.69384765625,0,0
-18.0417194366455,292.146789550781,0,0
-18.2213134765625,292.599243164062,0,0
-18.4020366668701,293.051208496094,0,0
-18.5839195251465,293.502807617187,0,0
-18.7669143676758,293.953887939453,0,0
-18.9510536193848,294.404510498047,0,0
-19.1363220214844,294.854705810547,0,0
-19.3227214813232,295.304382324219,0,0
-19.5102500915527,295.753631591797,0,0
-19.6989059448242,296.202362060547,0,0
-19.8886909484863,296.650634765625,0,0
-20.0796051025391,297.098449707031,0,0
-20.2716484069824,297.545806884766,0,0
-20.4648056030273,297.992584228516,0,0
-20.6590919494629,298.43896484375,0,0
-20.8544921875,298.884826660156,0,0
-21.0510215759277,299.330200195313,0,0
-21.248664855957,299.775085449219,0,0
-21.4474239349365,300.219451904297,0,0
-21.6473121643066,300.663299560547,0,0
-21.8483123779297,301.106689453125,0,0
-22.0504131317139,301.549530029297,0,0
-22.2536430358887,301.991882324219,0,0
-22.457971572876,302.433746337891,0,0
-22.6634159088135,302.875030517578,0,0
-22.8699741363525,303.315856933594,0,0
-23.0776309967041,303.756164550781,0,0
-23.2864017486572,304.195922851562,0,0
-23.4962730407715,304.635162353516,0,0
-23.7072410583496,305.073852539063,0,0
-23.9193267822266,305.512023925781,0,0
-24.1324939727783,305.949645996094,0,0
-24.3467769622803,306.386749267578,0,0
-24.5621604919434,306.823364257813,0,0
-24.7786254882813,307.259368896484,0,0
-24.9961910247803,307.69482421875,0,0
-25.2148571014404,308.129760742188,0,0
-25.434606552124,308.564147949219,0,0
-25.6554546356201,308.997985839844,0,0
-25.8773899078369,309.431243896484,0,0
-26.1004219055176,309.863922119141,0,0
-26.3245391845703,310.296081542969,0,0
-26.5497264862061,310.727630615234,0,0
-26.7760124206543,311.15869140625,0,0
-27.0033836364746,311.589141845703,0,0
-27.2318229675293,312.018951416016,0,0
-27.4613494873047,312.448272705078,0,0
-27.6919574737549,312.877014160156,0,0
-27.9236373901367,313.305145263672,0,0
-28.156400680542,313.732635498047,0,0
-28.3902339935303,314.159606933594,0,0
-28.6251373291016,314.586029052734,0,0
-28.8611221313477,315.011779785156,0,0
-29.098165512085,315.436981201172,0,0
-29.3362770080566,315.861541748047,0,0
-29.5754585266113,316.285552978516,0,0
-29.815710067749,316.708923339844,0,0
-30.057014465332,317.131744384766,0,0
-30.2993907928467,317.553894042969,0,0
-30.5428218841553,317.975433349609,0,0
-30.7873210906982,318.396392822266,0,0
-31.0328598022461,318.816741943359,0,0
-31.2794723510742,319.236450195312,0,0
-31.5271339416504,319.655548095703,0,0
-31.7758388519287,320.074005126953,0,0
-32.0256118774414,320.491882324219,0,0
-32.2764282226562,320.909088134766,0,0
-32.5282783508301,321.325653076172,0,0
-32.7811851501465,321.741607666016,0,0
-33.0351486206055,322.156921386719,0,0
-33.2901382446289,322.571594238281,0,0
-33.5461807250977,322.985626220703,0,0
-33.8032646179199,323.399017333984,0,0
-34.0613708496094,323.811706542969,0,0
-34.3205337524414,324.223785400391,0,0
-34.5807228088379,324.63525390625,0,0
-34.8419342041016,325.046020507812,0,0
-35.1042022705078,325.456115722656,0,0
-35.3674812316895,325.865600585937,0,0
-35.6317977905273,326.2744140625,0,0
-35.8971405029297,326.682525634766,0,0
-36.1635093688965,327.089996337891,0,0
-36.4308853149414,327.496795654297,0,0
-36.6993064880371,327.902893066406,0,0
-36.9687309265137,328.308349609375,0,0
-37.239185333252,328.713134765625,0,0
-37.5106506347656,329.1171875,0,0
-37.7831382751465,329.520568847656,0,0
-38.0566215515137,329.923278808594,0,0
-38.3311309814453,330.325286865234,0,0
-38.6066513061523,330.726623535156,0,0
-38.8831787109375,331.127288818359,0,0
-39.160701751709,331.527221679687,0,0
-39.4392395019531,331.926452636719,0,0
-39.7187843322754,332.324981689453,0,0
-39.999324798584,332.722839355469,0,0
-40.2808609008789,333.119964599609,0,0
-40.5633926391602,333.516387939453,0,0
-40.8469314575195,333.912078857422,0,0
-41.1314544677734,334.307067871094,0,0
-41.4169692993164,334.701324462891,0,0
-41.703483581543,335.094909667969,0,0
-41.9909744262695,335.487731933594,0,0
-42.2794647216797,335.8798828125,0,0
-42.5689315795898,336.271240234375,0,0
-42.8593826293945,336.661895751953,0,0
-43.1508102416992,337.051849365234,0,0
-43.4432220458984,337.440979003906,0,0
-43.7366104125977,337.829437255859,0,0
-44.0309829711914,338.217193603516,0,0
-44.3263244628906,338.604156494141,0,0
-44.6226387023926,338.990386962891,0,0
-44.919921875,339.375885009766,0,0
-45.2181701660156,339.760620117187,0,0
-45.5173835754395,340.144622802734,0,0
-45.8175659179688,340.52783203125,0,0
-46.1187133789062,340.910308837891,0,0
-46.4208068847656,341.292022705078,0,0
-46.7238693237305,341.673004150391,0,0
-47.0278968811035,342.053192138672,0,0
-47.3328590393066,342.4326171875,0,0
-47.6387901306152,342.811248779297,0,0
-47.945671081543,343.189178466797,0,0
-48.2535018920899,343.566284179687,0,0
-48.5622673034668,343.942626953125,0,0
-48.8719825744629,344.318206787109,0,0
-49.1826515197754,344.692993164062,0,0
-49.494255065918,345.066986083984,0,0
-49.8067970275879,345.440185546875,0,0
-50.1202850341797,345.812652587891,0,0
-50.434700012207,346.184265136719,0,0
-50.7500495910645,346.555114746094,0,0
-51.0663299560547,346.925170898437,0,0
-51.3835372924805,347.294464111328,0,0
-51.7016792297363,347.662902832031,0,0
-52.0207405090332,348.030578613281,0,0
-52.3407211303711,348.397399902344,0,0
-52.6616287231445,348.763458251953,0,0
-52.9834671020508,349.128692626953,0,0
-53.3061981201172,349.493133544922,0,0
-53.6298675537109,349.856719970703,0,0
-53.9544410705566,350.219573974609,0,0
-54.2799186706543,350.58154296875,0,0
-54.6063232421875,350.942718505859,0,0
-54.9336128234863,351.303070068359,0,0
-55.2618103027344,351.662567138672,0,0
-55.5909271240234,352.021270751953,0,0
-55.9209403991699,352.379150390625,0,0
-56.2518424987793,352.736175537109,0,0
-56.5836334228516,353.092407226563,0,0
-56.9163360595703,353.44775390625,0,0
-57.249927520752,353.802307128906,0,0
-57.5844078063965,354.156005859375,0,0
-57.9197845458984,354.508850097656,0,0
-58.2560348510742,354.860809326172,0,0
-58.5931739807129,355.211975097656,0,0
-58.9311904907227,355.562347412109,0,0
-59.2700881958008,355.911773681641,0,0
-59.6098747253418,356.260375976562,0,0
-59.9505195617676,356.608123779297,0,0
-60.2920455932617,356.955017089844,0,0
-60.6344451904297,357.301086425781,0,0
-60.977710723877,357.646209716797,0,0
-61.3218460083008,357.990509033203,0,0
-61.6668472290039,358.333953857422,0,0
-62.0127105712891,358.676544189453,0,0
-62.3594207763672,359.018249511719,0,0
-62.7070045471191,359.359069824219,0,0
-63.0554351806641,359.699035644531,0,0
-63.4047317504883,360.038116455078,0,0
-63.7548713684082,360.376312255859,0,0
-64.1058578491211,360.713623046875,0,0
-64.4576950073242,361.050048828125,0,0
-64.8103637695313,361.385620117187,0,0
-65.1638870239258,361.720245361328,0,0
-65.5182495117188,362.054046630859,0,0
-65.8734512329102,362.386932373047,0,0
-66.2294921875,362.718872070312,0,0
-66.5863647460938,363.049987792969,0,0
-66.9440612792969,363.380157470703,0,0
-67.3025817871094,363.709442138672,0,0
-67.6619491577148,364.037841796875,0,0
-68.0221176147461,364.365325927734,0,0
-68.3831329345703,364.691925048828,0,0
-68.7449493408203,365.017547607422,0,0
-69.1075820922852,365.342315673828,0,0
-69.4710540771484,365.666168212891,0,0
-69.835319519043,365.989105224609,0,0
-70.2003936767578,366.311096191406,0,0
-70.5662841796875,366.632202148437,0,0
-70.9329833984375,366.952362060547,0,0
-71.3004760742188,367.271636962891,0,0
-71.6687774658203,367.589935302734,0,0
-72.0378799438477,367.907348632813,0,0
-72.4077682495117,368.223815917969,0,0
-72.7784729003906,368.539337158203,0,0
-73.1499404907227,368.853942871094,0,0
-73.522216796875,369.167602539062,0,0
-73.8952789306641,369.480377197266,0,0
-74.2691192626953,369.792144775391,0,0
-74.6437454223633,370.102996826172,0,0
-75.0191650390625,370.412902832031,0,0
-75.3953399658203,370.721862792969,0,0
-75.7723083496094,371.029876708984,0,0
-76.150032043457,371.336944580078,0,0
-76.5285415649414,371.643096923828,0,0
-76.9078140258789,371.948211669922,0,0
-77.2878570556641,372.252471923828,0,0
-77.6686553955078,372.555725097656,0,0
-78.0502243041992,372.858001708984,0,0
-78.4325485229492,373.159362792969,0,0
-78.8156356811524,373.459716796875,0,0
-79.199462890625,373.759124755859,0,0
-79.5840454101563,374.057586669922,0,0
-79.9693832397461,374.355041503906,0,0
-80.3554611206055,374.651550292969,0,0
-80.7422866821289,374.947113037109,0,0
-81.1298599243164,375.241668701172,0,0
-81.5181655883789,375.535247802734,0,0
-81.9072036743164,375.827850341797,0,0
-82.2969818115234,376.119506835937,0,0
-82.6874923706055,376.410125732422,0,0
-83.0787353515625,376.699798583984,0,0
-83.4706954956055,376.988494873047,0,0
-83.8633880615234,377.276184082031,0,0
-84.2567977905273,377.562896728516,0,0
-84.6509323120117,377.848602294922,0,0
-85.0457763671875,378.133331298828,0,0
-85.4413452148438,378.417053222656,0,0
-85.8376235961914,378.699798583984,0,0
-86.2346038818359,378.981536865234,0,0
-86.6322937011719,379.262298583984,0,0
-87.0307006835938,379.542022705078,0,0
-87.429801940918,379.820770263672,0,0
-87.82958984375,380.098510742187,0,0
-88.2300872802734,380.375213623047,0,0
-88.6312789916992,380.650939941406,0,0
-89.0331726074219,380.925659179687,0,0
-89.4357299804688,381.199371337891,0,0
-89.8389892578125,381.472076416016,0,0
-90.2429351806641,381.743682861328,0,0
-90.6475601196289,382.014373779297,0,0
-91.0528717041016,382.283966064453,0,0
-91.4588470458984,382.552642822266,0,0
-91.8654937744141,382.820190429688,0,0
-92.2728271484375,383.086791992188,0,0
-92.6808242797852,383.352325439453,0,0
-93.0894775390625,383.616851806641,0,0
-93.4988098144531,383.880340576172,0,0
-93.9087829589844,384.142791748047,0,0
-94.3194351196289,384.404235839844,0,0
-94.7307357788086,384.664642333984,0,0
-95.142692565918,384.923980712891,0,0
-95.555290222168,385.182312011719,0,0
-95.9685440063477,385.439636230469,0,0
-96.3824462890625,385.695831298828,0,0
-96.7969818115234,385.951080322266,0,0
-97.2121658325195,386.205230712891,0,0
-97.6279907226563,386.458343505859,0,0
-98.0444412231445,386.710418701172,0,0
-98.4615325927734,386.961456298828,0,0
-98.8792495727539,387.21142578125,0,0
-99.2975921630859,387.460327148437,0,0
-99.716552734375,387.708221435547,0,0
-100.13614654541,387.955017089844,0,0
-100.556358337402,388.200805664062,0,0
-100.977180480957,388.445495605469,0,0
-101.398620605469,388.689147949219,0,0
-101.820671081543,388.931701660156,0,0
-102.24333190918,389.173278808594,0,0
-102.666603088379,389.413696289062,0,0
-103.090469360352,389.653106689453,0,0
-103.514938354492,389.891418457031,0,0
-103.940002441406,390.128692626953,0,0
-104.365661621094,390.364898681641,0,0
-104.791915893555,390.600036621094,0,0
-105.218765258789,390.834075927734,0,0
-105.646194458008,391.067077636719,0,0
-106.074211120605,391.298919677734,0,0
-106.502807617188,391.529754638672,0,0
-106.931983947754,391.759521484375,0,0
-107.361740112305,391.988189697266,0,0
-107.792060852051,392.215789794922,0,0
-108.222953796387,392.442230224609,0,0
-108.654434204102,392.667694091797,0,0
-109.086456298828,392.892028808594,0,0
-109.51904296875,393.115264892578,0,0
-109.952201843262,393.337432861328,0,0
-110.38591003418,393.558471679688,0,0
-110.820182800293,393.778472900391,0,0
-111.254989624023,393.997314453125,0,0
-111.690353393555,394.215118408203,0,0
-112.126266479492,394.431823730469,0,0
-112.562721252441,394.647399902344,0,0
-112.999725341797,394.861938476562,0,0
-113.43724822998,395.075317382812,0,0
-113.87532043457,395.287628173828,0,0
-114.313919067383,395.498840332031,0,0
-114.753059387207,395.708892822266,0,0
-115.19270324707,395.917877197266,0,0
-115.632888793945,396.125762939453,0,0
-116.073593139648,396.332550048828,0,0
-116.514808654785,396.538208007812,0,0
-116.956550598145,396.742797851562,0,0
-117.398796081543,396.946228027344,0,0
-117.84156036377,397.148559570312,0,0
-118.284820556641,397.349761962891,0,0
-118.72859954834,397.549896240234,0,0
-119.172866821289,397.748870849609,0,0
-119.617645263672,397.946746826172,0,0
-120.06290435791,398.143493652344,0,0
-120.508666992188,398.339111328125,0,0
-120.954925537109,398.533630371094,0,0
-121.401664733887,398.72705078125,0,0
-121.848892211914,398.919281005859,0,0
-122.296592712402,399.110443115234,0,0
-122.744773864746,399.300445556641,0,0
-123.193435668945,399.489318847656,0,0
-123.642578125,399.677093505859,0,0
-124.092178344727,399.863708496094,0,0
-124.542259216309,400.049224853516,0,0
-124.992790222168,400.233551025391,0,0
-125.443794250488,400.416839599609,0,0
-125.89525604248,400.598907470703,0,0
-126.34716796875,400.779846191406,0,0
-126.799537658691,400.959686279297,0,0
-127.25235748291,401.138366699219,0,0
-127.705627441406,401.315887451172,0,0
-128.159332275391,401.492340087891,0,0
-128.613494873047,401.667572021484,0,0
-129.068084716797,401.841735839844,0,0
-129.52311706543,402.014678955078,0,0
-129.978576660156,402.1865234375,0,0
-130.434478759766,402.357208251953,0,0
-130.89079284668,402.526794433594,0,0
-131.347534179688,402.695159912109,0,0
-131.804702758789,402.862396240234,0,0
-132.262298583984,403.028503417969,0,0
-132.720306396484,403.193450927734,0,0
-133.178741455078,403.357208251953,0,0
-133.637542724609,403.519897460938,0,0
-134.096786499023,403.681335449219,0,0
-134.556427001953,403.841705322266,0,0
-135.016494750977,404.000854492188,0,0
-135.476913452148,404.158874511719,0,0
-135.937744140625,404.315734863281,0,0
-136.398971557617,404.471435546875,0,0
-136.860595703125,404.626007080078,0,0
-137.322601318359,404.779357910156,0,0
-137.784973144531,404.931610107422,0,0
-138.247756958008,405.082641601563,0,0
-138.710906982422,405.232513427734,0,0
-139.174423217773,405.381256103516,0,0
-139.638336181641,405.528839111328,0,0
-140.102615356445,405.675201416016,0,0
-140.567245483398,405.820434570313,0,0
-141.0322265625,405.964538574219,0,0
-141.497573852539,406.107360839844,0,0
-141.963302612305,406.249084472656,0,0
-142.429382324219,406.3896484375,0,0
-142.895797729492,406.529052734375,0,0
-143.362579345703,406.667236328125,0,0
-143.829696655273,406.804229736328,0,0
-144.297149658203,406.940124511719,0,0
-144.764953613281,407.074768066406,0,0
-145.233093261719,407.208251953125,0,0
-145.701553344727,407.340606689453,0,0
-146.170349121094,407.471771240234,0,0
-146.639495849609,407.601715087891,0,0
-147.108963012695,407.73046875,0,0
-147.578720092773,407.858123779297,0,0
-148.048828125,407.984497070312,0,0
-148.519226074219,408.109771728516,0,0
-148.989959716797,408.233825683594,0,0
-149.461013793945,408.356689453125,0,0
-149.932342529297,408.478393554688,0,0
-150.403991699219,408.598907470703,0,0
-150.875946044922,408.718231201172,0,0
-151.348205566406,408.836364746094,0,0
-151.820739746094,408.953308105469,0,0
-152.293594360352,409.069030761719,0,0
-152.766708374023,409.183624267578,0,0
-153.240127563477,409.296997070313,0,0
-153.713821411133,409.409149169922,0,0
-154.187805175781,409.520141601563,0,0
-154.662063598633,409.629974365234,0,0
-155.136596679688,409.738586425781,0,0
-155.611389160156,409.845977783203,0,0
-156.086456298828,409.952239990234,0,0
-156.561798095703,410.057220458984,0,0
-157.037399291992,410.161041259766,0,0
-157.513259887695,410.263702392578,0,0
-157.989379882813,410.365142822266,0,0
-158.465728759766,410.465393066406,0,0
-158.942352294922,410.564392089844,0,0
-159.419219970703,410.662261962891,0,0
-159.896331787109,410.758911132813,0,0
-160.373687744141,410.854370117188,0,0
-160.851272583008,410.948608398438,0,0
-161.3291015625,411.041625976563,0,0
-161.807174682617,411.133483886719,0,0
-162.285430908203,411.22412109375,0,0
-162.763961791992,411.313568115234,0,0
-163.242691040039,411.401794433594,0,0
-163.721664428711,411.488830566406,0,0
-164.200820922852,411.574676513672,0,0
-164.680221557617,411.659301757813,0,0
-165.159820556641,411.742706298828,0,0
-165.639633178711,411.824890136719,0,0
-166.119644165039,411.905914306641,0,0
-166.599853515625,411.985687255859,0,0
-167.080261230469,412.064300537109,0,0
-167.560897827148,412.141693115234,0,0
-168.041687011719,412.217864990234,0,0
-168.522674560547,412.292816162109,0,0
-169.003860473633,412.366546630859,0,0
-169.485229492188,412.439117431641,0,0
-169.966781616211,412.510437011719,0,0
-170.448501586914,412.580596923828,0,0
-170.930404663086,412.649475097656,0,0
-171.412460327148,412.717163085938,0,0
-171.894714355469,412.783660888672,0,0
-172.377105712891,412.848968505859,0,0
-172.859680175781,412.912994384766,0,0
-173.342407226563,412.975830078125,0,0
-173.825286865234,413.037475585938,0,0
-174.308334350586,413.097869873047,0,0
-174.791519165039,413.157104492188,0,0
-175.274841308594,413.215087890625,0,0
-175.758331298828,413.271881103516,0,0
-176.241958618164,413.327453613281,0,0
-176.725708007813,413.381744384766,0,0
-177.209594726563,413.434875488281,0,0
-177.693618774414,413.48681640625,0,0
-178.177780151367,413.537506103516,0,0
-178.662063598633,413.586975097656,0,0
-179.146453857422,413.635223388672,0,0
-179.630981445313,413.682250976563,0,0
-180.115615844727,413.728057861328,0,0
-180.600372314453,413.772705078125,0,0
-181.085235595703,413.816070556641,0,0
-181.570220947266,413.858245849609,0,0
-182.055282592773,413.899200439453,0,0
-182.540451049805,413.938903808594,0,0
-183.025741577148,413.977416992188,0,0
-183.511108398438,414.014709472656,0,0
-183.996566772461,414.050750732422,0,0
-184.482116699219,414.085632324219,0,0
-184.967758178711,414.119262695313,0,0
-185.453475952148,414.151641845703,0,0
-185.93928527832,414.182861328125,0,0
-186.425170898438,414.212799072266,0,0
-186.911117553711,414.241516113281,0,0
-187.397125244141,414.26904296875,0,0
-187.883209228516,414.295318603516,0,0
-188.369384765625,414.320404052734,0,0
-188.855606079102,414.34423828125,0,0
-189.341873168945,414.366882324219,0,0
-189.828186035156,414.388275146484,0,0
-190.314575195313,414.408477783203,0,0
-190.801010131836,414.427459716797,0,0
-191.287490844727,414.445159912109,0,0
-191.774017333984,414.461669921875,0,0
-192.260589599609,414.476959228516,0,0
-192.747161865234,414.491027832031,0,0
-193.233810424805,414.50390625,0,0
-193.720458984375,414.515502929688,0,0
-194.207168579102,414.525909423828,0,0
-194.693862915039,414.535034179688,0,0
-195.180603027344,414.543029785156,0,0
-195.667358398438,414.549743652344,0,0
-196.15412902832,414.555236816406,0,0
-196.640914916992,414.559539794922,0,0
-197.127700805664,414.562591552734,0,0
-197.620468139648,414.564514160156,0,0
-198.120452880859,414.566345214844,0,0
-198.620452880859,414.568145751953,0,0
-199.12043762207,414.569976806641,0,0
-199.62043762207,414.57177734375,0,0
-200.12043762207,414.573608398438,0,0
-200.62043762207,414.575408935547,0,0
-201.12043762207,414.577239990234,0,0
-201.62043762207,414.579071044922,0,0
-202.12043762207,414.580871582031,0,0
-202.620422363281,414.582702636719,0,0
-203.120422363281,414.584503173828,0,0
-203.620407104492,414.586334228516,0,0
-204.120407104492,414.588134765625,0,0
-204.620407104492,414.589965820313,0,0
-205.120407104492,414.591766357422,0,0
-205.620407104492,414.593597412109,0,0
-206.120407104492,414.595397949219,0,0
-206.620407104492,414.597229003906,0,0
-207.120391845703,414.599029541016,0,0
-207.620391845703,414.600860595703,0,0
-208.120391845703,414.602661132813,0,0
-208.620376586914,414.6044921875,0,0
-209.120376586914,414.606323242188,0,0
-209.620376586914,414.608123779297,0,0
-210.120376586914,414.609954833984,0,0
-210.620376586914,414.611755371094,0,0
-211.120376586914,414.613586425781,0,0
-211.620376586914,414.615386962891,0,0
-212.120361328125,414.617218017578,0,0
-212.620361328125,414.619018554687,0,0
-213.120346069336,414.620849609375,0,0
-213.620346069336,414.622650146484,0,0
-214.120346069336,414.624481201172,0,0
-214.620346069336,414.626281738281,0,0
-215.120346069336,414.628112792969,0,0
-215.620346069336,414.629913330078,0,0
-216.120346069336,414.631744384766,0,0
-216.620330810547,414.633575439453,0,0
-217.120330810547,414.635375976563,0,0
-217.620315551758,414.63720703125,0,0
-218.120315551758,414.639007568359,0,0
-218.620315551758,414.640838623047,0,0
-219.120315551758,414.642639160156,0,0
-219.620315551758,414.644470214844,0,0
-220.120315551758,414.646270751953,0,0
-220.620315551758,414.648101806641,0,0
-221.120300292969,414.64990234375,0,0
-221.620300292969,414.651733398437,0,0
-222.12028503418,414.653533935547,0,0
-222.62028503418,414.655364990234,0,0
-223.12028503418,414.657196044922,0,0
-223.62028503418,414.658996582031,0,0
-224.12028503418,414.660827636719,0,0
-224.62028503418,414.662628173828,0,0
-225.12028503418,414.664459228516,0,0
-225.620269775391,414.666259765625,0,0
-226.120269775391,414.668090820313,0,0
-226.620269775391,414.669891357422,0,0
-227.120254516602,414.671722412109,0,0
-227.620254516602,414.673522949219,0,0
-228.120254516602,414.675354003906,0,0
-228.620254516602,414.677154541016,0,0
-229.120254516602,414.678985595703,0,0
-229.620254516602,414.680786132813,0,0
-230.120254516602,414.6826171875,0,0
-230.620239257812,414.684448242187,0,0
-231.120239257812,414.686248779297,0,0
-231.620223999023,414.688079833984,0,0
-232.120223999023,414.689880371094,0,0
-232.620223999023,414.691711425781,0,0
-233.120223999023,414.693511962891,0,0
-233.620223999023,414.695343017578,0,0
-234.120223999023,414.697143554688,0,0
-234.620223999023,414.698974609375,0,0
-235.120208740234,414.700775146484,0,0
-235.620208740234,414.702606201172,0,0
-236.120193481445,414.704406738281,0,0
-236.620193481445,414.706237792969,0,0
-237.120193481445,414.708038330078,0,0
-237.620193481445,414.709869384766,0,0
-238.120193481445,414.711700439453,0,0
-238.620193481445,414.713500976563,0,0
-239.120193481445,414.71533203125,0,0
-239.620178222656,414.717132568359,0,0
-240.120178222656,414.718963623047,0,0
-240.620162963867,414.720764160156,0,0
-241.120162963867,414.722595214844,0,0
-241.620162963867,414.724395751953,0,0
-242.120162963867,414.726226806641,0,0
-242.620162963867,414.72802734375,0,0
-243.120162963867,414.729858398438,0,0
-243.620162963867,414.731658935547,0,0
-244.120147705078,414.733489990234,0,0
-244.620147705078,414.735321044922,0,0
-245.120147705078,414.737121582031,0,0
-245.620132446289,414.738952636719,0,0
-246.120132446289,414.740753173828,0,0
-246.620132446289,414.742584228516,0,0
-247.120132446289,414.744384765625,0,0
-247.620132446289,414.746215820313,0,0
-248.120132446289,414.748016357422,0,0
-248.620132446289,414.749847412109,0,0
-249.1201171875,414.751647949219,0,0
-249.6201171875,414.753479003906,0,0
-250.120101928711,414.755279541016,0,0
-250.620101928711,414.757110595703,0,0
-251.120101928711,414.758911132813,0,0
-251.620101928711,414.7607421875,0,0
-252.120101928711,414.762573242188,0,0
-252.620101928711,414.764373779297,0,0
-253.120101928711,414.766204833984,0,0
-253.620086669922,414.768005371094,0,0
-254.120086669922,414.769836425781,0,0
-254.620071411133,414.771636962891,0,0
-255.120071411133,414.773468017578,0,0
-255.620071411133,414.775268554688,0,0
-256.120056152344,414.777099609375,0,0
-256.620056152344,414.778900146484,0,0
-257.120056152344,414.780731201172,0,0
-257.620056152344,414.782531738281,0,0
-258.120056152344,414.784362792969,0,0
-258.620025634766,414.786163330078,0,0
-259.120025634766,414.787994384766,0,0
-259.620025634766,414.789825439453,0,0
-260.120025634766,414.791625976563,0,0
-260.620025634766,414.79345703125,0,0
-261.120025634766,414.795257568359,0,0
-261.620025634766,414.797088623047,0,0
-262.120025634766,414.798889160156,0,0
-262.620025634766,414.800720214844,0,0
-263.120025634766,414.802520751953,0,0
-263.619995117187,414.804351806641,0,0
-264.119995117187,414.80615234375,0,0
-264.619995117187,414.807983398438,0,0
-265.119995117188,414.809783935547,0,0
-265.619995117187,414.811614990234,0,0
-266.119995117187,414.813415527344,0,0
-266.619995117187,414.815246582031,0,0
-267.119995117188,414.817077636719,0,0
-267.619964599609,414.818878173828,0,0
-268.119964599609,414.820709228516,0,0
-268.619964599609,414.822509765625,0,0
-269.119964599609,414.824340820313,0,0
-269.619964599609,414.826141357422,0,0
-270.119964599609,414.827972412109,0,0
-270.619964599609,414.829772949219,0,0
-271.119964599609,414.831604003906,0,0
-271.619964599609,414.833404541016,0,0
-272.119964599609,414.835235595703,0,0
-272.619934082031,414.837036132812,0,0
-273.119934082031,414.8388671875,0,0
-273.619934082031,414.840698242188,0,0
-274.119934082031,414.842498779297,0,0
-274.619934082031,414.844329833984,0,0
-275.119934082031,414.846130371094,0,0
-275.619934082031,414.847961425781,0,0
-276.119934082031,414.849761962891,0,0
-276.619934082031,414.851593017578,0,0
-277.119903564453,414.853393554688,0,0
-277.619903564453,414.855224609375,0,0
-278.119903564453,414.857025146484,0,0
-278.619903564453,414.858856201172,0,0
-279.119903564453,414.860656738281,0,0
-279.619903564453,414.862487792969,0,0
-280.119903564453,414.864288330078,0,0
-280.619903564453,414.866119384766,0,0
-281.119903564453,414.867950439453,0,0
-281.619903564453,414.869750976563,0,0
-282.119873046875,414.87158203125,0,0
-282.619873046875,414.873382568359,0,0
-283.119873046875,414.875213623047,0,0
-283.619873046875,414.877014160156,0,0
-284.119873046875,414.878845214844,0,0
-284.619873046875,414.880645751953,0,0
-285.119873046875,414.882476806641,0,0
-285.619873046875,414.88427734375,0,0
-286.119842529297,414.886108398438,0,0
-286.619842529297,414.887908935547,0,0
-287.119842529297,414.889739990234,0,0
-287.619842529297,414.891540527344,0,0
-288.119842529297,414.893371582031,0,0
-288.619842529297,414.895202636719,0,0
-289.119842529297,414.897003173828,0,0
-289.619842529297,414.898834228516,0,0
-290.119842529297,414.900634765625,0,0
-290.619842529297,414.902465820313,0,0
-291.119812011719,414.904266357422,0,0
-291.619812011719,414.906097412109,0,0
-292.119812011719,414.907897949219,0,0
-292.619812011719,414.909729003906,0,0
-293.119812011719,414.911529541016,0,0
-293.619812011719,414.913360595703,0,0
-294.119812011719,414.915161132813,0,0
-294.619812011719,414.9169921875,0,0
-295.119812011719,414.918823242188,0,0
-295.619781494141,414.920623779297,0,0
-296.119781494141,414.922454833984,0,0
-296.619781494141,414.924255371094,0,0
-297.119781494141,414.926086425781,0,0
-297.619781494141,414.927886962891,0,0
-298.119781494141,414.929718017578,0,0
-298.619781494141,414.931518554688,0,0
-299.119781494141,414.933349609375,0,0
-299.619781494141,414.935150146484,0,0
-300.119781494141,414.936981201172,0,0
-300.619750976562,414.938781738281,0,0
-301.119750976562,414.940612792969,0,0
-301.619750976562,414.942413330078,0,0
-302.119750976563,414.944244384766,0,0
-302.619750976562,414.946075439453,0,0
-303.119750976562,414.947875976563,0,0
-303.619750976562,414.94970703125,0,0
-304.119750976563,414.951507568359,0,0
-304.619720458984,414.953338623047,0,0
-305.119720458984,414.955139160156,0,0
-305.619720458984,414.956970214844,0,0
-306.119720458984,414.958770751953,0,0
-306.619720458984,414.960601806641,0,0
-307.119720458984,414.96240234375,0,0
-307.619720458984,414.964233398438,0,0
-308.119720458984,414.966033935547,0,0
-308.619720458984,414.967864990234,0,0
-309.119720458984,414.969665527344,0,0
-309.619689941406,414.971496582031,0,0
-310.119689941406,414.973327636719,0,0
-310.619689941406,414.975128173828,0,0
-311.119689941406,414.976959228516,0,0
-311.619689941406,414.978759765625,0,0
-312.119689941406,414.980590820313,0,0
-312.619689941406,414.982391357422,0,0
-313.119689941406,414.984222412109,0,0
-313.619689941406,414.986022949219,0,0
-314.119659423828,414.987854003906,0,0
-314.619659423828,414.989654541016,0,0
-315.119659423828,414.991485595703,0,0
-315.619659423828,414.993286132813,0,0
-316.119659423828,414.9951171875,0,0
-316.619659423828,414.996948242188,0,0
-317.119659423828,414.998748779297,0,0
-317.619659423828,415.000579833984,0,0
-318.119659423828,415.002380371094,0,0
-318.61962890625,415.004211425781,0,0
-319.119384765625,415.006011962891,0,0
-319.604797363281,415.007080078125,0,0
-320.090179443359,415.006805419922,0,0
-320.575592041016,415.005157470703,0,0
-321.060943603516,415.002166748047,0,0
-321.546356201172,414.997833251953,0,0
-322.031707763672,414.992156982422,0,0
-322.517059326172,414.985107421875,0,0
-323.002349853516,414.976715087891,0,0
-323.487640380859,414.966979980469,0,0
-323.972930908203,414.955871582031,0,0
-324.458129882812,414.943450927734,0,0
-324.943359375,414.929656982422,0,0
-325.428527832031,414.914520263672,0,0
-325.913635253906,414.898040771484,0,0
-326.398712158203,414.880249023438,0,0
-326.883728027344,414.861022949219,0,0
-327.368682861328,414.840484619141,0,0
-327.853607177734,414.818603515625,0,0
-328.338409423828,414.795379638672,0,0
-328.823181152344,414.770782470703,0,0
-329.307922363281,414.744873046875,0,0
-329.792541503906,414.717590332031,0,0
-330.277130126953,414.68896484375,0,0
-330.761566162109,414.658966064453,0,0
-331.245941162109,414.627685546875,0,0
-331.730255126953,414.595001220703,0,0
-332.214447021484,414.560974121094,0,0
-332.698547363281,414.525634765625,0,0
-333.182556152344,414.488891601563,0,0
-333.666473388672,414.450866699219,0,0
-334.150268554687,414.411499023437,0,0
-334.633941650391,414.370727539063,0,0
-335.117523193359,414.328643798828,0,0
-335.600921630859,414.285217285156,0,0
-336.084289550781,414.240417480469,0,0
-336.567474365234,414.1943359375,0,0
-337.050567626953,414.146850585938,0,0
-337.533508300781,414.098052978516,0,0
-338.016296386719,414.047882080078,0,0
-338.498962402344,413.996368408203,0,0
-338.9814453125,413.943542480469,0,0
-339.463836669922,413.889343261719,0,0
-339.946014404297,413.833831787109,0,0
-340.428100585937,413.776977539063,0,0
-340.909973144531,413.71875,0,0
-341.391723632813,413.659210205078,0,0
-341.873291015625,413.598358154297,0,0
-342.354675292969,413.536102294922,0,0
-342.835876464844,413.472534179688,0,0
-343.316925048828,413.407653808594,0,0
-343.797821044922,413.341400146484,0,0
-344.278442382812,413.273834228516,0,0
-344.758911132813,413.204925537109,0,0
-345.239227294922,413.134674072266,0,0
-345.719299316406,413.063049316406,0,0
-346.19921875,412.990173339844,0,0
-346.678894042969,412.915924072266,0,0
-347.158355712891,412.84033203125,0,0
-347.637634277344,412.763427734375,0,0
-348.116668701172,412.685150146484,0,0
-348.595520019531,412.605590820313,0,0
-349.074096679688,412.524627685547,0,0
-349.552520751953,412.4423828125,0,0
-350.030639648437,412.358795166016,0,0
-350.508544921875,412.27392578125,0,0
-350.986236572266,412.187652587891,0,0
-351.463653564453,412.100067138672,0,0
-351.940826416016,412.011199951172,0,0
-352.417785644531,411.921020507813,0,0
-352.894470214844,411.829467773438,0,0
-353.370880126953,411.736602783203,0,0
-353.847045898438,411.642364501953,0,0
-354.322967529297,411.546844482422,0,0
-354.798583984375,411.450012207031,0,0
-355.273986816406,411.351867675781,0,0
-355.749053955078,411.252349853516,0,0
-356.223846435547,411.151550292969,0,0
-356.698425292969,411.049438476563,0,0
-357.172637939453,410.945983886719,0,0
-357.646606445312,410.841217041016,0,0
-358.120239257812,410.735076904297,0,0
-358.593658447266,410.627746582031,0,0
-359.066650390625,410.518981933594,0,0
-359.539459228516,410.408966064453,0,0
-360.011901855469,410.297607421875,0,0
-360.484069824219,410.184936523438,0,0
-360.955871582031,410.070953369141,0,0
-361.427398681641,409.955688476563,0,0
-361.898590087891,409.839050292969,0,0
-362.369415283203,409.721160888672,0,0
-362.839935302734,409.601959228516,0,0
-363.310119628906,409.481414794922,0,0
-363.779998779297,409.359588623047,0,0
-364.249542236328,409.236419677734,0,0
-364.718688964844,409.111999511719,0,0
-365.187530517578,408.986267089844,0,0
-365.655975341797,408.859161376953,0,0
-366.124114990234,408.730804443359,0,0
-366.591857910156,408.601165771484,0,0
-367.059234619141,408.47021484375,0,0
-367.526275634766,408.337982177734,0,0
-367.992950439453,408.204406738281,0,0
-368.459228515625,408.069580078125,0,0
-368.925170898437,407.933380126953,0,0
-369.390716552734,407.795928955078,0,0
-369.855804443359,407.6572265625,0,0
-370.320587158203,407.517120361328,0,0
-370.784973144531,407.375823974609,0,0
-371.248931884766,407.233215332031,0,0
-371.712493896484,407.089294433594,0,0
-372.175689697266,406.944122314453,0,0
-372.638458251953,406.797668457031,0,0
-373.100799560547,406.649841308594,0,0
-373.562713623047,406.500793457031,0,0
-374.024291992187,406.350463867188,0,0
-374.485382080078,406.198822021484,0,0
-374.946075439453,406.045959472656,0,0
-375.406311035156,405.891723632813,0,0
-375.866119384766,405.736267089844,0,0
-376.325531005859,405.579528808594,0,0
-376.784484863281,405.421508789063,0,0
-377.242980957031,405.262237548828,0,0
-377.701049804687,405.101654052734,0,0
-378.15869140625,404.939788818359,0,0
-378.615814208984,404.776641845703,0,0
-379.072570800781,404.612274169922,0,0
-379.528778076172,404.446594238281,0,0
-379.984619140625,404.279724121094,0,0
-380.439910888672,404.111480712891,0,0
-380.894775390625,403.942016601563,0,0
-381.349182128906,403.771331787109,0,0
-381.803070068359,403.599304199219,0,0
-382.256500244141,403.426055908203,0,0
-382.70947265625,403.251556396484,0,0
-383.161895751953,403.075836181641,0,0
-383.613861083984,402.898742675781,0,0
-384.065338134766,402.720458984375,0,0
-384.516296386719,402.540924072266,0,0
-384.966766357422,402.360137939453,0,0
-385.416717529297,402.178131103516,0,0
-385.866180419922,401.994812011719,0,0
-386.315124511719,401.810241699219,0,0
-386.763580322266,401.624481201172,0,0
-387.211517333984,401.437438964844,0,0
-387.658874511719,401.249114990234,0,0
-388.105712890625,401.059631347656,0,0
-388.552093505859,400.868835449219,0,0
-388.997863769531,400.676818847656,0,0
-389.443145751953,400.483581542969,0,0
-389.887878417969,400.2890625,0,0
-390.33203125,400.093322753906,0,0
-390.775695800781,399.896362304687,0,0
-391.218780517578,399.698181152344,0,0
-391.661315917969,399.498809814453,0,0
-392.103302001953,399.298095703125,0,0
-392.544738769531,399.096221923828,0,0
-392.985595703125,398.893127441406,0,0
-393.425872802734,398.688781738281,0,0
-393.865631103516,398.483184814453,0,0
-394.304748535156,398.276428222656,0,0
-394.743347167969,398.068450927734,0,0
-395.181304931641,397.859222412109,0,0
-395.618713378906,397.648742675781,0,0
-396.055541992187,397.437103271484,0,0
-396.491790771484,397.224273681641,0,0
-396.927398681641,397.010162353516,0,0
-397.362426757812,396.794860839844,0,0
-397.796844482422,396.578338623047,0,0
-398.230743408203,396.360656738281,0,0
-398.663940429687,396.141693115234,0,0
-399.096557617188,395.921600341797,0,0
-399.528564453125,395.700286865234,0,0
-399.959930419922,395.477752685547,0,0
-400.390716552734,395.254058837891,0,0
-400.820861816406,395.029144287109,0,0
-401.250335693359,394.803039550781,0,0
-401.679260253906,394.57568359375,0,0
-402.107482910156,394.347198486328,0,0
-402.535095214844,394.117492675781,0,0
-402.962066650391,393.886627197266,0,0
-403.388397216797,393.654541015625,0,0
-403.814086914062,393.421325683594,0,0
-404.239105224609,393.186828613281,0,0
-404.663452148438,392.951293945312,0,0
-405.087188720703,392.714447021484,0,0
-405.51025390625,392.476501464844,0,0
-405.932647705078,392.237335205078,0,0
-406.354400634766,391.996978759766,0,0
-406.775421142578,391.755493164063,0,0
-407.195861816406,391.512847900391,0,0
-407.615539550781,391.26904296875,0,0
-408.034576416016,391.024017333984,0,0
-408.452911376953,390.77783203125,0,0
-408.870574951172,390.530517578125,0,0
-409.287536621094,390.281982421875,0,0
-409.703826904297,390.032348632812,0,0
-410.119384765625,389.781524658203,0,0
-410.534271240234,389.529602050781,0,0
-410.948455810547,389.276458740234,0,0
-411.361938476562,389.022216796875,0,0
-411.774688720703,388.766845703125,0,0
-412.186737060547,388.51025390625,0,0
-412.598083496094,388.252563476562,0,0
-413.008697509766,387.993682861328,0,0
-413.418579101563,387.733734130859,0,0
-413.827758789062,387.472595214844,0,0
-414.236206054688,387.210327148437,0,0
-414.643920898438,386.946899414062,0,0
-415.050903320313,386.682373046875,0,0
-415.457153320313,386.416717529297,0,0
-415.862640380859,386.14990234375,0,0
-416.267395019531,385.882019042969,0,0
-416.671417236328,385.612976074219,0,0
-417.074645996094,385.3427734375,0,0
-417.477203369141,385.071502685547,0,0
-417.878936767578,384.799102783203,0,0
-418.279907226563,384.525543212891,0,0
-418.680145263672,384.250915527344,0,0
-419.079620361328,383.975158691406,0,0
-419.478302001953,383.698303222656,0,0
-419.876220703125,383.420349121094,0,0
-420.273376464844,383.141265869141,0,0
-420.669769287109,382.861083984375,0,0
-421.065368652344,382.579803466797,0,0
-421.460144042969,382.297424316406,0,0
-421.854187011719,382.013946533203,0,0
-422.247406005859,381.729339599609,0,0
-422.639862060547,381.443725585937,0,0
-423.031463623047,381.156982421875,0,0
-423.422332763672,380.869140625,0,0
-423.812347412109,380.580200195313,0,0
-424.201599121094,380.290191650391,0,0
-424.589996337891,379.999053955078,0,0
-424.977630615234,379.706909179687,0,0
-425.364410400391,379.413665771484,0,0
-425.750427246094,379.119354248047,0,0
-426.135589599609,378.823944091797,0,0
-426.519927978516,378.527465820313,0,0
-426.903442382813,378.229949951172,0,0
-427.286102294922,377.931335449219,0,0
-427.66796875,377.631683349609,0,0
-428.048980712891,377.330963134766,0,0
-428.429168701172,377.029144287109,0,0
-428.808502197266,376.726318359375,0,0
-429.186981201172,376.422454833984,0,0
-429.564666748047,376.117492675781,0,0
-429.941436767578,375.8115234375,0,0
-430.3173828125,375.504455566406,0,0
-430.692474365234,375.196350097656,0,0
-431.066711425781,374.887237548828,0,0
-431.440093994141,374.577087402344,0,0
-431.812591552734,374.265838623047,0,0
-432.184234619141,373.95361328125,0,0
-432.555023193359,373.640350341797,0,0
-432.924896240234,373.326049804687,0,0
-433.2939453125,373.010681152344,0,0
-433.662048339844,372.6943359375,0,0
-434.029327392578,372.377014160156,0,0
-434.395690917969,372.05859375,0,0
-434.761199951172,371.739166259766,0,0
-435.125793457031,371.418731689453,0,0
-435.489501953125,371.097290039062,0,0
-435.852294921875,370.774841308594,0,0
-436.214202880859,370.451354980469,0,0
-436.575225830078,370.126892089844,0,0
-436.935363769531,369.801391601563,0,0
-437.294555664063,369.474975585937,0,0
-437.65283203125,369.147491455078,0,0
-438.010223388672,368.819030761719,0,0
-438.366668701172,368.489562988281,0,0
-438.722229003906,368.159118652344,0,0
-439.076843261719,367.827667236328,0,0
-439.430572509766,367.495269775391,0,0
-439.783325195313,367.161834716797,0,0
-440.135192871094,366.827484130859,0,0
-440.486083984375,366.492095947266,0,0
-440.836090087891,366.15576171875,0,0
-441.185150146484,365.818481445312,0,0
-441.533233642578,365.480163574219,0,0
-441.880432128906,365.140960693359,0,0
-442.226623535156,364.800750732422,0,0
-442.571899414063,364.459533691406,0,0
-442.916198730469,364.117431640625,0,0
-443.259582519531,363.774353027344,0,0
-443.601989746094,363.430297851562,0,0
-443.943450927734,363.085296630859,0,0
-444.283935546875,362.739379882812,0,0
-444.623443603516,362.392486572266,0,0
-444.962036132813,362.044647216797,0,0
-445.299652099609,361.695892333984,0,0
-445.636260986328,361.34619140625,0,0
-445.971923828125,360.995544433594,0,0
-446.306579589844,360.643981933594,0,0
-446.640258789062,360.291473388672,0,0
-446.973022460938,359.938049316406,0,0
-447.3046875,359.583709716797,0,0
-447.635437011719,359.228393554688,0,0
-447.965179443359,358.872192382813,0,0
-448.293975830078,358.515106201172,0,0
-448.621734619141,358.157043457031,0,0
-448.948486328125,357.798156738281,0,0
-449.274230957031,357.438293457031,0,0
-449.598999023438,357.077575683594,0,0
-449.922760009766,356.715881347656,0,0
-450.245544433594,356.353363037109,0,0
-450.567291259766,355.989929199219,0,0
-450.888031005859,355.625610351562,0,0
-451.207733154297,355.260375976562,0,0
-451.526428222656,354.894226074219,0,0
-451.844085693359,354.527221679687,0,0
-452.160766601563,354.159362792969,0,0
-452.476409912109,353.790618896484,0,0
-452.790985107422,353.420959472656,0,0
-453.104553222656,353.050445556641,0,0
-453.417144775391,352.679077148438,0,0
-453.728668212891,352.306823730469,0,0
-454.039123535156,351.933685302734,0,0
-454.348571777344,351.559722900391,0,0
-454.656982421875,351.184875488281,0,0
-454.964324951172,350.809173583984,0,0
-455.270599365234,350.432647705078,0,0
-455.575897216797,350.055267333984,0,0
-455.880065917969,349.677001953125,0,0
-456.183227539063,349.297882080078,0,0
-456.485290527344,348.91796875,0,0
-456.786346435547,348.537200927734,0,0
-457.086334228516,348.155578613281,0,0
-457.38525390625,347.773162841797,0,0
-457.683044433594,347.389892578125,0,0
-457.979858398438,347.005798339844,0,0
-458.275604248047,346.620880126953,0,0
-458.570220947266,346.235137939453,0,0
-458.863800048828,345.848571777344,0,0
-459.156280517578,345.461212158203,0,0
-459.447692871094,345.072998046875,0,0
-459.738037109375,344.684020996094,0,0
-460.027282714844,344.294250488281,0,0
-460.315399169922,343.903594970703,0,0
-460.602508544922,343.51220703125,0,0
-460.888519287109,343.120025634766,0,0
-461.173400878906,342.72705078125,0,0
-461.457183837891,342.333251953125,0,0
-461.739929199219,341.938629150391,0,0
-462.021484375,341.543273925781,0,0
-462.302001953125,341.147125244141,0,0
-462.581420898438,340.750244140625,0,0
-462.859710693359,340.3525390625,0,0
-463.136932373047,339.954071044922,0,0
-463.412963867188,339.554840087891,0,0
-463.687927246094,339.154846191406,0,0
-463.961791992188,338.754028320312,0,0
-464.234527587891,338.3525390625,0,0
-464.506164550781,337.950256347656,0,0
-464.776672363281,337.547210693359,0,0
-465.046020507813,337.143432617187,0,0
-465.314270019531,336.738861083984,0,0
-465.581390380859,336.333618164062,0,0
-465.847412109375,335.927581787109,0,0
-466.112274169922,335.520843505859,0,0
-466.376037597656,335.113311767578,0,0
-466.638610839844,334.705078125,0,0
-466.900085449219,334.296142578125,0,0
-467.160400390625,333.886444091797,0,0
-467.419555664063,333.476043701172,0,0
-467.677612304688,333.06494140625,0,0
-467.934539794922,332.653076171875,0,0
-468.190277099609,332.240539550781,0,0
-468.444854736328,331.827270507812,0,0
-468.698364257812,331.413269042969,0,0
-468.95068359375,330.998657226562,0,0
-469.201782226563,330.583251953125,0,0
-469.451782226563,330.167175292969,0,0
-469.700592041016,329.750427246094,0,0
-469.948272705078,329.332946777344,0,0
-470.194763183594,328.914794921875,0,0
-470.440155029297,328.496002197266,0,0
-470.684326171875,328.076477050781,0,0
-470.927337646484,327.656280517578,0,0
-471.169189453125,327.235443115234,0,0
-471.409851074219,326.813903808594,0,0
-471.649322509766,326.391693115234,0,0
-471.887664794922,325.968872070312,0,0
-472.124816894531,325.545349121094,0,0
-472.360778808594,325.121154785156,0,0
-472.595581054688,324.696319580078,0,0
-472.829162597656,324.270812988281,0,0
-473.061553955078,323.844696044922,0,0
-473.292785644531,323.417877197266,0,0
-473.522857666016,322.990447998047,0,0
-473.751708984375,322.562408447266,0,0
-473.979370117188,322.133697509766,0,0
-474.205810546875,321.704376220703,0,0
-474.431091308594,321.274444580078,0,0
-474.655212402344,320.843872070312,0,0
-474.878051757813,320.412658691406,0,0
-475.099731445313,319.980804443359,0,0
-475.320220947266,319.548400878906,0,0
-475.539489746094,319.115356445312,0,0
-475.757568359375,318.681701660156,0,0
-475.974426269531,318.247406005859,0,0
-476.190063476563,317.812561035156,0,0
-476.404510498047,317.377105712891,0,0
-476.617767333984,316.941070556641,0,0
-476.829772949219,316.504425048828,0,0
-477.04052734375,316.067169189453,0,0
-477.250122070313,315.629364013672,0,0
-477.45849609375,315.190979003906,0,0
-477.665618896484,314.751983642578,0,0
-477.87158203125,314.312438964844,0,0
-478.076263427734,313.872314453125,0,0
-478.279724121094,313.431610107422,0,0
-478.481994628906,312.990356445312,0,0
-478.683013916016,312.548553466797,0,0
-478.8828125,312.106170654297,0,0
-479.081359863281,311.663238525391,0,0
-479.278656005859,311.219787597656,0,0
-479.474761962891,310.775756835937,0,0
-479.669616699219,310.331176757813,0,0
-479.863250732422,309.886047363281,0,0
-480.055633544922,309.4404296875,0,0
-480.246765136719,308.994262695313,0,0
-480.436645507813,308.547546386719,0,0
-480.625305175781,308.100280761719,0,0
-480.812744140625,307.652526855469,0,0
-480.998901367188,307.204284667969,0,0
-481.183776855469,306.755462646484,0,0
-481.367431640625,306.306121826172,0,0
-481.549896240234,305.856353759766,0,0
-481.731048583984,305.406036376953,0,0
-481.910949707031,304.955169677734,0,0
-482.089630126953,304.503845214844,0,0
-482.266998291016,304.052062988281,0,0
-482.443145751953,303.599761962891,0,0
-482.618041992188,303.146942138672,0,0
-482.791625976563,302.693664550781,0,0
-482.963989257813,302.239898681641,0,0
-483.135131835938,301.78564453125,0,0
-483.304931640625,301.330963134766,0,0
-483.473510742188,300.875762939453,0,0
-483.640808105469,300.420104980469,0,0
-483.806854248047,299.963989257812,0,0
-483.971649169922,299.507415771484,0,0
-484.135131835938,299.050384521484,0,0
-484.297332763672,298.592864990234,0,0
-484.458282470703,298.134948730469,0,0
-484.617980957031,297.676574707031,0,0
-484.776336669922,297.217742919922,0,0
-484.933502197266,296.758453369141,0,0
-485.089324951172,296.298797607422,0,0
-485.243896484375,295.838653564453,0,0
-485.397155761719,295.378082275391,0,0
-485.549194335938,294.917114257813,0,0
-485.699890136719,294.455718994141,0,0
-485.849334716797,293.993896484375,0,0
-485.997497558594,293.531646728516,0,0
-486.144378662109,293.069000244141,0,0
-486.289916992188,292.605926513672,0,0
-486.434204101563,292.142517089844,0,0
-486.577209472656,291.678649902344,0,0
-486.718933105469,291.214385986328,0,0
-486.859313964844,290.749725341797,0,0
-486.998443603516,290.284729003906,0,0
-487.136291503906,289.819305419922,0,0
-487.272857666016,289.353515625,0,0
-487.408050537109,288.887329101562,0,0
-487.5419921875,288.420776367187,0,0
-487.674621582031,287.953857421875,0,0
-487.806030273438,287.486572265625,0,0
-487.93603515625,287.018890380859,0,0
-488.064788818359,286.550903320312,0,0
-488.192199707031,286.08251953125,0,0
-488.318359375,285.613800048828,0,0
-488.443206787109,285.144744873047,0,0
-488.566741943359,284.67529296875,0,0
-488.688934326172,284.20556640625,0,0
-488.809844970703,283.735504150391,0,0
-488.929473876953,283.265045166016,0,0
-489.047760009766,282.794281005859,0,0
-489.164733886719,282.323181152344,0,0
-489.280426025391,281.851806640625,0,0
-489.394805908203,281.380065917969,0,0
-489.5078125,280.907989501953,0,0
-489.619567871094,280.435638427734,0,0
-489.72998046875,279.962982177734,0,0
-489.839111328125,279.489990234375,0,0
-489.946899414062,279.016723632812,0,0
-490.053375244141,278.543151855469,0,0
-490.158508300781,278.069274902344,0,0
-490.262390136719,277.595092773437,0,0
-490.364868164063,277.120666503906,0,0
-490.466094970703,276.645935058594,0,0
-490.565979003906,276.170928955078,0,0
-490.664520263672,275.695648193359,0,0
-490.761749267578,275.220092773437,0,0
-490.857696533203,274.744232177734,0,0
-490.952239990234,274.268188476562,0,0
-491.045532226562,273.791778564453,0,0
-491.137481689453,273.315185546875,0,0
-491.228088378906,272.838348388672,0,0
-491.317352294922,272.361236572266,0,0
-491.405303955078,271.883880615234,0,0
-491.491912841797,271.406280517578,0,0
-491.577239990234,270.928436279297,0,0
-491.661193847656,270.450317382812,0,0
-491.743896484375,269.972015380859,0,0
-491.825164794922,269.493530273437,0,0
-491.905151367188,269.014709472656,0,0
-491.983764648438,268.535736083984,0,0
-492.061096191406,268.056549072266,0,0
-492.137084960938,267.577117919922,0,0
-492.211730957031,267.097503662109,0,0
-492.285034179688,266.617706298828,0,0
-492.357025146484,266.137634277344,0,0
-492.427673339844,265.657409667969,0,0
-492.496978759766,265.177001953125,0,0
-492.564910888672,264.696380615234,0,0
-492.631591796875,264.215576171875,0,0
-492.696899414063,263.734619140625,0,0
-492.760833740234,263.25341796875,0,0
-492.823455810547,262.772094726562,0,0
-492.884704589844,262.290588378906,0,0
-492.944702148438,261.808898925781,0,0
-493.003265380859,261.327026367187,0,0
-493.060516357422,260.845031738281,0,0
-493.116455078125,260.362915039062,0,0
-493.171051025391,259.880584716797,0,0
-493.224273681641,259.398101806641,0,0
-493.276153564453,258.915496826172,0,0
-493.326721191406,258.432708740234,0,0
-493.375915527344,257.949829101562,0,0
-493.423797607422,257.466796875,0,0
-493.470306396484,256.983642578125,0,0
-493.515472412109,256.500335693359,0,0
-493.559326171875,256.016937255859,0,0
-493.601806640625,255.533401489258,0,0
-493.642944335938,255.049743652344,0,0
-493.682739257813,254.565979003906,0,0
-493.72119140625,254.082107543945,0,0
-493.75830078125,253.598129272461,0,0
-493.794067382813,253.114059448242,0,0
-493.828460693359,252.6298828125,0,0
-493.861511230469,252.145614624023,0,0
-493.893249511719,251.661254882812,0,0
-493.923583984375,251.176803588867,0,0
-493.952606201172,250.692276000977,0,0
-493.980285644531,250.207672119141,0,0
-494.006652832031,249.72297668457,0,0
-494.031616210938,249.238235473633,0,0
-494.055267333984,248.753402709961,0,0
-494.077514648438,248.268524169922,0,0
-494.098449707031,247.783569335937,0,0
-494.118072509766,247.298583984375,0,0
-494.136291503906,246.813522338867,0,0
-494.153167724609,246.328414916992,0,0
-494.168701171875,245.843276977539,0,0
-494.182891845703,245.358093261719,0,0
-494.195739746094,244.872848510742,0,0
-494.207214355469,244.387603759766,0,0
-494.217346191406,243.902313232422,0,0
-494.226135253906,243.416976928711,0,0
-494.233581542969,242.931655883789,0,0
-494.239654541016,242.446304321289,0,0
-494.244384765625,241.960922241211,0,0
-494.247741699219,241.475540161133,0,0
-494.249847412109,240.990142822266,0,0
-494.251007080078,240.492614746094,0,0
-494.252166748047,239.992614746094,0,0
-494.253326416016,239.492614746094,0,0
-494.254486083984,238.992614746094,0,0
-494.255676269531,238.492630004883,0,0
-494.2568359375,237.992630004883,0,0
-494.257995605469,237.492630004883,0,0
-494.259155273438,236.992630004883,0,0
-494.260345458984,236.492630004883,0,0
-494.261505126953,235.992630004883,0,0
-494.262664794922,235.492630004883,0,0
-494.263824462891,234.992630004883,0,0
-494.264984130859,234.492630004883,0,0
-494.266174316406,233.992630004883,0,0
-494.267333984375,233.492630004883,0,0
-494.268432617188,232.995132446289,0,0
-494.269104003906,232.500381469727,0,0
-494.269287109375,232.005645751953,0,0
-494.268951416016,231.510879516602,0,0
-494.268157958984,231.016143798828,0,0
-494.266815185547,230.521392822266,0,0
-494.265045166016,230.026626586914,0,0
-494.262756347656,229.531890869141,0,0
-494.259948730469,229.037139892578,0,0
-494.256652832031,228.542419433594,0,0
-494.252868652344,228.04768371582,0,0
-494.248626708984,227.552947998047,0,0
-494.243865966797,227.058212280273,0,0
-494.238586425781,226.563491821289,0,0
-494.232849121094,226.068771362305,0,0
-494.2265625,225.574066162109,0,0
-494.219848632813,225.079376220703,0,0
-494.212585449219,224.584671020508,0,0
-494.204833984375,224.089981079102,0,0
-494.196594238281,223.595306396484,0,0
-494.187866210938,223.100616455078,0,0
-494.178680419922,222.60595703125,0,0
-494.1689453125,222.111297607422,0,0
-494.158721923828,221.616653442383,0,0
-494.148010253906,221.122024536133,0,0
-494.136810302734,220.627410888672,0,0
-494.125152587891,220.132797241211,0,0
-494.112945556641,219.638198852539,0,0
-494.100250244141,219.143600463867,0,0
-494.087097167969,218.649032592773,0,0
-494.073425292969,218.15446472168,0,0
-494.059234619141,217.659927368164,0,0
-494.044555664063,217.165374755859,0,0
-494.029418945313,216.666305541992,0,0
-494.014282226563,216.166534423828,0,0
-493.999145507813,215.666763305664,0,0
-493.984008789063,215.1669921875,0,0
-493.968872070313,214.667221069336,0,0
-493.953765869141,214.167449951172,0,0
-493.938629150391,213.667678833008,0,0
-493.923492431641,213.167907714844,0,0
-493.908355712891,212.66813659668,0,0
-493.893218994141,212.168365478516,0,0
-493.878082275391,211.668594360352,0,0
-493.862945556641,211.168823242187,0,0
-493.847808837891,210.669052124023,0,0
-493.832672119141,210.169281005859,0,0
-493.817535400391,209.669509887695,0,0
-493.802429199219,209.169738769531,0,0
-493.787292480469,208.669967651367,0,0
-493.772155761719,208.170196533203,0,0
-493.757019042969,207.670425415039,0,0
-493.741882324219,207.170654296875,0,0
-493.726745605469,206.670883178711,0,0
-493.711608886719,206.171112060547,0,0
-493.696472167969,205.671340942383,0,0
-493.681335449219,205.171569824219,0,0
-493.666198730469,204.671798706055,0,0
-493.651062011719,204.172027587891,0,0
-493.635955810547,203.672256469727,0,0
-493.620819091797,203.172485351562,0,0
-493.605682373047,202.672714233398,0,0
-493.590545654297,202.172943115234,0,0
-493.575408935547,201.67317199707,0,0
-493.560272216797,201.173400878906,0,0
-493.545135498047,200.673629760742,0,0
-493.529998779297,200.173858642578,0,0
-493.514862060547,199.674087524414,0,0
-493.499786376953,199.169723510742,0,0
-493.485229492188,198.664688110352,0,0
-493.471130371094,198.159622192383,0,0
-493.45751953125,197.654571533203,0,0
-493.444427490234,197.149490356445,0,0
-493.431854248047,196.644378662109,0,0
-493.419799804687,196.139297485352,0,0
-493.408203125,195.634170532227,0,0
-493.397186279297,195.129028320313,0,0
-493.386596679688,194.623901367188,0,0
-493.376525878906,194.118759155273,0,0
-493.367034912109,193.613586425781,0,0
-493.357971191406,193.108428955078,0,0
-493.349456787109,192.603256225586,0,0
-493.341369628906,192.098052978516,0,0
-493.333862304688,191.592864990234,0,0
-493.326843261719,191.087661743164,0,0
-493.3203125,190.582443237305,0,0
-493.314331054688,190.077255249023,0,0
-493.308837890625,189.572006225586,0,0
-493.303833007812,189.066787719727,0,0
-493.29931640625,188.561569213867,0,0
-493.295318603516,188.05632019043,0,0
-493.291839599609,187.551086425781,0,0
-493.288757324219,187.050262451172,0,0
-493.285614013672,186.550277709961,0,0
-493.282501220703,186.050277709961,0,0
-493.279388427734,185.55029296875,0,0
-493.276275634766,185.050308227539,0,0
-493.273132324219,184.550308227539,0,0
-493.27001953125,184.050323486328,0,0
-493.266906738281,183.550338745117,0,0
-493.263793945313,183.050338745117,0,0
-493.260650634766,182.550354003906,0,0
-493.257537841797,182.050369262695,0,0
-493.254425048828,181.550369262695,0,0
-493.251312255859,181.050384521484,0,0
-493.248168945313,180.550399780273,0,0
-493.245056152344,180.050399780273,0,0
-493.241943359375,179.550415039063,0,0
-493.238830566406,179.050415039063,0,0
-493.235717773438,178.550430297852,0,0
-493.232574462891,178.050445556641,0,0
-493.229461669922,177.549758911133,0,0
-493.226348876953,177.049774169922,0,0
-493.223236083984,176.549789428711,0,0
-493.220123291016,176.049789428711,0,0
-493.216979980469,175.5498046875,0,0
-493.2138671875,175.049819946289,0,0
-493.210754394531,174.549819946289,0,0
-493.207641601563,174.049835205078,0,0
-493.204498291016,173.549850463867,0,0
-493.201385498047,173.049850463867,0,0
-493.198272705078,172.549865722656,0,0
-493.195159912109,172.049880981445,0,0
-493.192016601563,171.549880981445,0,0
-493.188903808594,171.049896240234,0,0
-493.185791015625,170.549911499023,0,0
-493.182678222656,170.049911499023,0,0
-493.179565429687,169.549911499023,0,0
-493.176422119141,169.049942016602,0,0
-493.173309326172,168.549942016602,0,0
-493.170196533203,168.049942016602,0,0
-493.167083740234,167.54997253418,0,0
-493.163940429688,167.04997253418,0,0
-493.160827636719,166.54997253418,0,0
-493.15771484375,166.049987792969,0,0
-493.154602050781,165.550003051758,0,0
-493.151458740234,165.050003051758,0,0
-493.148345947266,164.550018310547,0,0
-493.145233154297,164.050033569336,0,0
-493.142120361328,163.550033569336,0,0
-493.138977050781,163.050048828125,0,0
-493.135864257813,162.550064086914,0,0
-493.132751464844,162.050064086914,0,0
-493.129638671875,161.550079345703,0,0
-493.126525878906,161.050094604492,0,0
-493.123382568359,160.550094604492,0,0
-493.120269775391,160.050109863281,0,0
-493.117156982422,159.55012512207,0,0
-493.114044189453,159.05012512207,0,0
-493.110900878906,158.550140380859,0,0
-493.107788085938,158.050155639648,0,0
-493.104675292969,157.550155639648,0,0
-493.1015625,157.050170898437,0,0
-493.098419189453,156.550170898438,0,0
-493.095306396484,156.050186157227,0,0
-493.092193603516,155.550186157227,0,0
-493.089080810547,155.050201416016,0,0
-493.085968017578,154.550216674805,0,0
-493.082824707031,154.050216674805,0,0
-493.079711914062,153.550231933594,0,0
-493.076599121094,153.050247192383,0,0
-493.073486328125,152.550247192383,0,0
-493.070343017578,152.050262451172,0,0
-493.067230224609,151.550277709961,0,0
-493.064117431641,151.050277709961,0,0
-493.061004638672,150.55029296875,0,0
-493.057861328125,150.050308227539,0,0
-493.054748535156,149.550308227539,0,0
-493.051635742188,149.050323486328,0,0
-493.048522949219,148.550338745117,0,0
-493.045379638672,148.050338745117,0,0
-493.042266845703,147.550354003906,0,0
-493.039154052734,147.050369262695,0,0
-493.036041259766,146.550369262695,0,0
-493.032928466797,146.050384521484,0,0
-493.02978515625,145.550384521484,0,0
-493.026672363281,145.050399780273,0,0
-493.023559570313,144.550415039063,0,0
-493.020446777344,144.050415039063,0,0
-493.017303466797,143.550430297852,0,0
-493.014190673828,143.050430297852,0,0
-493.011077880859,142.550445556641,0,0
-493.007965087891,142.05046081543,0,0
-493.004821777344,141.55046081543,0,0
-493.001708984375,141.050476074219,0,0
-492.998596191406,140.550491333008,0,0
-492.995483398438,140.050491333008,0,0
-492.992370605469,139.550506591797,0,0
-492.989227294922,139.050521850586,0,0
-492.986114501953,138.550521850586,0,0
-492.983001708984,138.050537109375,0,0
-492.979888916016,137.550552368164,0,0
-492.976745605469,137.050552368164,0,0
-492.9736328125,136.550567626953,0,0
-492.970520019531,136.050582885742,0,0
-492.967407226563,135.550582885742,0,0
-492.964263916016,135.050598144531,0,0
-492.961151123047,134.55061340332,0,0
-492.958038330078,134.05061340332,0,0
-492.954925537109,133.550628662109,0,0
-492.951782226563,133.050628662109,0,0
-492.948669433594,132.550643920898,0,0
-492.945556640625,132.050643920898,0,0
-492.942443847656,131.550659179688,0,0
-492.939331054687,131.050674438477,0,0
-492.936187744141,130.550674438477,0,0
-492.933074951172,130.050689697266,0,0
-492.929962158203,129.550704956055,0,0
-492.926849365234,129.050704956055,0,0
-492.923706054688,128.550720214844,0,0
-492.920593261719,128.050735473633,0,0
-492.91748046875,127.550735473633,0,0
-492.914367675781,127.050743103027,0,0
-492.911224365234,126.550750732422,0,0
-492.908111572266,126.050758361816,0,0
-492.904998779297,125.550773620605,0,0
-492.901885986328,125.05078125,0,0
-492.898773193359,124.550788879395,0,0
-492.895629882813,124.050804138184,0,0
-492.892517089844,123.550811767578,0,0
-492.889404296875,123.050819396973,0,0
-492.886291503906,122.550834655762,0,0
-492.883148193359,122.050842285156,0,0
-492.880035400391,121.550849914551,0,0
-492.876922607422,121.050857543945,0,0
-492.873809814453,120.55086517334,0,0
-492.870666503906,120.050880432129,0,0
-492.867553710938,119.550888061523,0,0
-492.864440917969,119.050895690918,0,0
-492.861328125,118.550910949707,0,0
-492.858184814453,118.050918579102,0,0
-492.855072021484,117.550926208496,0,0
-492.851959228516,117.050941467285,0,0
-492.848846435547,116.55094909668,0,0
-492.845733642578,116.050956726074,0,0
-492.842590332031,115.550964355469,0,0
-492.839477539063,115.050971984863,0,0
-492.836364746094,114.550987243652,0,0
-492.833251953125,114.050994873047,0,0
-492.830108642578,113.551002502441,0,0
-492.826995849609,113.05101776123,0,0
-492.823883056641,112.551025390625,0,0
-492.820770263672,112.05103302002,0,0
-492.817626953125,111.551048278809,0,0
-492.814514160156,111.051055908203,0,0
-492.811401367188,110.551063537598,0,0
-492.808288574219,110.051071166992,0,0
-492.80517578125,109.551086425781,0,0
-492.802032470703,109.051094055176,0,0
-492.798919677734,108.55110168457,0,0
-492.795806884766,108.051109313965,0,0
-492.792694091797,107.551124572754,0,0
-492.78955078125,107.051132202148,0,0
-492.786437988281,106.551139831543,0,0
-492.783325195313,106.051155090332,0,0
-492.780212402344,105.551162719727,0,0
-492.777069091797,105.051170349121,0,0
-492.773956298828,104.551177978516,0,0
-492.770843505859,104.051193237305,0,0
-492.767730712891,103.551200866699,0,0
-492.764587402344,103.051208496094,0,0
-492.761474609375,102.551216125488,0,0
-492.758361816406,102.051231384277,0,0
-492.755249023438,101.551239013672,0,0
-492.752136230469,101.051246643066,0,0
-492.748992919922,100.551261901855,0,0
-492.745880126953,100.05126953125,0,0
-492.742767333984,99.5512771606445,0,0
-492.739654541016,99.0512847900391,0,0
-492.736511230469,98.5513000488281,0,0
-492.7333984375,98.0513076782227,0,0
-492.730285644531,97.5513153076172,0,0
-492.727172851563,97.0513229370117,0,0
-492.724029541016,96.5513381958008,0,0
-492.720916748047,96.0513458251953,0,0
-492.7177734375,95.5517272949219,0,0
-492.713256835938,95.0870819091797,0,0
-492.705657958984,94.6224822998047,0,0
-492.694915771484,94.1579284667969,0,0
-492.681030273438,93.6934814453125,0,0
-492.664031982422,93.229118347168,0,0
-492.643890380859,92.764892578125,0,0
-492.620635986328,92.3008193969727,0,0
-492.594299316406,91.8368911743164,0,0
-492.564788818359,91.373176574707,0,0
-492.532135009766,90.9096450805664,0,0
-492.496429443359,90.4463653564453,0,0
-492.457580566406,89.9833221435547,0,0
-492.415618896484,89.5205535888672,0,0
-492.370544433594,89.0580825805664,0,0
-492.322357177734,88.5959243774414,0,0
-492.271057128906,88.1341018676758,0,0
-492.216644287109,87.6726379394531,0,0
-492.159149169922,87.211540222168,0,0
-492.098510742188,86.750846862793,0,0
-492.034790039063,86.2905731201172,0,0
-491.967987060547,85.8307342529297,0,0
-491.898101806641,85.3713607788086,0,0
-491.825103759766,84.912467956543,0,0
-491.748992919922,84.4540710449219,0,0
-491.669860839844,83.9961853027344,0,0
-491.587615966797,83.5388717651367,0,0
-491.502288818359,83.0820922851563,0,0
-491.413909912109,82.6259155273437,0,0
-491.322448730469,82.1703414916992,0,0
-491.227935791016,81.7153930664063,0,0
-491.130340576172,81.2610855102539,0,0
-491.029724121094,80.8074569702148,0,0
-490.926025390625,80.3545150756836,0,0
-490.819274902344,79.9022674560547,0,0
-490.709503173828,79.4507522583008,0,0
-490.5966796875,79,0,0
-490.480834960938,78.5500030517578,0,0
-490.361968994141,78.1007995605469,0,0
-490.240081787109,77.6524124145508,0,0
-490.115173339844,77.2048492431641,0,0
-489.987243652344,76.7581405639649,0,0
-489.856323242188,76.3122863769531,0,0
-489.722412109375,75.8673477172852,0,0
-489.585510253906,75.4233093261719,0,0
-489.445617675781,74.9802017211914,0,0
-489.302764892578,74.5380477905273,0,0
-489.156921386719,74.0968627929688,0,0
-489.008087158203,73.6566772460938,0,0
-488.856292724609,73.2174911499024,0,0
-488.701599121094,72.7793502807617,0,0
-488.543914794922,72.3422546386719,0,0
-488.38330078125,71.9062194824219,0,0
-488.219787597656,71.4712829589844,0,0
-488.053314208984,71.0374603271484,0,0
-487.883941650391,70.6047668457031,0,0
-487.711669921875,70.173225402832,0,0
-487.536468505859,69.7428436279297,0,0
-487.3583984375,69.3136596679688,0,0
-487.177398681641,68.8856811523438,0,0
-486.993591308594,68.4589233398438,0,0
-486.806884765625,68.0334243774414,0,0
-486.617309570313,67.6091842651367,0,0
-486.424896240234,67.1862335205078,0,0
-486.229614257813,66.7645874023438,0,0
-486.031555175781,66.3442611694336,0,0
-485.830657958984,65.9252777099609,0,0
-485.626922607422,65.5076599121094,0,0
-485.420318603516,65.091423034668,0,0
-485.211029052734,64.6765823364258,0,0
-484.998901367188,64.2631607055664,0,0
-484.783966064453,63.8511772155762,0,0
-484.566314697266,63.4406509399414,0,0
-484.345886230469,63.0315933227539,0,0
-484.122711181641,62.6240310668945,0,0
-483.896850585938,62.2179832458496,0,0
-483.668182373047,61.8134651184082,0,0
-483.436798095703,61.4104919433594,0,0
-483.202758789063,61.0090827941895,0,0
-482.965972900391,60.609260559082,0,0
-482.7265625,60.2110443115234,0,0
-482.484405517578,59.8144454956055,0,0
-482.239654541016,59.4194869995117,0,0
-481.9921875,59.0261764526367,0,0
-481.742126464844,58.6345481872559,0,0
-481.489379882813,58.2446098327637,0,0
-481.234069824219,57.8563842773437,0,0
-480.976165771484,57.4698867797852,0,0
-480.715606689453,57.0851287841797,0,0
-480.452514648438,56.7021369934082,0,0
-480.186828613281,56.3209228515625,0,0
-479.918579101563,55.9414978027344,0,0
-479.647766113281,55.5638999938965,0,0
-479.374450683594,55.1881256103516,0,0
-479.098602294922,54.8141975402832,0,0
-478.820220947266,54.4421424865723,0,0
-478.539398193359,54.071964263916,0,0
-478.256011962891,53.7036819458008,0,0
-477.970184326172,53.3373184204102,0,0
-477.681915283203,52.9728927612305,0,0
-477.391235351563,52.6104049682617,0,0
-477.098052978516,52.249885559082,0,0
-476.802490234375,51.8913497924805,0,0
-476.504486083984,51.5348091125488,0,0
-476.204132080078,51.1802864074707,0,0
-475.9013671875,50.8277854919434,0,0
-475.596252441406,50.4773406982422,0,0
-475.288787841797,50.1289482116699,0,0
-474.97900390625,49.7826347351074,0,0
-474.666839599609,49.438419342041,0,0
-474.352416992187,49.096305847168,0,0
-474.035675048828,48.7563209533691,0,0
-473.716644287109,48.4184722900391,0,0
-473.395355224609,48.0827789306641,0,0
-473.071807861328,47.7492599487305,0,0
-472.746032714844,47.4179191589356,0,0
-472.418029785156,47.0887794494629,0,0
-472.087829589844,46.7618598937988,0,0
-471.755462646484,46.4371681213379,0,0
-471.420867919922,46.1147155761719,0,0
-471.084167480469,45.7945327758789,0,0
-470.745269775391,45.4766159057617,0,0
-470.404235839844,45.1609878540039,0,0
-470.061096191406,44.8476600646973,0,0
-469.715881347656,44.5366516113281,0,0
-469.368530273438,44.2279739379883,0,0
-469.019134521484,43.9216384887695,0,0
-468.667694091797,43.6176643371582,0,0
-468.314239501953,43.3160629272461,0,0
-467.958740234375,43.016845703125,0,0
-467.601226806641,42.720027923584,0,0
-467.241729736328,42.4256210327148,0,0
-466.880249023438,42.1336479187012,0,0
-466.516784667969,41.8441047668457,0,0
-466.151458740234,41.5570182800293,0,0
-465.784149169922,41.2723960876465,0,0
-465.414947509766,40.9902534484863,0,0
-465.043853759766,40.7106018066406,0,0
-464.6708984375,40.4334564208984,0,0
-464.296081542969,40.1588249206543,0,0
-463.91943359375,39.8867225646973,0,0
-463.540924072266,39.6171607971191,0,0
-463.16064453125,39.350154876709,0,0
-462.778594970703,39.0857124328613,0,0
-462.394714355469,38.823844909668,0,0
-462.009124755859,38.564567565918,0,0
-461.621765136719,38.3078956604004,0,0
-461.232727050781,38.0538330078125,0,0
-460.841979980469,37.8023948669434,0,0
-460.449523925781,37.553596496582,0,0
-460.055419921875,37.3074417114258,0,0
-459.65966796875,37.0639457702637,0,0
-459.262268066406,36.8231163024902,0,0
-458.86328125,36.5849685668945,0,0
-458.462677001953,36.3495063781738,0,0
-458.060516357422,36.116756439209,0,0
-457.656768798828,35.8867149353027,0,0
-457.251495361328,35.6593933105469,0,0
-456.8447265625,35.4348068237305,0,0
-456.436431884766,35.2129592895508,0,0
-456.026702880859,34.9938621520996,0,0
-455.615447998047,34.7775344848633,0,0
-455.202758789063,34.5639724731445,0,0
-454.788665771484,34.3532028198242,0,0
-454.373138427734,34.1452178955078,0,0
-453.956237792969,33.9400405883789,0,0
-453.537933349609,33.737663269043,0,0
-453.118286132812,33.5381164550781,0,0
-452.697357177734,33.3413887023926,0,0
-452.275024414063,33.1475105285645,0,0
-451.851501464844,32.956470489502,0,0
-451.426635742188,32.7682876586914,0,0
-451.00048828125,32.5829696655273,0,0
-450.573150634766,32.4005165100098,0,0
-450.144592285156,32.220947265625,0,0
-449.71484375,32.0442771911621,0,0
-449.283905029297,31.8704872131348,0,0
-448.851806640625,31.6996116638184,0,0
-448.418548583984,31.5316429138184,0,0
-447.984191894531,31.3665981292725,0,0
-447.548736572266,31.2044792175293,0,0
-447.112182617188,31.045295715332,0,0
-446.674560546875,30.8890495300293,0,0
-446.235900878906,30.7357578277588,0,0
-445.796234130859,30.5854148864746,0,0
-445.355560302734,30.438045501709,0,0
-444.913909912109,30.2936401367187,0,0
-444.471282958984,30.1522026062012,0,0
-444.027709960938,30.0137519836426,0,0
-443.583251953125,29.8782939910889,0,0
-443.137878417969,29.7458267211914,0,0
-442.691619873047,29.6163673400879,0,0
-442.244476318359,29.4899063110352,0,0
-441.796508789063,29.3664569854736,0,0
-441.347717285156,29.2460289001465,0,0
-440.898132324219,29.1286201477051,0,0
-440.44775390625,29.0142402648926,0,0
-439.996643066406,28.902904510498,0,0
-439.544738769531,28.7945919036865,0,0
-439.092163085938,28.6893310546875,0,0
-438.638885498047,28.5871200561523,0,0
-438.184936523438,28.4879608154297,0,0
-437.730316162109,28.3918609619141,0,0
-437.275054931641,28.2988147735596,0,0
-436.819183349609,28.2088470458984,0,0
-436.362701416016,28.1219425201416,0,0
-435.905670166016,28.0381088256836,0,0
-435.448120117188,27.9573574066162,0,0
-434.989959716797,27.8796920776367,0,0
-434.531341552734,27.8051013946533,0,0
-434.072204589844,27.7336025238037,0,0
-433.612579345703,27.6651954650879,0,0
-433.152557373047,27.5998878479004,0,0
-432.692077636719,27.5376777648926,0,0
-432.231170654297,27.4785690307617,0,0
-431.769897460937,27.4225540161133,0,0
-431.308258056641,27.3696556091309,0,0
-430.846282958984,27.319860458374,0,0
-430.383972167969,27.2731704711914,0,0
-429.921325683594,27.2296028137207,0,0
-429.458435058594,27.1891441345215,0,0
-428.995300292969,27.1518001556396,0,0
-428.531860351563,27.117582321167,0,0
-428.068267822266,27.0864791870117,0,0
-427.604431152344,27.0584926605225,0,0
-427.140441894531,27.033634185791,0,0
-426.676239013672,27.0118942260742,0,0
-426.211975097656,26.9932823181152,0,0
-425.74755859375,26.9777984619141,0,0
-425.283050537109,26.9654426574707,0,0
-424.818481445313,26.9562015533447,0,0
-424.353881835938,26.9500961303711,0,0
-423.871459960938,26.9465999603271,0,0
-423.371459960937,26.9433860778809,0,0
-422.871459960938,26.9401702880859,0,0
-422.371490478516,26.936954498291,0,0
-421.871490478516,26.9337406158447,0,0
-421.371490478516,26.9305248260498,0,0
-420.871520996094,26.9273109436035,0,0
-420.371520996094,26.9240951538086,0,0
-419.871520996094,26.9208793640137,0,0
-419.371551513672,26.9176654815674,0,0
-418.871551513672,26.9144496917725,0,0
-418.371551513672,26.9112358093262,0,0
-417.87158203125,26.9080200195312,0,0
-417.37158203125,26.904806137085,0,0
-416.87158203125,26.90159034729,0,0
-416.371612548828,26.8983745574951,0,0
-415.871612548828,26.8951606750488,0,0
-415.371612548828,26.8919448852539,0,0
-414.871643066406,26.8887310028076,0,0
-414.371643066406,26.8855152130127,0,0
-413.871643066406,26.8822994232178,0,0
-413.371673583984,26.8790855407715,0,0
-412.871673583984,26.8758697509766,0,0
-412.371704101563,26.8726539611816,0,0
-411.871704101563,26.8694400787354,0,0
-411.371734619141,26.8662242889404,0,0
-410.871734619141,26.8630104064941,0,0
-410.371734619141,26.8597946166992,0,0
-409.871734619141,26.8565807342529,0,0
-409.371765136719,26.853364944458,0,0
-408.871765136719,26.8501491546631,0,0
-408.371795654297,26.8469352722168,0,0
-407.871795654297,26.8437194824219,0,0
-407.371795654297,26.8405055999756,0,0
-406.871795654297,26.8372898101807,0,0
-406.371826171875,26.8340740203857,0,0
-405.871826171875,26.8308601379395,0,0
-405.371856689453,26.8276443481445,0,0
-404.871856689453,26.8244304656982,0,0
-404.371856689453,26.8212146759033,0,0
-403.871856689453,26.8179988861084,0,0
-403.371887207031,26.8147850036621,0,0
-402.871887207031,26.8115692138672,0,0
-402.371917724609,26.8083553314209,0,0
-401.871917724609,26.805139541626,0,0
-401.371917724609,26.8019256591797,0,0
-400.871948242188,26.7987098693848,0,0
-400.371948242188,26.7954940795898,0,0
-399.871948242187,26.7922801971436,0,0
-399.371978759766,26.7890644073486,0,0
-398.871978759766,26.7858505249023,0,0
-398.371978759766,26.7826347351074,0,0
-397.872009277344,26.7794189453125,0,0
-397.372009277344,26.7762050628662,0,0
-396.872009277344,26.7729892730713,0,0
-396.372039794922,26.769775390625,0,0
-395.872039794922,26.7665596008301,0,0
-395.372039794922,26.7633438110352,0,0
-394.8720703125,26.7601299285889,0,0
-394.3720703125,26.7569141387939,0,0
-393.8720703125,26.7537002563477,0,0
-393.372100830078,26.7504844665527,0,0
-392.872100830078,26.7472705841064,0,0
-392.372100830078,26.7440547943115,0,0
-391.872131347656,26.7408390045166,0,0
-391.372131347656,26.7376251220703,0,0
-390.872131347656,26.7344093322754,0,0
-390.372161865234,26.7311954498291,0,0
-389.872161865234,26.7279796600342,0,0
-389.372161865234,26.7247638702393,0,0
-388.872192382812,26.721549987793,0,0
-388.372192382812,26.718334197998,0,0
-387.872192382813,26.7151203155518,0,0
-387.372222900391,26.7119045257568,0,0
-386.872222900391,26.7086887359619,0,0
-386.372222900391,26.7054748535156,0,0
-385.872253417969,26.7022590637207,0,0
-385.372253417969,26.6990451812744,0,0
-384.872253417969,26.6958293914795,0,0
-384.372283935547,26.6926155090332,0,0
-383.872283935547,26.6893997192383,0,0
-383.372283935547,26.6861839294434,0,0
-382.872314453125,26.6829700469971,0,0
-382.372314453125,26.6797542572021,0,0
-381.872314453125,26.6765403747559,0,0
-381.372344970703,26.6733245849609,0,0
-380.872344970703,26.670108795166,0,0
-380.372344970703,26.6668949127197,0,0
-379.872375488281,26.6636791229248,0,0
-379.372375488281,26.6604652404785,0,0
-378.872406005859,26.6572494506836,0,0
-378.372406005859,26.6540336608887,0,0
-377.872406005859,26.6508197784424,0,0
-377.372406005859,26.6476039886475,0,0
-376.872436523437,26.6443901062012,0,0
-376.372436523437,26.6411743164062,0,0
-375.872467041016,26.63796043396,0,0
-375.372467041016,26.634744644165,0,0
-374.872467041016,26.6315288543701,0,0
-374.372497558594,26.6283149719238,0,0
-373.872497558594,26.6250991821289,0,0
-373.372497558594,26.6218852996826,0,0
-372.872528076172,26.6186695098877,0,0
-372.372528076172,26.6154537200928,0,0
-371.872528076172,26.6122398376465,0,0
-371.37255859375,26.6090240478516,0,0
-370.87255859375,26.6058101654053,0,0
-370.37255859375,26.6025943756104,0,0
-369.872589111328,26.5993785858154,0,0
-369.372589111328,26.5961647033691,0,0
-368.872589111328,26.5929489135742,0,0
-368.372619628906,26.5897350311279,0,0
-367.872619628906,26.586519241333,0,0
-367.372619628906,26.5833053588867,0,0
-366.872650146484,26.5800895690918,0,0
-366.372650146484,26.5768737792969,0,0
-365.872650146484,26.5736598968506,0,0
-365.372680664063,26.5704441070557,0,0
-364.872680664062,26.5672302246094,0,0
-364.372680664062,26.5640144348145,0,0
-363.872711181641,26.5607986450195,0,0
-363.372711181641,26.5575847625732,0,0
-362.872711181641,26.5543689727783,0,0
-362.372741699219,26.551155090332,0,0
-361.872741699219,26.5479393005371,1.29209374790662E-05,0.00555419921875
-361.372741699219,26.5447235107422,0.000107172054413,0.016021728515625
-360.872772216797,26.5415096282959,0.000292759505101,0.0264892578125
-360.372772216797,26.538293838501,0.000569683325011,0.036956787109375
-359.872772216797,26.5350799560547,0.000937943463214,0.04742431640625
-359.372802734375,26.5318641662598,0.001397539977916,0.057891845703125
-358.872802734375,26.5286502838135,0.001948472810909,0.068359375
-358.372802734375,26.5254344940186,0.002590741962194,0.078826904296875
-357.872833251953,26.5222187042236,0.003324347548187,0.08929443359375
-357.372833251953,26.5190048217773,0.004149289336056,0.099761962890625
-356.872833251953,26.5157890319824,0.005065567791462,0.1102294921875
-356.372833251953,26.5125751495361,0.006073181983083,0.120697021484375
-355.872863769531,26.5093593597412,0.007172132842243,0.13116455078125
-355.372863769531,26.5061435699463,0.008362419903278,0.141632080078125
-354.872863769531,26.5029296875,0.009644043631852,0.152099609375
-354.372894287109,26.4997138977051,0.011017004027963,0.162567138671875
-353.872894287109,26.4965000152588,0.012481300160289,0.17303466796875
-353.372894287109,26.4932842254639,0.014036932960153,0.183502197265625
-352.872924804687,26.4900684356689,0.015683902427554,0.1939697265625
-352.376525878906,26.487003326416,0.017422206699848,0.204437255859375
-351.881744384766,26.4844093322754,0.01925184763968,0.21490478515625
-351.387023925781,26.482292175293,0.021172827109695,0.225372314453125
-350.892303466797,26.4806938171387,0.023185141384602,0.23583984375
-350.397552490234,26.4795761108398,0.025288792327046,0.246307373046875
-349.902770996094,26.4789695739746,0.027483778074384,0.25677490234375
-349.408050537109,26.4788513183594,0.029770102351904,0.2672119140625
-348.913299560547,26.4792137145996,0.032147761434317,0.277679443359375
-348.413757324219,26.4798583984375,0.034616757184267,0.28814697265625
-347.913757324219,26.4805297851562,0.037177089601755,0.298614501953125
-347.413757324219,26.4811992645264,0.039828758686781,0.30908203125
-346.913757324219,26.4818706512451,0.042571764439345,0.319549560546875
-346.413757324219,26.4825401306152,0.045406106859446,0.33001708984375
-345.913757324219,26.483211517334,0.048331782221794,0.340484619140625
-345.413757324219,26.4838809967041,0.051348797976971,0.3509521484375
-344.913757324219,26.4845523834229,0.054457146674395,0.361419677734375
-344.413757324219,26.485221862793,0.057656835764647,0.37188720703125
-343.913757324219,26.4858932495117,0.060947857797146,0.382354736328125
-343.413757324219,26.4865627288818,0.064330220222473,0.392822265625
-342.913757324219,26.4872341156006,0.067803911864758,0.403289794921875
-342.413757324219,26.4879035949707,0.07136894762516,0.41375732421875
-341.913757324219,26.4885749816895,0.07502531260252,0.424224853515625
-341.413757324219,26.4892444610596,0.078773021697998,0.4346923828125
-340.913757324219,26.4899158477783,0.082612060010433,0.445159912109375
-340.413757324219,26.4905853271484,0.086542434990406,0.45562744140625
-339.913757324219,26.4912567138672,0.090564154088497,0.466094970703125
-339.413757324219,26.4919261932373,0.094677202403545,0.4765625
-338.913757324219,26.4925975799561,0.098881587386131,0.487030029296875
-338.413757324219,26.4932670593262,0.103177309036255,0.49749755859375
-337.913757324219,26.4939384460449,0.107564367353916,0.507965087890625
-337.413757324219,26.494607925415,0.112042762339115,0.5184326171875
-336.913757324219,26.4952793121338,0.116612501442432,0.528900146484375
-336.413757324219,26.4959487915039,0.121273569762707,0.539337158203125
-335.913757324219,26.4966201782227,0.126025974750519,0.5498046875
-335.413757324219,26.4972896575928,0.130869716405869,0.560272216796875
-334.913757324219,26.4979591369629,0.135804787278175,0.57073974609375
-334.413757324219,26.4986305236816,0.1408312022686,0.581207275390625
-333.913757324219,26.4993000030518,0.145948946475983,0.5916748046875
-333.413757324219,26.4999713897705,0.151158034801483,0.602142333984375
-332.913757324219,26.5006408691406,0.156458467245102,0.61260986328125
-332.413757324219,26.5013122558594,0.161850214004517,0.623077392578125
-331.913757324219,26.5019817352295,0.167333319783211,0.633544921875
-331.413757324219,26.5026531219482,0.172907754778862,0.644012451171875
-330.913757324219,26.5033226013184,0.17857351899147,0.65447998046875
-330.413757324219,26.5039939880371,0.184330627322197,0.664947509765625
-329.913757324219,26.5046634674072,0.190179064869881,0.6754150390625
-329.413757324219,26.505334854126,0.196118831634521,0.685882568359375
-328.913757324219,26.5060043334961,0.202149957418442,0.69635009765625
-328.413757324219,26.5066757202148,0.208272397518158,0.706817626953125
-327.913757324219,26.507345199585,0.214486181735992,0.71728515625
-327.413757324219,26.5080165863037,0.220791310071945,0.727752685546875
-326.913757324219,26.5086860656738,0.227187767624855,0.73822021484375
-326.413757324219,26.5093574523926,0.233675569295883,0.748687744140625
-325.913757324219,26.5100269317627,0.240254700183868,0.7591552734375
-325.413757324219,26.5106983184814,0.246925160288811,0.769622802734375
-324.913757324219,26.5113677978516,0.253686964511871,0.78009033203125
-324.413757324219,26.5120391845703,0.260540097951889,0.790557861328125
-323.913757324219,26.5127086639404,0.267484575510025,0.801025390625
-323.413757324219,26.5133781433105,0.274520397186279,0.811492919921875
-322.913757324219,26.5140495300293,0.281647562980652,0.821929931640625
-322.413757324219,26.5147190093994,0.28886604309082,0.8323974609375
-321.913757324219,26.5153903961182,0.296175867319107,0.842864990234375
-321.413757324219,26.5160598754883,0.30357700586319,0.85333251953125
-320.913757324219,26.516731262207,0.311069518327713,0.863800048828125
-320.413757324219,26.5174007415771,0.318653345108032,0.874267578125
-319.913757324219,26.5180721282959,0.32632851600647,0.884735107421875
-319.413757324219,26.518741607666,0.334095001220703,0.89520263671875
-318.913757324219,26.5194129943848,0.341952860355377,0.905670166015625
-318.413757324219,26.5200824737549,0.349902033805847,0.9161376953125
-317.913757324219,26.5207538604736,0.357942551374435,0.926605224609375
-317.413757324219,26.5214233398437,0.36607438325882,0.93707275390625
-316.913757324219,26.5220947265625,0.374297589063644,0.947540283203125
-316.413757324219,26.5227642059326,0.382612109184265,0.9580078125
-315.913757324219,26.5234355926514,0.391017973423004,0.968475341796875
-315.413757324219,26.5241050720215,0.399515151977539,0.97894287109375
-314.913757324219,26.5247764587402,0.408103674650192,0.989410400390625
-314.413757324219,26.5254459381104,0.416783541440964,0.9998779296875
-313.913757324219,26.5261173248291,0.425554752349854,1.01034545898438
-313.413757324219,26.5267868041992,0.434417307376862,1.02081298828125
-312.913757324219,26.527458190918,0.443371176719665,1.03128051757813
-312.413757324219,26.5281276702881,0.452416390180588,1.041748046875
-311.913757324219,26.5287990570068,0.461552947759628,1.05221557617188
-311.413757324219,26.529468536377,0.470780819654465,1.06268310546875
-310.913757324219,26.5301399230957,0.480100035667419,1.07315063476563
-310.413757324219,26.5308094024658,0.489510595798492,1.0836181640625
-309.913787841797,26.5314788818359,0.499012500047684,1.09405517578125
-309.413787841797,26.5321502685547,0.508605718612671,1.10452270507813
-308.913787841797,26.5328197479248,0.518290281295776,1.114990234375
-308.413787841797,26.5334911346436,0.528066217899323,1.12545776367188
-307.913787841797,26.5341606140137,0.53793340921402,1.13592529296875
-307.413787841797,26.5348320007324,0.547892034053803,1.14639282226563
-306.913787841797,26.5355014801025,0.557941913604736,1.1568603515625
-306.413787841797,26.5361728668213,0.568083167076111,1.16732788085938
-305.913787841797,26.5368423461914,0.578315734863281,1.17779541015625
-305.413787841797,26.5375137329102,0.588639676570892,1.18826293945313
-304.913787841797,26.5381832122803,0.599054932594299,1.19873046875
-304.413787841797,26.538854598999,0.609561502933502,1.20919799804688
-303.913787841797,26.5395240783691,0.620159447193146,1.21966552734375
-303.413787841797,26.5401954650879,0.630848705768585,1.23013305664063
-302.913787841797,26.540864944458,0.641629338264465,1.2406005859375
-302.413787841797,26.5415363311768,0.652501285076141,1.25106811523438
-301.913787841797,26.5422058105469,0.663464546203613,1.26153564453125
-301.413787841797,26.5428771972656,0.674519181251526,1.27200317382813
-300.913787841797,26.5435466766357,0.685665130615234,1.282470703125
-300.413787841797,26.5442180633545,0.696902394294739,1.29293823242188
-299.913787841797,26.5448875427246,0.708231031894684,1.30340576171875
-299.413787841797,26.5455589294434,0.719650983810425,1.31387329101563
-298.913787841797,26.5462284088135,0.731162250041962,1.3243408203125
-298.413787841797,26.5468997955322,0.742764890193939,1.33480834960938
-297.913787841797,26.5475692749023,0.754458844661713,1.34527587890625
-297.413787841797,26.5482387542725,0.766244173049927,1.35574340820313
-296.913787841797,26.5489101409912,0.778120815753937,1.3662109375
-296.413787841797,26.5495796203613,0.790088772773743,1.37664794921875
-295.913787841797,26.5502510070801,0.802148103713989,1.38711547851563
-295.413787841797,26.5509204864502,0.814298748970032,1.3975830078125
-294.913787841797,26.5515918731689,0.82654070854187,1.40805053710938
-294.413787841797,26.5522613525391,0.838874042034149,1.41851806640625
-293.913787841797,26.5529327392578,0.851298689842224,1.42898559570313
-293.413787841797,26.5536022186279,0.86381471157074,1.439453125
-292.913818359375,26.5542736053467,0.876422047615051,1.44992065429688
-292.413818359375,26.5549430847168,0.889120697975159,1.46038818359375
-291.913818359375,26.5556144714355,0.901910722255707,1.47085571289063
-291.413818359375,26.5562839508057,0.914792060852051,1.4813232421875
-290.913818359375,26.5569553375244,0.927764713764191,1.49179077148438
-290.413818359375,26.5576248168945,0.940828740596771,1.50225830078125
-289.913818359375,26.5582962036133,0.953984081745148,1.51272583007813
-289.413818359375,26.5589656829834,0.96723073720932,1.523193359375
-288.913818359375,26.5596370697021,0.980568766593933,1.53366088867188
-288.413818359375,26.5603065490723,0.993998110294342,1.54412841796875
-287.913818359375,26.560977935791,1.00751888751984,1.55459594726563
-287.413818359375,26.5616474151611,1.02113091945648,1.5650634765625
-286.913818359375,26.5623188018799,1.03483426570892,1.57553100585938
-286.413818359375,26.56298828125,1.04862892627716,1.58599853515625
-285.913818359375,26.5636596679687,1.06251502037048,1.59646606445313
-285.413818359375,26.5643291473389,1.07649230957031,1.60693359375
-284.913818359375,26.564998626709,1.09056103229523,1.61740112304688
-284.413818359375,26.5656700134277,1.10472106933594,1.62786865234375
-283.913818359375,26.5663394927979,1.11897253990173,1.63833618164063
-283.413818359375,26.5670108795166,1.13331520557404,1.64877319335938
-282.913818359375,26.5676803588867,1.14774930477142,1.65924072265625
-282.413818359375,26.5683517456055,1.16227471828461,1.66970825195313
-281.913818359375,26.5690212249756,1.17689144611359,1.68017578125
-281.413818359375,26.5696926116943,1.19159948825836,1.69064331054688
-280.913818359375,26.5703620910645,1.20639884471893,1.70111083984375
-280.413818359375,26.5710334777832,1.22128963470459,1.71157836914063
-279.913818359375,26.5717029571533,1.23627161979675,1.7220458984375
-279.413818359375,26.5723743438721,1.251345038414,1.73251342773438
-278.913818359375,26.5730438232422,1.26650989055634,1.74298095703125
-278.413818359375,26.5737152099609,1.28176593780518,1.75344848632813
-277.913818359375,26.5743846893311,1.29711329936981,1.763916015625
-277.413818359375,26.5750560760498,1.31255209445953,1.77438354492188
-276.913818359375,26.5757255554199,1.32808220386505,1.78485107421875
-276.413818359375,26.5763969421387,1.34370362758636,1.79531860351563
-275.913818359375,26.5770664215088,1.35941636562347,1.8057861328125
-275.413818359375,26.5777378082275,1.37522053718567,1.81625366210938
-274.913818359375,26.5784072875977,1.39111590385437,1.82672119140625
-274.413818359375,26.5790786743164,1.40710270404816,1.83718872070313
-273.913818359375,26.5797481536865,1.42318081855774,1.84765625
-273.413818359375,26.5804195404053,1.43935024738312,1.85812377929688
-272.913818359375,26.5810890197754,1.45561099052429,1.86859130859375
-272.413818359375,26.5817584991455,1.47196316719055,1.87905883789063
-271.913818359375,26.5824298858643,1.48840665817261,1.8895263671875
-271.413818359375,26.5830993652344,1.50494146347046,1.89999389648438
