x,y,z,yaw,road_id,lane_id
527.598,-24.387,0.000,-179.87,1206,-7
527.591,-20.887,0.000,-179.87,1206,-6
527.583,-17.387,0.000,-179.87,1206,-5
527.575,-13.887,0.000,-179.87,1206,-4
527.568,-10.387,0.000,-179.87,1206,-3
525.598,-24.391,0.000,-179.87,1206,-7
525.591,-20.891,0.000,-179.87,1206,-6
525.583,-17.391,0.000,-179.87,1206,-5
525.575,-13.891,0.000,-179.87,1206,-4
525.568,-10.391,0.000,-179.87,1206,-3
523.598,-24.395,0.000,-179.87,1206,-7
523.591,-20.896,0.000,-179.87,1206,-6
523.583,-17.396,0.000,-179.87,1206,-5
523.575,-13.896,0.000,-179.87,1206,-4
523.568,-10.396,0.000,-179.87,1206,-3
521.598,-24.400,0.000,-179.87,1206,-7
521.591,-20.900,0.000,-179.87,1206,-6
521.583,-17.400,0.000,-179.87,1206,-5
521.575,-13.900,0.000,-179.87,1206,-4
521.568,-10.400,0.000,-179.87,1206,-3
519.598,-24.404,0.000,-179.87,1206,-7
519.591,-20.904,0.000,-179.87,1206,-6
519.583,-17.404,0.000,-179.87,1206,-5
519.575,-13.904,0.000,-179.87,1206,-4
519.568,-10.404,0.000,-179.87,1206,-3
517.598,-24.409,0.000,-179.87,1206,-7
517.591,-20.909,0.000,-179.87,1206,-6
517.583,-17.409,0.000,-179.87,1206,-5
517.575,-13.909,0.000,-179.87,1206,-4
517.568,-10.409,0.000,-179.87,1206,-3
515.598,-24.413,0.000,-179.87,1206,-7
515.591,-20.913,0.000,-179.87,1206,-6
515.583,-17.413,0.000,-179.87,1206,-5
515.575,-13.913,0.000,-179.87,1206,-4
515.568,-10.413,0.000,-179.87,1206,-3
513.598,-24.417,0.000,-179.87,1206,-7
513.591,-20.917,0.000,-179.87,1206,-6
513.583,-17.417,0.000,-179.87,1206,-5
513.575,-13.917,0.000,-179.87,1206,-4
513.568,-10.417,0.000,-179.87,1206,-3
511.598,-24.422,0.000,-179.87,1206,-7
511.591,-20.922,0.000,-179.87,1206,-6
511.583,-17.422,0.000,-179.87,1206,-5
511.575,-13.922,0.000,-179.87,1206,-4
511.568,-10.422,0.000,-179.87,1206,-3
509.598,-24.426,0.000,-179.87,1206,-7
509.591,-20.926,0.000,-179.87,1206,-6
509.583,-17.426,0.000,-179.87,1206,-5
509.575,-13.926,0.000,-179.87,1206,-4
509.568,-10.426,0.000,-179.87,1206,-3
507.598,-24.430,0.000,-179.87,1206,-7
507.591,-20.930,0.000,-179.87,1206,-6
507.583,-17.430,0.000,-179.87,1206,-5
507.575,-13.930,0.000,-179.87,1206,-4
507.568,-10.430,0.000,-179.87,1206,-3
505.598,-24.435,0.000,-179.87,1206,-7
505.591,-20.935,0.000,-179.87,1206,-6
505.583,-17.435,0.000,-179.87,1206,-5
505.575,-13.935,0.000,-179.87,1206,-4
505.568,-10.435,0.000,-179.87,1206,-3
503.598,-24.439,0.000,-179.87,1206,-7
503.591,-20.939,0.000,-179.87,1206,-6
503.583,-17.439,0.000,-179.87,1206,-5
503.575,-13.939,0.000,-179.87,1206,-4
503.568,-10.439,0.000,-179.87,1206,-3
501.598,-24.444,0.000,-179.87,1206,-7
501.591,-20.944,0.000,-179.87,1206,-6
501.583,-17.444,0.000,-179.87,1206,-5
501.575,-13.944,0.000,-179.87,1206,-4
501.568,-10.444,0.000,-179.87,1206,-3
499.598,-24.448,0.000,-179.87,1206,-7
499.591,-20.948,0.000,-179.87,1206,-6
499.583,-17.448,0.000,-179.87,1206,-5
499.575,-13.948,0.000,-179.87,1206,-4
499.568,-10.448,0.000,-179.87,1206,-3
497.598,-24.452,0.000,-179.87,1206,-7
497.591,-20.952,0.000,-179.87,1206,-6
497.583,-17.452,0.000,-179.87,1206,-5
497.575,-13.952,0.000,-179.87,1206,-4
497.568,-10.452,0.000,-179.87,1206,-3
495.598,-24.457,0.000,-179.87,1206,-7
495.591,-20.957,0.000,-179.87,1206,-6
495.583,-17.457,0.000,-179.87,1206,-5
495.575,-13.957,0.000,-179.87,1206,-4
495.568,-10.457,0.000,-179.87,1206,-3
493.598,-24.461,0.000,-179.87,1206,-7
493.591,-20.961,0.000,-179.87,1206,-6
493.583,-17.461,0.000,-179.87,1206,-5
493.575,-13.961,0.000,-179.87,1206,-4
493.568,-10.461,0.000,-179.87,1206,-3
72.866,251.550,0.000,0.02,1190,-7
72.867,248.050,0.000,0.02,1190,-6
72.868,244.550,0.000,0.02,1190,-5
72.869,241.050,0.000,0.02,1190,-4
72.871,237.550,0.000,0.02,1190,-3
74.866,251.551,0.000,0.02,1190,-7
74.867,248.051,0.000,0.02,1190,-6
74.868,244.551,0.000,0.02,1190,-5
74.869,241.051,0.000,0.02,1190,-4
74.871,237.551,0.000,0.02,1190,-3
76.866,251.552,0.000,0.02,1190,-7
76.867,248.052,0.000,0.02,1190,-6
76.868,244.552,0.000,0.02,1190,-5
76.869,241.052,0.000,0.02,1190,-4
76.871,237.552,0.000,0.02,1190,-3
78.866,251.553,0.000,0.02,1190,-7
78.867,248.053,0.000,0.02,1190,-6
78.868,244.553,0.000,0.02,1190,-5
78.869,241.053,0.000,0.02,1190,-4
78.871,237.553,0.000,0.02,1190,-3
80.866,251.553,0.000,0.02,1190,-7
80.867,248.053,0.000,0.02,1190,-6
80.868,244.553,0.000,0.02,1190,-5
80.869,241.053,0.000,0.02,1190,-4
80.871,237.553,0.000,0.02,1190,-3
82.866,251.554,0.000,0.02,1190,-7
82.867,248.054,0.000,0.02,1190,-6
82.868,244.554,0.000,0.02,1190,-5
82.869,241.054,0.000,0.02,1190,-4
82.871,237.554,0.000,0.02,1190,-3
84.866,251.555,0.000,0.02,1190,-7
84.867,248.055,0.000,0.02,1190,-6
84.868,244.555,0.000,0.02,1190,-5
84.869,241.055,0.000,0.02,1190,-4
84.871,237.555,0.000,0.02,1190,-3
86.866,251.555,0.000,0.02,1190,-7
86.867,248.055,0.000,0.02,1190,-6
86.868,244.555,0.000,0.02,1190,-5
86.869,241.055,0.000,0.02,1190,-4
86.871,237.555,0.000,0.02,1190,-3
88.866,251.556,0.000,0.02,1190,-7
88.867,248.056,0.000,0.02,1190,-6
88.868,244.556,0.000,0.02,1190,-5
88.869,241.056,0.000,0.02,1190,-4
88.871,237.556,0.000,0.02,1190,-3
90.866,251.557,0.000,0.02,1190,-7
90.867,248.057,0.000,0.02,1190,-6
90.868,244.557,0.000,0.02,1190,-5
90.869,241.057,0.000,0.02,1190,-4
90.871,237.557,0.000,0.02,1190,-3
92.866,251.557,0.000,0.02,1190,-7
92.867,248.057,0.000,0.02,1190,-6
92.868,244.557,0.000,0.02,1190,-5
92.869,241.057,0.000,0.02,1190,-4
92.871,237.557,0.000,0.02,1190,-3
94.866,251.558,0.000,0.02,1190,-7
94.867,248.058,0.000,0.02,1190,-6
94.868,244.558,0.000,0.02,1190,-5
94.869,241.058,0.000,0.02,1190,-4
94.871,237.558,0.000,0.02,1190,-3
96.866,251.559,0.000,0.02,1190,-7
96.867,248.059,0.000,0.02,1190,-6
96.868,244.559,0.000,0.02,1190,-5
96.869,241.059,0.000,0.02,1190,-4
96.871,237.559,0.000,0.02,1190,-3
98.866,251.559,0.000,0.02,1190,-7
98.867,248.059,0.000,0.02,1190,-6
98.868,244.559,0.000,0.02,1190,-5
98.869,241.059,0.000,0.02,1190,-4
98.871,237.559,0.000,0.02,1190,-3
100.866,251.560,0.000,0.02,1190,-7
100.867,248.060,0.000,0.02,1190,-6
100.868,244.560,0.000,0.02,1190,-5
100.869,241.060,0.000,0.02,1190,-4
100.871,237.560,0.000,0.02,1190,-3
102.866,251.561,0.000,0.02,1190,-7
102.867,248.061,0.000,0.02,1190,-6
102.868,244.561,0.000,0.02,1190,-5
102.869,241.061,0.000,0.02,1190,-4
102.871,237.561,0.000,0.02,1190,-3
104.866,251.561,0.000,0.02,1190,-7
104.867,248.061,0.000,0.02,1190,-6
104.868,244.561,0.000,0.02,1190,-5
104.869,241.061,0.000,0.02,1190,-4
104.871,237.561,0.000,0.02,1190,-3
106.866,251.562,0.000,0.02,1190,-7
106.867,248.062,0.000,0.02,1190,-6
106.868,244.562,0.000,0.02,1190,-5
106.869,241.062,0.000,0.02,1190,-4
106.871,237.562,0.000,0.02,1190,-3
108.866,251.563,0.000,0.02,1190,-7
108.867,248.063,0.000,0.02,1190,-6
108.868,244.563,0.000,0.02,1190,-5
108.869,241.063,0.000,0.02,1190,-4
108.871,237.563,0.000,0.02,1190,-3
110.866,251.563,0.000,0.02,1190,-7
110.867,248.063,0.000,0.02,1190,-6
110.868,244.563,0.000,0.02,1190,-5
110.869,241.063,0.000,0.02,1190,-4
110.871,237.563,0.000,0.02,1190,-3
112.866,251.564,0.000,0.02,1190,-7
112.867,248.064,0.000,0.02,1190,-6
112.868,244.564,0.000,0.02,1190,-5
112.869,241.064,0.000,0.02,1190,-4
112.871,237.564,0.000,0.02,1190,-3
114.866,251.565,0.000,0.02,1190,-7
114.867,248.065,0.000,0.02,1190,-6
114.868,244.565,0.000,0.02,1190,-5
114.869,241.065,0.000,0.02,1190,-4
114.871,237.565,0.000,0.02,1190,-3
116.866,251.565,0.000,0.02,1190,-7
116.867,248.065,0.000,0.02,1190,-6
116.868,244.565,0.000,0.02,1190,-5
116.869,241.065,0.000,0.02,1190,-4
116.871,237.565,0.000,0.02,1190,-3
118.866,251.566,0.000,0.02,1190,-7
118.867,248.066,0.000,0.02,1190,-6
118.868,244.566,0.000,0.02,1190,-5
118.869,241.066,0.000,0.02,1190,-4
118.871,237.566,0.000,0.02,1190,-3
120.866,251.567,0.000,0.02,1190,-7
120.867,248.067,0.000,0.02,1190,-6
120.868,244.567,0.000,0.02,1190,-5
120.869,241.067,0.000,0.02,1190,-4
120.871,237.567,0.000,0.02,1190,-3
122.866,251.568,0.000,0.02,1190,-7
122.867,248.068,0.000,0.02,1190,-6
122.868,244.568,0.000,0.02,1190,-5
122.869,241.068,0.000,0.02,1190,-4
122.871,237.568,0.000,0.02,1190,-3
124.866,251.568,0.000,0.02,1190,-7
124.867,248.068,0.000,0.02,1190,-6
124.868,244.568,0.000,0.02,1190,-5
124.869,241.068,0.000,0.02,1190,-4
124.871,237.568,0.000,0.02,1190,-3
126.866,251.569,0.000,0.02,1190,-7
126.867,248.069,0.000,0.02,1190,-6
126.868,244.569,0.000,0.02,1190,-5
126.869,241.069,0.000,0.02,1190,-4
126.871,237.569,0.000,0.02,1190,-3
154.419,-23.499,0.000,179.79,1164,-6
154.432,-19.999,0.000,179.79,1164,-5
154.444,-16.499,0.000,179.79,1164,-4
154.457,-12.999,0.000,179.79,1164,-3
152.419,-23.492,0.000,179.79,1164,-6
152.432,-19.992,0.000,179.79,1164,-5
152.444,-16.492,0.000,179.79,1164,-4
152.457,-12.992,0.000,179.79,1164,-3
150.419,-23.485,0.000,179.79,1164,-6
150.432,-19.985,0.000,179.79,1164,-5
150.444,-16.485,0.000,179.79,1164,-4
150.457,-12.985,0.000,179.79,1164,-3
148.419,-23.478,0.000,179.79,1164,-6
148.432,-19.978,0.000,179.79,1164,-5
148.444,-16.478,0.000,179.79,1164,-4
148.457,-12.978,0.000,179.79,1164,-3
146.419,-23.470,0.000,179.79,1164,-6
146.432,-19.970,0.000,179.79,1164,-5
146.444,-16.470,0.000,179.79,1164,-4
146.457,-12.970,0.000,179.79,1164,-3
144.419,-23.463,0.000,179.79,1164,-6
144.432,-19.963,0.000,179.79,1164,-5
144.444,-16.463,0.000,179.79,1164,-4
144.457,-12.963,0.000,179.79,1164,-3
142.419,-23.456,0.000,179.79,1164,-6
142.432,-19.956,0.000,179.79,1164,-5
142.444,-16.456,0.000,179.79,1164,-4
142.457,-12.956,0.000,179.79,1164,-3
140.419,-23.448,0.000,179.79,1164,-6
140.432,-19.948,0.000,179.79,1164,-5
140.445,-16.448,0.000,179.79,1164,-4
140.457,-12.948,0.000,179.79,1164,-3
138.419,-23.441,0.000,179.79,1164,-6
138.432,-19.941,0.000,179.79,1164,-5
138.445,-16.441,0.000,179.79,1164,-4
138.457,-12.941,0.000,179.79,1164,-3
136.419,-23.434,0.000,179.79,1164,-6
136.432,-19.934,0.000,179.79,1164,-5
136.445,-16.434,0.000,179.79,1164,-4
136.457,-12.934,0.000,179.79,1164,-3
134.419,-23.427,0.000,179.79,1164,-6
134.432,-19.927,0.000,179.79,1164,-5
134.445,-16.427,0.000,179.79,1164,-4
134.457,-12.927,0.000,179.79,1164,-3
132.419,-23.419,0.000,179.79,1164,-6
132.432,-19.919,0.000,179.79,1164,-5
132.445,-16.419,0.000,179.79,1164,-4
132.457,-12.919,0.000,179.79,1164,-3
130.419,-23.412,0.000,179.79,1164,-6
130.432,-19.912,0.000,179.79,1164,-5
130.445,-16.412,0.000,179.79,1164,-4
130.457,-12.912,0.000,179.79,1164,-3
128.419,-23.405,0.000,179.79,1164,-6
128.432,-19.905,0.000,179.79,1164,-5
128.445,-16.405,0.000,179.79,1164,-4
128.457,-12.905,0.000,179.79,1164,-3
126.419,-23.397,0.000,179.79,1164,-6
126.432,-19.897,0.000,179.79,1164,-5
126.445,-16.397,0.000,179.79,1164,-4
126.457,-12.897,0.000,179.79,1164,-3
181.758,150.674,0.000,0.23,1149,-7
181.773,147.174,0.000,0.23,1149,-6
181.787,143.674,0.000,0.23,1149,-5
181.801,140.174,0.000,0.23,1149,-4
181.816,136.674,0.000,0.23,1149,-3
183.758,150.682,0.000,0.23,1149,-7
183.773,147.182,0.000,0.23,1149,-6
183.787,143.683,0.000,0.23,1149,-5
183.801,140.183,0.000,0.23,1149,-4
183.816,136.683,0.000,0.23,1149,-3
185.758,150.691,0.000,0.23,1149,-7
185.773,147.191,0.000,0.23,1149,-6
185.787,143.691,0.000,0.23,1149,-5
185.801,140.191,0.000,0.23,1149,-4
185.816,136.691,0.000,0.23,1149,-3
187.758,150.699,0.000,0.23,1149,-7
187.773,147.199,0.000,0.23,1149,-6
187.787,143.699,0.000,0.23,1149,-5
187.801,140.199,0.000,0.23,1149,-4
187.816,136.699,0.000,0.23,1149,-3
189.758,150.707,0.000,0.23,1149,-7
189.773,147.207,0.000,0.23,1149,-6
189.787,143.707,0.000,0.23,1149,-5
189.801,140.207,0.000,0.23,1149,-4
189.816,136.707,0.000,0.23,1149,-3
191.758,150.715,0.000,0.23,1149,-7
191.773,147.215,0.000,0.23,1149,-6
191.787,143.715,0.000,0.23,1149,-5
191.801,140.215,0.000,0.23,1149,-4
191.816,136.715,0.000,0.23,1149,-3
193.758,150.723,0.000,0.23,1149,-7
193.773,147.223,0.000,0.23,1149,-6
193.787,143.723,0.000,0.23,1149,-5
193.801,140.224,0.000,0.23,1149,-4
193.816,136.724,0.000,0.23,1149,-3
195.758,150.732,0.000,0.23,1149,-7
195.773,147.232,0.000,0.23,1149,-6
195.787,143.732,0.000,0.23,1149,-5
195.801,140.232,0.000,0.23,1149,-4
195.816,136.732,0.000,0.23,1149,-3
197.758,150.740,0.000,0.23,1149,-7
197.773,147.240,0.000,0.23,1149,-6
197.787,143.740,0.000,0.23,1149,-5
197.801,140.240,0.000,0.23,1149,-4
197.816,136.740,0.000,0.23,1149,-3
199.758,150.748,0.000,0.23,1149,-7
199.773,147.248,0.000,0.23,1149,-6
199.787,143.748,0.000,0.23,1149,-5
199.801,140.248,0.000,0.23,1149,-4
199.816,136.748,0.000,0.23,1149,-3
201.758,150.756,0.000,0.23,1149,-7
201.773,147.256,0.000,0.23,1149,-6
201.787,143.756,0.000,0.23,1149,-5
201.801,140.256,0.000,0.23,1149,-4
201.816,136.756,0.000,0.23,1149,-3
203.758,150.764,0.000,0.23,1149,-7
203.773,147.264,0.000,0.23,1149,-6
203.787,143.764,0.000,0.23,1149,-5
203.801,140.264,0.000,0.23,1149,-4
203.816,136.765,0.000,0.23,1149,-3
205.758,150.773,0.000,0.23,1149,-7
205.773,147.273,0.000,0.23,1149,-6
205.787,143.773,0.000,0.23,1149,-5
205.801,140.273,0.000,0.23,1149,-4
205.816,136.773,0.000,0.23,1149,-3
207.758,150.781,0.000,0.23,1149,-7
207.773,147.281,0.000,0.23,1149,-6
207.787,143.781,0.000,0.23,1149,-5
207.801,140.281,0.000,0.23,1149,-4
207.816,136.781,0.000,0.23,1149,-3
209.758,150.789,0.000,0.23,1149,-7
209.773,147.289,0.000,0.23,1149,-6
209.787,143.789,0.000,0.23,1149,-5
209.801,140.289,0.000,0.23,1149,-4
209.816,136.789,0.000,0.23,1149,-3
211.758,150.797,0.000,0.23,1149,-7
211.772,147.297,0.000,0.23,1149,-6
211.787,143.797,0.000,0.23,1149,-5
211.801,140.297,0.000,0.23,1149,-4
211.815,136.797,0.000,0.23,1149,-3
213.758,150.805,0.000,0.23,1149,-7
213.772,147.305,0.000,0.23,1149,-6
213.787,143.805,0.000,0.23,1149,-5
213.801,140.305,0.000,0.23,1149,-4
213.815,136.805,0.000,0.23,1149,-3
215.758,150.814,0.000,0.23,1149,-7
215.772,147.314,0.000,0.23,1149,-6
215.787,143.814,0.000,0.23,1149,-5
215.801,140.314,0.000,0.23,1149,-4
215.815,136.814,0.000,0.23,1149,-3
217.758,150.822,0.000,0.23,1149,-7
217.772,147.322,0.000,0.23,1149,-6
217.787,143.822,0.000,0.23,1149,-5
217.801,140.322,0.000,0.23,1149,-4
217.815,136.822,0.000,0.23,1149,-3
219.758,150.830,0.000,0.23,1149,-7
219.772,147.330,0.000,0.23,1149,-6
219.787,143.830,0.000,0.23,1149,-5
219.801,140.330,0.000,0.23,1149,-4
219.815,136.830,0.000,0.23,1149,-3
221.758,150.838,0.000,0.23,1149,-7
221.772,147.338,0.000,0.23,1149,-6
221.787,143.838,0.000,0.23,1149,-5
221.801,140.338,0.000,0.23,1149,-4
221.815,136.838,0.000,0.23,1149,-3
223.758,150.846,0.000,0.23,1149,-7
223.772,147.346,0.000,0.23,1149,-6
223.787,143.846,0.000,0.23,1149,-5
223.801,140.346,0.000,0.23,1149,-4
223.815,136.846,0.000,0.23,1149,-3
225.758,150.855,0.000,0.23,1149,-7
225.772,147.355,0.000,0.23,1149,-6
225.787,143.855,0.000,0.23,1149,-5
225.801,140.355,0.000,0.23,1149,-4
225.815,136.855,0.000,0.23,1149,-3
227.758,150.863,0.000,0.23,1149,-7
227.772,147.363,0.000,0.23,1149,-6
227.787,143.863,0.000,0.23,1149,-5
227.801,140.363,0.000,0.23,1149,-4
227.815,136.863,0.000,0.23,1149,-3
229.758,150.871,0.000,0.23,1149,-7
229.772,147.371,0.000,0.23,1149,-6
229.787,143.871,0.000,0.23,1149,-5
229.801,140.371,0.000,0.23,1149,-4
229.815,136.871,0.000,0.23,1149,-3
231.758,150.879,0.000,0.23,1149,-7
231.772,147.379,0.000,0.23,1149,-6
231.787,143.879,0.000,0.23,1149,-5
231.801,140.379,0.000,0.23,1149,-4
231.815,136.879,0.000,0.23,1149,-3
233.758,150.887,0.000,0.23,1149,-7
233.772,147.387,0.000,0.23,1149,-6
233.787,143.887,0.000,0.23,1149,-5
233.801,140.387,0.000,0.23,1149,-4
233.815,136.887,0.000,0.23,1149,-3
235.758,150.896,0.000,0.23,1149,-7
235.772,147.396,0.000,0.23,1149,-6
235.787,143.896,0.000,0.23,1149,-5
235.801,140.396,0.000,0.23,1149,-4
235.815,136.896,0.000,0.23,1149,-3
237.758,150.904,0.000,0.23,1149,-7
237.772,147.404,0.000,0.23,1149,-6
237.787,143.904,0.000,0.23,1149,-5
237.801,140.404,0.000,0.23,1149,-4
237.815,136.904,0.000,0.23,1149,-3
239.758,150.912,0.000,0.23,1149,-7
239.772,147.412,0.000,0.23,1149,-6
239.787,143.912,0.000,0.23,1149,-5
239.801,140.412,0.000,0.23,1149,-4
239.815,136.912,0.000,0.23,1149,-3
241.758,150.920,0.000,0.23,1149,-7
241.772,147.420,0.000,0.23,1149,-6
241.787,143.920,0.000,0.23,1149,-5
241.801,140.420,0.000,0.23,1149,-4
241.815,136.920,0.000,0.23,1149,-3
243.758,150.928,0.000,0.23,1149,-7
243.772,147.428,0.000,0.23,1149,-6
243.787,143.928,0.000,0.23,1149,-5
243.801,140.428,0.000,0.23,1149,-4
243.815,136.928,0.000,0.23,1149,-3
245.758,150.936,0.000,0.23,1149,-7
245.772,147.437,0.000,0.23,1149,-6
245.787,143.937,0.000,0.23,1149,-5
245.801,140.437,0.000,0.23,1149,-4
245.815,136.937,0.000,0.23,1149,-3
247.758,150.945,0.000,0.23,1149,-7
247.772,147.445,0.000,0.23,1149,-6
247.787,143.945,0.000,0.23,1149,-5
247.801,140.445,0.000,0.23,1149,-4
247.815,136.945,0.000,0.23,1149,-3
249.758,150.953,0.000,0.23,1149,-7
249.772,147.453,0.000,0.23,1149,-6
249.787,143.953,0.000,0.23,1149,-5
249.801,140.453,0.000,0.23,1149,-4
249.815,136.953,0.000,0.23,1149,-3
251.758,150.961,0.000,0.23,1149,-7
251.772,147.461,0.000,0.23,1149,-6
251.786,143.961,0.000,0.23,1149,-5
251.801,140.461,0.000,0.23,1149,-4
251.815,136.961,0.000,0.23,1149,-3
9.063,262.979,0.000,-90.90,1003,-1
9.031,260.979,0.000,-90.90,1003,-1
9.010,259.048,0.000,271.37,1003,-1
9.178,257.313,0.000,279.70,1003,-1
9.596,255.620,0.000,288.04,1003,-1
10.255,254.005,0.000,296.37,1003,-1
11.141,252.503,0.000,304.70,1003,-1
12.230,251.153,0.000,-46.65,1003,-1
13.497,250.021,0.000,-36.86,1003,-1
14.939,249.122,0.000,-27.07,1003,-1
16.512,248.481,0.000,-17.27,1003,-1
18.171,248.117,0.000,-7.48,1003,-1
19.938,248.032,0.000,0.02,1003,-1
21.938,248.033,0.000,0.02,1003,-1
12.562,262.923,0.000,-90.90,985,-1
12.531,260.924,0.000,-90.90,985,-1
12.499,258.924,0.000,-90.90,985,-1
12.546,257.188,0.000,277.64,985,-1
12.940,255.658,0.000,291.29,985,-1
13.684,254.265,0.000,304.93,985,-1
14.732,253.092,0.000,-41.21,985,-1
16.025,252.217,0.000,-26.97,985,-1
17.493,251.687,0.000,-12.73,985,-1
19.092,251.532,0.000,0.02,985,-1
21.092,251.533,0.000,0.02,985,-1
9.063,262.979,0.000,-90.90,980,-1
9.048,261.013,0.000,270.23,980,-1
9.079,259.056,0.000,271.61,980,-1
9.158,257.099,0.000,272.99,980,-1
9.283,255.146,0.000,274.36,980,-1
9.456,253.195,0.000,275.74,980,-1
9.675,251.250,0.000,277.12,980,-1
9.941,249.310,0.000,278.49,980,-1
10.246,247.346,0.000,-81.09,980,-1
10.556,245.370,0.000,-81.09,980,-1
10.866,243.395,0.000,-81.09,980,-1
11.172,241.394,0.000,-81.88,980,-1
11.436,239.369,0.000,-83.26,980,-1
11.651,237.338,0.000,-84.64,980,-1
11.817,235.303,0.000,-86.01,980,-1
11.935,233.264,0.000,-87.39,980,-1
12.003,231.223,0.000,-88.77,980,-1
12.022,229.181,0.000,-90.15,980,-1
9.063,262.979,0.000,-90.90,940,-2
5.563,263.034,0.000,-90.90,940,-1
9.031,260.979,0.000,-90.90,940,-2
5.532,261.034,0.000,-90.90,940,-1
9.000,258.979,0.000,-90.90,940,-2
5.500,259.034,0.000,-90.90,940,-1
8.968,256.979,0.000,-90.90,940,-2
5.468,257.034,0.000,-90.90,940,-1
8.936,254.980,0.000,-90.90,940,-2
5.437,255.035,0.000,-90.90,940,-1
8.905,252.980,0.000,-90.90,940,-2
5.405,253.035,0.000,-90.90,940,-1
8.873,250.980,0.000,-90.90,940,-2
5.374,251.035,0.000,-90.90,940,-1
8.842,248.980,0.000,-90.90,940,-2
5.342,249.035,0.000,-90.90,940,-1
8.810,246.981,0.000,-90.90,940,-2
5.311,247.036,0.000,-90.90,940,-1
8.779,244.981,0.000,-90.90,940,-2
5.279,245.036,0.000,-90.90,940,-1
8.747,242.981,0.000,-90.90,940,-2
5.248,243.036,0.000,-90.90,940,-1
8.716,240.981,0.000,-90.90,940,-2
5.216,241.036,0.000,-90.90,940,-1
8.684,238.982,0.000,-90.90,940,-2
5.185,239.037,0.000,-90.90,940,-1
8.653,236.982,0.000,-90.90,940,-2
5.153,237.037,0.000,-90.90,940,-1
8.621,234.982,0.000,-90.90,940,-2
5.121,235.037,0.000,-90.90,940,-1
8.589,232.982,0.000,-90.90,940,-2
5.090,233.037,0.000,-90.90,940,-1
8.558,230.983,0.000,-90.90,940,-2
5.058,231.038,0.000,-90.90,940,-1
8.526,228.983,0.000,-90.90,940,-2
5.027,229.038,0.000,-90.90,940,-1
72.871,237.550,0.000,0.02,1196,-3
74.871,237.551,0.000,0.02,1196,-3
76.871,237.552,0.000,0.02,1196,-3
78.871,237.553,0.000,0.02,1196,-3
80.871,237.553,0.000,0.02,1196,-3
82.871,237.554,0.000,0.02,1196,-3
84.812,237.532,0.000,-1.48,1196,-3
86.744,237.454,0.000,-3.17,1196,-3
88.672,237.319,0.000,-4.86,1196,-3
90.596,237.126,0.000,-6.55,1196,-3
92.514,236.877,0.000,-8.24,1196,-3
94.423,236.572,0.000,-9.93,1196,-3
96.322,236.210,0.000,-11.63,1196,-3
98.210,235.793,0.000,-13.32,1196,-3
100.085,235.320,0.000,-15.01,1196,-3
101.945,234.791,0.000,-16.70,1196,-3
103.788,234.209,0.000,-18.39,1196,-3
105.614,233.571,0.000,-20.08,1196,-3
107.420,232.881,0.000,-21.78,1196,-3
109.205,232.137,0.000,-23.47,1196,-3
110.967,231.341,0.000,-25.16,1196,-3
112.704,230.493,0.000,-26.85,1196,-3
114.416,229.595,0.000,-28.54,1196,-3
116.101,228.646,0.000,-30.23,1196,-3
117.757,227.648,0.000,-31.93,1196,-3
119.390,226.597,0.000,-33.40,1196,-3
121.026,225.502,0.000,-34.21,1196,-3
122.645,224.384,0.000,-35.03,1196,-3
-20.933,243.062,0.000,-0.20,888,-1
-18.933,243.055,0.000,-0.20,888,-1
-16.933,243.048,0.000,-0.20,888,-1
-14.933,243.041,0.000,-0.20,888,-1
-12.930,243.034,0.000,-0.31,888,-1
-10.903,243.008,0.000,-1.17,888,-1
-8.878,242.952,0.000,-2.03,888,-1
-6.854,242.865,0.000,-2.89,888,-1
-4.831,242.748,0.000,-3.75,888,-1
-2.810,242.600,0.000,-4.61,888,-1
-0.791,242.422,0.000,-5.47,888,-1
1.224,242.214,0.000,-6.33,888,-1
3.230,241.977,0.000,-6.98,888,-1
5.190,241.752,0.000,-6.10,888,-1
7.153,241.558,0.000,-5.21,888,-1
9.119,241.394,0.000,-4.32,888,-1
11.088,241.261,0.000,-3.43,888,-1
13.058,241.158,0.000,-2.55,888,-1
15.030,241.085,0.000,-1.66,888,-1
17.002,241.044,0.000,-0.77,888,-1
18.978,241.032,0.000,0.02,888,-1
20.978,241.033,0.000,0.02,888,-1
-20.908,250.062,0.000,-0.20,869,-1
-18.909,250.055,0.000,-0.20,869,-1
-16.909,250.048,0.000,-0.20,869,-1
-14.909,250.041,0.000,-0.20,869,-1
-13.332,250.159,0.000,13.37,869,-1
-12.018,250.708,0.000,32.00,869,-1
-10.941,251.656,0.000,50.31,869,-1
-10.116,252.961,0.000,65.10,869,-1
-9.652,254.434,0.000,79.89,869,-1
-9.547,256.147,0.000,89.10,869,-1
-9.516,258.147,0.000,89.10,869,-1
-9.484,260.147,0.000,-270.90,869,-1
-9.453,262.146,0.000,-270.90,869,-1
-20.933,243.062,0.000,-0.20,863,-1
-18.933,243.055,0.000,-0.20,863,-1
-16.933,243.048,0.000,-0.20,863,-1
-14.933,243.041,0.000,-0.20,863,-1
-13.028,243.048,0.000,2.91,863,-1
-11.364,243.285,0.000,13.29,863,-1
-9.770,243.818,0.000,23.66,863,-1
-8.298,244.629,0.000,34.04,863,-1
-6.996,245.692,0.000,44.42,863,-1
-5.907,246.972,0.000,54.80,863,-1
-4.981,248.504,0.000,61.63,863,-1
-4.179,250.163,0.000,66.78,863,-1
-3.529,251.887,0.000,71.92,863,-1
-3.037,253.662,0.000,77.06,863,-1
-2.705,255.474,0.000,82.21,863,-1
-2.538,257.309,0.000,87.35,863,-1
-2.498,259.255,0.000,89.10,863,-1
-2.466,261.255,0.000,-270.90,863,-1
-20.921,246.562,0.000,-0.20,854,-1
-18.921,246.555,0.000,-0.20,854,-1
-16.921,246.548,0.000,-0.20,854,-1
-15.026,246.559,0.000,3.25,854,-1
-13.348,246.801,0.000,13.14,854,-1
-11.736,247.328,0.000,23.04,854,-1
-10.239,248.123,0.000,32.94,854,-1
-8.901,249.165,0.000,42.84,854,-1
-7.789,250.409,0.000,53.61,854,-1
-6.930,251.839,0.000,64.38,854,-1
-6.352,253.405,0.000,75.15,854,-1
-6.078,255.051,0.000,85.92,854,-1
-6.034,256.953,0.000,89.10,854,-1
-6.003,258.953,0.000,89.10,854,-1
-5.971,260.953,0.000,-270.90,854,-1
-5.940,262.953,0.000,-270.90,854,-1
-161.105,52.464,0.000,-0.02,764,-4
-161.106,48.964,0.000,-0.02,764,-3
-161.108,45.464,0.000,-0.02,764,-2
-161.109,41.964,0.000,-0.02,764,-1
-159.105,52.464,0.000,-0.02,764,-4
-159.106,48.964,0.000,-0.02,764,-3
-159.108,45.464,0.000,-0.02,764,-2
-159.109,41.964,0.000,-0.02,764,-1
-157.105,52.463,0.000,-0.02,764,-4
-157.106,48.963,0.000,-0.02,764,-3
-157.108,45.463,0.000,-0.02,764,-2
-157.109,41.963,0.000,-0.02,764,-1
-155.105,52.462,0.000,-0.02,764,-4
-155.106,48.962,0.000,-0.02,764,-3
-155.108,45.462,0.000,-0.02,764,-2
-155.109,41.962,0.000,-0.02,764,-1
-153.105,52.461,0.000,-0.02,764,-5
-153.106,48.961,0.000,-0.02,764,-4
-153.108,45.461,0.000,-0.02,764,-3
-153.109,41.961,0.000,-0.02,764,-2
-151.105,52.460,0.000,-0.02,764,-5
-151.106,48.960,0.000,-0.02,764,-4
-151.108,45.460,0.000,-0.02,764,-3
-151.109,41.960,0.000,-0.02,764,-2
-149.105,52.460,0.000,-0.02,764,-5
-149.106,48.960,0.000,-0.02,764,-4
-149.108,45.460,0.000,-0.02,764,-3
-149.109,41.960,0.000,-0.02,764,-2
-147.105,52.459,0.000,-0.02,764,-5
-147.106,48.959,0.000,-0.02,764,-4
-147.108,45.459,0.000,-0.02,764,-3
-147.109,41.959,0.000,-0.02,764,-2
-145.105,52.458,0.000,-0.02,764,-5
-145.106,48.958,0.000,-0.02,764,-4
-145.108,45.458,0.000,-0.02,764,-3
-145.109,41.958,0.000,-0.02,764,-2
-143.105,52.457,0.000,-0.02,764,-5
-143.106,48.957,0.000,-0.02,764,-4
-143.108,45.457,0.000,-0.02,764,-3
-143.109,41.957,0.000,-0.02,764,-2
-141.105,52.456,0.000,-0.02,764,-6
-141.106,48.956,0.000,-0.02,764,-5
-141.108,45.456,0.000,-0.02,764,-4
-141.109,41.956,0.000,-0.02,764,-3
-139.105,52.455,0.000,-0.02,764,-6
-139.106,48.955,0.000,-0.02,764,-5
-139.108,45.455,0.000,-0.02,764,-4
-139.109,41.955,0.000,-0.02,764,-3
-137.105,52.455,0.000,-0.02,764,-6
-137.106,48.955,0.000,-0.02,764,-5
-137.108,45.455,0.000,-0.02,764,-4
-137.109,41.955,0.000,-0.02,764,-3
-135.105,52.454,0.000,-0.02,764,-6
-135.106,48.954,0.000,-0.02,764,-5
-135.108,45.454,0.000,-0.02,764,-4
-135.109,41.954,0.000,-0.02,764,-3
-133.105,52.453,0.000,-0.02,764,-6
-133.106,48.953,0.000,-0.02,764,-5
-133.108,45.453,0.000,-0.02,764,-4
-133.109,41.953,0.000,-0.02,764,-3
-131.105,52.452,0.000,-0.02,764,-6
-131.106,48.952,0.000,-0.02,764,-5
-131.108,45.452,0.000,-0.02,764,-4
-131.109,41.952,0.000,-0.02,764,-3
13.322,360.291,0.000,-455.71,754,-5
9.839,360.639,0.000,-455.71,754,-4
6.357,360.988,0.000,-455.71,754,-3
13.123,358.301,0.000,-455.71,754,-5
9.640,358.649,0.000,-455.71,754,-4
6.157,358.998,0.000,-455.71,754,-3
12.923,356.311,0.000,-455.71,754,-5
9.441,356.659,0.000,-455.71,754,-4
5.958,357.008,0.000,-455.71,754,-3
12.741,354.361,0.000,-94.35,754,-5
9.251,354.626,0.000,-94.35,754,-4
5.761,354.892,0.000,-94.35,754,-3
12.637,352.438,0.000,-91.91,754,-5
9.139,352.555,0.000,-91.91,754,-4
5.641,352.671,0.000,-91.91,754,-3
12.607,350.502,0.000,-89.85,754,-5
9.107,350.493,0.000,-89.85,754,-4
5.607,350.484,0.000,-89.85,754,-3
12.626,348.516,0.000,-449.40,754,-5
9.126,348.479,0.000,-449.40,754,-4
5.627,348.442,0.000,-449.40,754,-3
12.647,346.516,0.000,-449.40,754,-5
9.147,346.479,0.000,-449.40,754,-4
5.648,346.442,0.000,-449.40,754,-3
218.806,52.370,0.000,-360.03,735,-6
218.804,48.870,0.000,-360.03,735,-5
218.803,45.370,0.000,-360.03,735,-4
218.801,41.870,0.000,-360.03,735,-3
220.806,52.369,0.000,-360.03,735,-6
220.804,48.869,0.000,-360.03,735,-5
220.803,45.369,0.000,-360.03,735,-4
220.801,41.869,0.000,-360.03,735,-3
222.806,52.368,0.000,-360.03,735,-6
222.804,48.868,0.000,-360.03,735,-5
222.803,45.368,0.000,-360.03,735,-4
222.801,41.868,0.000,-360.03,735,-3
224.806,52.367,0.000,-360.03,735,-6
224.804,48.867,0.000,-360.03,735,-5
224.803,45.367,0.000,-360.03,735,-4
224.801,41.867,0.000,-360.03,735,-3
226.806,52.366,0.000,-360.03,735,-6
226.804,48.866,0.000,-360.03,735,-5
226.803,45.366,0.000,-360.03,735,-4
226.801,41.866,0.000,-360.03,735,-3
228.806,52.365,0.000,-360.03,735,-6
228.804,48.865,0.000,-360.03,735,-5
228.803,45.365,0.000,-360.03,735,-4
228.801,41.865,0.000,-360.03,735,-3
230.806,52.364,0.000,-360.03,735,-6
230.804,48.864,0.000,-360.03,735,-5
230.803,45.364,0.000,-360.03,735,-4
230.801,41.864,0.000,-360.03,735,-3
232.806,52.363,0.000,-360.03,735,-6
232.804,48.863,0.000,-360.03,735,-5
232.803,45.363,0.000,-360.03,735,-4
232.801,41.863,0.000,-360.03,735,-3
234.806,52.362,0.000,-360.03,735,-6
234.804,48.862,0.000,-360.03,735,-5
234.803,45.362,0.000,-360.03,735,-4
234.801,41.862,0.000,-360.03,735,-3
236.806,52.361,0.000,-360.03,735,-6
236.804,48.861,0.000,-360.03,735,-5
236.803,45.361,0.000,-360.03,735,-4
236.801,41.861,0.000,-360.03,735,-3
238.806,52.360,0.000,-360.03,735,-6
238.804,48.860,0.000,-360.03,735,-5
238.803,45.360,0.000,-360.03,735,-4
238.801,41.860,0.000,-360.03,735,-3
240.806,52.359,0.000,-360.03,735,-6
240.804,48.859,0.000,-360.03,735,-5
240.803,45.359,0.000,-360.03,735,-4
240.801,41.859,0.000,-360.03,735,-3
242.806,52.358,0.000,-360.03,735,-6
242.804,48.858,0.000,-360.03,735,-5
242.803,45.358,0.000,-360.03,735,-4
242.801,41.858,0.000,-360.03,735,-3
244.806,52.357,0.000,-360.03,735,-6
244.804,48.857,0.000,-360.03,735,-5
244.803,45.357,0.000,-360.03,735,-4
244.801,41.857,0.000,-360.03,735,-3
246.806,52.356,0.000,-360.03,735,-6
246.804,48.856,0.000,-360.03,735,-5
246.803,45.356,0.000,-360.03,735,-4
246.801,41.856,0.000,-360.03,735,-3
248.806,52.355,0.000,-360.03,735,-6
248.804,48.855,0.000,-360.03,735,-5
248.803,45.355,0.000,-360.03,735,-4
248.801,41.855,0.000,-360.03,735,-3
250.806,52.354,0.000,-360.03,735,-6
250.804,48.854,0.000,-360.03,735,-5
250.803,45.354,0.000,-360.03,735,-4
250.801,41.854,0.000,-360.03,735,-3
252.806,52.353,0.000,-360.03,735,-6
252.804,48.853,0.000,-360.03,735,-5
252.803,45.353,0.000,-360.03,735,-4
252.801,41.853,0.000,-360.03,735,-3
254.806,52.352,0.000,-360.03,735,-6
254.804,48.852,0.000,-360.03,735,-5
254.803,45.352,0.000,-360.03,735,-4
254.801,41.852,0.000,-360.03,735,-3
256.806,52.351,0.000,-360.03,735,-6
256.804,48.851,0.000,-360.03,735,-5
256.803,45.351,0.000,-360.03,735,-4
256.801,41.851,0.000,-360.03,735,-3
258.806,52.351,0.000,-360.03,735,-6
258.804,48.851,0.000,-360.03,735,-5
258.803,45.351,0.000,-360.03,735,-4
258.801,41.851,0.000,-360.03,735,-3
260.806,52.350,0.000,-360.03,735,-6
260.804,48.850,0.000,-360.03,735,-5
260.803,45.350,0.000,-360.03,735,-4
260.801,41.850,0.000,-360.03,735,-3
262.806,52.349,0.000,-360.03,735,-6
262.804,48.849,0.000,-360.03,735,-5
262.803,45.349,0.000,-360.03,735,-4
262.801,41.849,0.000,-360.03,735,-3
-11.891,-107.845,0.000,89.25,714,-5
-8.391,-107.891,0.000,89.25,714,-4
-4.892,-107.937,0.000,89.25,714,-3
-11.870,-105.854,0.000,89.54,714,-5
-8.370,-105.882,0.000,89.54,714,-4
-4.870,-105.910,0.000,89.54,714,-3
-11.859,-103.863,0.000,89.83,714,-5
-8.359,-103.873,0.000,89.83,714,-4
-4.859,-103.884,0.000,89.83,714,-3
-11.858,-101.872,0.000,90.12,714,-5
-8.358,-101.865,0.000,90.12,714,-4
-4.858,-101.857,0.000,90.12,714,-3
-11.867,-99.880,0.000,90.38,714,-5
-8.367,-99.857,0.000,90.38,714,-4
-4.868,-99.833,0.000,90.38,714,-3
-11.881,-97.880,0.000,90.38,714,-5
-8.381,-97.857,0.000,90.38,714,-4
-4.881,-97.833,0.000,90.38,714,-3
-8.801,-34.953,0.000,90.38,653,-2
-5.301,-34.930,0.000,90.38,653,-1
-8.814,-32.953,0.000,90.38,653,-2
-5.314,-32.930,0.000,90.38,653,-1
-8.827,-30.953,0.000,90.38,653,-2
-5.327,-30.930,0.000,90.38,653,-1
-8.841,-28.953,0.000,90.38,653,-2
-5.341,-28.930,0.000,90.38,653,-1
-8.854,-26.953,0.000,90.38,653,-2
-5.354,-26.930,0.000,90.38,653,-1
-8.867,-24.953,0.000,90.38,653,-2
-5.367,-24.930,0.000,90.38,653,-1
-8.881,-22.953,0.000,90.38,653,-2
-5.381,-22.930,0.000,90.38,653,-1
-8.894,-20.953,0.000,90.38,653,-2
-5.394,-20.930,0.000,90.38,653,-1
-8.907,-18.954,0.000,90.38,653,-2
-5.407,-18.930,0.000,90.38,653,-1
-8.921,-16.954,0.000,90.38,653,-2
-5.421,-16.930,0.000,90.38,653,-1
-8.934,-14.954,0.000,90.38,653,-2
-5.434,-14.930,0.000,90.38,653,-1
-8.947,-12.954,0.000,90.38,653,-2
-5.447,-12.930,0.000,90.38,653,-1
-8.961,-10.954,0.000,90.38,653,-2
-5.461,-10.930,0.000,90.38,653,-1
-8.974,-8.954,0.000,90.38,653,-2
-5.474,-8.930,0.000,90.38,653,-1
-8.987,-6.954,0.000,90.38,653,-2
-5.487,-6.930,0.000,90.38,653,-1
-9.001,-4.954,0.000,90.38,653,-2
-5.501,-4.930,0.000,90.38,653,-1
-9.014,-2.954,0.000,90.38,653,-2
-5.514,-2.931,0.000,90.38,653,-1
-9.027,-0.954,0.000,90.38,653,-2
-5.528,-0.931,0.000,90.38,653,-1
25.080,-23.028,0.000,-180.21,596,-1
23.080,-23.021,0.000,-180.21,596,-1
21.080,-23.014,0.000,-180.21,596,-1
19.080,-23.006,0.000,-180.21,596,-1
17.310,-23.093,0.000,-172.79,596,-1
15.621,-23.442,0.000,-163.84,596,-1
14.007,-24.050,0.000,-154.89,596,-1
12.507,-24.902,0.000,-145.94,596,-1
11.299,-25.927,0.000,-132.47,596,-1
10.400,-27.198,0.000,-118.08,596,-1
9.845,-28.652,0.000,-103.70,596,-1
9.668,-30.208,0.000,-449.62,596,-1
9.682,-32.208,0.000,-449.62,596,-1
9.695,-34.208,0.000,-449.62,596,-1
-12.914,64.540,0.000,89.58,58,-3
-9.414,64.514,0.000,89.58,58,-2
-5.915,64.488,0.000,89.58,58,-1
-12.897,66.556,0.000,89.51,58,-3
-9.398,66.526,0.000,89.51,58,-2
-5.898,66.496,0.000,89.51,58,-1
-12.880,68.556,0.000,89.51,58,-3
-9.380,68.526,0.000,89.51,58,-2
-5.880,68.496,0.000,89.51,58,-1
-12.863,70.556,0.000,89.51,58,-3
-9.363,70.526,0.000,89.51,58,-2
-5.863,70.496,0.000,89.51,58,-1
-12.846,72.556,0.000,89.51,58,-3
-9.346,72.526,0.000,89.51,58,-2
-5.846,72.496,0.000,89.51,58,-1
-12.828,74.556,0.000,89.51,58,-3
-9.328,74.526,0.000,89.51,58,-2
-5.829,74.496,0.000,89.51,58,-1
-12.811,76.556,0.000,89.51,58,-3
-9.311,76.526,0.000,89.51,58,-2
-5.811,76.496,0.000,89.51,58,-1
-12.794,78.556,0.000,89.51,58,-3
-9.294,78.526,0.000,89.51,58,-2
-5.794,78.496,0.000,89.51,58,-1
-12.777,80.556,0.000,89.51,58,-3
-9.277,80.526,0.000,89.51,58,-2
-5.777,80.496,0.000,89.51,58,-1
-12.759,82.556,0.000,89.51,58,-3
-9.259,82.526,0.000,89.51,58,-2
-5.759,82.495,0.000,89.51,58,-1
-12.742,84.556,0.000,89.51,58,-3
-9.242,84.526,0.000,89.51,58,-2
-5.742,84.495,0.000,89.51,58,-1
-12.725,86.556,0.000,89.51,58,-3
-9.225,86.526,0.000,89.51,58,-2
-5.725,86.495,0.000,89.51,58,-1
-12.707,88.556,0.000,89.51,58,-3
-9.208,88.525,0.000,89.51,58,-2
-5.708,88.495,0.000,89.51,58,-1
-12.690,90.556,0.000,89.51,58,-3
-9.190,90.525,0.000,89.51,58,-2
-5.690,90.495,0.000,89.51,58,-1
-12.673,92.556,0.000,89.51,58,-3
-9.173,92.525,0.000,89.51,58,-2
-5.673,92.495,0.000,89.51,58,-1
-12.656,94.555,0.000,89.51,58,-3
-9.156,94.525,0.000,89.51,58,-2
-5.656,94.495,0.000,89.51,58,-1
-12.638,96.555,0.000,89.51,58,-3
-9.138,96.525,0.000,89.51,58,-2
-5.639,96.495,0.000,89.51,58,-1
-12.621,98.555,0.000,89.51,58,-3
-9.121,98.525,0.000,89.51,58,-2
-5.621,98.495,0.000,89.51,58,-1
-12.604,100.555,0.000,89.51,58,-3
-9.104,100.525,0.000,89.51,58,-2
-5.604,100.495,0.000,89.51,58,-1
-12.587,102.555,0.000,89.51,58,-3
-9.087,102.525,0.000,89.51,58,-2
-5.587,102.495,0.000,89.51,58,-1
-12.569,104.555,0.000,89.51,58,-3
-9.069,104.525,0.000,89.51,58,-2
-5.569,104.495,0.000,89.51,58,-1
-12.552,106.555,0.000,89.51,58,-3
-9.052,106.525,0.000,89.51,58,-2
-5.552,106.495,0.000,89.51,58,-1
-12.535,108.555,0.000,89.51,58,-3
-9.035,108.525,0.000,89.51,58,-2
-5.535,108.494,0.000,89.51,58,-1
-122.228,250.414,0.000,-0.20,438,-7
-122.240,246.914,0.000,-0.20,438,-6
-122.252,243.414,0.000,-0.20,438,-5
-122.264,239.914,0.000,-0.20,438,-4
-120.228,250.407,0.000,-0.20,438,-7
-120.240,246.907,0.000,-0.20,438,-6
-120.252,243.407,0.000,-0.20,438,-5
-120.264,239.907,0.000,-0.20,438,-4
-118.228,250.400,0.000,-0.20,438,-7
-118.240,246.900,0.000,-0.20,438,-6
-118.252,243.400,0.000,-0.20,438,-5
-118.264,239.900,0.000,-0.20,438,-4
-116.228,250.393,0.000,-0.20,438,-7
-116.240,246.893,0.000,-0.20,438,-6
-116.252,243.393,0.000,-0.20,438,-5
-116.264,239.893,0.000,-0.20,438,-4
-114.228,250.386,0.000,-0.20,438,-7
-114.240,246.886,0.000,-0.20,438,-6
-114.252,243.386,0.000,-0.20,438,-5
-114.264,239.886,0.000,-0.20,438,-4
-112.228,250.379,0.000,-0.20,438,-7
-112.240,246.879,0.000,-0.20,438,-6
-112.252,243.379,0.000,-0.20,438,-5
-112.264,239.879,0.000,-0.20,438,-4
-110.228,250.372,0.000,-0.20,438,-6
-110.240,246.872,0.000,-0.20,438,-5
-110.252,243.372,0.000,-0.20,438,-4
-110.264,239.872,0.000,-0.20,438,-3
-108.228,250.365,0.000,-0.20,438,-6
-108.240,246.865,0.000,-0.20,438,-5
-108.252,243.365,0.000,-0.20,438,-4
-108.264,239.865,0.000,-0.20,438,-3
-106.228,250.358,0.000,-0.20,438,-6
-106.240,246.858,0.000,-0.20,438,-5
-106.252,243.358,0.000,-0.20,438,-4
-106.264,239.858,0.000,-0.20,438,-3
-104.228,250.351,0.000,-0.20,438,-6
-104.240,246.851,0.000,-0.20,438,-5
-104.252,243.351,0.000,-0.20,438,-4
-104.264,239.851,0.000,-0.20,438,-3
-102.228,250.344,0.000,-0.20,438,-6
-102.240,246.844,0.000,-0.20,438,-5
-102.252,243.344,0.000,-0.20,438,-4
-102.264,239.844,0.000,-0.20,438,-3
-100.228,250.337,0.000,-0.20,438,-6
-100.240,246.837,0.000,-0.20,438,-5
-100.252,243.337,0.000,-0.20,438,-4
-100.264,239.837,0.000,-0.20,438,-3
-98.228,250.330,0.000,-0.20,438,-6
-98.240,246.831,0.000,-0.20,438,-5
-98.252,243.331,0.000,-0.20,438,-4
-98.264,239.831,0.000,-0.20,438,-3
-96.228,250.324,0.000,-0.20,438,-6
-96.240,246.824,0.000,-0.20,438,-5
-96.252,243.324,0.000,-0.20,438,-4
-96.264,239.824,0.000,-0.20,438,-3
-94.228,250.317,0.000,-0.20,438,-6
-94.240,246.817,0.000,-0.20,438,-5
-94.252,243.317,0.000,-0.20,438,-4
-94.265,239.817,0.000,-0.20,438,-3
-92.228,250.310,0.000,-0.20,438,-6
-92.240,246.810,0.000,-0.20,438,-5
-92.252,243.310,0.000,-0.20,438,-4
-92.265,239.810,0.000,-0.20,438,-3
-90.228,250.303,0.000,-0.20,438,-6
-90.240,246.803,0.000,-0.20,438,-5
-90.252,243.303,0.000,-0.20,438,-4
-90.265,239.803,0.000,-0.20,438,-3
-88.228,250.296,0.000,-0.20,438,-6
-88.240,246.796,0.000,-0.20,438,-5
-88.252,243.296,0.000,-0.20,438,-4
-88.265,239.796,0.000,-0.20,438,-3
-86.228,250.289,0.000,-0.20,438,-6
-86.240,246.789,0.000,-0.20,438,-5
-86.252,243.289,0.000,-0.20,438,-4
-86.265,239.789,0.000,-0.20,438,-3
-84.228,250.282,0.000,-0.20,438,-6
-84.240,246.782,0.000,-0.20,438,-5
-84.252,243.282,0.000,-0.20,438,-4
-84.265,239.782,0.000,-0.20,438,-3
-82.228,250.275,0.000,-0.20,438,-6
-82.240,246.775,0.000,-0.20,438,-5
-82.252,243.275,0.000,-0.20,438,-4
-82.265,239.775,0.000,-0.20,438,-3
-80.228,250.268,0.000,-0.20,438,-6
-80.240,246.768,0.000,-0.20,438,-5
-80.252,243.268,0.000,-0.20,438,-4
-80.265,239.768,0.000,-0.20,438,-3
480.346,52.243,0.000,-0.03,1083,-7
480.344,48.743,0.000,-0.03,1083,-6
480.343,45.243,0.000,-0.03,1083,-5
480.341,41.743,0.000,-0.03,1083,-4
480.339,38.243,0.000,-0.03,1083,-3
482.346,52.242,0.000,-0.03,1083,-7
482.344,48.742,0.000,-0.03,1083,-6
482.343,45.242,0.000,-0.03,1083,-5
482.341,41.742,0.000,-0.03,1083,-4
482.339,38.242,0.000,-0.03,1083,-3
484.346,52.241,0.000,-0.03,1083,-7
484.344,48.741,0.000,-0.03,1083,-6
484.343,45.241,0.000,-0.03,1083,-5
484.341,41.741,0.000,-0.03,1083,-4
484.339,38.241,0.000,-0.03,1083,-3
486.346,52.240,0.000,-0.03,1083,-7
486.344,48.740,0.000,-0.03,1083,-6
486.343,45.240,0.000,-0.03,1083,-5
486.341,41.740,0.000,-0.03,1083,-4
486.339,38.240,0.000,-0.03,1083,-3
488.346,52.239,0.000,-0.03,1083,-7
488.344,48.739,0.000,-0.03,1083,-6
488.343,45.239,0.000,-0.03,1083,-5
488.341,41.739,0.000,-0.03,1083,-4
488.339,38.239,0.000,-0.03,1083,-3
490.346,52.238,0.000,-0.03,1083,-7
490.344,48.738,0.000,-0.03,1083,-6
490.343,45.238,0.000,-0.03,1083,-5
490.341,41.738,0.000,-0.03,1083,-4
490.339,38.238,0.000,-0.03,1083,-3
492.346,52.237,0.000,-0.03,1083,-7
492.344,48.737,0.000,-0.03,1083,-6
492.343,45.237,0.000,-0.03,1083,-5
492.341,41.737,0.000,-0.03,1083,-4
492.339,38.237,0.000,-0.03,1083,-3
494.346,52.236,0.000,-0.03,1083,-7
494.344,48.736,0.000,-0.03,1083,-6
494.343,45.236,0.000,-0.03,1083,-5
494.341,41.736,0.000,-0.03,1083,-4
494.339,38.236,0.000,-0.03,1083,-3
496.346,52.235,0.000,-0.03,1083,-7
496.344,48.735,0.000,-0.03,1083,-6
496.343,45.235,0.000,-0.03,1083,-5
496.341,41.735,0.000,-0.03,1083,-4
496.339,38.235,0.000,-0.03,1083,-3
498.346,52.234,0.000,-0.03,1083,-7
498.344,48.734,0.000,-0.03,1083,-6
498.343,45.234,0.000,-0.03,1083,-5
498.341,41.734,0.000,-0.03,1083,-4
498.339,38.234,0.000,-0.03,1083,-3
500.346,52.233,0.000,-0.03,1083,-7
500.344,48.733,0.000,-0.03,1083,-6
500.343,45.233,0.000,-0.03,1083,-5
500.341,41.733,0.000,-0.03,1083,-4
500.339,38.233,0.000,-0.03,1083,-3
502.346,52.232,0.000,-0.03,1083,-7
502.344,48.732,0.000,-0.03,1083,-6
502.343,45.232,0.000,-0.03,1083,-5
502.341,41.732,0.000,-0.03,1083,-4
502.339,38.232,0.000,-0.03,1083,-3
504.346,52.231,0.000,-0.03,1083,-7
504.344,48.731,0.000,-0.03,1083,-6
504.343,45.231,0.000,-0.03,1083,-5
504.341,41.731,0.000,-0.03,1083,-4
504.339,38.231,0.000,-0.03,1083,-3
506.346,52.230,0.000,-0.03,1083,-7
506.344,48.730,0.000,-0.03,1083,-6
506.343,45.230,0.000,-0.03,1083,-5
506.341,41.730,0.000,-0.03,1083,-4
506.339,38.230,0.000,-0.03,1083,-3
508.346,52.229,0.000,-0.03,1083,-7
508.344,48.729,0.000,-0.03,1083,-6
508.343,45.229,0.000,-0.03,1083,-5
508.341,41.729,0.000,-0.03,1083,-4
508.339,38.229,0.000,-0.03,1083,-3
510.346,52.228,0.000,-0.03,1083,-7
510.344,48.728,0.000,-0.03,1083,-6
510.343,45.228,0.000,-0.03,1083,-5
510.341,41.728,0.000,-0.03,1083,-4
510.339,38.228,0.000,-0.03,1083,-3
512.346,52.227,0.000,-0.03,1083,-7
512.344,48.727,0.000,-0.03,1083,-6
512.343,45.227,0.000,-0.03,1083,-5
512.341,41.727,0.000,-0.03,1083,-4
512.339,38.227,0.000,-0.03,1083,-3
514.346,52.226,0.000,-0.03,1083,-7
514.344,48.726,0.000,-0.03,1083,-6
514.343,45.226,0.000,-0.03,1083,-5
514.341,41.726,0.000,-0.03,1083,-4
514.339,38.226,0.000,-0.03,1083,-3
516.346,52.225,0.000,-0.03,1083,-7
516.344,48.725,0.000,-0.03,1083,-6
516.343,45.225,0.000,-0.03,1083,-5
516.341,41.725,0.000,-0.03,1083,-4
516.339,38.225,0.000,-0.03,1083,-3
518.346,52.224,0.000,-0.03,1083,-7
518.344,48.724,0.000,-0.03,1083,-6
518.343,45.224,0.000,-0.03,1083,-5
518.341,41.724,0.000,-0.03,1083,-4
518.339,38.224,0.000,-0.03,1083,-3
520.346,52.223,0.000,-0.03,1083,-7
520.344,48.723,0.000,-0.03,1083,-6
520.343,45.223,0.000,-0.03,1083,-5
520.341,41.723,0.000,-0.03,1083,-4
520.339,38.223,0.000,-0.03,1083,-3
522.346,52.222,0.000,-0.03,1083,-7
522.344,48.722,0.000,-0.03,1083,-6
522.343,45.222,0.000,-0.03,1083,-5
522.341,41.722,0.000,-0.03,1083,-4
522.339,38.222,0.000,-0.03,1083,-3
524.346,52.221,0.000,-0.03,1083,-7
524.344,48.721,0.000,-0.03,1083,-6
524.343,45.221,0.000,-0.03,1083,-5
524.341,41.721,0.000,-0.03,1083,-4
524.339,38.221,0.000,-0.03,1083,-3
526.346,52.220,0.000,-0.03,1083,-7
526.344,48.720,0.000,-0.03,1083,-6
526.343,45.220,0.000,-0.03,1083,-5
526.341,41.720,0.000,-0.03,1083,-4
526.339,38.220,0.000,-0.03,1083,-3
528.346,52.219,0.000,-0.03,1083,-7
528.344,48.719,0.000,-0.03,1083,-6
528.343,45.219,0.000,-0.03,1083,-5
528.341,41.719,0.000,-0.03,1083,-4
528.339,38.219,0.000,-0.03,1083,-3
530.346,52.218,0.000,-0.03,1083,-7
530.344,48.718,0.000,-0.03,1083,-6
530.343,45.218,0.000,-0.03,1083,-5
530.341,41.718,0.000,-0.03,1083,-4
530.339,38.218,0.000,-0.03,1083,-3
532.346,52.217,0.000,-0.03,1083,-7
532.344,48.717,0.000,-0.03,1083,-6
532.343,45.217,0.000,-0.03,1083,-5
532.341,41.717,0.000,-0.03,1083,-4
532.339,38.217,0.000,-0.03,1083,-3
534.346,52.216,0.000,-0.03,1083,-7
534.344,48.716,0.000,-0.03,1083,-6
534.343,45.216,0.000,-0.03,1083,-5
534.341,41.716,0.000,-0.03,1083,-4
534.339,38.216,0.000,-0.03,1083,-3
536.346,52.215,0.000,-0.03,1083,-7
536.344,48.715,0.000,-0.03,1083,-6
536.343,45.215,0.000,-0.03,1083,-5
536.341,41.715,0.000,-0.03,1083,-4
536.339,38.215,0.000,-0.03,1083,-3
538.346,52.214,0.000,-0.03,1083,-7
538.344,48.714,0.000,-0.03,1083,-6
538.343,45.214,0.000,-0.03,1083,-5
538.341,41.714,0.000,-0.03,1083,-4
538.339,38.214,0.000,-0.03,1083,-3
540.346,52.213,0.000,-0.03,1083,-7
540.344,48.713,0.000,-0.03,1083,-6
540.343,45.213,0.000,-0.03,1083,-5
540.341,41.713,0.000,-0.03,1083,-4
540.339,38.213,0.000,-0.03,1083,-3
542.346,52.212,0.000,-0.03,1083,-7
542.344,48.712,0.000,-0.03,1083,-6
542.343,45.212,0.000,-0.03,1083,-5
542.341,41.712,0.000,-0.03,1083,-4
542.339,38.212,0.000,-0.03,1083,-3
544.346,52.212,0.000,-0.03,1083,-7
544.344,48.712,0.000,-0.03,1083,-6
544.343,45.212,0.000,-0.03,1083,-5
544.341,41.712,0.000,-0.03,1083,-4
544.339,38.212,0.000,-0.03,1083,-3
546.346,52.211,0.000,-0.03,1083,-7
546.344,48.711,0.000,-0.03,1083,-6
546.343,45.211,0.000,-0.03,1083,-5
546.341,41.711,0.000,-0.03,1083,-4
546.339,38.211,0.000,-0.03,1083,-3
548.346,52.210,0.000,-0.03,1083,-7
548.344,48.710,0.000,-0.03,1083,-6
548.343,45.210,0.000,-0.03,1083,-5
548.341,41.710,0.000,-0.03,1083,-4
548.339,38.210,0.000,-0.03,1083,-3
550.346,52.209,0.000,-0.03,1083,-7
550.344,48.709,0.000,-0.03,1083,-6
550.343,45.209,0.000,-0.03,1083,-5
550.341,41.709,0.000,-0.03,1083,-4
550.339,38.209,0.000,-0.03,1083,-3
-9.037,0.416,0.000,90.38,55,-2
-5.537,0.439,0.000,90.38,55,-1
-9.050,2.416,0.000,90.38,55,-2
-5.550,2.439,0.000,90.38,55,-1
-9.063,4.416,0.000,90.38,55,-2
-5.563,4.439,0.000,90.38,55,-1
-9.077,6.416,0.000,90.38,55,-2
-5.577,6.439,0.000,90.38,55,-1
-9.090,8.416,0.000,90.38,55,-2
-5.590,8.439,0.000,90.38,55,-1
-9.103,10.416,0.000,90.38,55,-2
-5.603,10.439,0.000,90.38,55,-1
-9.117,12.416,0.000,90.38,55,-2
-5.617,12.439,0.000,90.38,55,-1
-9.130,14.416,0.000,90.38,55,-2
-5.630,14.439,0.000,90.38,55,-1
-9.143,16.416,0.000,90.38,55,-2
-5.643,16.439,0.000,90.38,55,-1
646.894,48.662,0.000,-360.03,311,-1
648.995,48.636,0.000,-3.34,311,-1
651.239,48.332,0.000,-12.07,311,-1
653.411,47.692,0.000,-20.79,311,-1
655.460,46.729,0.000,-29.52,311,-1
657.340,45.467,0.000,-38.24,311,-1
659.007,43.934,0.000,-46.97,311,-1
660.421,42.166,0.000,-55.69,311,-1
661.526,40.288,0.000,-421.58,311,-1
662.484,38.372,0.000,-66.27,311,-1
663.257,36.331,0.000,-72.26,311,-1
663.812,34.221,0.000,-78.26,311,-1
664.144,32.064,0.000,-84.25,311,-1
664.249,29.885,0.000,-90.24,311,-1
664.125,27.706,0.000,-96.24,311,-1
663.775,25.552,0.000,-102.23,311,-1
-11.883,-97.535,0.000,90.38,54,-3
-8.383,-97.512,0.000,90.38,54,-2
-4.883,-97.488,0.000,90.38,54,-1
-11.896,-95.535,0.000,90.38,54,-3
-8.396,-95.512,0.000,90.38,54,-2
-4.897,-95.488,0.000,90.38,54,-1
-11.910,-93.535,0.000,90.38,54,-3
-8.410,-93.512,0.000,90.38,54,-2
-4.910,-93.488,0.000,90.38,54,-1
-11.923,-91.535,0.000,90.38,54,-3
-8.423,-91.512,0.000,90.38,54,-2
-4.923,-91.489,0.000,90.38,54,-1
-11.936,-89.535,0.000,90.38,54,-3
-8.437,-89.512,0.000,90.38,54,-2
-4.937,-89.489,0.000,90.38,54,-1
-11.950,-87.535,0.000,90.38,54,-3
-8.450,-87.512,0.000,90.38,54,-2
-4.950,-87.489,0.000,90.38,54,-1
-11.963,-85.535,0.000,90.38,54,-3
-8.463,-85.512,0.000,90.38,54,-2
-4.963,-85.489,0.000,90.38,54,-1
-11.976,-83.535,0.000,90.38,54,-3
-8.477,-83.512,0.000,90.38,54,-2
-4.977,-83.489,0.000,90.38,54,-1
-11.990,-81.535,0.000,90.38,54,-3
-8.490,-81.512,0.000,90.38,54,-2
-4.990,-81.489,0.000,90.38,54,-1
-12.003,-79.536,0.000,90.38,54,-3
-8.503,-79.512,0.000,90.38,54,-2
-5.003,-79.489,0.000,90.38,54,-1
-12.017,-77.536,0.000,90.38,54,-3
-8.517,-77.512,0.000,90.38,54,-2
-5.017,-77.489,0.000,90.38,54,-1
-12.030,-75.536,0.000,90.38,54,-3
-8.530,-75.512,0.000,90.38,54,-2
-5.030,-75.489,0.000,90.38,54,-1
-12.043,-73.536,0.000,90.38,54,-3
-8.543,-73.512,0.000,90.38,54,-2
-5.043,-73.489,0.000,90.38,54,-1
-12.057,-71.536,0.000,90.38,54,-3
-8.557,-71.512,0.000,90.38,54,-2
-5.057,-71.489,0.000,90.38,54,-1
-12.070,-69.536,0.000,90.38,54,-3
-8.570,-69.512,0.000,90.38,54,-2
-5.070,-69.489,0.000,90.38,54,-1
-12.083,-67.536,0.000,90.38,54,-3
-8.583,-67.512,0.000,90.38,54,-2
-5.083,-67.489,0.000,90.38,54,-1
-12.097,-65.536,0.000,90.38,54,-3
-8.597,-65.512,0.000,90.38,54,-2
-5.097,-65.489,0.000,90.38,54,-1
-12.110,-63.536,0.000,90.38,54,-3
-8.610,-63.513,0.000,90.38,54,-2
-5.110,-63.489,0.000,90.38,54,-1
-12.123,-61.536,0.000,90.38,54,-3
-8.623,-61.513,0.000,90.38,54,-2
-5.123,-61.489,0.000,90.38,54,-1
-12.137,-59.536,0.000,90.38,54,-3
-8.637,-59.513,0.000,90.38,54,-2
-5.137,-59.489,0.000,90.38,54,-1
-12.150,-57.536,0.000,90.38,54,-3
-8.650,-57.513,0.000,90.38,54,-2
-5.150,-57.489,0.000,90.38,54,-1
-12.163,-55.536,0.000,90.38,54,-3
-8.663,-55.513,0.000,90.38,54,-2
-5.163,-55.489,0.000,90.38,54,-1
-12.177,-53.536,0.000,90.38,54,-3
-8.677,-53.513,0.000,90.38,54,-2
-5.177,-53.489,0.000,90.38,54,-1
-12.190,-51.536,0.000,90.38,54,-3
-8.690,-51.513,0.000,90.38,54,-2
-5.190,-51.489,0.000,90.38,54,-1
-12.203,-49.536,0.000,90.38,54,-3
-8.703,-49.513,0.000,90.38,54,-2
-5.203,-49.489,0.000,90.38,54,-1
-12.217,-47.536,0.000,90.38,54,-3
-8.717,-47.513,0.000,90.38,54,-2
-5.217,-47.490,0.000,90.38,54,-1
-12.230,-45.536,0.000,90.38,54,-3
-8.730,-45.513,0.000,90.38,54,-2
-5.230,-45.490,0.000,90.38,54,-1
-12.243,-43.536,0.000,90.38,54,-3
-8.743,-43.513,0.000,90.38,54,-2
-5.244,-43.490,0.000,90.38,54,-1
-12.257,-41.536,0.000,90.38,54,-3
-8.757,-41.513,0.000,90.38,54,-2
-5.257,-41.490,0.000,90.38,54,-1
-12.270,-39.536,0.000,90.38,54,-3
-8.770,-39.513,0.000,90.38,54,-2
-5.270,-39.490,0.000,90.38,54,-1
-12.283,-37.536,0.000,90.38,54,-3
-8.783,-37.513,0.000,90.38,54,-2
-5.284,-37.490,0.000,90.38,54,-1
-12.297,-35.536,0.000,90.38,54,-3
-8.797,-35.513,0.000,90.38,54,-2
-5.297,-35.490,0.000,90.38,54,-1
-155.709,-22.370,0.000,179.79,53,-6
-155.696,-18.870,0.000,179.79,53,-5
-155.684,-15.370,0.000,179.79,53,-4
-155.671,-11.870,0.000,179.79,53,-3
-157.709,-22.363,0.000,179.79,53,-6
-157.696,-18.863,0.000,179.79,53,-5
-157.684,-15.363,0.000,179.79,53,-4
-157.671,-11.863,0.000,179.79,53,-3
-159.709,-22.355,0.000,179.79,53,-6
-159.696,-18.855,0.000,179.79,53,-5
-159.684,-15.355,0.000,179.79,53,-4
-159.671,-11.855,0.000,179.79,53,-3
-161.709,-22.348,0.000,179.79,53,-6
-161.696,-18.848,0.000,179.79,53,-5
-161.683,-15.348,0.000,179.79,53,-4
-161.671,-11.848,0.000,179.79,53,-3
-163.709,-22.341,0.000,179.79,53,-6
-163.696,-18.841,0.000,179.79,53,-5
-163.683,-15.341,0.000,179.79,53,-4
-163.671,-11.841,0.000,179.79,53,-3
-165.709,-22.333,0.000,179.79,53,-6
-165.696,-18.833,0.000,179.79,53,-5
-165.683,-15.333,0.000,179.79,53,-4
-165.671,-11.833,0.000,179.79,53,-3
-167.709,-22.326,0.000,179.79,53,-6
-167.696,-18.826,0.000,179.79,53,-5
-167.683,-15.326,0.000,179.79,53,-4
-167.671,-11.826,0.000,179.79,53,-3
-169.709,-22.319,0.000,179.79,53,-6
-169.696,-18.819,0.000,179.79,53,-5
-169.683,-15.319,0.000,179.79,53,-4
-169.671,-11.819,0.000,179.79,53,-3
-171.709,-22.312,0.000,179.79,53,-6
-171.696,-18.812,0.000,179.79,53,-5
-171.683,-15.312,0.000,179.79,53,-4
-171.671,-11.812,0.000,179.79,53,-3
-173.709,-22.304,0.000,179.79,53,-6
-173.696,-18.804,0.000,179.79,53,-5
-173.683,-15.304,0.000,179.79,53,-4
-173.671,-11.804,0.000,179.79,53,-3
-175.709,-22.297,0.000,179.79,53,-6
-175.696,-18.797,0.000,179.79,53,-5
-175.683,-15.297,0.000,179.79,53,-4
-175.671,-11.797,0.000,179.79,53,-3
-177.709,-22.290,0.000,179.79,53,-6
-177.696,-18.790,0.000,179.79,53,-5
-177.683,-15.290,0.000,179.79,53,-4
-177.671,-11.790,0.000,179.79,53,-3
-179.709,-22.282,0.000,179.79,53,-6
-179.696,-18.782,0.000,179.79,53,-5
-179.683,-15.282,0.000,179.79,53,-4
-179.671,-11.782,0.000,179.79,53,-3
-181.709,-22.275,0.000,179.79,53,-6
-181.696,-18.775,0.000,179.79,53,-5
-181.683,-15.275,0.000,179.79,53,-4
-181.671,-11.775,0.000,179.79,53,-3
-183.709,-22.268,0.000,179.79,53,-6
-183.696,-18.768,0.000,179.79,53,-5
-183.683,-15.268,0.000,179.79,53,-4
-183.671,-11.768,0.000,179.79,53,-3
-185.709,-22.261,0.000,179.79,53,-6
-185.696,-18.761,0.000,179.79,53,-5
-185.683,-15.261,0.000,179.79,53,-4
-185.671,-11.761,0.000,179.79,53,-3
-187.709,-22.253,0.000,179.79,53,-6
-187.696,-18.753,0.000,179.79,53,-5
-187.683,-15.253,0.000,179.79,53,-4
-187.671,-11.753,0.000,179.79,53,-3
-189.709,-22.246,0.000,179.79,53,-6
-189.696,-18.746,0.000,179.79,53,-5
-189.683,-15.246,0.000,179.79,53,-4
-189.671,-11.746,0.000,179.79,53,-3
-191.709,-22.239,0.000,179.79,53,-6
-191.696,-18.739,0.000,179.79,53,-5
-191.683,-15.239,0.000,179.79,53,-4
-191.671,-11.739,0.000,179.79,53,-3
-193.709,-22.231,0.000,179.79,53,-6
-193.696,-18.731,0.000,179.79,53,-5
-193.683,-15.231,0.000,179.79,53,-4
-193.671,-11.731,0.000,179.79,53,-3
-195.709,-22.224,0.000,179.79,53,-6
-195.696,-18.724,0.000,179.79,53,-5
-195.683,-15.224,0.000,179.79,53,-4
-195.671,-11.724,0.000,179.79,53,-3
-197.709,-22.217,0.000,179.79,53,-6
-197.696,-18.717,0.000,179.79,53,-5
-197.683,-15.217,0.000,179.79,53,-4
-197.671,-11.717,0.000,179.79,53,-3
-245.398,250.691,0.000,-0.10,823,-6
-245.404,247.191,0.000,-0.10,823,-5
-245.411,243.691,0.000,-0.10,823,-4
-245.417,240.191,0.000,-0.10,823,-3
-243.398,250.688,0.000,-0.10,823,-6
-243.404,247.188,0.000,-0.10,823,-5
-243.411,243.688,0.000,-0.10,823,-4
-243.417,240.188,0.000,-0.10,823,-3
-241.398,250.684,0.000,-0.10,823,-6
-241.404,247.184,0.000,-0.10,823,-5
-241.411,243.684,0.000,-0.10,823,-4
-241.417,240.184,0.000,-0.10,823,-3
-239.398,250.681,0.000,-0.10,823,-6
-239.404,247.181,0.000,-0.10,823,-5
-239.411,243.681,0.000,-0.10,823,-4
-239.417,240.181,0.000,-0.10,823,-3
-237.398,250.677,0.000,-0.10,823,-6
-237.404,247.177,0.000,-0.10,823,-5
-237.411,243.677,0.000,-0.10,823,-4
-237.417,240.177,0.000,-0.10,823,-3
-235.398,250.673,0.000,-0.10,823,-6
-235.404,247.173,0.000,-0.10,823,-5
-235.411,243.673,0.000,-0.10,823,-4
-235.417,240.173,0.000,-0.10,823,-3
-233.398,250.670,0.000,-0.10,823,-6
-233.404,247.170,0.000,-0.10,823,-5
-233.411,243.670,0.000,-0.10,823,-4
-233.417,240.170,0.000,-0.10,823,-3
-231.398,250.666,0.000,-0.10,823,-6
-231.404,247.166,0.000,-0.10,823,-5
-231.411,243.666,0.000,-0.10,823,-4
-231.417,240.166,0.000,-0.10,823,-3
-229.398,250.663,0.000,-0.10,823,-6
-229.404,247.163,0.000,-0.10,823,-5
-229.411,243.663,0.000,-0.10,823,-4
-229.417,240.163,0.000,-0.10,823,-3
-227.398,250.659,0.000,-0.10,823,-6
-227.404,247.159,0.000,-0.10,823,-5
-227.411,243.659,0.000,-0.10,823,-4
-227.417,240.159,0.000,-0.10,823,-3
-225.398,250.655,0.000,-0.10,823,-6
-225.404,247.155,0.000,-0.10,823,-5
-225.411,243.655,0.000,-0.10,823,-4
-225.417,240.155,0.000,-0.10,823,-3
-223.398,250.652,0.000,-0.10,823,-6
-223.404,247.152,0.000,-0.10,823,-5
-223.411,243.652,0.000,-0.10,823,-4
-223.417,240.152,0.000,-0.10,823,-3
-221.398,250.648,0.000,-0.10,823,-6
-221.404,247.148,0.000,-0.10,823,-5
-221.411,243.648,0.000,-0.10,823,-4
-221.417,240.148,0.000,-0.10,823,-3
-219.398,250.645,0.000,-0.10,823,-6
-219.404,247.145,0.000,-0.10,823,-5
-219.411,243.645,0.000,-0.10,823,-4
-219.417,240.145,0.000,-0.10,823,-3
-217.398,250.641,0.000,-0.10,823,-6
-217.404,247.141,0.000,-0.10,823,-5
-217.411,243.641,0.000,-0.10,823,-4
-217.417,240.141,0.000,-0.10,823,-3
-215.398,250.637,0.000,-0.10,823,-6
-215.404,247.137,0.000,-0.10,823,-5
-215.411,243.637,0.000,-0.10,823,-4
-215.417,240.137,0.000,-0.10,823,-3
-213.398,250.634,0.000,-0.10,823,-7
-213.404,247.134,0.000,-0.10,823,-6
-213.411,243.634,0.000,-0.10,823,-5
-213.417,240.134,0.000,-0.10,823,-4
-211.398,250.630,0.000,-0.10,823,-7
-211.404,247.130,0.000,-0.10,823,-6
-211.411,243.630,0.000,-0.10,823,-5
-211.417,240.130,0.000,-0.10,823,-4
-209.398,250.627,0.000,-0.10,823,-7
-209.404,247.127,0.000,-0.10,823,-6
-209.411,243.627,0.000,-0.10,823,-5
-209.417,240.127,0.000,-0.10,823,-4
-207.398,250.623,0.000,-0.10,823,-7
-207.404,247.123,0.000,-0.10,823,-6
-207.411,243.623,0.000,-0.10,823,-5
-207.417,240.123,0.000,-0.10,823,-4
-29.630,-22.829,0.000,179.79,52,-7
-29.617,-19.329,0.000,179.79,52,-6
-29.604,-15.829,0.000,179.79,52,-5
-29.592,-12.329,0.000,179.79,52,-4
-29.585,-10.579,0.000,179.79,52,-3
-31.630,-22.822,0.000,179.79,52,-7
-31.617,-19.322,0.000,179.79,52,-6
-31.604,-15.822,0.000,179.79,52,-5
-31.592,-12.322,0.000,179.79,52,-4
-31.585,-10.556,0.000,178.93,52,-3
-33.630,-22.814,0.000,179.79,52,-7
-33.617,-19.314,0.000,179.79,52,-6
-33.604,-15.814,0.000,179.79,52,-5
-33.592,-12.315,0.000,179.79,52,-4
-33.585,-10.505,0.000,178.17,52,-3
-35.630,-22.807,0.000,179.79,52,-7
-35.617,-19.307,0.000,179.79,52,-6
-35.604,-15.807,0.000,179.79,52,-5
-35.592,-12.307,0.000,179.79,52,-4
-35.585,-10.430,0.000,177.50,52,-3
-37.630,-22.800,0.000,179.79,52,-7
-37.617,-19.300,0.000,179.79,52,-6
-37.604,-15.800,0.000,179.79,52,-5
-37.592,-12.300,0.000,179.79,52,-4
-37.584,-10.332,0.000,176.94,52,-3
-39.630,-22.793,0.000,179.79,52,-7
-39.617,-19.293,0.000,179.79,52,-6
-39.604,-15.793,0.000,179.79,52,-5
-39.592,-12.293,0.000,179.79,52,-4
-39.584,-10.217,0.000,176.48,52,-3
-41.630,-22.785,0.000,179.79,52,-7
-41.617,-19.285,0.000,179.79,52,-6
-41.604,-15.785,0.000,179.79,52,-5
-41.592,-12.285,0.000,179.79,52,-4
-41.584,-10.088,0.000,176.12,52,-3
-43.630,-22.778,0.000,179.79,52,-7
-43.617,-19.278,0.000,179.79,52,-6
-43.604,-15.778,0.000,179.79,52,-5
-43.592,-12.278,0.000,179.79,52,-4
-43.583,-9.948,0.000,175.86,52,-3
-45.630,-22.771,0.000,179.79,52,-7
-45.617,-19.271,0.000,179.79,52,-6
-45.604,-15.771,0.000,179.79,52,-5
-45.592,-12.271,0.000,179.79,52,-4
-45.583,-9.800,0.000,175.70,52,-3
-47.630,-22.763,0.000,179.79,52,-7
-47.617,-19.263,0.000,179.79,52,-6
-47.604,-15.763,0.000,179.79,52,-5
-47.591,-12.264,0.000,179.79,52,-4
-47.582,-9.649,0.000,175.65,52,-3
-49.630,-22.756,0.000,179.79,52,-7
-49.617,-19.256,0.000,179.79,52,-6
-49.604,-15.756,0.000,179.79,52,-5
-49.591,-12.256,0.000,179.79,52,-4
-49.581,-9.498,0.000,175.69,52,-3
-51.630,-22.749,0.000,179.79,52,-7
-51.617,-19.249,0.000,179.79,52,-6
-51.604,-15.749,0.000,179.79,52,-5
-51.591,-12.249,0.000,179.79,52,-4
-51.581,-9.349,0.000,175.83,52,-3
-53.630,-22.742,0.000,179.79,52,-7
-53.617,-19.242,0.000,179.79,52,-6
-53.604,-15.742,0.000,179.79,52,-5
-53.591,-12.242,0.000,179.79,52,-4
-53.580,-9.208,0.000,176.08,52,-3
-55.630,-22.734,0.000,179.79,52,-7
-55.617,-19.234,0.000,179.79,52,-6
-55.604,-15.734,0.000,179.79,52,-5
-55.591,-12.234,0.000,179.79,52,-4
-55.580,-9.077,0.000,176.42,52,-3
-57.630,-22.727,0.000,179.79,52,-7
-57.617,-19.227,0.000,179.79,52,-6
-57.604,-15.727,0.000,179.79,52,-5
-57.591,-12.227,0.000,179.79,52,-4
-57.580,-8.959,0.000,176.87,52,-3
-59.630,-22.720,0.000,179.79,52,-7
-59.617,-19.220,0.000,179.79,52,-6
-59.604,-15.720,0.000,179.79,52,-5
-59.591,-12.220,0.000,179.79,52,-4
-59.579,-8.859,0.000,177.42,52,-3
-61.630,-22.712,0.000,179.79,52,-7
-61.617,-19.212,0.000,179.79,52,-6
-61.604,-15.713,0.000,179.79,52,-5
-61.591,-12.213,0.000,179.79,52,-4
-61.579,-8.780,0.000,178.06,52,-3
-63.630,-22.705,0.000,179.79,52,-7
-63.617,-19.205,0.000,179.79,52,-6
-63.604,-15.705,0.000,179.79,52,-5
-63.591,-12.205,0.000,179.79,52,-4
-63.579,-8.725,0.000,178.81,52,-3
-65.630,-22.698,0.000,179.79,52,-7
-65.617,-19.198,0.000,179.79,52,-6
-65.604,-15.698,0.000,179.79,52,-5
-65.591,-12.198,0.000,179.79,52,-4
-65.579,-8.698,0.000,179.66,52,-3
-67.630,-22.691,0.000,179.79,52,-7
-67.617,-19.191,0.000,179.79,52,-6
-67.604,-15.691,0.000,179.79,52,-5
-67.591,-12.191,0.000,179.79,52,-4
-67.579,-8.691,0.000,179.79,52,-3
-69.630,-22.683,0.000,179.79,52,-7
-69.617,-19.183,0.000,179.79,52,-6
-69.604,-15.683,0.000,179.79,52,-5
-69.591,-12.183,0.000,179.79,52,-4
-69.579,-8.683,0.000,179.79,52,-3
-71.630,-22.676,0.000,179.79,52,-7
-71.617,-19.176,0.000,179.79,52,-6
-71.604,-15.676,0.000,179.79,52,-5
-71.591,-12.176,0.000,179.79,52,-4
-71.579,-8.676,0.000,179.79,52,-3
-73.630,-22.669,0.000,179.79,52,-7
-73.617,-19.169,0.000,179.79,52,-6
-73.604,-15.669,0.000,179.79,52,-5
-73.591,-12.169,0.000,179.79,52,-4
-73.579,-8.669,0.000,179.79,52,-3
-75.630,-22.661,0.000,179.79,52,-7
-75.617,-19.161,0.000,179.79,52,-6
-75.604,-15.662,0.000,179.79,52,-5
-75.591,-12.162,0.000,179.79,52,-4
-75.579,-8.662,0.000,179.79,52,-3
-77.630,-22.654,0.000,179.79,52,-7
-77.617,-19.154,0.000,179.79,52,-6
-77.604,-15.654,0.000,179.79,52,-5
-77.591,-12.154,0.000,179.79,52,-4
-77.579,-8.654,0.000,179.79,52,-3
-79.630,-22.647,0.000,179.79,52,-7
-79.617,-19.147,0.000,179.79,52,-6
-79.604,-15.647,0.000,179.79,52,-5
-79.591,-12.147,0.000,179.79,52,-4
-79.579,-8.647,0.000,179.79,52,-3
-81.630,-22.640,0.000,179.79,52,-7
-81.617,-19.140,0.000,179.79,52,-6
-81.604,-15.640,0.000,179.79,52,-5
-81.591,-12.140,0.000,179.79,52,-4
-81.579,-8.640,0.000,179.79,52,-3
-83.630,-22.632,0.000,179.79,52,-7
-83.617,-19.132,0.000,179.79,52,-6
-83.604,-15.632,0.000,179.79,52,-5
-83.591,-12.132,0.000,179.79,52,-4
-83.579,-8.632,0.000,179.79,52,-3
-85.629,-22.625,0.000,179.79,52,-7
-85.617,-19.125,0.000,179.79,52,-6
-85.604,-15.625,0.000,179.79,52,-5
-85.591,-12.125,0.000,179.79,52,-4
-85.578,-8.625,0.000,179.79,52,-3
-87.629,-22.618,0.000,179.79,52,-7
-87.617,-19.118,0.000,179.79,52,-6
-87.604,-15.618,0.000,179.79,52,-5
-87.591,-12.118,0.000,179.79,52,-4
-87.578,-8.618,0.000,179.79,52,-3
-89.629,-22.610,0.000,179.79,52,-7
-89.617,-19.111,0.000,179.79,52,-6
-89.604,-15.611,0.000,179.79,52,-5
-89.591,-12.111,0.000,179.79,52,-4
-89.578,-8.611,0.000,179.79,52,-3
-91.629,-22.603,0.000,179.79,52,-7
-91.617,-19.103,0.000,179.79,52,-6
-91.604,-15.603,0.000,179.79,52,-5
-91.591,-12.103,0.000,179.79,52,-4
-91.578,-8.603,0.000,179.79,52,-3
-93.629,-22.596,0.000,179.79,52,-7
-93.617,-19.096,0.000,179.79,52,-6
-93.604,-15.596,0.000,179.79,52,-5
-93.591,-12.096,0.000,179.79,52,-4
-93.578,-8.596,0.000,179.79,52,-3
-95.629,-22.589,0.000,179.79,52,-7
-95.617,-19.089,0.000,179.79,52,-6
-95.604,-15.589,0.000,179.79,52,-5
-95.591,-12.089,0.000,179.79,52,-4
-95.578,-8.589,0.000,179.79,52,-3
-97.629,-22.581,0.000,179.79,52,-7
-97.617,-19.081,0.000,179.79,52,-6
-97.604,-15.581,0.000,179.79,52,-5
-97.591,-12.081,0.000,179.79,52,-4
-97.578,-8.581,0.000,179.79,52,-3
-99.629,-22.574,0.000,179.79,52,-7
-99.617,-19.074,0.000,179.79,52,-6
-99.604,-15.574,0.000,179.79,52,-5
-99.591,-12.074,0.000,179.79,52,-4
-99.578,-8.574,0.000,179.79,52,-3
-101.629,-22.567,0.000,179.79,52,-7
-101.617,-19.067,0.000,179.79,52,-6
-101.604,-15.567,0.000,179.79,52,-5
-101.591,-12.067,0.000,179.79,52,-4
-101.578,-8.567,0.000,179.79,52,-3
-103.629,-22.559,0.000,179.79,52,-7
-103.617,-19.060,0.000,179.79,52,-6
-103.604,-15.560,0.000,179.79,52,-5
-103.591,-12.060,0.000,179.79,52,-4
-103.578,-8.560,0.000,179.79,52,-3
-105.629,-22.552,0.000,179.79,52,-7
-105.617,-19.052,0.000,179.79,52,-6
-105.604,-15.552,0.000,179.79,52,-5
-105.591,-12.052,0.000,179.79,52,-4
-105.578,-8.552,0.000,179.79,52,-3
-107.629,-22.545,0.000,179.79,52,-7
-107.617,-19.045,0.000,179.79,52,-6
-107.604,-15.545,0.000,179.79,52,-5
-107.591,-12.045,0.000,179.79,52,-4
-107.578,-8.545,0.000,179.79,52,-3
-109.629,-22.538,0.000,179.79,52,-7
-109.617,-19.038,0.000,179.79,52,-6
-109.604,-15.538,0.000,179.79,52,-5
-109.591,-12.038,0.000,179.79,52,-4
-109.578,-8.538,0.000,179.79,52,-3
-111.629,-22.530,0.000,179.79,52,-7
-111.617,-19.030,0.000,179.79,52,-6
-111.604,-15.530,0.000,179.79,52,-5
-111.591,-12.030,0.000,179.79,52,-4
-111.578,-8.530,0.000,179.79,52,-3
-113.629,-22.523,0.000,179.79,52,-7
-113.617,-19.023,0.000,179.79,52,-6
-113.604,-15.523,0.000,179.79,52,-5
-113.591,-12.023,0.000,179.79,52,-4
-113.578,-8.523,0.000,179.79,52,-3
-115.629,-22.516,0.000,179.79,52,-7
-115.617,-19.016,0.000,179.79,52,-6
-115.604,-15.516,0.000,179.79,52,-5
-115.591,-12.016,0.000,179.79,52,-4
-115.578,-8.516,0.000,179.79,52,-3
-117.629,-22.508,0.000,179.79,52,-7
-117.617,-19.009,0.000,179.79,52,-6
-117.604,-15.509,0.000,179.79,52,-5
-117.591,-12.009,0.000,179.79,52,-4
-117.578,-8.509,0.000,179.79,52,-3
-119.629,-22.501,0.000,179.79,52,-7
-119.617,-19.001,0.000,179.79,52,-6
-119.604,-15.501,0.000,179.79,52,-5
-119.591,-12.001,0.000,179.79,52,-4
-119.578,-8.501,0.000,179.79,52,-3
-121.629,-22.494,0.000,179.79,52,-7
-121.617,-18.994,0.000,179.79,52,-6
-121.604,-15.494,0.000,179.79,52,-5
-121.591,-11.994,0.000,179.79,52,-4
-121.578,-8.494,0.000,179.79,52,-3
-123.629,-22.487,0.000,179.79,52,-7
-123.616,-18.987,0.000,179.79,52,-6
-123.604,-15.487,0.000,179.79,52,-5
-123.591,-11.987,0.000,179.79,52,-4
-123.578,-8.487,0.000,179.79,52,-3
-125.629,-22.479,0.000,179.79,52,-7
-125.616,-18.979,0.000,179.79,52,-6
-125.604,-15.479,0.000,179.79,52,-5
-125.591,-11.979,0.000,179.79,52,-4
-125.578,-8.479,0.000,179.79,52,-3
-127.629,-22.472,0.000,179.79,52,-7
-127.616,-18.972,0.000,179.79,52,-6
-127.604,-15.472,0.000,179.79,52,-5
-127.591,-11.972,0.000,179.79,52,-4
-127.578,-8.472,0.000,179.79,52,-3
-22.800,-22.854,0.000,179.79,51,-6
-22.787,-19.354,0.000,179.79,51,-5
-22.774,-15.854,0.000,179.79,51,-4
-22.762,-12.354,0.000,179.79,51,-3
-24.800,-22.847,0.000,179.79,51,-6
-24.787,-19.347,0.000,179.79,51,-5
-24.774,-15.847,0.000,179.79,51,-4
-24.762,-12.347,0.000,179.79,51,-3
-26.800,-22.839,0.000,179.79,51,-6
-26.787,-19.339,0.000,179.79,51,-5
-26.774,-15.839,0.000,179.79,51,-4
-26.762,-12.339,0.000,179.79,51,-3
-28.800,-22.832,0.000,179.79,51,-6
-28.787,-19.332,0.000,179.79,51,-5
-28.774,-15.832,0.000,179.79,51,-4
-28.762,-12.332,0.000,179.79,51,-3
646.893,45.162,0.000,-360.03,307,-1
649.079,45.091,0.000,-6.20,307,-1
651.368,44.612,0.000,-17.43,307,-1
653.521,43.697,0.000,-28.66,307,-1
655.454,42.379,0.000,-39.88,307,-1
657.093,40.711,0.000,-51.11,307,-1
658.377,38.755,0.000,-62.34,307,-1
659.319,36.847,0.000,-66.57,307,-1
660.070,34.754,0.000,-73.93,307,-1
660.547,32.583,0.000,-81.29,307,-1
660.742,30.368,0.000,-88.65,307,-1
660.652,28.146,0.000,-96.01,307,-1
660.277,25.955,0.000,-103.37,307,-1
125.189,-23.393,0.000,179.79,50,-6
125.202,-19.893,0.000,179.79,50,-5
125.215,-16.393,0.000,179.79,50,-4
125.227,-12.893,0.000,179.79,50,-3
123.189,-23.386,0.000,179.79,50,-6
123.202,-19.886,0.000,179.79,50,-5
123.215,-16.386,0.000,179.79,50,-4
123.227,-12.886,0.000,179.79,50,-3
121.189,-23.378,0.000,179.79,50,-6
121.202,-19.878,0.000,179.79,50,-5
121.215,-16.378,0.000,179.79,50,-4
121.227,-12.878,0.000,179.79,50,-3
119.189,-23.371,0.000,179.79,50,-6
119.202,-19.871,0.000,179.79,50,-5
119.215,-16.371,0.000,179.79,50,-4
119.227,-12.871,0.000,179.79,50,-3
117.189,-23.364,0.000,179.79,50,-6
117.202,-19.864,0.000,179.79,50,-5
117.215,-16.364,0.000,179.79,50,-4
117.227,-12.864,0.000,179.79,50,-3
115.189,-23.356,0.000,179.79,50,-6
115.202,-19.857,0.000,179.79,50,-5
115.215,-16.357,0.000,179.79,50,-4
115.227,-12.857,0.000,179.79,50,-3
113.189,-23.349,0.000,179.79,50,-6
113.202,-19.849,0.000,179.79,50,-5
113.215,-16.349,0.000,179.79,50,-4
113.227,-12.849,0.000,179.79,50,-3
111.189,-23.342,0.000,179.79,50,-6
111.202,-19.842,0.000,179.79,50,-5
111.215,-16.342,0.000,179.79,50,-4
111.227,-12.842,0.000,179.79,50,-3
109.189,-23.335,0.000,179.79,50,-6
109.202,-19.835,0.000,179.79,50,-5
109.215,-16.335,0.000,179.79,50,-4
109.227,-12.835,0.000,179.79,50,-3
107.189,-23.327,0.000,179.79,50,-6
107.202,-19.827,0.000,179.79,50,-5
107.215,-16.327,0.000,179.79,50,-4
107.227,-12.827,0.000,179.79,50,-3
105.189,-23.320,0.000,179.79,50,-6
105.202,-19.820,0.000,179.79,50,-5
105.215,-16.320,0.000,179.79,50,-4
105.227,-12.820,0.000,179.79,50,-3
103.189,-23.313,0.000,179.79,50,-6
103.202,-19.813,0.000,179.79,50,-5
103.215,-16.313,0.000,179.79,50,-4
103.228,-12.813,0.000,179.79,50,-3
101.189,-23.305,0.000,179.79,50,-6
101.202,-19.806,0.000,179.79,50,-5
101.215,-16.306,0.000,179.79,50,-4
101.228,-12.806,0.000,179.79,50,-3
99.189,-23.298,0.000,179.79,50,-6
99.202,-19.798,0.000,179.79,50,-5
99.215,-16.298,0.000,179.79,50,-4
99.228,-12.798,0.000,179.79,50,-3
97.189,-23.291,0.000,179.79,50,-6
97.202,-19.791,0.000,179.79,50,-5
97.215,-16.291,0.000,179.79,50,-4
97.228,-12.791,0.000,179.79,50,-3
95.189,-23.284,0.000,179.79,50,-6
95.202,-19.784,0.000,179.79,50,-5
95.215,-16.284,0.000,179.79,50,-4
95.228,-12.784,0.000,179.79,50,-3
93.189,-23.276,0.000,179.79,50,-6
93.202,-19.776,0.000,179.79,50,-5
93.215,-16.276,0.000,179.79,50,-4
93.228,-12.776,0.000,179.79,50,-3
91.189,-23.269,0.000,179.79,50,-6
91.202,-19.769,0.000,179.79,50,-5
91.215,-16.269,0.000,179.79,50,-4
91.228,-12.769,0.000,179.79,50,-3
89.189,-23.262,0.000,179.79,50,-6
89.202,-19.762,0.000,179.79,50,-5
89.215,-16.262,0.000,179.79,50,-4
89.228,-12.762,0.000,179.79,50,-3
87.189,-23.254,0.000,179.79,50,-6
87.202,-19.755,0.000,179.79,50,-5
87.215,-16.255,0.000,179.79,50,-4
87.228,-12.755,0.000,179.79,50,-3
85.189,-23.247,0.000,179.79,50,-6
85.202,-19.747,0.000,179.79,50,-5
85.215,-16.247,0.000,179.79,50,-4
85.228,-12.747,0.000,179.79,50,-3
83.189,-23.240,0.000,179.79,50,-6
83.202,-19.740,0.000,179.79,50,-5
83.215,-16.240,0.000,179.79,50,-4
83.228,-12.740,0.000,179.79,50,-3
81.189,-23.233,0.000,179.79,50,-6
81.202,-19.733,0.000,179.79,50,-5
81.215,-16.233,0.000,179.79,50,-4
81.228,-12.733,0.000,179.79,50,-3
79.189,-23.225,0.000,179.79,50,-6
79.202,-19.725,0.000,179.79,50,-5
79.215,-16.225,0.000,179.79,50,-4
79.228,-12.725,0.000,179.79,50,-3
77.189,-23.218,0.000,179.79,50,-6
77.202,-19.718,0.000,179.79,50,-5
77.215,-16.218,0.000,179.79,50,-4
77.228,-12.718,0.000,179.79,50,-3
75.189,-23.211,0.000,179.79,50,-6
75.202,-19.711,0.000,179.79,50,-5
75.215,-16.211,0.000,179.79,50,-4
75.228,-12.711,0.000,179.79,50,-3
73.189,-23.204,0.000,179.79,50,-6
73.202,-19.704,0.000,179.79,50,-5
73.215,-16.204,0.000,179.79,50,-4
73.228,-12.704,0.000,179.79,50,-3
71.189,-23.196,0.000,179.79,50,-6
71.202,-19.696,0.000,179.79,50,-5
71.215,-16.196,0.000,179.79,50,-4
71.228,-12.696,0.000,179.79,50,-3
69.189,-23.189,0.000,179.79,50,-6
69.202,-19.689,0.000,179.79,50,-5
69.215,-16.189,0.000,179.79,50,-4
69.228,-12.689,0.000,179.79,50,-3
67.189,-23.182,0.000,179.79,50,-6
67.202,-19.682,0.000,179.79,50,-5
67.215,-16.182,0.000,179.79,50,-4
67.228,-12.682,0.000,179.79,50,-3
65.190,-23.174,0.000,179.79,50,-6
65.202,-19.674,0.000,179.79,50,-5
65.215,-16.174,0.000,179.79,50,-4
65.228,-12.674,0.000,179.79,50,-3
63.190,-23.167,0.000,179.79,50,-6
63.202,-19.667,0.000,179.79,50,-5
63.215,-16.167,0.000,179.79,50,-4
63.228,-12.667,0.000,179.79,50,-3
61.190,-23.160,0.000,179.79,50,-6
61.202,-19.660,0.000,179.79,50,-5
61.215,-16.160,0.000,179.79,50,-4
61.228,-12.660,0.000,179.79,50,-3
59.190,-23.153,0.000,179.79,50,-6
59.202,-19.653,0.000,179.79,50,-5
59.215,-16.153,0.000,179.79,50,-4
59.228,-12.653,0.000,179.79,50,-3
57.190,-23.145,0.000,179.79,50,-6
57.202,-19.645,0.000,179.79,50,-5
57.215,-16.145,0.000,179.79,50,-4
57.228,-12.645,0.000,179.79,50,-3
55.190,-23.138,0.000,179.79,50,-6
55.202,-19.638,0.000,179.79,50,-5
55.215,-16.138,0.000,179.79,50,-4
55.228,-12.638,0.000,179.79,50,-3
53.190,-23.131,0.000,179.79,50,-6
53.202,-19.631,0.000,179.79,50,-5
53.215,-16.131,0.000,179.79,50,-4
53.228,-12.631,0.000,179.79,50,-3
51.190,-23.123,0.000,179.79,50,-6
51.202,-19.623,0.000,179.79,50,-5
51.215,-16.123,0.000,179.79,50,-4
51.228,-12.623,0.000,179.79,50,-3
49.190,-23.116,0.000,179.79,50,-6
49.202,-19.616,0.000,179.79,50,-5
49.215,-16.116,0.000,179.79,50,-4
49.228,-12.616,0.000,179.79,50,-3
47.190,-23.109,0.000,179.79,50,-6
47.202,-19.609,0.000,179.79,50,-5
47.215,-16.109,0.000,179.79,50,-4
47.228,-12.609,0.000,179.79,50,-3
45.190,-23.102,0.000,179.79,50,-6
45.202,-19.602,0.000,179.79,50,-5
45.215,-16.102,0.000,179.79,50,-4
45.228,-12.602,0.000,179.79,50,-3
43.190,-23.094,0.000,179.79,50,-6
43.202,-19.594,0.000,179.79,50,-5
43.215,-16.094,0.000,179.79,50,-4
43.228,-12.594,0.000,179.79,50,-3
41.190,-23.087,0.000,179.79,50,-6
41.202,-19.587,0.000,179.79,50,-5
41.215,-16.087,0.000,179.79,50,-4
41.228,-12.587,0.000,179.79,50,-3
39.190,-23.080,0.000,179.79,50,-6
39.202,-19.580,0.000,179.79,50,-5
39.215,-16.080,0.000,179.79,50,-4
39.228,-12.580,0.000,179.79,50,-3
37.190,-23.072,0.000,179.79,50,-6
37.202,-19.572,0.000,179.79,50,-5
37.215,-16.072,0.000,179.79,50,-4
37.228,-12.572,0.000,179.79,50,-3
35.190,-23.065,0.000,179.79,50,-6
35.202,-19.565,0.000,179.79,50,-5
35.215,-16.065,0.000,179.79,50,-4
35.228,-12.565,0.000,179.79,50,-3
33.190,-23.058,0.000,179.79,50,-6
33.202,-19.558,0.000,179.79,50,-5
33.215,-16.058,0.000,179.79,50,-4
33.228,-12.558,0.000,179.79,50,-3
31.190,-23.051,0.000,179.79,50,-6
31.202,-19.551,0.000,179.79,50,-5
31.215,-16.051,0.000,179.79,50,-4
31.228,-12.551,0.000,179.79,50,-3
29.190,-23.043,0.000,179.79,50,-6
29.202,-19.543,0.000,179.79,50,-5
29.215,-16.043,0.000,179.79,50,-4
29.228,-12.543,0.000,179.79,50,-3
27.190,-23.036,0.000,179.79,50,-6
27.203,-19.536,0.000,179.79,50,-5
27.215,-16.036,0.000,179.79,50,-4
27.228,-12.536,0.000,179.79,50,-3
25.190,-23.029,0.000,179.79,50,-6
25.203,-19.529,0.000,179.79,50,-5
25.215,-16.029,0.000,179.79,50,-4
25.228,-12.529,0.000,179.79,50,-3
307.328,-24.056,0.000,179.79,49,-6
307.341,-20.556,0.000,179.79,49,-5
307.353,-17.056,0.000,179.79,49,-4
307.366,-13.556,0.000,179.79,49,-3
305.328,-24.049,0.000,179.79,49,-6
305.341,-20.549,0.000,179.79,49,-5
305.353,-17.049,0.000,179.79,49,-4
305.366,-13.549,0.000,179.79,49,-3
303.328,-24.042,0.000,179.79,49,-6
303.341,-20.542,0.000,179.79,49,-5
303.353,-17.042,0.000,179.79,49,-4
303.366,-13.542,0.000,179.79,49,-3
301.328,-24.034,0.000,179.79,49,-6
301.341,-20.534,0.000,179.79,49,-5
301.353,-17.034,0.000,179.79,49,-4
301.366,-13.535,0.000,179.79,49,-3
299.328,-24.027,0.000,179.79,49,-6
299.341,-20.527,0.000,179.79,49,-5
299.353,-17.027,0.000,179.79,49,-4
299.366,-13.527,0.000,179.79,49,-3
297.328,-24.020,0.000,179.79,49,-6
297.341,-20.520,0.000,179.79,49,-5
297.353,-17.020,0.000,179.79,49,-4
297.366,-13.520,0.000,179.79,49,-3
295.328,-24.013,0.000,179.79,49,-6
295.341,-20.513,0.000,179.79,49,-5
295.353,-17.013,0.000,179.79,49,-4
295.366,-13.513,0.000,179.79,49,-3
293.328,-24.005,0.000,179.79,49,-6
293.341,-20.505,0.000,179.79,49,-5
293.353,-17.005,0.000,179.79,49,-4
293.366,-13.505,0.000,179.79,49,-3
291.328,-23.998,0.000,179.79,49,-6
291.341,-20.498,0.000,179.79,49,-5
291.353,-16.998,0.000,179.79,49,-4
291.366,-13.498,0.000,179.79,49,-3
289.328,-23.991,0.000,179.79,49,-6
289.341,-20.491,0.000,179.79,49,-5
289.354,-16.991,0.000,179.79,49,-4
289.366,-13.491,0.000,179.79,49,-3
287.328,-23.983,0.000,179.79,49,-6
287.341,-20.483,0.000,179.79,49,-5
287.354,-16.983,0.000,179.79,49,-4
287.366,-13.484,0.000,179.79,49,-3
285.328,-23.976,0.000,179.79,49,-6
285.341,-20.476,0.000,179.79,49,-5
285.354,-16.976,0.000,179.79,49,-4
285.366,-13.476,0.000,179.79,49,-3
283.328,-23.969,0.000,179.79,49,-6
283.341,-20.469,0.000,179.79,49,-5
283.354,-16.969,0.000,179.79,49,-4
283.366,-13.469,0.000,179.79,49,-3
281.328,-23.962,0.000,179.79,49,-6
281.341,-20.462,0.000,179.79,49,-5
281.354,-16.962,0.000,179.79,49,-4
281.366,-13.462,0.000,179.79,49,-3
279.328,-23.954,0.000,179.79,49,-6
279.341,-20.454,0.000,179.79,49,-5
279.354,-16.954,0.000,179.79,49,-4
279.366,-13.454,0.000,179.79,49,-3
277.328,-23.947,0.000,179.79,49,-6
277.341,-20.447,0.000,179.79,49,-5
277.354,-16.947,0.000,179.79,49,-4
277.366,-13.447,0.000,179.79,49,-3
275.328,-23.940,0.000,179.79,49,-6
275.341,-20.440,0.000,179.79,49,-5
275.354,-16.940,0.000,179.79,49,-4
275.366,-13.440,0.000,179.79,49,-3
273.328,-23.932,0.000,179.79,49,-6
273.341,-20.432,0.000,179.79,49,-5
273.354,-16.933,0.000,179.79,49,-4
273.366,-13.433,0.000,179.79,49,-3
271.328,-23.925,0.000,179.79,49,-6
271.341,-20.425,0.000,179.79,49,-5
271.354,-16.925,0.000,179.79,49,-4
271.366,-13.425,0.000,179.79,49,-3
269.328,-23.918,0.000,179.79,49,-6
269.341,-20.418,0.000,179.79,49,-5
269.354,-16.918,0.000,179.79,49,-4
269.366,-13.418,0.000,179.79,49,-3
267.328,-23.911,0.000,179.79,49,-6
267.341,-20.411,0.000,179.79,49,-5
267.354,-16.911,0.000,179.79,49,-4
267.366,-13.411,0.000,179.79,49,-3
265.328,-23.903,0.000,179.79,49,-6
265.341,-20.403,0.000,179.79,49,-5
265.354,-16.903,0.000,179.79,49,-4
265.366,-13.403,0.000,179.79,49,-3
263.328,-23.896,0.000,179.79,49,-6
263.341,-20.396,0.000,179.79,49,-5
263.354,-16.896,0.000,179.79,49,-4
263.366,-13.396,0.000,179.79,49,-3
261.328,-23.889,0.000,179.79,49,-6
261.341,-20.389,0.000,179.79,49,-5
261.354,-16.889,0.000,179.79,49,-4
261.366,-13.389,0.000,179.79,49,-3
259.328,-23.881,0.000,179.79,49,-6
259.341,-20.381,0.000,179.79,49,-5
259.354,-16.882,0.000,179.79,49,-4
259.366,-13.382,0.000,179.79,49,-3
257.328,-23.874,0.000,179.79,49,-6
257.341,-20.374,0.000,179.79,49,-5
257.354,-16.874,0.000,179.79,49,-4
257.366,-13.374,0.000,179.79,49,-3
255.328,-23.867,0.000,179.79,49,-6
255.341,-20.367,0.000,179.79,49,-5
255.354,-16.867,0.000,179.79,49,-4
255.366,-13.367,0.000,179.79,49,-3
253.328,-23.860,0.000,179.79,49,-6
253.341,-20.360,0.000,179.79,49,-5
253.354,-16.860,0.000,179.79,49,-4
253.367,-13.360,0.000,179.79,49,-3
251.328,-23.852,0.000,179.79,49,-6
251.341,-20.352,0.000,179.79,49,-5
251.354,-16.852,0.000,179.79,49,-4
251.367,-13.352,0.000,179.79,49,-3
249.328,-23.845,0.000,179.79,49,-6
249.341,-20.345,0.000,179.79,49,-5
249.354,-16.845,0.000,179.79,49,-4
249.367,-13.345,0.000,179.79,49,-3
247.328,-23.838,0.000,179.79,49,-6
247.341,-20.338,0.000,179.79,49,-5
247.354,-16.838,0.000,179.79,49,-4
247.367,-13.338,0.000,179.79,49,-3
245.328,-23.830,0.000,179.79,49,-6
245.341,-20.331,0.000,179.79,49,-5
245.354,-16.831,0.000,179.79,49,-4
245.367,-13.331,0.000,179.79,49,-3
243.328,-23.823,0.000,179.79,49,-6
243.341,-20.323,0.000,179.79,49,-5
243.354,-16.823,0.000,179.79,49,-4
243.367,-13.323,0.000,179.79,49,-3
241.328,-23.816,0.000,179.79,49,-6
241.341,-20.316,0.000,179.79,49,-5
241.354,-16.816,0.000,179.79,49,-4
241.367,-13.316,0.000,179.79,49,-3
239.328,-23.809,0.000,179.79,49,-6
239.341,-20.309,0.000,179.79,49,-5
239.354,-16.809,0.000,179.79,49,-4
239.367,-13.309,0.000,179.79,49,-3
237.328,-23.801,0.000,179.79,49,-6
237.341,-20.301,0.000,179.79,49,-5
237.354,-16.801,0.000,179.79,49,-4
237.367,-13.301,0.000,179.79,49,-3
235.328,-23.794,0.000,179.79,49,-6
235.341,-20.294,0.000,179.79,49,-5
235.354,-16.794,0.000,179.79,49,-4
235.367,-13.294,0.000,179.79,49,-3
233.328,-23.787,0.000,179.79,49,-6
233.341,-20.287,0.000,179.79,49,-5
233.354,-16.787,0.000,179.79,49,-4
233.367,-13.287,0.000,179.79,49,-3
231.328,-23.779,0.000,179.79,49,-6
231.341,-20.280,0.000,179.79,49,-5
231.354,-16.780,0.000,179.79,49,-4
231.367,-13.280,0.000,179.79,49,-3
229.328,-23.772,0.000,179.79,49,-6
229.341,-20.272,0.000,179.79,49,-5
229.354,-16.772,0.000,179.79,49,-4
229.367,-13.272,0.000,179.79,49,-3
227.328,-23.765,0.000,179.79,49,-6
227.341,-20.265,0.000,179.79,49,-5
227.354,-16.765,0.000,179.79,49,-4
227.367,-13.265,0.000,179.79,49,-3
225.328,-23.758,0.000,179.79,49,-6
225.341,-20.258,0.000,179.79,49,-5
225.354,-16.758,0.000,179.79,49,-4
225.367,-13.258,0.000,179.79,49,-3
223.328,-23.750,0.000,179.79,49,-6
223.341,-20.250,0.000,179.79,49,-5
223.354,-16.750,0.000,179.79,49,-4
223.367,-13.250,0.000,179.79,49,-3
221.328,-23.743,0.000,179.79,49,-6
221.341,-20.243,0.000,179.79,49,-5
221.354,-16.743,0.000,179.79,49,-4
221.367,-13.243,0.000,179.79,49,-3
219.328,-23.736,0.000,179.79,49,-6
219.341,-20.236,0.000,179.79,49,-5
219.354,-16.736,0.000,179.79,49,-4
219.367,-13.236,0.000,179.79,49,-3
217.329,-23.728,0.000,179.79,49,-6
217.341,-20.229,0.000,179.79,49,-5
217.354,-16.729,0.000,179.79,49,-4
217.367,-13.229,0.000,179.79,49,-3
215.329,-23.721,0.000,179.79,49,-6
215.341,-20.221,0.000,179.79,49,-5
215.354,-16.721,0.000,179.79,49,-4
215.367,-13.221,0.000,179.79,49,-3
213.329,-23.714,0.000,179.79,49,-6
213.341,-20.214,0.000,179.79,49,-5
213.354,-16.714,0.000,179.79,49,-4
213.367,-13.214,0.000,179.79,49,-3
211.329,-23.707,0.000,179.79,49,-6
211.341,-20.207,0.000,179.79,49,-5
211.354,-16.707,0.000,179.79,49,-4
211.367,-13.207,0.000,179.79,49,-3
209.329,-23.699,0.000,179.79,49,-6
209.341,-20.199,0.000,179.79,49,-5
209.354,-16.699,0.000,179.79,49,-4
209.367,-13.199,0.000,179.79,49,-3
207.329,-23.692,0.000,179.79,49,-6
207.341,-20.192,0.000,179.79,49,-5
207.354,-16.692,0.000,179.79,49,-4
207.367,-13.192,0.000,179.79,49,-3
205.329,-23.685,0.000,179.79,49,-6
205.341,-20.185,0.000,179.79,49,-5
205.354,-16.685,0.000,179.79,49,-4
205.367,-13.185,0.000,179.79,49,-3
203.329,-23.678,0.000,179.79,49,-6
203.341,-20.178,0.000,179.79,49,-5
203.354,-16.678,0.000,179.79,49,-4
203.367,-13.178,0.000,179.79,49,-3
201.329,-23.670,0.000,179.79,49,-6
201.341,-20.170,0.000,179.79,49,-5
201.354,-16.670,0.000,179.79,49,-4
201.367,-13.170,0.000,179.79,49,-3
199.329,-23.663,0.000,179.79,49,-6
199.341,-20.163,0.000,179.79,49,-5
199.354,-16.663,0.000,179.79,49,-4
199.367,-13.163,0.000,179.79,49,-3
197.329,-23.656,0.000,179.79,49,-6
197.341,-20.156,0.000,179.79,49,-5
197.354,-16.656,0.000,179.79,49,-4
197.367,-13.156,0.000,179.79,49,-3
195.329,-23.648,0.000,179.79,49,-6
195.341,-20.148,0.000,179.79,49,-5
195.354,-16.648,0.000,179.79,49,-4
195.367,-13.148,0.000,179.79,49,-3
193.329,-23.641,0.000,179.79,49,-6
193.341,-20.141,0.000,179.79,49,-5
193.354,-16.641,0.000,179.79,49,-4
193.367,-13.141,0.000,179.79,49,-3
191.329,-23.634,0.000,179.79,49,-6
191.341,-20.134,0.000,179.79,49,-5
191.354,-16.634,0.000,179.79,49,-4
191.367,-13.134,0.000,179.79,49,-3
189.329,-23.627,0.000,179.79,49,-6
189.341,-20.127,0.000,179.79,49,-5
189.354,-16.627,0.000,179.79,49,-4
189.367,-13.127,0.000,179.79,49,-3
187.329,-23.619,0.000,179.79,49,-6
187.341,-20.119,0.000,179.79,49,-5
187.354,-16.619,0.000,179.79,49,-4
187.367,-13.119,0.000,179.79,49,-3
185.329,-23.612,0.000,179.79,49,-6
185.341,-20.112,0.000,179.79,49,-5
185.354,-16.612,0.000,179.79,49,-4
185.367,-13.112,0.000,179.79,49,-3
183.329,-23.605,0.000,179.79,49,-6
183.341,-20.105,0.000,179.79,49,-5
183.354,-16.605,0.000,179.79,49,-4
183.367,-13.105,0.000,179.79,49,-3
181.329,-23.597,0.000,179.79,49,-6
181.341,-20.097,0.000,179.79,49,-5
181.354,-16.597,0.000,179.79,49,-4
181.367,-13.097,0.000,179.79,49,-3
179.329,-23.590,0.000,179.79,49,-6
179.342,-20.090,0.000,179.79,49,-5
179.354,-16.590,0.000,179.79,49,-4
179.367,-13.090,0.000,179.79,49,-3
177.329,-23.583,0.000,179.79,49,-6
177.342,-20.083,0.000,179.79,49,-5
177.354,-16.583,0.000,179.79,49,-4
177.367,-13.083,0.000,179.79,49,-3
175.329,-23.576,0.000,179.79,49,-6
175.342,-20.076,0.000,179.79,49,-5
175.354,-16.576,0.000,179.79,49,-4
175.367,-13.076,0.000,179.79,49,-3
173.329,-23.568,0.000,179.79,49,-6
173.342,-20.068,0.000,179.79,49,-5
173.354,-16.568,0.000,179.79,49,-4
173.367,-13.068,0.000,179.79,49,-3
171.329,-23.561,0.000,179.79,49,-6
171.342,-20.061,0.000,179.79,49,-5
171.354,-16.561,0.000,179.79,49,-4
171.367,-13.061,0.000,179.79,49,-3
169.329,-23.554,0.000,179.79,49,-6
169.342,-20.054,0.000,179.79,49,-5
169.354,-16.554,0.000,179.79,49,-4
169.367,-13.054,0.000,179.79,49,-3
167.329,-23.546,0.000,179.79,49,-6
167.342,-20.046,0.000,179.79,49,-5
167.354,-16.546,0.000,179.79,49,-4
167.367,-13.046,0.000,179.79,49,-3
165.329,-23.539,0.000,179.79,49,-6
165.342,-20.039,0.000,179.79,49,-5
165.354,-16.539,0.000,179.79,49,-4
165.367,-13.039,0.000,179.79,49,-3
163.329,-23.532,0.000,179.79,49,-6
163.342,-20.032,0.000,179.79,49,-5
163.354,-16.532,0.000,179.79,49,-4
163.367,-13.032,0.000,179.79,49,-3
161.329,-23.525,0.000,179.79,49,-6
161.342,-20.025,0.000,179.79,49,-5
161.354,-16.525,0.000,179.79,49,-4
161.367,-13.025,0.000,179.79,49,-3
159.329,-23.517,0.000,179.79,49,-6
159.342,-20.017,0.000,179.79,49,-5
159.354,-16.517,0.000,179.79,49,-4
159.367,-13.017,0.000,179.79,49,-3
157.329,-23.510,0.000,179.79,49,-6
157.342,-20.010,0.000,179.79,49,-5
157.354,-16.510,0.000,179.79,49,-4
157.367,-13.010,0.000,179.79,49,-3
155.329,-23.503,0.000,179.79,49,-6
155.342,-20.003,0.000,179.79,49,-5
155.354,-16.503,0.000,179.79,49,-4
155.367,-13.003,0.000,179.79,49,-3
491.818,-24.465,0.000,-179.87,48,-7
491.811,-20.965,0.000,-179.87,48,-6
491.803,-17.465,0.000,-179.87,48,-5
491.795,-13.965,0.000,-179.87,48,-4
491.788,-10.465,0.000,-179.87,48,-3
489.818,-24.469,0.000,-179.87,48,-7
489.811,-20.969,0.000,-179.87,48,-6
489.803,-17.469,0.000,-179.87,48,-5
489.795,-13.969,0.000,-179.87,48,-4
489.788,-10.469,0.000,-179.87,48,-3
487.818,-24.474,0.000,-179.87,48,-7
487.811,-20.974,0.000,-179.87,48,-6
487.803,-17.474,0.000,-179.87,48,-5
487.795,-13.974,0.000,-179.87,48,-4
487.788,-10.474,0.000,-179.87,48,-3
485.818,-24.478,0.000,-179.87,48,-7
485.811,-20.978,0.000,-179.87,48,-6
485.803,-17.478,0.000,-179.87,48,-5
485.795,-13.978,0.000,-179.87,48,-4
485.788,-10.478,0.000,-179.87,48,-3
483.818,-24.482,0.000,-179.87,48,-7
483.811,-20.982,0.000,-179.87,48,-6
483.803,-17.482,0.000,-179.87,48,-5
483.795,-13.982,0.000,-179.87,48,-4
483.788,-10.482,0.000,-179.87,48,-3
481.818,-24.487,0.000,-179.87,48,-7
481.811,-20.987,0.000,-179.87,48,-6
481.803,-17.487,0.000,-179.87,48,-5
481.795,-13.987,0.000,-179.87,48,-4
481.788,-10.487,0.000,-179.87,48,-3
479.818,-24.491,0.000,-179.87,48,-7
479.811,-20.991,0.000,-179.87,48,-6
479.803,-17.491,0.000,-179.87,48,-5
479.795,-13.991,0.000,-179.87,48,-4
479.788,-10.491,0.000,-179.87,48,-3
477.818,-24.495,0.000,-179.87,48,-7
477.811,-20.995,0.000,-179.87,48,-6
477.803,-17.495,0.000,-179.87,48,-5
477.795,-13.995,0.000,-179.87,48,-4
477.788,-10.495,0.000,-179.87,48,-3
475.818,-24.500,0.000,-179.87,48,-7
475.811,-21.000,0.000,-179.87,48,-6
475.803,-17.500,0.000,-179.87,48,-5
475.795,-14.000,0.000,-179.87,48,-4
475.788,-10.500,0.000,-179.87,48,-3
473.818,-24.504,0.000,-179.87,48,-7
473.811,-21.004,0.000,-179.87,48,-6
473.803,-17.504,0.000,-179.87,48,-5
473.795,-14.004,0.000,-179.87,48,-4
473.788,-10.504,0.000,-179.87,48,-3
471.818,-24.509,0.000,-179.87,48,-7
471.811,-21.009,0.000,-179.87,48,-6
471.803,-17.509,0.000,-179.87,48,-5
471.795,-14.009,0.000,-179.87,48,-4
471.788,-10.509,0.000,-179.87,48,-3
469.818,-24.513,0.000,-179.87,48,-7
469.811,-21.013,0.000,-179.87,48,-6
469.803,-17.513,0.000,-179.87,48,-5
469.795,-14.013,0.000,-179.87,48,-4
469.788,-10.513,0.000,-179.87,48,-3
467.818,-24.517,0.000,-179.87,48,-7
467.811,-21.017,0.000,-179.87,48,-6
467.803,-17.517,0.000,-179.87,48,-5
467.795,-14.017,0.000,-179.87,48,-4
467.788,-10.517,0.000,-179.87,48,-3
465.818,-24.522,0.000,-179.87,48,-7
465.811,-21.022,0.000,-179.87,48,-6
465.803,-17.522,0.000,-179.87,48,-5
465.795,-14.022,0.000,-179.87,48,-4
465.788,-10.522,0.000,-179.87,48,-3
463.818,-24.526,0.000,-179.87,48,-7
463.811,-21.026,0.000,-179.87,48,-6
463.803,-17.526,0.000,-179.87,48,-5
463.795,-14.026,0.000,-179.87,48,-4
463.788,-10.526,0.000,-179.87,48,-3
461.818,-24.530,0.000,-179.87,48,-7
461.811,-21.030,0.000,-179.87,48,-6
461.803,-17.530,0.000,-179.87,48,-5
461.795,-14.030,0.000,-179.87,48,-4
461.788,-10.530,0.000,-179.87,48,-3
459.818,-24.535,0.000,-179.87,48,-7
459.811,-21.035,0.000,-179.87,48,-6
459.803,-17.535,0.000,-179.87,48,-5
459.795,-14.035,0.000,-179.87,48,-4
459.788,-10.535,0.000,-179.87,48,-3
457.818,-24.539,0.000,-179.87,48,-7
457.811,-21.039,0.000,-179.87,48,-6
457.803,-17.539,0.000,-179.87,48,-5
457.795,-14.039,0.000,-179.87,48,-4
457.788,-10.539,0.000,-179.87,48,-3
455.818,-24.543,0.000,-179.87,48,-7
455.811,-21.043,0.000,-179.87,48,-6
455.803,-17.544,0.000,-179.87,48,-5
455.795,-14.044,0.000,-179.87,48,-4
455.788,-10.544,0.000,-179.87,48,-3
453.818,-24.548,0.000,-179.87,48,-7
453.811,-21.048,0.000,-179.87,48,-6
453.803,-17.548,0.000,-179.87,48,-5
453.795,-14.048,0.000,-179.87,48,-4
453.788,-10.548,0.000,-179.87,48,-3
451.818,-24.552,0.000,-179.87,48,-7
451.811,-21.052,0.000,-179.87,48,-6
451.803,-17.552,0.000,-179.87,48,-5
451.795,-14.052,0.000,-179.87,48,-4
451.788,-10.552,0.000,-179.87,48,-3
449.818,-24.557,0.000,-179.87,48,-7
449.811,-21.057,0.000,-179.87,48,-6
449.803,-17.557,0.000,-179.87,48,-5
449.795,-14.057,0.000,-179.87,48,-4
449.788,-10.557,0.000,-179.87,48,-3
447.811,-24.561,0.000,-179.91,48,-7
447.806,-21.061,0.000,-179.91,48,-6
447.800,-17.561,0.000,-179.91,48,-5
447.794,-14.061,0.000,-179.91,48,-4
447.789,-10.561,0.000,-179.91,48,-3
445.762,-24.560,0.000,-180.14,48,-7
445.771,-21.060,0.000,-180.14,48,-6
445.779,-17.560,0.000,-180.14,48,-5
445.787,-14.060,0.000,-180.14,48,-4
445.796,-10.560,0.000,-180.14,48,-3
443.747,-24.553,0.000,179.79,48,-7
443.760,-21.053,0.000,179.79,48,-6
443.772,-17.553,0.000,179.79,48,-5
443.785,-14.053,0.000,179.79,48,-4
443.798,-10.553,0.000,179.79,48,-3
441.747,-24.546,0.000,179.79,48,-7
441.760,-21.046,0.000,179.79,48,-6
441.772,-17.546,0.000,179.79,48,-5
441.785,-14.046,0.000,179.79,48,-4
441.798,-10.546,0.000,179.79,48,-3
439.747,-24.539,0.000,179.79,48,-7
439.760,-21.039,0.000,179.79,48,-6
439.772,-17.539,0.000,179.79,48,-5
439.785,-14.039,0.000,179.79,48,-4
439.798,-10.539,0.000,179.79,48,-3
437.747,-24.531,0.000,179.79,48,-7
437.760,-21.031,0.000,179.79,48,-6
437.773,-17.531,0.000,179.79,48,-5
437.785,-14.031,0.000,179.79,48,-4
437.798,-10.531,0.000,179.79,48,-3
435.747,-24.524,0.000,179.79,48,-7
435.760,-21.024,0.000,179.79,48,-6
435.773,-17.524,0.000,179.79,48,-5
435.785,-14.024,0.000,179.79,48,-4
435.798,-10.524,0.000,179.79,48,-3
433.747,-24.517,0.000,179.79,48,-7
433.760,-21.017,0.000,179.79,48,-6
433.773,-17.517,0.000,179.79,48,-5
433.785,-14.017,0.000,179.79,48,-4
433.798,-10.517,0.000,179.79,48,-3
431.747,-24.509,0.000,179.79,48,-7
431.760,-21.009,0.000,179.79,48,-6
431.773,-17.510,0.000,179.79,48,-5
431.785,-14.010,0.000,179.79,48,-4
431.798,-10.510,0.000,179.79,48,-3
429.747,-24.502,0.000,179.79,48,-7
429.760,-21.002,0.000,179.79,48,-6
429.773,-17.502,0.000,179.79,48,-5
429.785,-14.002,0.000,179.79,48,-4
429.798,-10.502,0.000,179.79,48,-3
427.747,-24.495,0.000,179.79,48,-7
427.760,-20.995,0.000,179.79,48,-6
427.773,-17.495,0.000,179.79,48,-5
427.785,-13.995,0.000,179.79,48,-4
427.798,-10.495,0.000,179.79,48,-3
425.747,-24.488,0.000,179.79,48,-7
425.760,-20.988,0.000,179.79,48,-6
425.773,-17.488,0.000,179.79,48,-5
425.785,-13.988,0.000,179.79,48,-4
425.798,-10.488,0.000,179.79,48,-3
423.747,-24.480,0.000,179.79,48,-7
423.760,-20.980,0.000,179.79,48,-6
423.773,-17.480,0.000,179.79,48,-5
423.785,-13.980,0.000,179.79,48,-4
423.798,-10.480,0.000,179.79,48,-3
421.747,-24.473,0.000,179.79,48,-7
421.760,-20.973,0.000,179.79,48,-6
421.773,-17.473,0.000,179.79,48,-5
421.785,-13.973,0.000,179.79,48,-4
421.798,-10.473,0.000,179.79,48,-3
419.747,-24.466,0.000,179.79,48,-7
419.760,-20.966,0.000,179.79,48,-6
419.773,-17.466,0.000,179.79,48,-5
419.785,-13.966,0.000,179.79,48,-4
419.798,-10.466,0.000,179.79,48,-3
417.747,-24.458,0.000,179.79,48,-7
417.760,-20.958,0.000,179.79,48,-6
417.773,-17.459,0.000,179.79,48,-5
417.785,-13.959,0.000,179.79,48,-4
417.798,-10.459,0.000,179.79,48,-3
415.747,-24.451,0.000,179.79,48,-7
415.760,-20.951,0.000,179.79,48,-6
415.773,-17.451,0.000,179.79,48,-5
415.785,-13.951,0.000,179.79,48,-4
415.798,-10.451,0.000,179.79,48,-3
413.747,-24.444,0.000,179.79,48,-7
413.760,-20.944,0.000,179.79,48,-6
413.773,-17.444,0.000,179.79,48,-5
413.785,-13.944,0.000,179.79,48,-4
413.798,-10.444,0.000,179.79,48,-3
411.747,-24.437,0.000,179.79,48,-7
411.760,-20.937,0.000,179.79,48,-6
411.773,-17.437,0.000,179.79,48,-5
411.785,-13.937,0.000,179.79,48,-4
411.798,-10.437,0.000,179.79,48,-3
409.747,-24.429,0.000,179.79,48,-7
409.760,-20.929,0.000,179.79,48,-6
409.773,-17.429,0.000,179.79,48,-5
409.785,-13.929,0.000,179.79,48,-4
409.798,-10.429,0.000,179.79,48,-3
407.747,-24.422,0.000,179.79,48,-7
407.760,-20.922,0.000,179.79,48,-6
407.773,-17.422,0.000,179.79,48,-5
407.785,-13.922,0.000,179.79,48,-4
407.798,-10.422,0.000,179.79,48,-3
405.747,-24.415,0.000,179.79,48,-7
405.760,-20.915,0.000,179.79,48,-6
405.773,-17.415,0.000,179.79,48,-5
405.785,-13.915,0.000,179.79,48,-4
405.798,-10.415,0.000,179.79,48,-3
403.747,-24.407,0.000,179.79,48,-7
403.760,-20.908,0.000,179.79,48,-6
403.773,-17.408,0.000,179.79,48,-5
403.785,-13.908,0.000,179.79,48,-4
403.798,-10.408,0.000,179.79,48,-3
401.747,-24.400,0.000,179.79,48,-7
401.760,-20.900,0.000,179.79,48,-6
401.773,-17.400,0.000,179.79,48,-5
401.785,-13.900,0.000,179.79,48,-4
401.798,-10.400,0.000,179.79,48,-3
399.747,-24.393,0.000,179.79,48,-7
399.760,-20.893,0.000,179.79,48,-6
399.773,-17.393,0.000,179.79,48,-5
399.786,-13.893,0.000,179.79,48,-4
399.798,-10.393,0.000,179.79,48,-3
397.747,-24.386,0.000,179.79,48,-7
397.760,-20.886,0.000,179.79,48,-6
397.773,-17.386,0.000,179.79,48,-5
397.786,-13.886,0.000,179.79,48,-4
397.798,-10.386,0.000,179.79,48,-3
395.747,-24.378,0.000,179.79,48,-7
395.760,-20.878,0.000,179.79,48,-6
395.773,-17.378,0.000,179.79,48,-5
395.786,-13.878,0.000,179.79,48,-4
395.798,-10.378,0.000,179.79,48,-3
393.747,-24.371,0.000,179.79,48,-7
393.760,-20.871,0.000,179.79,48,-6
393.773,-17.371,0.000,179.79,48,-5
393.786,-13.871,0.000,179.79,48,-4
393.798,-10.371,0.000,179.79,48,-3
391.747,-24.364,0.000,179.79,48,-7
391.760,-20.864,0.000,179.79,48,-6
391.773,-17.364,0.000,179.79,48,-5
391.786,-13.864,0.000,179.79,48,-4
391.798,-10.364,0.000,179.79,48,-3
389.747,-24.356,0.000,179.79,48,-7
389.760,-20.857,0.000,179.79,48,-6
389.773,-17.357,0.000,179.79,48,-5
389.786,-13.857,0.000,179.79,48,-4
389.798,-10.357,0.000,179.79,48,-3
387.747,-24.349,0.000,179.79,48,-7
387.760,-20.849,0.000,179.79,48,-6
387.773,-17.349,0.000,179.79,48,-5
387.786,-13.849,0.000,179.79,48,-4
387.798,-10.349,0.000,179.79,48,-3
385.747,-24.342,0.000,179.79,48,-7
385.760,-20.842,0.000,179.79,48,-6
385.773,-17.342,0.000,179.79,48,-5
385.786,-13.842,0.000,179.79,48,-4
385.798,-10.342,0.000,179.79,48,-3
383.747,-24.335,0.000,179.79,48,-7
383.760,-20.835,0.000,179.79,48,-6
383.773,-17.335,0.000,179.79,48,-5
383.786,-13.835,0.000,179.79,48,-4
383.798,-10.335,0.000,179.79,48,-3
381.747,-24.327,0.000,179.79,48,-7
381.760,-20.827,0.000,179.79,48,-6
381.773,-17.327,0.000,179.79,48,-5
381.786,-13.827,0.000,179.79,48,-4
381.798,-10.327,0.000,179.79,48,-3
379.747,-24.320,0.000,179.79,48,-7
379.760,-20.820,0.000,179.79,48,-6
379.773,-17.320,0.000,179.79,48,-5
379.786,-13.820,0.000,179.79,48,-4
379.798,-10.320,0.000,179.79,48,-3
377.747,-24.313,0.000,179.79,48,-7
377.760,-20.813,0.000,179.79,48,-6
377.773,-17.313,0.000,179.79,48,-5
377.786,-13.813,0.000,179.79,48,-4
377.798,-10.313,0.000,179.79,48,-3
375.747,-24.305,0.000,179.79,48,-7
375.760,-20.806,0.000,179.79,48,-6
375.773,-17.306,0.000,179.79,48,-5
375.786,-13.806,0.000,179.79,48,-4
375.798,-10.306,0.000,179.79,48,-3
373.747,-24.298,0.000,179.79,48,-7
373.760,-20.798,0.000,179.79,48,-6
373.773,-17.298,0.000,179.79,48,-5
373.786,-13.798,0.000,179.79,48,-4
373.798,-10.298,0.000,179.79,48,-3
371.747,-24.291,0.000,179.79,48,-7
371.760,-20.791,0.000,179.79,48,-6
371.773,-17.291,0.000,179.79,48,-5
371.786,-13.791,0.000,179.79,48,-4
371.798,-10.291,0.000,179.79,48,-3
369.747,-24.284,0.000,179.79,48,-7
369.760,-20.784,0.000,179.79,48,-6
369.773,-17.284,0.000,179.79,48,-5
369.786,-13.784,0.000,179.79,48,-4
369.798,-10.284,0.000,179.79,48,-3
367.747,-24.276,0.000,179.79,48,-7
367.760,-20.776,0.000,179.79,48,-6
367.773,-17.276,0.000,179.79,48,-5
367.786,-13.776,0.000,179.79,48,-4
367.798,-10.276,0.000,179.79,48,-3
365.747,-24.269,0.000,179.79,48,-7
365.760,-20.769,0.000,179.79,48,-6
365.773,-17.269,0.000,179.79,48,-5
365.786,-13.769,0.000,179.79,48,-4
365.798,-10.269,0.000,179.79,48,-3
363.748,-24.262,0.000,179.79,48,-7
363.760,-20.762,0.000,179.79,48,-6
363.773,-17.262,0.000,179.79,48,-5
363.786,-13.762,0.000,179.79,48,-4
363.799,-10.262,0.000,179.79,48,-3
361.748,-24.255,0.000,179.79,48,-7
361.760,-20.755,0.000,179.79,48,-6
361.773,-17.255,0.000,179.79,48,-5
361.786,-13.755,0.000,179.79,48,-4
361.799,-10.255,0.000,179.79,48,-3
359.748,-24.247,0.000,179.79,48,-7
359.760,-20.747,0.000,179.79,48,-6
359.773,-17.247,0.000,179.79,48,-5
359.786,-13.747,0.000,179.79,48,-4
359.799,-10.247,0.000,179.79,48,-3
357.748,-24.240,0.000,179.79,48,-7
357.760,-20.740,0.000,179.79,48,-6
357.773,-17.240,0.000,179.79,48,-5
357.786,-13.740,0.000,179.79,48,-4
357.799,-10.240,0.000,179.79,48,-3
355.748,-24.233,0.000,179.79,48,-7
355.760,-20.733,0.000,179.79,48,-6
355.773,-17.233,0.000,179.79,48,-5
355.786,-13.733,0.000,179.79,48,-4
355.799,-10.233,0.000,179.79,48,-3
353.748,-24.225,0.000,179.79,48,-7
353.760,-20.725,0.000,179.79,48,-6
353.773,-17.225,0.000,179.79,48,-5
353.786,-13.725,0.000,179.79,48,-4
353.799,-10.225,0.000,179.79,48,-3
351.748,-24.218,0.000,179.79,48,-7
351.760,-20.718,0.000,179.79,48,-6
351.773,-17.218,0.000,179.79,48,-5
351.786,-13.718,0.000,179.79,48,-4
351.799,-10.218,0.000,179.79,48,-3
349.748,-24.211,0.000,179.79,48,-7
349.760,-20.711,0.000,179.79,48,-6
349.773,-17.211,0.000,179.79,48,-5
349.786,-13.711,0.000,179.79,48,-4
349.799,-10.216,0.000,180.23,48,-3
347.748,-24.204,0.000,179.79,48,-7
347.760,-20.704,0.000,179.79,48,-6
347.773,-17.204,0.000,179.79,48,-5
347.786,-13.704,0.000,179.79,48,-4
347.798,-10.234,0.000,180.78,48,-3
345.748,-24.196,0.000,179.79,48,-7
345.760,-20.696,0.000,179.79,48,-6
345.773,-17.196,0.000,179.79,48,-5
345.786,-13.696,0.000,179.79,48,-4
345.798,-10.270,0.000,181.28,48,-3
343.748,-24.189,0.000,179.79,48,-7
343.760,-20.689,0.000,179.79,48,-6
343.773,-17.189,0.000,179.79,48,-5
343.786,-13.689,0.000,179.79,48,-4
343.798,-10.323,0.000,181.72,48,-3
341.748,-24.182,0.000,179.79,48,-7
341.760,-20.682,0.000,179.79,48,-6
341.773,-17.182,0.000,179.79,48,-5
341.786,-13.682,0.000,179.79,48,-4
341.798,-10.390,0.000,182.11,48,-3
339.748,-24.174,0.000,179.79,48,-7
339.760,-20.674,0.000,179.79,48,-6
339.773,-17.174,0.000,179.79,48,-5
339.786,-13.674,0.000,179.79,48,-4
339.798,-10.470,0.000,182.44,48,-3
337.748,-24.167,0.000,179.79,48,-7
337.760,-20.667,0.000,179.79,48,-6
337.773,-17.167,0.000,179.79,48,-5
337.786,-13.667,0.000,179.79,48,-4
337.797,-10.559,0.000,182.71,48,-3
335.748,-24.160,0.000,179.79,48,-7
335.760,-20.660,0.000,179.79,48,-6
335.773,-17.160,0.000,179.79,48,-5
335.786,-13.660,0.000,179.79,48,-4
335.797,-10.658,0.000,182.92,48,-3
333.748,-24.153,0.000,179.79,48,-7
333.760,-20.653,0.000,179.79,48,-6
333.773,-17.153,0.000,179.79,48,-5
333.786,-13.653,0.000,179.79,48,-4
333.796,-10.763,0.000,183.08,48,-3
331.748,-24.145,0.000,179.79,48,-7
331.760,-20.645,0.000,179.79,48,-6
331.773,-17.145,0.000,179.79,48,-5
331.786,-13.645,0.000,179.79,48,-4
331.796,-10.872,0.000,183.18,48,-3
329.748,-24.138,0.000,179.79,48,-7
329.760,-20.638,0.000,179.79,48,-6
329.773,-17.138,0.000,179.79,48,-5
329.786,-13.638,0.000,179.79,48,-4
329.796,-10.984,0.000,183.22,48,-3
327.748,-24.131,0.000,179.79,48,-7
327.760,-20.631,0.000,179.79,48,-6
327.773,-17.131,0.000,179.79,48,-5
327.786,-13.631,0.000,179.79,48,-4
327.795,-11.096,0.000,183.20,48,-3
325.748,-24.123,0.000,179.79,48,-7
325.761,-20.623,0.000,179.79,48,-6
325.773,-17.123,0.000,179.79,48,-5
325.786,-13.623,0.000,179.79,48,-4
325.795,-11.207,0.000,183.13,48,-3
323.748,-24.116,0.000,179.79,48,-7
323.761,-20.616,0.000,179.79,48,-6
323.773,-17.116,0.000,179.79,48,-5
323.786,-13.616,0.000,179.79,48,-4
323.794,-11.314,0.000,183.00,48,-3
321.748,-24.109,0.000,179.79,48,-7
321.761,-20.609,0.000,179.79,48,-6
321.773,-17.109,0.000,179.79,48,-5
321.786,-13.609,0.000,179.79,48,-4
321.794,-11.416,0.000,182.82,48,-3
319.748,-24.102,0.000,179.79,48,-7
319.761,-20.602,0.000,179.79,48,-6
319.773,-17.102,0.000,179.79,48,-5
319.786,-13.602,0.000,179.79,48,-4
319.794,-11.510,0.000,182.58,48,-3
317.748,-24.094,0.000,179.79,48,-7
317.761,-20.594,0.000,179.79,48,-6
317.773,-17.094,0.000,179.79,48,-5
317.786,-13.594,0.000,179.79,48,-4
317.793,-11.595,0.000,182.28,48,-3
315.748,-24.087,0.000,179.79,48,-7
315.761,-20.587,0.000,179.79,48,-6
315.773,-17.087,0.000,179.79,48,-5
315.786,-13.587,0.000,179.79,48,-4
315.793,-11.668,0.000,181.92,48,-3
313.748,-24.080,0.000,179.79,48,-7
313.761,-20.580,0.000,179.79,48,-6
313.773,-17.080,0.000,179.79,48,-5
313.786,-13.580,0.000,179.79,48,-4
313.793,-11.728,0.000,181.51,48,-3
311.748,-24.072,0.000,179.79,48,-7
311.761,-20.572,0.000,179.79,48,-6
311.773,-17.072,0.000,179.79,48,-5
311.786,-13.572,0.000,179.79,48,-4
311.793,-11.773,0.000,181.03,48,-3
309.748,-24.065,0.000,179.79,48,-7
309.761,-20.565,0.000,179.79,48,-6
309.773,-17.065,0.000,179.79,48,-5
309.786,-13.565,0.000,179.79,48,-4
309.793,-11.800,0.000,180.51,48,-3
307.748,-24.058,0.000,179.79,48,-7
307.761,-20.558,0.000,179.79,48,-6
307.773,-17.058,0.000,179.79,48,-5
307.786,-13.558,0.000,179.79,48,-4
307.793,-11.807,0.000,179.92,48,-3
7.701,158.323,0.000,-90.91,175,-1
7.665,156.317,0.000,-91.14,175,-1
7.622,154.310,0.000,-91.36,175,-1
7.570,152.304,0.000,-91.58,175,-1
7.515,150.305,0.000,-91.58,175,-1
7.460,148.306,0.000,-91.58,175,-1
7.453,146.460,0.000,273.45,175,-1
7.688,144.743,0.000,282.14,175,-1
8.180,143.082,0.000,290.83,175,-1
8.917,141.514,0.000,299.53,175,-1
9.883,140.075,0.000,308.22,175,-1
11.050,138.807,0.000,-42.79,175,-1
12.398,137.749,0.000,-33.46,175,-1
13.899,136.924,0.000,-24.13,175,-1
15.514,136.353,0.000,-14.80,175,-1
17.201,136.052,0.000,-5.47,175,-1
19.025,136.007,0.000,0.23,175,-1
21.025,136.016,0.000,0.23,175,-1
601.000,-23.960,0.000,-179.58,47,-7
600.974,-20.460,0.000,-179.58,47,-6
600.948,-16.960,0.000,-179.58,47,-5
600.923,-13.460,0.000,-179.58,47,-4
600.897,-9.960,0.000,-179.58,47,-3
599.000,-23.974,0.000,-179.58,47,-7
598.974,-20.474,0.000,-179.58,47,-6
598.948,-16.974,0.000,-179.58,47,-5
598.923,-13.475,0.000,-179.58,47,-4
598.897,-9.975,0.000,-179.58,47,-3
597.000,-23.989,0.000,-179.58,47,-7
596.974,-20.489,0.000,-179.58,47,-6
596.949,-16.989,0.000,-179.58,47,-5
596.923,-13.489,0.000,-179.58,47,-4
596.897,-9.989,0.000,-179.58,47,-3
595.000,-24.004,0.000,-179.58,47,-7
594.974,-20.504,0.000,-179.58,47,-6
594.949,-17.004,0.000,-179.58,47,-5
594.923,-13.504,0.000,-179.58,47,-4
594.897,-10.004,0.000,-179.58,47,-3
593.000,-24.018,0.000,-179.58,47,-7
592.974,-20.518,0.000,-179.58,47,-6
592.949,-17.018,0.000,-179.58,47,-5
592.923,-13.519,0.000,-179.58,47,-4
592.897,-10.019,0.000,-179.58,47,-3
591.000,-24.033,0.000,-179.58,47,-7
590.974,-20.533,0.000,-179.58,47,-6
590.949,-17.033,0.000,-179.58,47,-5
590.923,-13.533,0.000,-179.58,47,-4
590.897,-10.033,0.000,-179.58,47,-3
589.000,-24.048,0.000,-179.58,47,-7
588.974,-20.548,0.000,-179.58,47,-6
588.949,-17.048,0.000,-179.58,47,-5
588.923,-13.548,0.000,-179.58,47,-4
588.897,-10.048,0.000,-179.58,47,-3
587.000,-24.062,0.000,-179.58,47,-7
586.974,-20.562,0.000,-179.58,47,-6
586.949,-17.062,0.000,-179.58,47,-5
586.923,-13.562,0.000,-179.58,47,-4
586.898,-10.063,0.000,-179.58,47,-3
585.000,-24.077,0.000,-179.58,47,-7
584.974,-20.577,0.000,-179.58,47,-6
584.949,-17.077,0.000,-179.58,47,-5
584.923,-13.577,0.000,-179.58,47,-4
584.898,-10.077,0.000,-179.58,47,-3
583.000,-24.091,0.000,-179.58,47,-7
582.974,-20.592,0.000,-179.58,47,-6
582.949,-17.092,0.000,-179.58,47,-5
582.923,-13.592,0.000,-179.58,47,-4
582.898,-10.092,0.000,-179.58,47,-3
581.000,-24.106,0.000,-179.58,47,-7
580.975,-20.606,0.000,-179.58,47,-6
580.949,-17.106,0.000,-179.58,47,-5
580.923,-13.606,0.000,-179.58,47,-4
580.898,-10.106,0.000,-179.58,47,-3
579.000,-24.121,0.000,-179.58,47,-7
578.975,-20.621,0.000,-179.58,47,-6
578.949,-17.121,0.000,-179.58,47,-5
578.923,-13.621,0.000,-179.58,47,-4
578.898,-10.121,0.000,-179.58,47,-3
577.000,-24.135,0.000,-179.58,47,-7
576.975,-20.635,0.000,-179.58,47,-6
576.949,-17.136,0.000,-179.58,47,-5
576.923,-13.636,0.000,-179.58,47,-4
576.898,-10.136,0.000,-179.58,47,-3
575.000,-24.150,0.000,-179.58,47,-7
574.975,-20.650,0.000,-179.58,47,-6
574.949,-17.150,0.000,-179.58,47,-5
574.923,-13.650,0.000,-179.58,47,-4
574.898,-10.150,0.000,-179.58,47,-3
573.000,-24.165,0.000,-179.58,47,-7
572.975,-20.665,0.000,-179.58,47,-6
572.949,-17.165,0.000,-179.58,47,-5
572.924,-13.665,0.000,-179.58,47,-4
572.898,-10.165,0.000,-179.58,47,-3
571.000,-24.179,0.000,-179.58,47,-7
570.975,-20.679,0.000,-179.58,47,-6
570.949,-17.179,0.000,-179.58,47,-5
570.924,-13.680,0.000,-179.58,47,-4
570.898,-10.180,0.000,-179.58,47,-3
569.000,-24.194,0.000,-179.58,47,-7
568.975,-20.694,0.000,-179.58,47,-6
568.949,-17.194,0.000,-179.58,47,-5
568.924,-13.694,0.000,-179.58,47,-4
568.898,-10.194,0.000,-179.58,47,-3
567.001,-24.209,0.000,-179.58,47,-7
566.975,-20.709,0.000,-179.58,47,-6
566.949,-17.209,0.000,-179.58,47,-5
566.924,-13.709,0.000,-179.58,47,-4
566.898,-10.209,0.000,-179.58,47,-3
565.001,-24.223,0.000,-179.58,47,-7
564.975,-20.723,0.000,-179.58,47,-6
564.949,-17.223,0.000,-179.58,47,-5
564.924,-13.723,0.000,-179.58,47,-4
564.898,-10.224,0.000,-179.58,47,-3
563.001,-24.238,0.000,-179.58,47,-7
562.975,-20.738,0.000,-179.58,47,-6
562.949,-17.238,0.000,-179.58,47,-5
562.924,-13.738,0.000,-179.58,47,-4
562.898,-10.238,0.000,-179.58,47,-3
561.001,-24.252,0.000,-179.58,47,-7
560.975,-20.753,0.000,-179.58,47,-6
560.950,-17.253,0.000,-179.58,47,-5
560.924,-13.753,0.000,-179.58,47,-4
560.898,-10.253,0.000,-179.58,47,-3
559.001,-24.267,0.000,-179.58,47,-7
558.975,-20.767,0.000,-179.58,47,-6
558.950,-17.267,0.000,-179.58,47,-5
558.924,-13.767,0.000,-179.58,47,-4
558.898,-10.267,0.000,-179.58,47,-3
557.001,-24.282,0.000,-179.58,47,-7
556.975,-20.782,0.000,-179.58,47,-6
556.950,-17.282,0.000,-179.58,47,-5
556.924,-13.782,0.000,-179.58,47,-4
556.898,-10.282,0.000,-179.58,47,-3
555.001,-24.296,0.000,-179.58,47,-7
554.975,-20.796,0.000,-179.58,47,-6
554.950,-17.297,0.000,-179.58,47,-5
554.924,-13.797,0.000,-179.58,47,-4
554.898,-10.297,0.000,-179.58,47,-3
553.001,-24.311,0.000,-179.58,47,-7
552.975,-20.811,0.000,-179.58,47,-6
552.950,-17.311,0.000,-179.58,47,-5
552.924,-13.811,0.000,-179.58,47,-4
552.898,-10.311,0.000,-179.58,47,-3
551.001,-24.326,0.000,-179.58,47,-7
550.975,-20.826,0.000,-179.58,47,-6
550.950,-17.326,0.000,-179.58,47,-5
550.924,-13.826,0.000,-179.58,47,-4
550.898,-10.326,0.000,-179.58,47,-3
548.967,-24.339,0.000,-179.74,47,-7
548.951,-20.839,0.000,-179.74,47,-6
548.935,-17.339,0.000,-179.74,47,-5
548.919,-13.839,0.000,-179.74,47,-4
548.903,-10.339,0.000,-179.74,47,-3
546.938,-24.345,0.000,-179.87,47,-7
546.930,-20.845,0.000,-179.87,47,-6
546.923,-17.345,0.000,-179.87,47,-5
546.915,-13.845,0.000,-179.87,47,-4
546.908,-10.345,0.000,-179.87,47,-3
544.938,-24.349,0.000,-179.87,47,-7
544.930,-20.849,0.000,-179.87,47,-6
544.923,-17.349,0.000,-179.87,47,-5
544.915,-13.849,0.000,-179.87,47,-4
544.908,-10.349,0.000,-179.87,47,-3
542.938,-24.353,0.000,-179.87,47,-7
542.930,-20.853,0.000,-179.87,47,-6
542.923,-17.353,0.000,-179.87,47,-5
542.915,-13.853,0.000,-179.87,47,-4
542.908,-10.353,0.000,-179.87,47,-3
540.938,-24.358,0.000,-179.87,47,-7
540.930,-20.858,0.000,-179.87,47,-6
540.923,-17.358,0.000,-179.87,47,-5
540.915,-13.858,0.000,-179.87,47,-4
540.908,-10.358,0.000,-179.87,47,-3
538.938,-24.362,0.000,-179.87,47,-7
538.930,-20.862,0.000,-179.87,47,-6
538.923,-17.362,0.000,-179.87,47,-5
538.915,-13.862,0.000,-179.87,47,-4
538.908,-10.362,0.000,-179.87,47,-3
536.938,-24.366,0.000,-179.87,47,-7
536.930,-20.866,0.000,-179.87,47,-6
536.923,-17.366,0.000,-179.87,47,-5
536.915,-13.866,0.000,-179.87,47,-4
536.908,-10.366,0.000,-179.87,47,-3
534.938,-24.371,0.000,-179.87,47,-7
534.930,-20.871,0.000,-179.87,47,-6
534.923,-17.371,0.000,-179.87,47,-5
534.915,-13.871,0.000,-179.87,47,-4
534.908,-10.371,0.000,-179.87,47,-3
532.938,-24.375,0.000,-179.87,47,-7
532.930,-20.875,0.000,-179.87,47,-6
532.923,-17.375,0.000,-179.87,47,-5
532.915,-13.875,0.000,-179.87,47,-4
532.908,-10.375,0.000,-179.87,47,-3
530.938,-24.379,0.000,-179.87,47,-7
530.930,-20.879,0.000,-179.87,47,-6
530.923,-17.379,0.000,-179.87,47,-5
530.915,-13.879,0.000,-179.87,47,-4
530.908,-10.380,0.000,-179.87,47,-3
528.938,-24.384,0.000,-179.87,47,-7
528.931,-20.884,0.000,-179.87,47,-6
528.923,-17.384,0.000,-179.87,47,-5
528.915,-13.884,0.000,-179.87,47,-4
528.908,-10.384,0.000,-179.87,47,-3
10.300,-107.235,0.000,-87.58,46,-5
6.803,-107.383,0.000,-87.58,46,-4
3.306,-107.530,0.000,-87.58,46,-3
10.389,-109.092,0.000,-86.66,46,-5
6.894,-109.296,0.000,-86.66,46,-4
3.400,-109.500,0.000,-86.66,46,-3
10.519,-110.599,0.000,-83.47,46,-5
7.041,-110.997,0.000,-83.47,46,-4
3.564,-111.395,0.000,-83.47,46,-3
10.732,-112.096,0.000,-80.28,46,-5
7.283,-112.687,0.000,-80.28,46,-4
3.833,-113.278,0.000,-80.28,46,-3
11.029,-113.579,0.000,-77.08,46,-5
7.618,-114.361,0.000,-77.08,46,-4
4.206,-115.144,0.000,-77.08,46,-3
11.408,-115.043,0.000,-73.89,46,-5
8.046,-116.014,0.000,-73.89,46,-4
4.683,-116.985,0.000,-73.89,46,-3
11.955,-116.865,0.000,-73.25,46,-5
8.603,-117.873,0.000,-73.25,46,-4
5.252,-118.882,0.000,-73.25,46,-3
12.531,-118.780,0.000,-73.25,46,-5
9.180,-119.789,0.000,-73.25,46,-4
5.828,-120.797,0.000,-73.25,46,-3
-127.708,-8.472,0.000,179.79,427,-3
-129.708,-8.464,0.000,179.79,427,-3
-131.576,-8.405,0.000,-184.48,427,-3
-133.390,-8.174,0.000,-190.06,427,-3
-135.173,-7.767,0.000,-195.64,427,-3
-136.908,-7.189,0.000,-201.22,427,-3
-138.579,-6.444,0.000,-206.81,427,-3
-140.169,-5.541,0.000,-212.39,427,-3
-141.664,-4.488,0.000,-217.97,427,-3
-143.049,-3.294,0.000,-223.55,427,-3
-144.312,-1.971,0.000,-229.13,427,-3
-145.440,-0.531,0.000,-234.71,427,-3
-146.586,1.100,0.000,125.09,427,-3
-147.690,2.696,0.000,-236.86,427,-3
-13.479,-120.133,0.000,77.58,44,-5
-10.061,-120.887,0.000,77.58,44,-4
-6.643,-121.640,0.000,77.58,44,-3
-13.049,-118.180,0.000,77.58,44,-5
-9.631,-118.933,0.000,77.58,44,-4
-6.213,-119.686,0.000,77.58,44,-3
-12.648,-116.274,0.000,79.28,44,-5
-9.209,-116.925,0.000,79.28,44,-4
-5.770,-117.576,0.000,79.28,44,-3
-12.333,-114.379,0.000,81.86,44,-5
-8.869,-114.875,0.000,81.86,44,-4
-5.404,-115.370,0.000,81.86,44,-3
-12.104,-112.471,0.000,84.43,44,-5
-8.621,-112.811,0.000,84.43,44,-4
-5.137,-113.151,0.000,84.43,44,-3
-11.961,-110.556,0.000,87.01,44,-5
-8.466,-110.738,0.000,87.01,44,-4
-4.970,-110.921,0.000,87.01,44,-3
-11.902,-108.622,0.000,89.14,44,-5
-8.402,-108.674,0.000,89.14,44,-4
-4.903,-108.727,0.000,89.14,44,-3
123.878,38.257,0.000,0.17,814,-1
125.855,38.257,0.000,-0.80,814,-1
127.760,38.180,0.000,-3.78,814,-1
129.659,38.005,0.000,-6.76,814,-1
131.546,37.732,0.000,-9.75,814,-1
133.417,37.360,0.000,-12.76,814,-1
135.068,36.860,0.000,-21.65,814,-1
136.595,36.101,0.000,-31.24,814,-1
137.974,35.099,0.000,-40.84,814,-1
139.166,33.879,0.000,-50.45,814,-1
140.266,32.392,0.000,-55.35,814,-1
141.293,30.803,0.000,-58.91,814,-1
142.218,29.154,0.000,-62.48,814,-1
143.039,27.451,0.000,-66.04,814,-1
143.753,25.700,0.000,-69.60,814,-1
144.357,23.908,0.000,-73.16,814,-1
144.848,22.082,0.000,-76.72,814,-1
145.225,20.229,0.000,-80.29,814,-1
145.486,18.356,0.000,-83.85,814,-1
145.630,16.471,0.000,-87.41,814,-1
145.657,14.571,0.000,-90.66,814,-1
25.093,-19.528,0.000,-180.21,680,-5
25.105,-16.028,0.000,-180.21,680,-4
25.118,-12.528,0.000,-180.21,680,-3
23.093,-19.521,0.000,-180.21,680,-5
23.105,-16.021,0.000,-180.21,680,-4
23.118,-12.521,0.000,-180.21,680,-3
21.093,-19.514,0.000,-180.21,680,-5
21.105,-16.014,0.000,-180.21,680,-4
21.118,-12.514,0.000,-180.21,680,-3
19.093,-19.506,0.000,-180.21,680,-5
19.105,-16.006,0.000,-180.21,680,-4
19.118,-12.506,0.000,-180.21,680,-3
17.093,-19.499,0.000,-180.21,680,-5
17.105,-15.999,0.000,-180.21,680,-4
17.118,-12.499,0.000,-180.21,680,-3
15.093,-19.492,0.000,-180.21,680,-5
15.105,-15.992,0.000,-180.21,680,-4
15.118,-12.492,0.000,-180.21,680,-3
13.093,-19.485,0.000,-180.21,680,-5
13.105,-15.985,0.000,-180.21,680,-4
13.118,-12.485,0.000,-180.21,680,-3
11.093,-19.477,0.000,-180.21,680,-5
11.105,-15.977,0.000,-180.21,680,-4
11.118,-12.477,0.000,-180.21,680,-3
9.093,-19.470,0.000,-180.21,680,-5
9.105,-15.970,0.000,-180.21,680,-4
9.118,-12.470,0.000,-180.21,680,-3
7.093,-19.463,0.000,-180.21,680,-5
7.105,-15.963,0.000,-180.21,680,-4
7.118,-12.463,0.000,-180.21,680,-3
5.093,-19.455,0.000,-180.21,680,-5
5.105,-15.955,0.000,-180.21,680,-4
5.118,-12.456,0.000,-180.21,680,-3
3.093,-19.448,0.000,-180.21,680,-5
3.105,-15.948,0.000,-180.21,680,-4
3.118,-12.448,0.000,-180.21,680,-3
1.093,-19.441,0.000,-180.21,680,-5
1.105,-15.941,0.000,-180.21,680,-4
1.118,-12.441,0.000,-180.21,680,-3
-0.907,-19.434,0.000,-180.21,680,-5
-0.895,-15.934,0.000,-180.21,680,-4
-0.882,-12.434,0.000,-180.21,680,-3
-2.907,-19.426,0.000,-180.21,680,-5
-2.895,-15.926,0.000,-180.21,680,-4
-2.882,-12.426,0.000,-180.21,680,-3
-4.907,-19.419,0.000,-180.21,680,-5
-4.895,-15.919,0.000,-180.21,680,-4
-4.882,-12.419,0.000,-180.21,680,-3
-6.907,-19.412,0.000,-180.21,680,-5
-6.895,-15.912,0.000,-180.21,680,-4
-6.882,-12.412,0.000,-180.21,680,-3
-8.907,-19.404,0.000,-180.21,680,-5
-8.895,-15.904,0.000,-180.21,680,-4
-8.882,-12.405,0.000,-180.21,680,-3
-10.907,-19.397,0.000,-180.21,680,-5
-10.894,-15.897,0.000,-180.21,680,-4
-10.882,-12.397,0.000,-180.21,680,-3
-12.907,-19.390,0.000,-180.21,680,-5
-12.894,-15.890,0.000,-180.21,680,-4
-12.882,-12.390,0.000,-180.21,680,-3
-14.907,-19.383,0.000,-180.21,680,-5
-14.894,-15.883,0.000,-180.21,680,-4
-14.882,-12.383,0.000,-180.21,680,-3
-16.907,-19.375,0.000,-180.21,680,-5
-16.894,-15.875,0.000,-180.21,680,-4
-16.882,-12.375,0.000,-180.21,680,-3
-18.907,-19.368,0.000,-180.21,680,-5
-18.894,-15.868,0.000,-180.21,680,-4
-18.882,-12.368,0.000,-180.21,680,-3
-20.907,-19.361,0.000,-180.21,680,-5
-20.894,-15.861,0.000,-180.21,680,-4
-20.882,-12.361,0.000,-180.21,680,-3
-127.708,-8.472,0.000,179.79,423,-1
-129.705,-8.464,0.000,-180.31,423,-1
-131.693,-8.446,0.000,-180.72,423,-1
-133.680,-8.414,0.000,-181.12,423,-1
-135.667,-8.368,0.000,-181.53,423,-1
-137.654,-8.308,0.000,-181.94,423,-1
-139.629,-8.240,0.000,-182.70,423,-1
-141.295,-8.009,0.000,-193.05,423,-1
-142.892,-7.483,0.000,-203.40,423,-1
-144.369,-6.679,0.000,-213.76,423,-1
-145.676,-5.622,0.000,-224.11,423,-1
-146.944,-4.278,0.000,130.93,423,-1
-148.099,-2.828,0.000,126.16,423,-1
-149.233,-1.220,0.000,125.09,423,-1
-150.363,0.394,0.000,-235.88,423,-1
145.651,14.060,0.000,-90.66,41,-4
142.152,14.100,0.000,-90.66,41,-3
646.891,41.662,0.000,-360.03,297,-1
649.225,41.485,0.000,-11.34,297,-1
651.559,40.672,0.000,-27.05,297,-1
653.587,39.257,0.000,-42.76,297,-1
655.155,37.347,0.000,-58.47,297,-1
656.162,35.320,0.000,-67.14,297,-1
656.873,33.145,0.000,-76.65,297,-1
657.215,30.884,0.000,-86.15,297,-1
657.179,28.596,0.000,-95.66,297,-1
656.766,26.346,0.000,-105.16,297,-1
128.516,251.569,0.000,0.02,40,-7
128.517,248.069,0.000,0.02,40,-6
128.518,244.569,0.000,0.02,40,-5
128.519,241.069,0.000,0.02,40,-4
128.521,237.569,0.000,0.02,40,-3
130.516,251.570,0.000,0.02,40,-7
130.517,248.070,0.000,0.02,40,-6
130.518,244.570,0.000,0.02,40,-5
130.519,241.070,0.000,0.02,40,-4
130.521,237.570,0.000,0.02,40,-3
132.516,251.571,0.000,0.02,40,-7
132.517,248.071,0.000,0.02,40,-6
132.518,244.571,0.000,0.02,40,-5
132.519,241.071,0.000,0.02,40,-4
132.521,237.571,0.000,0.02,40,-3
134.516,251.572,0.000,0.02,40,-7
134.517,248.072,0.000,0.02,40,-6
134.518,244.572,0.000,0.02,40,-5
134.519,241.072,0.000,0.02,40,-4
134.521,237.572,0.000,0.02,40,-3
136.516,251.572,0.000,0.02,40,-7
136.517,248.072,0.000,0.02,40,-6
136.518,244.572,0.000,0.02,40,-5
136.519,241.072,0.000,0.02,40,-4
136.521,237.572,0.000,0.02,40,-3
138.516,251.573,0.000,0.02,40,-7
138.517,248.073,0.000,0.02,40,-6
138.518,244.573,0.000,0.02,40,-5
138.519,241.073,0.000,0.02,40,-4
138.521,237.573,0.000,0.02,40,-3
140.516,251.574,0.000,0.02,40,-7
140.517,248.074,0.000,0.02,40,-6
140.518,244.574,0.000,0.02,40,-5
140.519,241.074,0.000,0.02,40,-4
140.521,237.574,0.000,0.02,40,-3
142.516,251.574,0.000,0.02,40,-7
142.517,248.074,0.000,0.02,40,-6
142.518,244.574,0.000,0.02,40,-5
142.519,241.074,0.000,0.02,40,-4
142.521,237.574,0.000,0.02,40,-3
144.516,251.575,0.000,0.02,40,-7
144.517,248.075,0.000,0.02,40,-6
144.518,244.575,0.000,0.02,40,-5
144.519,241.075,0.000,0.02,40,-4
144.521,237.575,0.000,0.02,40,-3
146.516,251.576,0.000,0.02,40,-7
146.517,248.076,0.000,0.02,40,-6
146.518,244.576,0.000,0.02,40,-5
146.519,241.076,0.000,0.02,40,-4
146.521,237.576,0.000,0.02,40,-3
148.516,251.576,0.000,0.02,40,-7
148.517,248.076,0.000,0.02,40,-6
148.518,244.576,0.000,0.02,40,-5
148.519,241.076,0.000,0.02,40,-4
148.521,237.576,0.000,0.02,40,-3
150.516,251.577,0.000,0.02,40,-7
150.517,248.077,0.000,0.02,40,-6
150.518,244.577,0.000,0.02,40,-5
150.519,241.077,0.000,0.02,40,-4
150.521,237.577,0.000,0.02,40,-3
152.516,251.578,0.000,0.02,40,-7
152.517,248.078,0.000,0.02,40,-6
152.518,244.578,0.000,0.02,40,-5
152.519,241.078,0.000,0.02,40,-4
152.521,237.578,0.000,0.02,40,-3
154.516,251.578,0.000,0.02,40,-7
154.517,248.078,0.000,0.02,40,-6
154.518,244.578,0.000,0.02,40,-5
154.519,241.078,0.000,0.02,40,-4
154.521,237.578,0.000,0.02,40,-3
156.516,251.579,0.000,0.02,40,-7
156.517,248.079,0.000,0.02,40,-6
156.518,244.579,0.000,0.02,40,-5
156.519,241.079,0.000,0.02,40,-4
156.521,237.579,0.000,0.02,40,-3
158.516,251.580,0.000,0.02,40,-7
158.517,248.080,0.000,0.02,40,-6
158.518,244.580,0.000,0.02,40,-5
158.519,241.080,0.000,0.02,40,-4
158.521,237.580,0.000,0.02,40,-3
160.516,251.580,0.000,0.02,40,-7
160.517,248.080,0.000,0.02,40,-6
160.518,244.580,0.000,0.02,40,-5
160.519,241.080,0.000,0.02,40,-4
160.521,237.580,0.000,0.02,40,-3
162.516,251.581,0.000,0.02,40,-7
162.517,248.081,0.000,0.02,40,-6
162.518,244.581,0.000,0.02,40,-5
162.519,241.081,0.000,0.02,40,-4
162.521,237.581,0.000,0.02,40,-3
164.516,251.582,0.000,0.02,40,-7
164.517,248.082,0.000,0.02,40,-6
164.518,244.582,0.000,0.02,40,-5
164.519,241.082,0.000,0.02,40,-4
164.521,237.582,0.000,0.02,40,-3
166.516,251.582,0.000,0.02,40,-7
166.517,248.082,0.000,0.02,40,-6
166.518,244.582,0.000,0.02,40,-5
166.519,241.082,0.000,0.02,40,-4
166.521,237.582,0.000,0.02,40,-3
168.516,251.583,0.000,0.02,40,-7
168.517,248.083,0.000,0.02,40,-6
168.518,244.583,0.000,0.02,40,-5
168.519,241.083,0.000,0.02,40,-4
168.521,237.583,0.000,0.02,40,-3
170.516,251.584,0.000,0.02,40,-7
170.517,248.084,0.000,0.02,40,-6
170.518,244.584,0.000,0.02,40,-5
170.519,241.084,0.000,0.02,40,-4
170.521,237.584,0.000,0.02,40,-3
172.516,251.584,0.000,0.02,40,-7
172.517,248.084,0.000,0.02,40,-6
172.518,244.584,0.000,0.02,40,-5
172.519,241.084,0.000,0.02,40,-4
172.521,237.584,0.000,0.02,40,-3
174.516,251.585,0.000,0.02,40,-7
174.517,248.085,0.000,0.02,40,-6
174.518,244.585,0.000,0.02,40,-5
174.519,241.085,0.000,0.02,40,-4
174.521,237.585,0.000,0.02,40,-3
176.516,251.586,0.000,0.02,40,-7
176.517,248.086,0.000,0.02,40,-6
176.518,244.586,0.000,0.02,40,-5
176.519,241.086,0.000,0.02,40,-4
176.521,237.586,0.000,0.02,40,-3
178.516,251.587,0.000,0.02,40,-7
178.517,248.087,0.000,0.02,40,-6
178.518,244.587,0.000,0.02,40,-5
178.519,241.087,0.000,0.02,40,-4
178.521,237.587,0.000,0.02,40,-3
180.516,251.587,0.000,0.02,40,-7
180.517,248.087,0.000,0.02,40,-6
180.518,244.587,0.000,0.02,40,-5
180.519,241.087,0.000,0.02,40,-4
180.521,237.587,0.000,0.02,40,-3
182.516,251.588,0.000,0.02,40,-7
182.517,248.088,0.000,0.02,40,-6
182.518,244.588,0.000,0.02,40,-5
182.519,241.088,0.000,0.02,40,-4
182.521,237.588,0.000,0.02,40,-3
184.516,251.589,0.000,0.02,40,-7
184.517,248.089,0.000,0.02,40,-6
184.518,244.589,0.000,0.02,40,-5
184.519,241.089,0.000,0.02,40,-4
184.521,237.589,0.000,0.02,40,-3
186.516,251.589,0.000,0.02,40,-7
186.517,248.089,0.000,0.02,40,-6
186.518,244.589,0.000,0.02,40,-5
186.519,241.089,0.000,0.02,40,-4
186.521,237.589,0.000,0.02,40,-3
188.516,251.590,0.000,0.02,40,-7
188.517,248.090,0.000,0.02,40,-6
188.518,244.590,0.000,0.02,40,-5
188.519,241.090,0.000,0.02,40,-4
188.521,237.590,0.000,0.02,40,-3
190.516,251.591,0.000,0.02,40,-7
190.517,248.091,0.000,0.02,40,-6
190.518,244.591,0.000,0.02,40,-5
190.519,241.091,0.000,0.02,40,-4
190.521,237.591,0.000,0.02,40,-3
192.516,251.591,0.000,0.02,40,-7
192.517,248.091,0.000,0.02,40,-6
192.518,244.591,0.000,0.02,40,-5
192.519,241.091,0.000,0.02,40,-4
192.521,237.591,0.000,0.02,40,-3
194.516,251.592,0.000,0.02,40,-7
194.517,248.092,0.000,0.02,40,-6
194.518,244.592,0.000,0.02,40,-5
194.519,241.092,0.000,0.02,40,-4
194.521,237.592,0.000,0.02,40,-3
196.516,251.593,0.000,0.02,40,-7
196.517,248.093,0.000,0.02,40,-6
196.518,244.593,0.000,0.02,40,-5
196.519,241.093,0.000,0.02,40,-4
196.521,237.593,0.000,0.02,40,-3
198.516,251.593,0.000,0.02,40,-7
198.517,248.093,0.000,0.02,40,-6
198.518,244.593,0.000,0.02,40,-5
198.519,241.093,0.000,0.02,40,-4
198.521,237.593,0.000,0.02,40,-3
200.516,251.594,0.000,0.02,40,-7
200.517,248.094,0.000,0.02,40,-6
200.518,244.594,0.000,0.02,40,-5
200.519,241.094,0.000,0.02,40,-4
200.521,237.594,0.000,0.02,40,-3
202.516,251.595,0.000,0.02,40,-7
202.517,248.095,0.000,0.02,40,-6
202.518,244.595,0.000,0.02,40,-5
202.519,241.095,0.000,0.02,40,-4
202.521,237.595,0.000,0.02,40,-3
204.516,251.595,0.000,0.02,40,-7
204.517,248.095,0.000,0.02,40,-6
204.518,244.595,0.000,0.02,40,-5
204.519,241.095,0.000,0.02,40,-4
204.521,237.595,0.000,0.02,40,-3
206.516,251.596,0.000,0.02,40,-7
206.517,248.096,0.000,0.02,40,-6
206.518,244.596,0.000,0.02,40,-5
206.519,241.096,0.000,0.02,40,-4
206.521,237.596,0.000,0.02,40,-3
208.516,251.597,0.000,0.02,40,-7
208.517,248.097,0.000,0.02,40,-6
208.518,244.597,0.000,0.02,40,-5
208.519,241.097,0.000,0.02,40,-4
208.521,237.597,0.000,0.02,40,-3
210.516,251.597,0.000,0.02,40,-7
210.517,248.097,0.000,0.02,40,-6
210.518,244.597,0.000,0.02,40,-5
210.519,241.097,0.000,0.02,40,-4
210.521,237.597,0.000,0.02,40,-3
212.516,251.598,0.000,0.02,40,-7
212.517,248.098,0.000,0.02,40,-6
212.518,244.598,0.000,0.02,40,-5
212.519,241.098,0.000,0.02,40,-4
212.521,237.598,0.000,0.02,40,-3
214.516,251.599,0.000,0.02,40,-7
214.517,248.099,0.000,0.02,40,-6
214.518,244.599,0.000,0.02,40,-5
214.519,241.099,0.000,0.02,40,-4
214.521,237.599,0.000,0.02,40,-3
216.516,251.599,0.000,0.02,40,-7
216.517,248.099,0.000,0.02,40,-6
216.518,244.599,0.000,0.02,40,-5
216.519,241.099,0.000,0.02,40,-4
216.521,237.599,0.000,0.02,40,-3
218.516,251.600,0.000,0.02,40,-7
218.517,248.100,0.000,0.02,40,-6
218.518,244.600,0.000,0.02,40,-5
218.519,241.100,0.000,0.02,40,-4
218.521,237.600,0.000,0.02,40,-3
220.516,251.601,0.000,0.02,40,-7
220.517,248.101,0.000,0.02,40,-6
220.518,244.601,0.000,0.02,40,-5
220.519,241.101,0.000,0.02,40,-4
220.521,237.601,0.000,0.02,40,-3
222.516,251.602,0.000,0.02,40,-7
222.517,248.102,0.000,0.02,40,-6
222.518,244.602,0.000,0.02,40,-5
222.519,241.102,0.000,0.02,40,-4
222.521,237.602,0.000,0.02,40,-3
224.516,251.602,0.000,0.02,40,-7
224.517,248.102,0.000,0.02,40,-6
224.518,244.602,0.000,0.02,40,-5
224.519,241.102,0.000,0.02,40,-4
224.521,237.602,0.000,0.02,40,-3
226.516,251.603,0.000,0.02,40,-7
226.517,248.103,0.000,0.02,40,-6
226.518,244.603,0.000,0.02,40,-5
226.519,241.103,0.000,0.02,40,-4
226.521,237.603,0.000,0.02,40,-3
228.516,251.604,0.000,0.02,40,-7
228.517,248.104,0.000,0.02,40,-6
228.518,244.604,0.000,0.02,40,-5
228.519,241.104,0.000,0.02,40,-4
228.521,237.604,0.000,0.02,40,-3
230.516,251.604,0.000,0.02,40,-7
230.517,248.104,0.000,0.02,40,-6
230.518,244.604,0.000,0.02,40,-5
230.519,241.104,0.000,0.02,40,-4
230.521,237.604,0.000,0.02,40,-3
232.516,251.605,0.000,0.02,40,-7
232.517,248.105,0.000,0.02,40,-6
232.518,244.605,0.000,0.02,40,-5
232.519,241.105,0.000,0.02,40,-4
232.521,237.605,0.000,0.02,40,-3
234.516,251.606,0.000,0.02,40,-7
234.517,248.106,0.000,0.02,40,-6
234.518,244.606,0.000,0.02,40,-5
234.519,241.106,0.000,0.02,40,-4
234.521,237.606,0.000,0.02,40,-3
236.516,251.606,0.000,0.02,40,-7
236.517,248.106,0.000,0.02,40,-6
236.518,244.606,0.000,0.02,40,-5
236.519,241.106,0.000,0.02,40,-4
236.521,237.606,0.000,0.02,40,-3
238.516,251.607,0.000,0.02,40,-7
238.517,248.107,0.000,0.02,40,-6
238.518,244.607,0.000,0.02,40,-5
238.519,241.107,0.000,0.02,40,-4
238.521,237.607,0.000,0.02,40,-3
240.516,251.608,0.000,0.02,40,-7
240.517,248.108,0.000,0.02,40,-6
240.518,244.608,0.000,0.02,40,-5
240.519,241.108,0.000,0.02,40,-4
240.521,237.608,0.000,0.02,40,-3
242.516,251.608,0.000,0.02,40,-7
242.517,248.108,0.000,0.02,40,-6
242.518,244.608,0.000,0.02,40,-5
242.519,241.108,0.000,0.02,40,-4
242.521,237.608,0.000,0.02,40,-3
244.516,251.609,0.000,0.02,40,-7
244.517,248.109,0.000,0.02,40,-6
244.518,244.609,0.000,0.02,40,-5
244.519,241.109,0.000,0.02,40,-4
244.521,237.609,0.000,0.02,40,-3
246.516,251.610,0.000,0.02,40,-7
246.517,248.110,0.000,0.02,40,-6
246.518,244.610,0.000,0.02,40,-5
246.519,241.110,0.000,0.02,40,-4
246.521,237.610,0.000,0.02,40,-3
248.516,251.610,0.000,0.02,40,-7
248.517,248.110,0.000,0.02,40,-6
248.518,244.610,0.000,0.02,40,-5
248.519,241.110,0.000,0.02,40,-4
248.521,237.610,0.000,0.02,40,-3
250.516,251.611,0.000,0.02,40,-7
250.517,248.111,0.000,0.02,40,-6
250.518,244.611,0.000,0.02,40,-5
250.519,241.111,0.000,0.02,40,-4
250.521,237.611,0.000,0.02,40,-3
252.516,251.612,0.000,0.02,40,-7
252.517,248.112,0.000,0.02,40,-6
252.518,244.612,0.000,0.02,40,-5
252.519,241.112,0.000,0.02,40,-4
252.521,237.612,0.000,0.02,40,-3
254.516,251.612,0.000,0.02,40,-7
254.517,248.112,0.000,0.02,40,-6
254.518,244.612,0.000,0.02,40,-5
254.519,241.112,0.000,0.02,40,-4
254.521,237.612,0.000,0.02,40,-3
256.516,251.613,0.000,0.02,40,-7
256.517,248.113,0.000,0.02,40,-6
256.518,244.613,0.000,0.02,40,-5
256.519,241.113,0.000,0.02,40,-4
256.521,237.613,0.000,0.02,40,-3
258.516,251.614,0.000,0.02,40,-7
258.517,248.114,0.000,0.02,40,-6
258.518,244.614,0.000,0.02,40,-5
258.519,241.114,0.000,0.02,40,-4
258.521,237.614,0.000,0.02,40,-3
260.516,251.614,0.000,0.02,40,-7
260.517,248.114,0.000,0.02,40,-6
260.518,244.614,0.000,0.02,40,-5
260.519,241.114,0.000,0.02,40,-4
260.521,237.614,0.000,0.02,40,-3
262.516,251.615,0.000,0.02,40,-7
262.517,248.115,0.000,0.02,40,-6
262.518,244.615,0.000,0.02,40,-5
262.519,241.115,0.000,0.02,40,-4
262.521,237.615,0.000,0.02,40,-3
264.516,251.616,0.000,0.02,40,-7
264.517,248.116,0.000,0.02,40,-6
264.518,244.616,0.000,0.02,40,-5
264.519,241.116,0.000,0.02,40,-4
264.521,237.616,0.000,0.02,40,-3
266.516,251.617,0.000,0.02,40,-7
266.517,248.117,0.000,0.02,40,-6
266.518,244.617,0.000,0.02,40,-5
266.519,241.117,0.000,0.02,40,-4
266.521,237.617,0.000,0.02,40,-3
268.516,251.617,0.000,0.02,40,-7
268.517,248.117,0.000,0.02,40,-6
268.518,244.617,0.000,0.02,40,-5
268.519,241.117,0.000,0.02,40,-4
268.521,237.617,0.000,0.02,40,-3
270.516,251.618,0.000,0.02,40,-7
270.517,248.118,0.000,0.02,40,-6
270.518,244.618,0.000,0.02,40,-5
270.519,241.118,0.000,0.02,40,-4
270.521,237.618,0.000,0.02,40,-3
272.516,251.619,0.000,0.02,40,-7
272.517,248.119,0.000,0.02,40,-6
272.518,244.619,0.000,0.02,40,-5
272.519,241.119,0.000,0.02,40,-4
272.521,237.619,0.000,0.02,40,-3
274.516,251.619,0.000,0.02,40,-7
274.517,248.119,0.000,0.02,40,-6
274.518,244.619,0.000,0.02,40,-5
274.519,241.119,0.000,0.02,40,-4
274.521,237.619,0.000,0.02,40,-3
276.516,251.620,0.000,0.02,40,-7
276.517,248.120,0.000,0.02,40,-6
276.518,244.620,0.000,0.02,40,-5
276.519,241.120,0.000,0.02,40,-4
276.521,237.620,0.000,0.02,40,-3
278.516,251.621,0.000,0.02,40,-7
278.517,248.121,0.000,0.02,40,-6
278.518,244.621,0.000,0.02,40,-5
278.519,241.121,0.000,0.02,40,-4
278.521,237.621,0.000,0.02,40,-3
280.516,251.621,0.000,0.02,40,-7
280.517,248.121,0.000,0.02,40,-6
280.518,244.621,0.000,0.02,40,-5
280.519,241.121,0.000,0.02,40,-4
280.521,237.621,0.000,0.02,40,-3
282.516,251.622,0.000,0.02,40,-7
282.517,248.122,0.000,0.02,40,-6
282.518,244.622,0.000,0.02,40,-5
282.519,241.122,0.000,0.02,40,-4
282.521,237.622,0.000,0.02,40,-3
284.516,251.623,0.000,0.02,40,-7
284.517,248.123,0.000,0.02,40,-6
284.518,244.623,0.000,0.02,40,-5
284.519,241.123,0.000,0.02,40,-4
284.521,237.623,0.000,0.02,40,-3
286.516,251.623,0.000,0.02,40,-7
286.517,248.123,0.000,0.02,40,-6
286.518,244.623,0.000,0.02,40,-5
286.519,241.123,0.000,0.02,40,-4
286.521,237.623,0.000,0.02,40,-3
288.516,251.624,0.000,0.02,40,-7
288.517,248.124,0.000,0.02,40,-6
288.518,244.624,0.000,0.02,40,-5
288.519,241.124,0.000,0.02,40,-4
288.521,237.624,0.000,0.02,40,-3
290.516,251.625,0.000,0.02,40,-7
290.517,248.125,0.000,0.02,40,-6
290.518,244.625,0.000,0.02,40,-5
290.519,241.125,0.000,0.02,40,-4
290.521,237.625,0.000,0.02,40,-3
292.516,251.625,0.000,0.02,40,-7
292.517,248.125,0.000,0.02,40,-6
292.518,244.625,0.000,0.02,40,-5
292.519,241.125,0.000,0.02,40,-4
292.521,237.625,0.000,0.02,40,-3
294.516,251.626,0.000,0.02,40,-7
294.517,248.126,0.000,0.02,40,-6
294.518,244.626,0.000,0.02,40,-5
294.519,241.126,0.000,0.02,40,-4
294.521,237.626,0.000,0.02,40,-3
296.516,251.627,0.000,0.02,40,-7
296.517,248.127,0.000,0.02,40,-6
296.518,244.627,0.000,0.02,40,-5
296.519,241.127,0.000,0.02,40,-4
296.521,237.627,0.000,0.02,40,-3
298.516,251.627,0.000,0.02,40,-7
298.517,248.127,0.000,0.02,40,-6
298.518,244.627,0.000,0.02,40,-5
298.519,241.127,0.000,0.02,40,-4
298.521,237.627,0.000,0.02,40,-3
300.516,251.628,0.000,0.02,40,-7
300.517,248.128,0.000,0.02,40,-6
300.518,244.628,0.000,0.02,40,-5
300.519,241.128,0.000,0.02,40,-4
300.521,237.628,0.000,0.02,40,-3
302.516,251.629,0.000,0.02,40,-7
302.517,248.129,0.000,0.02,40,-6
302.518,244.629,0.000,0.02,40,-5
302.519,241.129,0.000,0.02,40,-4
302.521,237.629,0.000,0.02,40,-3
304.516,251.630,0.000,0.02,40,-7
304.517,248.130,0.000,0.02,40,-6
304.518,244.630,0.000,0.02,40,-5
304.519,241.130,0.000,0.02,40,-4
304.521,237.630,0.000,0.02,40,-3
306.516,251.630,0.000,0.02,40,-7
306.517,248.130,0.000,0.02,40,-6
306.518,244.630,0.000,0.02,40,-5
306.519,241.130,0.000,0.02,40,-4
306.521,237.630,0.000,0.02,40,-3
308.516,251.631,0.000,0.02,40,-7
308.517,248.131,0.000,0.02,40,-6
308.518,244.631,0.000,0.02,40,-5
308.519,241.131,0.000,0.02,40,-4
308.521,237.631,0.000,0.02,40,-3
310.516,251.632,0.000,0.02,40,-7
310.517,248.132,0.000,0.02,40,-6
310.518,244.632,0.000,0.02,40,-5
310.519,241.132,0.000,0.02,40,-4
310.521,237.632,0.000,0.02,40,-3
312.516,251.632,0.000,0.02,40,-7
312.517,248.132,0.000,0.02,40,-6
312.518,244.632,0.000,0.02,40,-5
312.519,241.132,0.000,0.02,40,-4
312.521,237.632,0.000,0.02,40,-3
314.516,251.633,0.000,0.02,40,-7
314.517,248.133,0.000,0.02,40,-6
314.518,244.633,0.000,0.02,40,-5
314.519,241.133,0.000,0.02,40,-4
314.521,237.633,0.000,0.02,40,-3
316.516,251.634,0.000,0.02,40,-7
316.517,248.134,0.000,0.02,40,-6
316.518,244.634,0.000,0.02,40,-5
316.519,241.134,0.000,0.02,40,-4
316.521,237.634,0.000,0.02,40,-3
318.516,251.634,0.000,0.02,40,-7
318.517,248.134,0.000,0.02,40,-6
318.518,244.634,0.000,0.02,40,-5
318.519,241.134,0.000,0.02,40,-4
318.521,237.634,0.000,0.02,40,-3
320.516,251.635,0.000,0.02,40,-7
320.517,248.135,0.000,0.02,40,-6
320.518,244.635,0.000,0.02,40,-5
320.519,241.135,0.000,0.02,40,-4
320.521,237.635,0.000,0.02,40,-3
322.516,251.636,0.000,0.02,40,-7
322.517,248.136,0.000,0.02,40,-6
322.518,244.636,0.000,0.02,40,-5
322.519,241.136,0.000,0.02,40,-4
322.521,237.636,0.000,0.02,40,-3
324.516,251.636,0.000,0.02,40,-7
324.517,248.136,0.000,0.02,40,-6
324.518,244.636,0.000,0.02,40,-5
324.519,241.136,0.000,0.02,40,-4
324.521,237.636,0.000,0.02,40,-3
326.516,251.637,0.000,0.02,40,-7
326.517,248.137,0.000,0.02,40,-6
326.518,244.637,0.000,0.02,40,-5
326.519,241.137,0.000,0.02,40,-4
326.521,237.637,0.000,0.02,40,-3
328.516,251.638,0.000,0.02,40,-7
328.517,248.138,0.000,0.02,40,-6
328.518,244.638,0.000,0.02,40,-5
328.519,241.138,0.000,0.02,40,-4
328.521,237.638,0.000,0.02,40,-3
330.516,251.638,0.000,0.02,40,-7
330.517,248.138,0.000,0.02,40,-6
330.518,244.638,0.000,0.02,40,-5
330.519,241.138,0.000,0.02,40,-4
330.521,237.638,0.000,0.02,40,-3
332.516,251.639,0.000,0.02,40,-7
332.517,248.139,0.000,0.02,40,-6
332.518,244.639,0.000,0.02,40,-5
332.519,241.139,0.000,0.02,40,-4
332.521,237.639,0.000,0.02,40,-3
334.516,251.640,0.000,0.02,40,-7
334.517,248.140,0.000,0.02,40,-6
334.518,244.640,0.000,0.02,40,-5
334.519,241.140,0.000,0.02,40,-4
334.521,237.640,0.000,0.02,40,-3
336.516,251.640,0.000,0.02,40,-7
336.517,248.140,0.000,0.02,40,-6
336.518,244.640,0.000,0.02,40,-5
336.519,241.140,0.000,0.02,40,-4
336.521,237.640,0.000,0.02,40,-3
338.516,251.641,0.000,0.02,40,-7
338.517,248.141,0.000,0.02,40,-6
338.518,244.641,0.000,0.02,40,-5
338.519,241.141,0.000,0.02,40,-4
338.521,237.641,0.000,0.02,40,-3
340.516,251.642,0.000,0.02,40,-7
340.517,248.142,0.000,0.02,40,-6
340.518,244.642,0.000,0.02,40,-5
340.519,241.142,0.000,0.02,40,-4
340.521,237.642,0.000,0.02,40,-3
342.516,251.642,0.000,0.02,40,-7
342.517,248.142,0.000,0.02,40,-6
342.518,244.642,0.000,0.02,40,-5
342.519,241.142,0.000,0.02,40,-4
342.521,237.642,0.000,0.02,40,-3
344.516,251.643,0.000,0.02,40,-7
344.517,248.143,0.000,0.02,40,-6
344.518,244.643,0.000,0.02,40,-5
344.519,241.143,0.000,0.02,40,-4
344.521,237.643,0.000,0.02,40,-3
346.516,251.644,0.000,0.02,40,-7
346.517,248.144,0.000,0.02,40,-6
346.518,244.644,0.000,0.02,40,-5
346.519,241.144,0.000,0.02,40,-4
346.521,237.644,0.000,0.02,40,-3
348.516,251.645,0.000,0.02,40,-7
348.517,248.145,0.000,0.02,40,-6
348.518,244.645,0.000,0.02,40,-5
348.519,241.145,0.000,0.02,40,-4
348.521,237.645,0.000,0.02,40,-3
350.516,251.645,0.000,0.02,40,-7
350.517,248.145,0.000,0.02,40,-6
350.518,244.645,0.000,0.02,40,-5
350.519,241.145,0.000,0.02,40,-4
350.521,237.645,0.000,0.02,40,-3
352.516,251.646,0.000,0.02,40,-7
352.517,248.146,0.000,0.02,40,-6
352.518,244.646,0.000,0.02,40,-5
352.519,241.146,0.000,0.02,40,-4
352.521,237.646,0.000,0.02,40,-3
354.516,251.647,0.000,0.02,40,-7
354.517,248.147,0.000,0.02,40,-6
354.518,244.647,0.000,0.02,40,-5
354.519,241.147,0.000,0.02,40,-4
354.521,237.647,0.000,0.02,40,-3
356.516,251.647,0.000,0.02,40,-7
356.517,248.147,0.000,0.02,40,-6
356.518,244.647,0.000,0.02,40,-5
356.519,241.147,0.000,0.02,40,-4
356.521,237.647,0.000,0.02,40,-3
358.516,251.648,0.000,0.02,40,-7
358.517,248.148,0.000,0.02,40,-6
358.518,244.648,0.000,0.02,40,-5
358.519,241.148,0.000,0.02,40,-4
358.521,237.648,0.000,0.02,40,-3
360.516,251.649,0.000,0.02,40,-7
360.517,248.149,0.000,0.02,40,-6
360.518,244.649,0.000,0.02,40,-5
360.519,241.149,0.000,0.02,40,-4
360.521,237.649,0.000,0.02,40,-3
362.516,251.649,0.000,0.02,40,-7
362.517,248.149,0.000,0.02,40,-6
362.518,244.649,0.000,0.02,40,-5
362.519,241.149,0.000,0.02,40,-4
362.521,237.649,0.000,0.02,40,-3
364.516,251.650,0.000,0.02,40,-7
364.517,248.150,0.000,0.02,40,-6
364.518,244.650,0.000,0.02,40,-5
364.519,241.150,0.000,0.02,40,-4
364.521,237.650,0.000,0.02,40,-3
366.516,251.651,0.000,0.02,40,-7
366.517,248.151,0.000,0.02,40,-6
366.518,244.651,0.000,0.02,40,-5
366.519,241.151,0.000,0.02,40,-4
366.521,237.651,0.000,0.02,40,-3
368.516,251.651,0.000,0.02,40,-7
368.517,248.151,0.000,0.02,40,-6
368.518,244.651,0.000,0.02,40,-5
368.519,241.151,0.000,0.02,40,-4
368.521,237.651,0.000,0.02,40,-3
370.516,251.652,0.000,0.02,40,-7
370.517,248.152,0.000,0.02,40,-6
370.518,244.652,0.000,0.02,40,-5
370.519,241.152,0.000,0.02,40,-4
370.521,237.652,0.000,0.02,40,-3
372.516,251.653,0.000,0.02,40,-7
372.517,248.153,0.000,0.02,40,-6
372.518,244.653,0.000,0.02,40,-5
372.519,241.153,0.000,0.02,40,-4
372.521,237.653,0.000,0.02,40,-3
374.516,251.653,0.000,0.02,40,-7
374.517,248.153,0.000,0.02,40,-6
374.518,244.653,0.000,0.02,40,-5
374.519,241.153,0.000,0.02,40,-4
374.521,237.653,0.000,0.02,40,-3
376.516,251.654,0.000,0.02,40,-7
376.517,248.154,0.000,0.02,40,-6
376.518,244.654,0.000,0.02,40,-5
376.519,241.154,0.000,0.02,40,-4
376.521,237.654,0.000,0.02,40,-3
378.516,251.655,0.000,0.02,40,-7
378.517,248.155,0.000,0.02,40,-6
378.518,244.655,0.000,0.02,40,-5
378.519,241.155,0.000,0.02,40,-4
378.521,237.655,0.000,0.02,40,-3
380.516,251.655,0.000,0.02,40,-7
380.517,248.155,0.000,0.02,40,-6
380.518,244.655,0.000,0.02,40,-5
380.519,241.155,0.000,0.02,40,-4
380.521,237.655,0.000,0.02,40,-3
382.516,251.656,0.000,0.02,40,-7
382.517,248.156,0.000,0.02,40,-6
382.518,244.656,0.000,0.02,40,-5
382.519,241.156,0.000,0.02,40,-4
382.521,237.656,0.000,0.02,40,-3
384.516,251.657,0.000,0.02,40,-7
384.517,248.157,0.000,0.02,40,-6
384.518,244.657,0.000,0.02,40,-5
384.519,241.157,0.000,0.02,40,-4
384.521,237.657,0.000,0.02,40,-3
386.516,251.657,0.000,0.02,40,-7
386.517,248.157,0.000,0.02,40,-6
386.518,244.657,0.000,0.02,40,-5
386.519,241.157,0.000,0.02,40,-4
386.521,237.657,0.000,0.02,40,-3
388.516,251.658,0.000,0.02,40,-7
388.517,248.158,0.000,0.02,40,-6
388.518,244.658,0.000,0.02,40,-5
388.519,241.158,0.000,0.02,40,-4
388.521,237.658,0.000,0.02,40,-3
390.516,251.659,0.000,0.02,40,-7
390.517,248.159,0.000,0.02,40,-6
390.518,244.659,0.000,0.02,40,-5
390.519,241.159,0.000,0.02,40,-4
390.521,237.659,0.000,0.02,40,-3
392.516,251.660,0.000,0.02,40,-7
392.517,248.160,0.000,0.02,40,-6
392.518,244.660,0.000,0.02,40,-5
392.519,241.160,0.000,0.02,40,-4
392.521,237.660,0.000,0.02,40,-3
394.516,251.660,0.000,0.02,40,-7
394.517,248.160,0.000,0.02,40,-6
394.518,244.660,0.000,0.02,40,-5
394.519,241.160,0.000,0.02,40,-4
394.521,237.660,0.000,0.02,40,-3
396.516,251.661,0.000,0.02,40,-7
396.517,248.161,0.000,0.02,40,-6
396.518,244.661,0.000,0.02,40,-5
396.519,241.161,0.000,0.02,40,-4
396.521,237.661,0.000,0.02,40,-3
398.516,251.662,0.000,0.02,40,-7
398.517,248.162,0.000,0.02,40,-6
398.518,244.662,0.000,0.02,40,-5
398.519,241.162,0.000,0.02,40,-4
398.521,237.662,0.000,0.02,40,-3
400.516,251.662,0.000,0.02,40,-7
400.517,248.162,0.000,0.02,40,-6
400.518,244.662,0.000,0.02,40,-5
400.519,241.162,0.000,0.02,40,-4
400.521,237.662,0.000,0.02,40,-3
402.516,251.663,0.000,0.02,40,-7
402.517,248.163,0.000,0.02,40,-6
402.518,244.663,0.000,0.02,40,-5
402.519,241.163,0.000,0.02,40,-4
402.521,237.663,0.000,0.02,40,-3
404.516,251.664,0.000,0.02,40,-7
404.517,248.164,0.000,0.02,40,-6
404.518,244.664,0.000,0.02,40,-5
404.519,241.164,0.000,0.02,40,-4
404.521,237.664,0.000,0.02,40,-3
406.516,251.664,0.000,0.02,40,-7
406.517,248.164,0.000,0.02,40,-6
406.518,244.664,0.000,0.02,40,-5
406.519,241.164,0.000,0.02,40,-4
406.521,237.664,0.000,0.02,40,-3
408.516,251.665,0.000,0.02,40,-7
408.517,248.165,0.000,0.02,40,-6
408.518,244.665,0.000,0.02,40,-5
408.519,241.165,0.000,0.02,40,-4
408.521,237.665,0.000,0.02,40,-3
410.516,251.666,0.000,0.02,40,-7
410.517,248.166,0.000,0.02,40,-6
410.518,244.666,0.000,0.02,40,-5
410.519,241.166,0.000,0.02,40,-4
410.521,237.666,0.000,0.02,40,-3
412.516,251.666,0.000,0.02,40,-7
412.517,248.166,0.000,0.02,40,-6
412.518,244.666,0.000,0.02,40,-5
412.519,241.166,0.000,0.02,40,-4
412.521,237.666,0.000,0.02,40,-3
414.516,251.667,0.000,0.02,40,-7
414.517,248.167,0.000,0.02,40,-6
414.518,244.667,0.000,0.02,40,-5
414.519,241.167,0.000,0.02,40,-4
414.521,237.667,0.000,0.02,40,-3
416.516,251.668,0.000,0.02,40,-7
416.517,248.168,0.000,0.02,40,-6
416.518,244.668,0.000,0.02,40,-5
416.519,241.168,0.000,0.02,40,-4
416.521,237.668,0.000,0.02,40,-3
418.516,251.668,0.000,0.02,40,-7
418.517,248.168,0.000,0.02,40,-6
418.518,244.668,0.000,0.02,40,-5
418.519,241.168,0.000,0.02,40,-4
418.521,237.668,0.000,0.02,40,-3
420.516,251.669,0.000,0.02,40,-7
420.517,248.169,0.000,0.02,40,-6
420.518,244.669,0.000,0.02,40,-5
420.519,241.169,0.000,0.02,40,-4
420.521,237.669,0.000,0.02,40,-3
422.516,251.670,0.000,0.02,40,-7
422.517,248.170,0.000,0.02,40,-6
422.518,244.670,0.000,0.02,40,-5
422.519,241.170,0.000,0.02,40,-4
422.521,237.670,0.000,0.02,40,-3
424.516,251.670,0.000,0.02,40,-7
424.517,248.170,0.000,0.02,40,-6
424.518,244.670,0.000,0.02,40,-5
424.519,241.170,0.000,0.02,40,-4
424.521,237.670,0.000,0.02,40,-3
426.516,251.671,0.000,0.02,40,-7
426.517,248.171,0.000,0.02,40,-6
426.518,244.671,0.000,0.02,40,-5
426.519,241.171,0.000,0.02,40,-4
426.521,237.671,0.000,0.02,40,-3
428.516,251.672,0.000,0.02,40,-7
428.517,248.172,0.000,0.02,40,-6
428.518,244.672,0.000,0.02,40,-5
428.519,241.172,0.000,0.02,40,-4
428.521,237.672,0.000,0.02,40,-3
430.516,251.672,0.000,0.02,40,-7
430.517,248.172,0.000,0.02,40,-6
430.518,244.672,0.000,0.02,40,-5
430.519,241.172,0.000,0.02,40,-4
430.521,237.672,0.000,0.02,40,-3
432.516,251.673,0.000,0.02,40,-7
432.517,248.173,0.000,0.02,40,-6
432.518,244.673,0.000,0.02,40,-5
432.519,241.173,0.000,0.02,40,-4
432.521,237.673,0.000,0.02,40,-3
434.516,251.674,0.000,0.02,40,-7
434.517,248.174,0.000,0.02,40,-6
434.518,244.674,0.000,0.02,40,-5
434.519,241.174,0.000,0.02,40,-4
434.521,237.674,0.000,0.02,40,-3
436.516,251.675,0.000,0.02,40,-7
436.517,248.175,0.000,0.02,40,-6
436.518,244.675,0.000,0.02,40,-5
436.519,241.175,0.000,0.02,40,-4
436.521,237.675,0.000,0.02,40,-3
438.516,251.675,0.000,0.02,40,-7
438.517,248.175,0.000,0.02,40,-6
438.518,244.675,0.000,0.02,40,-5
438.519,241.175,0.000,0.02,40,-4
438.521,237.675,0.000,0.02,40,-3
440.516,251.676,0.000,0.02,40,-7
440.517,248.176,0.000,0.02,40,-6
440.518,244.676,0.000,0.02,40,-5
440.519,241.176,0.000,0.02,40,-4
440.521,237.676,0.000,0.02,40,-3
442.516,251.677,0.000,0.02,40,-7
442.517,248.177,0.000,0.02,40,-6
442.518,244.677,0.000,0.02,40,-5
442.519,241.177,0.000,0.02,40,-4
442.521,237.677,0.000,0.02,40,-3
444.516,251.677,0.000,0.02,40,-7
444.517,248.177,0.000,0.02,40,-6
444.518,244.677,0.000,0.02,40,-5
444.519,241.177,0.000,0.02,40,-4
444.521,237.677,0.000,0.02,40,-3
446.516,251.678,0.000,0.02,40,-7
446.517,248.178,0.000,0.02,40,-6
446.518,244.678,0.000,0.02,40,-5
446.519,241.178,0.000,0.02,40,-4
446.521,237.678,0.000,0.02,40,-3
448.516,251.679,0.000,0.02,40,-7
448.517,248.179,0.000,0.02,40,-6
448.518,244.679,0.000,0.02,40,-5
448.519,241.179,0.000,0.02,40,-4
448.521,237.679,0.000,0.02,40,-3
450.516,251.679,0.000,0.02,40,-7
450.517,248.179,0.000,0.02,40,-6
450.518,244.679,0.000,0.02,40,-5
450.519,241.179,0.000,0.02,40,-4
450.521,237.679,0.000,0.02,40,-3
452.516,251.680,0.000,0.02,40,-7
452.517,248.180,0.000,0.02,40,-6
452.518,244.680,0.000,0.02,40,-5
452.519,241.180,0.000,0.02,40,-4
452.521,237.680,0.000,0.02,40,-3
454.516,251.681,0.000,0.02,40,-7
454.517,248.181,0.000,0.02,40,-6
454.518,244.681,0.000,0.02,40,-5
454.519,241.181,0.000,0.02,40,-4
454.521,237.681,0.000,0.02,40,-3
456.516,251.681,0.000,0.02,40,-7
456.517,248.181,0.000,0.02,40,-6
456.518,244.681,0.000,0.02,40,-5
456.519,241.181,0.000,0.02,40,-4
456.521,237.681,0.000,0.02,40,-3
458.516,251.682,0.000,0.02,40,-7
458.517,248.182,0.000,0.02,40,-6
458.518,244.682,0.000,0.02,40,-5
458.519,241.182,0.000,0.02,40,-4
458.521,237.682,0.000,0.02,40,-3
460.516,251.683,0.000,0.02,40,-7
460.517,248.183,0.000,0.02,40,-6
460.518,244.683,0.000,0.02,40,-5
460.519,241.183,0.000,0.02,40,-4
460.521,237.683,0.000,0.02,40,-3
462.516,251.683,0.000,0.02,40,-7
462.517,248.183,0.000,0.02,40,-6
462.518,244.683,0.000,0.02,40,-5
462.519,241.183,0.000,0.02,40,-4
462.521,237.683,0.000,0.02,40,-3
464.516,251.684,0.000,0.02,40,-7
464.517,248.184,0.000,0.02,40,-6
464.518,244.684,0.000,0.02,40,-5
464.519,241.184,0.000,0.02,40,-4
464.521,237.684,0.000,0.02,40,-3
466.516,251.685,0.000,0.02,40,-7
466.517,248.185,0.000,0.02,40,-6
466.518,244.685,0.000,0.02,40,-5
466.519,241.185,0.000,0.02,40,-4
466.521,237.685,0.000,0.02,40,-3
468.516,251.685,0.000,0.02,40,-7
468.517,248.185,0.000,0.02,40,-6
468.518,244.685,0.000,0.02,40,-5
468.519,241.185,0.000,0.02,40,-4
468.521,237.685,0.000,0.02,40,-3
470.516,251.686,0.000,0.02,40,-7
470.517,248.186,0.000,0.02,40,-6
470.518,244.686,0.000,0.02,40,-5
470.519,241.186,0.000,0.02,40,-4
470.521,237.686,0.000,0.02,40,-3
472.516,251.687,0.000,0.02,40,-7
472.517,248.187,0.000,0.02,40,-6
472.518,244.687,0.000,0.02,40,-5
472.519,241.187,0.000,0.02,40,-4
472.521,237.687,0.000,0.02,40,-3
474.516,251.688,0.000,0.02,40,-7
474.517,248.188,0.000,0.02,40,-6
474.518,244.688,0.000,0.02,40,-5
474.519,241.188,0.000,0.02,40,-4
474.521,237.688,0.000,0.02,40,-3
476.516,251.688,0.000,0.02,40,-7
476.517,248.188,0.000,0.02,40,-6
476.518,244.688,0.000,0.02,40,-5
476.519,241.188,0.000,0.02,40,-4
476.521,237.688,0.000,0.02,40,-3
478.516,251.689,0.000,0.02,40,-7
478.517,248.189,0.000,0.02,40,-6
478.518,244.689,0.000,0.02,40,-5
478.519,241.189,0.000,0.02,40,-4
478.521,237.689,0.000,0.02,40,-3
480.516,251.690,0.000,0.02,40,-7
480.517,248.190,0.000,0.02,40,-6
480.518,244.690,0.000,0.02,40,-5
480.519,241.190,0.000,0.02,40,-4
480.521,237.690,0.000,0.02,40,-3
482.516,251.690,0.000,0.02,40,-7
482.517,248.190,0.000,0.02,40,-6
482.518,244.690,0.000,0.02,40,-5
482.519,241.190,0.000,0.02,40,-4
482.521,237.690,0.000,0.02,40,-3
484.516,251.691,0.000,0.02,40,-7
484.517,248.191,0.000,0.02,40,-6
484.518,244.691,0.000,0.02,40,-5
484.519,241.191,0.000,0.02,40,-4
484.521,237.691,0.000,0.02,40,-3
486.516,251.692,0.000,0.02,40,-7
486.517,248.192,0.000,0.02,40,-6
486.518,244.692,0.000,0.02,40,-5
486.519,241.192,0.000,0.02,40,-4
486.521,237.692,0.000,0.02,40,-3
488.516,251.692,0.000,0.02,40,-7
488.517,248.192,0.000,0.02,40,-6
488.518,244.692,0.000,0.02,40,-5
488.519,241.192,0.000,0.02,40,-4
488.521,237.692,0.000,0.02,40,-3
490.516,251.693,0.000,0.02,40,-7
490.517,248.193,0.000,0.02,40,-6
490.518,244.693,0.000,0.02,40,-5
490.519,241.193,0.000,0.02,40,-4
490.521,237.693,0.000,0.02,40,-3
492.516,251.694,0.000,0.02,40,-7
492.517,248.194,0.000,0.02,40,-6
492.518,244.694,0.000,0.02,40,-5
492.519,241.194,0.000,0.02,40,-4
492.521,237.694,0.000,0.02,40,-3
494.516,251.694,0.000,0.02,40,-7
494.517,248.194,0.000,0.02,40,-6
494.518,244.694,0.000,0.02,40,-5
494.519,241.194,0.000,0.02,40,-4
494.521,237.694,0.000,0.02,40,-3
496.516,251.695,0.000,0.02,40,-7
496.517,248.195,0.000,0.02,40,-6
496.518,244.695,0.000,0.02,40,-5
496.519,241.195,0.000,0.02,40,-4
496.521,237.695,0.000,0.02,40,-3
498.516,251.696,0.000,0.02,40,-7
498.517,248.196,0.000,0.02,40,-6
498.518,244.696,0.000,0.02,40,-5
498.519,241.196,0.000,0.02,40,-4
498.521,237.696,0.000,0.02,40,-3
500.516,251.696,0.000,0.02,40,-7
500.517,248.196,0.000,0.02,40,-6
500.518,244.696,0.000,0.02,40,-5
500.519,241.196,0.000,0.02,40,-4
500.521,237.696,0.000,0.02,40,-3
502.516,251.697,0.000,0.02,40,-7
502.517,248.197,0.000,0.02,40,-6
502.518,244.697,0.000,0.02,40,-5
502.519,241.197,0.000,0.02,40,-4
502.521,237.697,0.000,0.02,40,-3
504.516,251.698,0.000,0.02,40,-7
504.517,248.198,0.000,0.02,40,-6
504.518,244.698,0.000,0.02,40,-5
504.519,241.198,0.000,0.02,40,-4
504.521,237.698,0.000,0.02,40,-3
506.516,251.698,0.000,0.02,40,-7
506.517,248.198,0.000,0.02,40,-6
506.518,244.698,0.000,0.02,40,-5
506.519,241.198,0.000,0.02,40,-4
506.521,237.698,0.000,0.02,40,-3
508.516,251.699,0.000,0.02,40,-7
508.517,248.199,0.000,0.02,40,-6
508.518,244.699,0.000,0.02,40,-5
508.519,241.199,0.000,0.02,40,-4
508.521,237.699,0.000,0.02,40,-3
510.516,251.700,0.000,0.02,40,-7
510.517,248.200,0.000,0.02,40,-6
510.518,244.700,0.000,0.02,40,-5
510.519,241.200,0.000,0.02,40,-4
510.521,237.700,0.000,0.02,40,-3
512.516,251.700,0.000,0.02,40,-7
512.517,248.200,0.000,0.02,40,-6
512.518,244.700,0.000,0.02,40,-5
512.519,241.200,0.000,0.02,40,-4
512.521,237.700,0.000,0.02,40,-3
514.516,251.701,0.000,0.02,40,-7
514.517,248.201,0.000,0.02,40,-6
514.518,244.701,0.000,0.02,40,-5
514.519,241.201,0.000,0.02,40,-4
514.521,237.701,0.000,0.02,40,-3
516.516,251.702,0.000,0.02,40,-7
516.517,248.202,0.000,0.02,40,-6
516.518,244.702,0.000,0.02,40,-5
516.519,241.202,0.000,0.02,40,-4
516.521,237.702,0.000,0.02,40,-3
518.516,251.702,0.000,0.02,40,-7
518.517,248.202,0.000,0.02,40,-6
518.518,244.702,0.000,0.02,40,-5
518.519,241.202,0.000,0.02,40,-4
518.521,237.702,0.000,0.02,40,-3
520.516,251.703,0.000,0.02,40,-7
520.517,248.203,0.000,0.02,40,-6
520.518,244.703,0.000,0.02,40,-5
520.519,241.203,0.000,0.02,40,-4
520.521,237.703,0.000,0.02,40,-3
522.516,251.704,0.000,0.02,40,-7
522.517,248.204,0.000,0.02,40,-6
522.518,244.704,0.000,0.02,40,-5
522.519,241.204,0.000,0.02,40,-4
522.521,237.704,0.000,0.02,40,-3
524.516,251.705,0.000,0.02,40,-7
524.517,248.205,0.000,0.02,40,-6
524.518,244.705,0.000,0.02,40,-5
524.519,241.205,0.000,0.02,40,-4
524.521,237.705,0.000,0.02,40,-3
526.516,251.705,0.000,0.02,40,-7
526.517,248.205,0.000,0.02,40,-6
526.518,244.705,0.000,0.02,40,-5
526.519,241.205,0.000,0.02,40,-4
526.521,237.705,0.000,0.02,40,-3
528.516,251.706,0.000,0.02,40,-7
528.517,248.206,0.000,0.02,40,-6
528.518,244.706,0.000,0.02,40,-5
528.519,241.206,0.000,0.02,40,-4
528.521,237.706,0.000,0.02,40,-3
530.516,251.707,0.000,0.02,40,-7
530.517,248.207,0.000,0.02,40,-6
530.518,244.707,0.000,0.02,40,-5
530.519,241.207,0.000,0.02,40,-4
530.521,237.707,0.000,0.02,40,-3
532.516,251.707,0.000,0.02,40,-7
532.517,248.207,0.000,0.02,40,-6
532.518,244.707,0.000,0.02,40,-5
532.519,241.207,0.000,0.02,40,-4
532.521,237.707,0.000,0.02,40,-3
534.516,251.708,0.000,0.02,40,-7
534.517,248.208,0.000,0.02,40,-6
534.518,244.708,0.000,0.02,40,-5
534.519,241.208,0.000,0.02,40,-4
534.521,237.708,0.000,0.02,40,-3
536.516,251.709,0.000,0.02,40,-7
536.517,248.209,0.000,0.02,40,-6
536.518,244.709,0.000,0.02,40,-5
536.519,241.209,0.000,0.02,40,-4
536.521,237.709,0.000,0.02,40,-3
538.516,251.709,0.000,0.02,40,-7
538.517,248.209,0.000,0.02,40,-6
538.518,244.709,0.000,0.02,40,-5
538.519,241.209,0.000,0.02,40,-4
538.521,237.709,0.000,0.02,40,-3
540.516,251.710,0.000,0.02,40,-7
540.517,248.210,0.000,0.02,40,-6
540.518,244.710,0.000,0.02,40,-5
540.519,241.210,0.000,0.02,40,-4
540.521,237.710,0.000,0.02,40,-3
542.516,251.711,0.000,0.02,40,-7
542.517,248.211,0.000,0.02,40,-6
542.518,244.711,0.000,0.02,40,-5
542.519,241.211,0.000,0.02,40,-4
542.521,237.711,0.000,0.02,40,-3
544.516,251.711,0.000,0.02,40,-7
544.517,248.211,0.000,0.02,40,-6
544.518,244.711,0.000,0.02,40,-5
544.519,241.211,0.000,0.02,40,-4
544.521,237.711,0.000,0.02,40,-3
546.516,251.712,0.000,0.02,40,-7
546.517,248.212,0.000,0.02,40,-6
546.518,244.712,0.000,0.02,40,-5
546.519,241.212,0.000,0.02,40,-4
546.521,237.712,0.000,0.02,40,-3
548.516,251.713,0.000,0.02,40,-7
548.517,248.213,0.000,0.02,40,-6
548.518,244.713,0.000,0.02,40,-5
548.519,241.213,0.000,0.02,40,-4
548.521,237.713,0.000,0.02,40,-3
550.516,251.713,0.000,0.02,40,-7
550.517,248.213,0.000,0.02,40,-6
550.518,244.713,0.000,0.02,40,-5
550.519,241.213,0.000,0.02,40,-4
550.521,237.713,0.000,0.02,40,-3
552.516,251.714,0.000,0.02,40,-7
552.517,248.214,0.000,0.02,40,-6
552.518,244.714,0.000,0.02,40,-5
552.519,241.214,0.000,0.02,40,-4
552.521,237.714,0.000,0.02,40,-3
554.516,251.715,0.000,0.02,40,-7
554.517,248.215,0.000,0.02,40,-6
554.518,244.715,0.000,0.02,40,-5
554.519,241.215,0.000,0.02,40,-4
554.521,237.715,0.000,0.02,40,-3
556.516,251.715,0.000,0.02,40,-7
556.517,248.215,0.000,0.02,40,-6
556.518,244.715,0.000,0.02,40,-5
556.519,241.215,0.000,0.02,40,-4
556.521,237.715,0.000,0.02,40,-3
558.516,251.716,0.000,0.02,40,-7
558.517,248.216,0.000,0.02,40,-6
558.518,244.716,0.000,0.02,40,-5
558.519,241.216,0.000,0.02,40,-4
558.521,237.716,0.000,0.02,40,-3
560.516,251.717,0.000,0.02,40,-7
560.517,248.217,0.000,0.02,40,-6
560.518,244.717,0.000,0.02,40,-5
560.519,241.217,0.000,0.02,40,-4
560.521,237.717,0.000,0.02,40,-3
562.516,251.718,0.000,0.02,40,-7
562.517,248.218,0.000,0.02,40,-6
562.518,244.718,0.000,0.02,40,-5
562.519,241.218,0.000,0.02,40,-4
562.521,237.718,0.000,0.02,40,-3
564.516,251.718,0.000,0.02,40,-7
564.517,248.218,0.000,0.02,40,-6
564.518,244.718,0.000,0.02,40,-5
564.519,241.218,0.000,0.02,40,-4
564.521,237.718,0.000,0.02,40,-3
566.516,251.719,0.000,0.02,40,-7
566.517,248.219,0.000,0.02,40,-6
566.518,244.719,0.000,0.02,40,-5
566.519,241.219,0.000,0.02,40,-4
566.521,237.719,0.000,0.02,40,-3
568.516,251.720,0.000,0.02,40,-7
568.517,248.220,0.000,0.02,40,-6
568.518,244.720,0.000,0.02,40,-5
568.519,241.220,0.000,0.02,40,-4
568.521,237.720,0.000,0.02,40,-3
570.516,251.720,0.000,0.02,40,-7
570.517,248.220,0.000,0.02,40,-6
570.518,244.720,0.000,0.02,40,-5
570.519,241.220,0.000,0.02,40,-4
570.521,237.720,0.000,0.02,40,-3
572.516,251.721,0.000,0.02,40,-7
572.517,248.221,0.000,0.02,40,-6
572.518,244.721,0.000,0.02,40,-5
572.519,241.221,0.000,0.02,40,-4
572.521,237.721,0.000,0.02,40,-3
574.516,251.722,0.000,0.02,40,-7
574.517,248.222,0.000,0.02,40,-6
574.518,244.722,0.000,0.02,40,-5
574.519,241.222,0.000,0.02,40,-4
574.521,237.722,0.000,0.02,40,-3
576.516,251.722,0.000,0.02,40,-7
576.517,248.222,0.000,0.02,40,-6
576.518,244.722,0.000,0.02,40,-5
576.519,241.222,0.000,0.02,40,-4
576.521,237.722,0.000,0.02,40,-3
578.516,251.723,0.000,0.02,40,-7
578.517,248.223,0.000,0.02,40,-6
578.518,244.723,0.000,0.02,40,-5
578.519,241.223,0.000,0.02,40,-4
578.521,237.723,0.000,0.02,40,-3
580.516,251.724,0.000,0.02,40,-7
580.517,248.224,0.000,0.02,40,-6
580.518,244.724,0.000,0.02,40,-5
580.519,241.224,0.000,0.02,40,-4
580.521,237.724,0.000,0.02,40,-3
582.516,251.724,0.000,0.02,40,-7
582.517,248.224,0.000,0.02,40,-6
582.518,244.724,0.000,0.02,40,-5
582.519,241.224,0.000,0.02,40,-4
582.521,237.724,0.000,0.02,40,-3
584.516,251.725,0.000,0.02,40,-7
584.517,248.225,0.000,0.02,40,-6
584.518,244.725,0.000,0.02,40,-5
584.519,241.225,0.000,0.02,40,-4
584.521,237.725,0.000,0.02,40,-3
586.516,251.726,0.000,0.02,40,-7
586.517,248.226,0.000,0.02,40,-6
586.518,244.726,0.000,0.02,40,-5
586.519,241.226,0.000,0.02,40,-4
586.521,237.726,0.000,0.02,40,-3
588.516,251.726,0.000,0.02,40,-7
588.517,248.226,0.000,0.02,40,-6
588.518,244.726,0.000,0.02,40,-5
588.519,241.226,0.000,0.02,40,-4
588.521,237.726,0.000,0.02,40,-3
590.516,251.727,0.000,0.02,40,-7
590.517,248.227,0.000,0.02,40,-6
590.518,244.727,0.000,0.02,40,-5
590.519,241.227,0.000,0.02,40,-4
590.521,237.727,0.000,0.02,40,-3
592.516,251.728,0.000,0.02,40,-7
592.517,248.228,0.000,0.02,40,-6
592.518,244.728,0.000,0.02,40,-5
592.519,241.228,0.000,0.02,40,-4
592.521,237.728,0.000,0.02,40,-3
594.516,251.728,0.000,0.02,40,-7
594.517,248.228,0.000,0.02,40,-6
594.518,244.728,0.000,0.02,40,-5
594.519,241.228,0.000,0.02,40,-4
594.521,237.728,0.000,0.02,40,-3
596.516,251.729,0.000,0.02,40,-7
596.517,248.229,0.000,0.02,40,-6
596.518,244.729,0.000,0.02,40,-5
596.519,241.229,0.000,0.02,40,-4
596.521,237.729,0.000,0.02,40,-3
598.516,251.730,0.000,0.02,40,-7
598.517,248.230,0.000,0.02,40,-6
598.518,244.730,0.000,0.02,40,-5
598.519,241.230,0.000,0.02,40,-4
598.521,237.730,0.000,0.02,40,-3
123.878,38.257,0.000,0.17,810,-3
125.784,38.221,0.000,-3.14,810,-3
127.531,38.005,0.000,-10.94,810,-3
129.232,37.554,0.000,-18.74,810,-3
130.857,36.877,0.000,-26.55,810,-3
132.375,35.984,0.000,-34.35,810,-3
133.757,34.895,0.000,-42.15,810,-3
134.979,33.627,0.000,-49.95,810,-3
136.129,32.120,0.000,-53.34,810,-3
137.285,30.549,0.000,-54.97,810,-3
138.308,28.975,0.000,-58.97,810,-3
139.219,27.333,0.000,-62.96,810,-3
140.014,25.632,0.000,-66.96,810,-3
140.688,23.880,0.000,-70.96,810,-3
141.238,22.085,0.000,-74.95,810,-3
141.662,20.256,0.000,-78.95,810,-3
141.958,18.401,0.000,-82.95,810,-3
142.123,16.531,0.000,-86.94,810,-3
142.158,14.645,0.000,-90.66,810,-3
22.376,251.533,0.000,0.02,39,-7
22.377,248.033,0.000,0.02,39,-6
22.378,244.533,0.000,0.02,39,-5
22.379,241.033,0.000,0.02,39,-4
22.381,237.533,0.000,0.02,39,-3
24.376,251.534,0.000,0.02,39,-7
24.377,248.034,0.000,0.02,39,-6
24.378,244.534,0.000,0.02,39,-5
24.379,241.034,0.000,0.02,39,-4
24.381,237.534,0.000,0.02,39,-3
26.376,251.535,0.000,0.02,39,-7
26.377,248.035,0.000,0.02,39,-6
26.378,244.535,0.000,0.02,39,-5
26.379,241.035,0.000,0.02,39,-4
26.381,237.535,0.000,0.02,39,-3
28.376,251.535,0.000,0.02,39,-7
28.377,248.035,0.000,0.02,39,-6
28.378,244.535,0.000,0.02,39,-5
28.379,241.035,0.000,0.02,39,-4
28.381,237.535,0.000,0.02,39,-3
30.376,251.536,0.000,0.02,39,-7
30.377,248.036,0.000,0.02,39,-6
30.378,244.536,0.000,0.02,39,-5
30.379,241.036,0.000,0.02,39,-4
30.381,237.536,0.000,0.02,39,-3
32.376,251.537,0.000,0.02,39,-7
32.377,248.037,0.000,0.02,39,-6
32.378,244.537,0.000,0.02,39,-5
32.379,241.037,0.000,0.02,39,-4
32.381,237.537,0.000,0.02,39,-3
34.376,251.537,0.000,0.02,39,-7
34.377,248.037,0.000,0.02,39,-6
34.378,244.537,0.000,0.02,39,-5
34.379,241.037,0.000,0.02,39,-4
34.381,237.537,0.000,0.02,39,-3
36.376,251.538,0.000,0.02,39,-7
36.377,248.038,0.000,0.02,39,-6
36.378,244.538,0.000,0.02,39,-5
36.379,241.038,0.000,0.02,39,-4
36.381,237.538,0.000,0.02,39,-3
38.376,251.539,0.000,0.02,39,-7
38.377,248.039,0.000,0.02,39,-6
38.378,244.539,0.000,0.02,39,-5
38.379,241.039,0.000,0.02,39,-4
38.381,237.539,0.000,0.02,39,-3
40.376,251.539,0.000,0.02,39,-7
40.377,248.039,0.000,0.02,39,-6
40.378,244.539,0.000,0.02,39,-5
40.379,241.039,0.000,0.02,39,-4
40.381,237.539,0.000,0.02,39,-3
42.376,251.540,0.000,0.02,39,-7
42.377,248.040,0.000,0.02,39,-6
42.378,244.540,0.000,0.02,39,-5
42.379,241.040,0.000,0.02,39,-4
42.381,237.540,0.000,0.02,39,-3
44.376,251.541,0.000,0.02,39,-7
44.377,248.041,0.000,0.02,39,-6
44.378,244.541,0.000,0.02,39,-5
44.379,241.041,0.000,0.02,39,-4
44.381,237.541,0.000,0.02,39,-3
46.376,251.541,0.000,0.02,39,-7
46.377,248.041,0.000,0.02,39,-6
46.378,244.541,0.000,0.02,39,-5
46.379,241.041,0.000,0.02,39,-4
46.381,237.541,0.000,0.02,39,-3
48.376,251.542,0.000,0.02,39,-7
48.377,248.042,0.000,0.02,39,-6
48.378,244.542,0.000,0.02,39,-5
48.379,241.042,0.000,0.02,39,-4
48.381,237.542,0.000,0.02,39,-3
50.376,251.543,0.000,0.02,39,-7
50.377,248.043,0.000,0.02,39,-6
50.378,244.543,0.000,0.02,39,-5
50.379,241.043,0.000,0.02,39,-4
50.381,237.543,0.000,0.02,39,-3
52.376,251.543,0.000,0.02,39,-7
52.377,248.043,0.000,0.02,39,-6
52.378,244.543,0.000,0.02,39,-5
52.379,241.043,0.000,0.02,39,-4
52.381,237.543,0.000,0.02,39,-3
54.376,251.544,0.000,0.02,39,-7
54.377,248.044,0.000,0.02,39,-6
54.378,244.544,0.000,0.02,39,-5
54.379,241.044,0.000,0.02,39,-4
54.381,237.544,0.000,0.02,39,-3
56.376,251.545,0.000,0.02,39,-7
56.377,248.045,0.000,0.02,39,-6
56.378,244.545,0.000,0.02,39,-5
56.379,241.045,0.000,0.02,39,-4
56.381,237.545,0.000,0.02,39,-3
58.376,251.546,0.000,0.02,39,-7
58.377,248.046,0.000,0.02,39,-6
58.378,244.546,0.000,0.02,39,-5
58.379,241.046,0.000,0.02,39,-4
58.381,237.546,0.000,0.02,39,-3
60.376,251.546,0.000,0.02,39,-7
60.377,248.046,0.000,0.02,39,-6
60.378,244.546,0.000,0.02,39,-5
60.379,241.046,0.000,0.02,39,-4
60.381,237.546,0.000,0.02,39,-3
62.376,251.547,0.000,0.02,39,-7
62.377,248.047,0.000,0.02,39,-6
62.378,244.547,0.000,0.02,39,-5
62.379,241.047,0.000,0.02,39,-4
62.381,237.547,0.000,0.02,39,-3
64.376,251.548,0.000,0.02,39,-7
64.377,248.048,0.000,0.02,39,-6
64.378,244.548,0.000,0.02,39,-5
64.379,241.048,0.000,0.02,39,-4
64.381,237.548,0.000,0.02,39,-3
66.376,251.548,0.000,0.02,39,-7
66.377,248.048,0.000,0.02,39,-6
66.378,244.548,0.000,0.02,39,-5
66.379,241.048,0.000,0.02,39,-4
66.381,237.548,0.000,0.02,39,-3
68.376,251.549,0.000,0.02,39,-7
68.377,248.049,0.000,0.02,39,-6
68.378,244.549,0.000,0.02,39,-5
68.379,241.049,0.000,0.02,39,-4
68.381,237.549,0.000,0.02,39,-3
70.376,251.550,0.000,0.02,39,-7
70.377,248.050,0.000,0.02,39,-6
70.378,244.550,0.000,0.02,39,-5
70.379,241.050,0.000,0.02,39,-4
70.381,237.550,0.000,0.02,39,-3
72.376,251.550,0.000,0.02,39,-7
72.377,248.050,0.000,0.02,39,-6
72.378,244.550,0.000,0.02,39,-5
72.379,241.050,0.000,0.02,39,-4
72.381,237.550,0.000,0.02,39,-3
497.216,151.967,0.000,0.23,38,-7
497.230,148.467,0.000,0.23,38,-6
497.244,144.967,0.000,0.23,38,-5
497.259,141.467,0.000,0.23,38,-4
497.273,137.967,0.000,0.23,38,-3
499.216,151.975,0.000,0.23,38,-7
499.230,148.475,0.000,0.23,38,-6
499.244,144.975,0.000,0.23,38,-5
499.259,141.475,0.000,0.23,38,-4
499.273,137.975,0.000,0.23,38,-3
501.216,151.983,0.000,0.23,38,-7
501.230,148.483,0.000,0.23,38,-6
501.244,144.983,0.000,0.23,38,-5
501.259,141.483,0.000,0.23,38,-4
501.273,137.983,0.000,0.23,38,-3
503.216,151.991,0.000,0.23,38,-7
503.230,148.491,0.000,0.23,38,-6
503.244,144.991,0.000,0.23,38,-5
503.259,141.491,0.000,0.23,38,-4
503.273,137.991,0.000,0.23,38,-3
505.216,152.000,0.000,0.23,38,-7
505.230,148.500,0.000,0.23,38,-6
505.244,145.000,0.000,0.23,38,-5
505.259,141.500,0.000,0.23,38,-4
505.273,138.000,0.000,0.23,38,-3
507.216,152.008,0.000,0.23,38,-7
507.230,148.508,0.000,0.23,38,-6
507.244,145.008,0.000,0.23,38,-5
507.259,141.508,0.000,0.23,38,-4
507.273,138.008,0.000,0.23,38,-3
509.216,152.016,0.000,0.23,38,-7
509.230,148.516,0.000,0.23,38,-6
509.244,145.016,0.000,0.23,38,-5
509.259,141.516,0.000,0.23,38,-4
509.273,138.016,0.000,0.23,38,-3
511.216,152.024,0.000,0.23,38,-7
511.230,148.524,0.000,0.23,38,-6
511.244,145.024,0.000,0.23,38,-5
511.259,141.524,0.000,0.23,38,-4
511.273,138.024,0.000,0.23,38,-3
513.216,152.032,0.000,0.23,38,-7
513.230,148.532,0.000,0.23,38,-6
513.244,145.032,0.000,0.23,38,-5
513.259,141.532,0.000,0.23,38,-4
513.273,138.032,0.000,0.23,38,-3
515.216,152.041,0.000,0.23,38,-7
515.230,148.541,0.000,0.23,38,-6
515.244,145.041,0.000,0.23,38,-5
515.259,141.541,0.000,0.23,38,-4
515.273,138.041,0.000,0.23,38,-3
517.216,152.049,0.000,0.23,38,-7
517.230,148.549,0.000,0.23,38,-6
517.244,145.049,0.000,0.23,38,-5
517.259,141.549,0.000,0.23,38,-4
517.273,138.049,0.000,0.23,38,-3
519.216,152.057,0.000,0.23,38,-7
519.230,148.557,0.000,0.23,38,-6
519.244,145.057,0.000,0.23,38,-5
519.259,141.557,0.000,0.23,38,-4
519.273,138.057,0.000,0.23,38,-3
521.216,152.065,0.000,0.23,38,-7
521.230,148.565,0.000,0.23,38,-6
521.244,145.065,0.000,0.23,38,-5
521.259,141.565,0.000,0.23,38,-4
521.273,138.065,0.000,0.23,38,-3
523.216,152.073,0.000,0.23,38,-7
523.230,148.573,0.000,0.23,38,-6
523.244,145.073,0.000,0.23,38,-5
523.258,141.573,0.000,0.23,38,-4
523.273,138.073,0.000,0.23,38,-3
525.216,152.082,0.000,0.23,38,-7
525.230,148.582,0.000,0.23,38,-6
525.244,145.082,0.000,0.23,38,-5
525.258,141.582,0.000,0.23,38,-4
525.273,138.082,0.000,0.23,38,-3
527.216,152.090,0.000,0.23,38,-7
527.230,148.590,0.000,0.23,38,-6
527.244,145.090,0.000,0.23,38,-5
527.258,141.590,0.000,0.23,38,-4
527.273,138.090,0.000,0.23,38,-3
529.216,152.098,0.000,0.23,38,-7
529.230,148.598,0.000,0.23,38,-6
529.244,145.098,0.000,0.23,38,-5
529.258,141.598,0.000,0.23,38,-4
529.273,138.098,0.000,0.23,38,-3
531.215,152.106,0.000,0.23,38,-7
531.230,148.606,0.000,0.23,38,-6
531.244,145.106,0.000,0.23,38,-5
531.258,141.606,0.000,0.23,38,-4
531.273,138.106,0.000,0.23,38,-3
533.215,152.114,0.000,0.23,38,-7
533.230,148.614,0.000,0.23,38,-6
533.244,145.114,0.000,0.23,38,-5
533.258,141.614,0.000,0.23,38,-4
533.273,138.114,0.000,0.23,38,-3
535.215,152.122,0.000,0.23,38,-7
535.230,148.623,0.000,0.23,38,-6
535.244,145.123,0.000,0.23,38,-5
535.258,141.623,0.000,0.23,38,-4
535.273,138.123,0.000,0.23,38,-3
537.215,152.131,0.000,0.23,38,-7
537.230,148.631,0.000,0.23,38,-6
537.244,145.131,0.000,0.23,38,-5
537.258,141.631,0.000,0.23,38,-4
537.273,138.131,0.000,0.23,38,-3
539.215,152.139,0.000,0.23,38,-7
539.230,148.639,0.000,0.23,38,-6
539.244,145.139,0.000,0.23,38,-5
539.258,141.639,0.000,0.23,38,-4
539.273,138.139,0.000,0.23,38,-3
541.215,152.147,0.000,0.23,38,-7
541.230,148.647,0.000,0.23,38,-6
541.244,145.147,0.000,0.23,38,-5
541.258,141.647,0.000,0.23,38,-4
541.273,138.147,0.000,0.23,38,-3
543.215,152.155,0.000,0.23,38,-7
543.230,148.655,0.000,0.23,38,-6
543.244,145.155,0.000,0.23,38,-5
543.258,141.655,0.000,0.23,38,-4
543.273,138.155,0.000,0.23,38,-3
545.215,152.163,0.000,0.23,38,-7
545.230,148.663,0.000,0.23,38,-6
545.244,145.164,0.000,0.23,38,-5
545.258,141.664,0.000,0.23,38,-4
545.273,138.164,0.000,0.23,38,-3
547.215,152.172,0.000,0.23,38,-7
547.230,148.672,0.000,0.23,38,-6
547.244,145.172,0.000,0.23,38,-5
547.258,141.672,0.000,0.23,38,-4
547.273,138.172,0.000,0.23,38,-3
549.215,152.180,0.000,0.23,38,-7
549.230,148.680,0.000,0.23,38,-6
549.244,145.180,0.000,0.23,38,-5
549.258,141.680,0.000,0.23,38,-4
549.273,138.180,0.000,0.23,38,-3
551.215,152.188,0.000,0.23,38,-7
551.230,148.688,0.000,0.23,38,-6
551.244,145.188,0.000,0.23,38,-5
551.258,141.688,0.000,0.23,38,-4
551.273,138.188,0.000,0.23,38,-3
553.215,152.196,0.000,0.23,38,-7
553.230,148.696,0.000,0.23,38,-6
553.244,145.196,0.000,0.23,38,-5
553.258,141.696,0.000,0.23,38,-4
553.273,138.196,0.000,0.23,38,-3
555.215,152.204,0.000,0.23,38,-7
555.230,148.704,0.000,0.23,38,-6
555.244,145.204,0.000,0.23,38,-5
555.258,141.705,0.000,0.23,38,-4
555.273,138.205,0.000,0.23,38,-3
557.215,152.213,0.000,0.23,38,-7
557.230,148.713,0.000,0.23,38,-6
557.244,145.213,0.000,0.23,38,-5
557.258,141.713,0.000,0.23,38,-4
557.273,138.213,0.000,0.23,38,-3
559.215,152.221,0.000,0.23,38,-7
559.229,148.721,0.000,0.23,38,-6
559.244,145.221,0.000,0.23,38,-5
559.258,141.721,0.000,0.23,38,-4
559.273,138.221,0.000,0.23,38,-3
561.215,152.229,0.000,0.23,38,-7
561.229,148.729,0.000,0.23,38,-6
561.244,145.229,0.000,0.23,38,-5
561.258,141.729,0.000,0.23,38,-4
561.273,138.229,0.000,0.23,38,-3
563.215,152.237,0.000,0.23,38,-7
563.229,148.737,0.000,0.23,38,-6
563.244,145.237,0.000,0.23,38,-5
563.258,141.737,0.000,0.23,38,-4
563.273,138.237,0.000,0.23,38,-3
565.215,152.245,0.000,0.23,38,-7
565.229,148.745,0.000,0.23,38,-6
565.244,145.245,0.000,0.23,38,-5
565.258,141.745,0.000,0.23,38,-4
565.273,138.246,0.000,0.23,38,-3
567.215,152.254,0.000,0.23,38,-7
567.229,148.754,0.000,0.23,38,-6
567.244,145.254,0.000,0.23,38,-5
567.258,141.754,0.000,0.23,38,-4
567.272,138.254,0.000,0.23,38,-3
569.215,152.262,0.000,0.23,38,-7
569.229,148.762,0.000,0.23,38,-6
569.244,145.262,0.000,0.23,38,-5
569.258,141.762,0.000,0.23,38,-4
569.272,138.262,0.000,0.23,38,-3
571.215,152.270,0.000,0.23,38,-7
571.229,148.770,0.000,0.23,38,-6
571.244,145.270,0.000,0.23,38,-5
571.258,141.770,0.000,0.23,38,-4
571.272,138.270,0.000,0.23,38,-3
573.215,152.278,0.000,0.23,38,-7
573.229,148.778,0.000,0.23,38,-6
573.244,145.278,0.000,0.23,38,-5
573.258,141.778,0.000,0.23,38,-4
573.272,138.278,0.000,0.23,38,-3
575.215,152.286,0.000,0.23,38,-7
575.229,148.786,0.000,0.23,38,-6
575.244,145.286,0.000,0.23,38,-5
575.258,141.786,0.000,0.23,38,-4
575.272,138.286,0.000,0.23,38,-3
577.215,152.295,0.000,0.23,38,-7
577.229,148.795,0.000,0.23,38,-6
577.244,145.295,0.000,0.23,38,-5
577.258,141.795,0.000,0.23,38,-4
577.272,138.295,0.000,0.23,38,-3
579.215,152.303,0.000,0.23,38,-7
579.229,148.803,0.000,0.23,38,-6
579.244,145.303,0.000,0.23,38,-5
579.258,141.803,0.000,0.23,38,-4
579.272,138.303,0.000,0.23,38,-3
581.215,152.311,0.000,0.23,38,-7
581.229,148.811,0.000,0.23,38,-6
581.244,145.311,0.000,0.23,38,-5
581.258,141.811,0.000,0.23,38,-4
581.272,138.311,0.000,0.23,38,-3
583.215,152.319,0.000,0.23,38,-7
583.229,148.819,0.000,0.23,38,-6
583.244,145.319,0.000,0.23,38,-5
583.258,141.819,0.000,0.23,38,-4
583.272,138.319,0.000,0.23,38,-3
585.215,152.327,0.000,0.23,38,-7
585.229,148.827,0.000,0.23,38,-6
585.244,145.327,0.000,0.23,38,-5
585.258,141.827,0.000,0.23,38,-4
585.272,138.327,0.000,0.23,38,-3
587.215,152.336,0.000,0.23,38,-7
587.229,148.836,0.000,0.23,38,-6
587.244,145.336,0.000,0.23,38,-5
587.258,141.836,0.000,0.23,38,-4
587.272,138.336,0.000,0.23,38,-3
589.215,152.344,0.000,0.23,38,-7
589.229,148.844,0.000,0.23,38,-6
589.244,145.344,0.000,0.23,38,-5
589.258,141.844,0.000,0.23,38,-4
589.272,138.344,0.000,0.23,38,-3
591.215,152.352,0.000,0.23,38,-7
591.229,148.852,0.000,0.23,38,-6
591.244,145.352,0.000,0.23,38,-5
591.258,141.852,0.000,0.23,38,-4
591.272,138.352,0.000,0.23,38,-3
593.215,152.360,0.000,0.23,38,-7
593.229,148.860,0.000,0.23,38,-6
593.244,145.360,0.000,0.23,38,-5
593.258,141.860,0.000,0.23,38,-4
593.272,138.360,0.000,0.23,38,-3
595.215,152.368,0.000,0.23,38,-7
595.229,148.868,0.000,0.23,38,-6
595.244,145.368,0.000,0.23,38,-5
595.258,141.868,0.000,0.23,38,-4
595.272,138.368,0.000,0.23,38,-3
597.215,152.377,0.000,0.23,38,-7
597.229,148.877,0.000,0.23,38,-6
597.244,145.377,0.000,0.23,38,-5
597.258,141.877,0.000,0.23,38,-4
597.272,138.377,0.000,0.23,38,-3
599.215,152.385,0.000,0.23,38,-7
599.229,148.885,0.000,0.23,38,-6
599.244,145.385,0.000,0.23,38,-5
599.258,141.885,0.000,0.23,38,-4
599.272,138.385,0.000,0.23,38,-3
601.215,152.393,0.000,0.23,38,-7
601.229,148.893,0.000,0.23,38,-6
601.244,145.393,0.000,0.23,38,-5
601.258,141.893,0.000,0.23,38,-4
601.272,138.393,0.000,0.23,38,-3
603.215,152.401,0.000,0.23,38,-7
603.229,148.901,0.000,0.23,38,-6
603.243,145.401,0.000,0.23,38,-5
603.258,141.901,0.000,0.23,38,-4
603.272,138.401,0.000,0.23,38,-3
605.215,152.409,0.000,0.23,38,-7
605.229,148.909,0.000,0.23,38,-6
605.243,145.409,0.000,0.23,38,-5
605.258,141.909,0.000,0.23,38,-4
605.272,138.409,0.000,0.23,38,-3
607.215,152.417,0.000,0.23,38,-7
607.229,148.918,0.000,0.23,38,-6
607.243,145.418,0.000,0.23,38,-5
607.258,141.918,0.000,0.23,38,-4
607.272,138.418,0.000,0.23,38,-3
609.215,152.426,0.000,0.23,38,-7
609.229,148.926,0.000,0.23,38,-6
609.243,145.426,0.000,0.23,38,-5
609.258,141.926,0.000,0.23,38,-4
609.272,138.426,0.000,0.23,38,-3
611.215,152.434,0.000,0.23,38,-7
611.229,148.934,0.000,0.23,38,-6
611.243,145.434,0.000,0.23,38,-5
611.258,141.934,0.000,0.23,38,-4
611.272,138.434,0.000,0.23,38,-3
613.215,152.442,0.000,0.23,38,-7
613.229,148.942,0.000,0.23,38,-6
613.243,145.442,0.000,0.23,38,-5
613.258,141.942,0.000,0.23,38,-4
613.272,138.442,0.000,0.23,38,-3
615.215,152.450,0.000,0.23,38,-7
615.229,148.950,0.000,0.23,38,-6
615.243,145.450,0.000,0.23,38,-5
615.258,141.950,0.000,0.23,38,-4
615.272,138.450,0.000,0.23,38,-3
617.215,152.458,0.000,0.23,38,-7
617.229,148.958,0.000,0.23,38,-6
617.243,145.459,0.000,0.23,38,-5
617.258,141.959,0.000,0.23,38,-4
617.272,138.459,0.000,0.23,38,-3
619.215,152.467,0.000,0.23,38,-7
619.229,148.967,0.000,0.23,38,-6
619.243,145.467,0.000,0.23,38,-5
619.258,141.967,0.000,0.23,38,-4
619.272,138.467,0.000,0.23,38,-3
621.215,152.475,0.000,0.23,38,-7
621.229,148.975,0.000,0.23,38,-6
621.243,145.475,0.000,0.23,38,-5
621.258,141.975,0.000,0.23,38,-4
621.272,138.475,0.000,0.23,38,-3
623.215,152.483,0.000,0.23,38,-7
623.229,148.983,0.000,0.23,38,-6
623.243,145.483,0.000,0.23,38,-5
623.258,141.983,0.000,0.23,38,-4
623.272,138.483,0.000,0.23,38,-3
625.215,152.491,0.000,0.23,38,-7
625.229,148.991,0.000,0.23,38,-6
625.243,145.491,0.000,0.23,38,-5
625.258,141.991,0.000,0.23,38,-4
625.272,138.491,0.000,0.23,38,-3
627.215,152.499,0.000,0.23,38,-7
627.229,148.999,0.000,0.23,38,-6
627.243,145.499,0.000,0.23,38,-5
627.258,142.000,0.000,0.23,38,-4
627.272,138.500,0.000,0.23,38,-3
629.215,152.508,0.000,0.23,38,-7
629.229,149.008,0.000,0.23,38,-6
629.243,145.508,0.000,0.23,38,-5
629.258,142.008,0.000,0.23,38,-4
629.272,138.508,0.000,0.23,38,-3
631.215,152.516,0.000,0.23,38,-7
631.229,149.016,0.000,0.23,38,-6
631.243,145.516,0.000,0.23,38,-5
631.258,142.016,0.000,0.23,38,-4
631.272,138.516,0.000,0.23,38,-3
633.215,152.524,0.000,0.23,38,-7
633.229,149.024,0.000,0.23,38,-6
633.243,145.524,0.000,0.23,38,-5
633.258,142.024,0.000,0.23,38,-4
633.272,138.524,0.000,0.23,38,-3
635.215,152.532,0.000,0.23,38,-7
635.229,149.032,0.000,0.23,38,-6
635.243,145.532,0.000,0.23,38,-5
635.258,142.032,0.000,0.23,38,-4
635.272,138.532,0.000,0.23,38,-3
637.215,152.540,0.000,0.23,38,-7
637.229,149.040,0.000,0.23,38,-6
637.243,145.540,0.000,0.23,38,-5
637.258,142.040,0.000,0.23,38,-4
637.272,138.541,0.000,0.23,38,-3
639.215,152.549,0.000,0.23,38,-7
639.229,149.049,0.000,0.23,38,-6
639.243,145.549,0.000,0.23,38,-5
639.258,142.049,0.000,0.23,38,-4
639.272,138.549,0.000,0.23,38,-3
641.215,152.557,0.000,0.23,38,-7
641.229,149.057,0.000,0.23,38,-6
641.243,145.557,0.000,0.23,38,-5
641.258,142.057,0.000,0.23,38,-4
641.272,138.557,0.000,0.23,38,-3
253.058,150.966,0.000,0.23,37,-7
253.072,147.466,0.000,0.23,37,-6
253.086,143.966,0.000,0.23,37,-5
253.101,140.466,0.000,0.23,37,-4
253.115,136.967,0.000,0.23,37,-3
255.058,150.975,0.000,0.23,37,-7
255.072,147.475,0.000,0.23,37,-6
255.086,143.975,0.000,0.23,37,-5
255.101,140.475,0.000,0.23,37,-4
255.115,136.975,0.000,0.23,37,-3
257.058,150.983,0.000,0.23,37,-7
257.072,147.483,0.000,0.23,37,-6
257.086,143.983,0.000,0.23,37,-5
257.101,140.483,0.000,0.23,37,-4
257.115,136.983,0.000,0.23,37,-3
259.058,150.991,0.000,0.23,37,-7
259.072,147.491,0.000,0.23,37,-6
259.086,143.991,0.000,0.23,37,-5
259.101,140.491,0.000,0.23,37,-4
259.115,136.991,0.000,0.23,37,-3
261.058,150.999,0.000,0.23,37,-7
261.072,147.499,0.000,0.23,37,-6
261.086,143.999,0.000,0.23,37,-5
261.101,140.499,0.000,0.23,37,-4
261.115,136.999,0.000,0.23,37,-3
263.058,151.007,0.000,0.23,37,-7
263.072,147.507,0.000,0.23,37,-6
263.086,144.007,0.000,0.23,37,-5
263.101,140.507,0.000,0.23,37,-4
263.115,137.007,0.000,0.23,37,-3
265.058,151.016,0.000,0.23,37,-7
265.072,147.516,0.000,0.23,37,-6
265.086,144.016,0.000,0.23,37,-5
265.101,140.516,0.000,0.23,37,-4
265.115,137.016,0.000,0.23,37,-3
267.058,151.024,0.000,0.23,37,-7
267.072,147.524,0.000,0.23,37,-6
267.086,144.024,0.000,0.23,37,-5
267.101,140.524,0.000,0.23,37,-4
267.115,137.024,0.000,0.23,37,-3
269.058,151.032,0.000,0.23,37,-7
269.072,147.532,0.000,0.23,37,-6
269.086,144.032,0.000,0.23,37,-5
269.101,140.532,0.000,0.23,37,-4
269.115,137.032,0.000,0.23,37,-3
271.058,151.040,0.000,0.23,37,-7
271.072,147.540,0.000,0.23,37,-6
271.086,144.040,0.000,0.23,37,-5
271.101,140.540,0.000,0.23,37,-4
271.115,137.040,0.000,0.23,37,-3
273.058,151.048,0.000,0.23,37,-7
273.072,147.548,0.000,0.23,37,-6
273.086,144.048,0.000,0.23,37,-5
273.101,140.548,0.000,0.23,37,-4
273.115,137.048,0.000,0.23,37,-3
275.058,151.057,0.000,0.23,37,-7
275.072,147.557,0.000,0.23,37,-6
275.086,144.057,0.000,0.23,37,-5
275.101,140.557,0.000,0.23,37,-4
275.115,137.057,0.000,0.23,37,-3
277.058,151.065,0.000,0.23,37,-7
277.072,147.565,0.000,0.23,37,-6
277.086,144.065,0.000,0.23,37,-5
277.101,140.565,0.000,0.23,37,-4
277.115,137.065,0.000,0.23,37,-3
279.058,151.073,0.000,0.23,37,-7
279.072,147.573,0.000,0.23,37,-6
279.086,144.073,0.000,0.23,37,-5
279.101,140.573,0.000,0.23,37,-4
279.115,137.073,0.000,0.23,37,-3
281.058,151.081,0.000,0.23,37,-7
281.072,147.581,0.000,0.23,37,-6
281.086,144.081,0.000,0.23,37,-5
281.101,140.581,0.000,0.23,37,-4
281.115,137.081,0.000,0.23,37,-3
283.058,151.089,0.000,0.23,37,-7
283.072,147.589,0.000,0.23,37,-6
283.086,144.089,0.000,0.23,37,-5
283.101,140.589,0.000,0.23,37,-4
283.115,137.089,0.000,0.23,37,-3
285.058,151.098,0.000,0.23,37,-7
285.072,147.598,0.000,0.23,37,-6
285.086,144.098,0.000,0.23,37,-5
285.101,140.598,0.000,0.23,37,-4
285.115,137.098,0.000,0.23,37,-3
287.057,151.106,0.000,0.23,37,-7
287.072,147.606,0.000,0.23,37,-6
287.086,144.106,0.000,0.23,37,-5
287.101,140.606,0.000,0.23,37,-4
287.115,137.106,0.000,0.23,37,-3
289.057,151.114,0.000,0.23,37,-7
289.072,147.614,0.000,0.23,37,-6
289.086,144.114,0.000,0.23,37,-5
289.101,140.614,0.000,0.23,37,-4
289.115,137.114,0.000,0.23,37,-3
291.057,151.122,0.000,0.23,37,-7
291.072,147.622,0.000,0.23,37,-6
291.086,144.122,0.000,0.23,37,-5
291.100,140.622,0.000,0.23,37,-4
291.115,137.122,0.000,0.23,37,-3
293.057,151.130,0.000,0.23,37,-7
293.072,147.630,0.000,0.23,37,-6
293.086,144.130,0.000,0.23,37,-5
293.100,140.630,0.000,0.23,37,-4
293.115,137.130,0.000,0.23,37,-3
295.057,151.138,0.000,0.23,37,-7
295.072,147.639,0.000,0.23,37,-6
295.086,144.139,0.000,0.23,37,-5
295.100,140.639,0.000,0.23,37,-4
295.115,137.139,0.000,0.23,37,-3
297.057,151.147,0.000,0.23,37,-7
297.072,147.647,0.000,0.23,37,-6
297.086,144.147,0.000,0.23,37,-5
297.100,140.647,0.000,0.23,37,-4
297.115,137.147,0.000,0.23,37,-3
299.057,151.155,0.000,0.23,37,-7
299.072,147.655,0.000,0.23,37,-6
299.086,144.155,0.000,0.23,37,-5
299.100,140.655,0.000,0.23,37,-4
299.115,137.155,0.000,0.23,37,-3
301.057,151.163,0.000,0.23,37,-7
301.072,147.663,0.000,0.23,37,-6
301.086,144.163,0.000,0.23,37,-5
301.100,140.663,0.000,0.23,37,-4
301.115,137.163,0.000,0.23,37,-3
303.057,151.171,0.000,0.23,37,-7
303.072,147.671,0.000,0.23,37,-6
303.086,144.171,0.000,0.23,37,-5
303.100,140.671,0.000,0.23,37,-4
303.115,137.171,0.000,0.23,37,-3
305.057,151.179,0.000,0.23,37,-7
305.072,147.679,0.000,0.23,37,-6
305.086,144.180,0.000,0.23,37,-5
305.100,140.680,0.000,0.23,37,-4
305.115,137.180,0.000,0.23,37,-3
307.057,151.188,0.000,0.23,37,-7
307.072,147.688,0.000,0.23,37,-6
307.086,144.188,0.000,0.23,37,-5
307.100,140.688,0.000,0.23,37,-4
307.115,137.188,0.000,0.23,37,-3
309.057,151.196,0.000,0.23,37,-7
309.072,147.696,0.000,0.23,37,-6
309.086,144.196,0.000,0.23,37,-5
309.100,140.696,0.000,0.23,37,-4
309.115,137.196,0.000,0.23,37,-3
311.057,151.204,0.000,0.23,37,-7
311.072,147.704,0.000,0.23,37,-6
311.086,144.204,0.000,0.23,37,-5
311.100,140.704,0.000,0.23,37,-4
311.115,137.204,0.000,0.23,37,-3
313.057,151.212,0.000,0.23,37,-7
313.072,147.712,0.000,0.23,37,-6
313.086,144.212,0.000,0.23,37,-5
313.100,140.712,0.000,0.23,37,-4
313.115,137.212,0.000,0.23,37,-3
315.057,151.220,0.000,0.23,37,-7
315.072,147.720,0.000,0.23,37,-6
315.086,144.220,0.000,0.23,37,-5
315.100,140.721,0.000,0.23,37,-4
315.115,137.221,0.000,0.23,37,-3
317.057,151.229,0.000,0.23,37,-7
317.072,147.729,0.000,0.23,37,-6
317.086,144.229,0.000,0.23,37,-5
317.100,140.729,0.000,0.23,37,-4
317.115,137.229,0.000,0.23,37,-3
319.057,151.237,0.000,0.23,37,-7
319.072,147.737,0.000,0.23,37,-6
319.086,144.237,0.000,0.23,37,-5
319.100,140.737,0.000,0.23,37,-4
319.115,137.237,0.000,0.23,37,-3
321.057,151.245,0.000,0.23,37,-7
321.072,147.745,0.000,0.23,37,-6
321.086,144.245,0.000,0.23,37,-5
321.100,140.745,0.000,0.23,37,-4
321.115,137.245,0.000,0.23,37,-3
323.057,151.253,0.000,0.23,37,-7
323.072,147.753,0.000,0.23,37,-6
323.086,144.253,0.000,0.23,37,-5
323.100,140.753,0.000,0.23,37,-4
323.115,137.253,0.000,0.23,37,-3
325.057,151.261,0.000,0.23,37,-7
325.072,147.761,0.000,0.23,37,-6
325.086,144.261,0.000,0.23,37,-5
325.100,140.761,0.000,0.23,37,-4
325.115,137.262,0.000,0.23,37,-3
327.057,151.270,0.000,0.23,37,-7
327.072,147.770,0.000,0.23,37,-6
327.086,144.270,0.000,0.23,37,-5
327.100,140.770,0.000,0.23,37,-4
327.115,137.270,0.000,0.23,37,-3
329.057,151.278,0.000,0.23,37,-7
329.072,147.778,0.000,0.23,37,-6
329.086,144.278,0.000,0.23,37,-5
329.100,140.778,0.000,0.23,37,-4
329.115,137.278,0.000,0.23,37,-3
331.057,151.286,0.000,0.23,37,-7
331.071,147.786,0.000,0.23,37,-6
331.086,144.286,0.000,0.23,37,-5
331.100,140.786,0.000,0.23,37,-4
331.115,137.286,0.000,0.23,37,-3
333.057,151.294,0.000,0.23,37,-7
333.071,147.794,0.000,0.23,37,-6
333.086,144.294,0.000,0.23,37,-5
333.100,140.794,0.000,0.23,37,-4
333.114,137.294,0.000,0.23,37,-3
335.057,151.302,0.000,0.23,37,-7
335.071,147.802,0.000,0.23,37,-6
335.086,144.302,0.000,0.23,37,-5
335.100,140.802,0.000,0.23,37,-4
335.114,137.302,0.000,0.23,37,-3
337.057,151.311,0.000,0.23,37,-7
337.071,147.811,0.000,0.23,37,-6
337.086,144.311,0.000,0.23,37,-5
337.100,140.811,0.000,0.23,37,-4
337.114,137.311,0.000,0.23,37,-3
339.057,151.319,0.000,0.23,37,-7
339.071,147.819,0.000,0.23,37,-6
339.086,144.319,0.000,0.23,37,-5
339.100,140.819,0.000,0.23,37,-4
339.114,137.319,0.000,0.23,37,-3
341.057,151.327,0.000,0.23,37,-7
341.071,147.827,0.000,0.23,37,-6
341.086,144.327,0.000,0.23,37,-5
341.100,140.827,0.000,0.23,37,-4
341.114,137.327,0.000,0.23,37,-3
343.057,151.335,0.000,0.23,37,-7
343.071,147.835,0.000,0.23,37,-6
343.086,144.335,0.000,0.23,37,-5
343.100,140.835,0.000,0.23,37,-4
343.114,137.335,0.000,0.23,37,-3
345.057,151.343,0.000,0.23,37,-7
345.071,147.843,0.000,0.23,37,-6
345.086,144.343,0.000,0.23,37,-5
345.100,140.843,0.000,0.23,37,-4
345.114,137.343,0.000,0.23,37,-3
347.057,151.352,0.000,0.23,37,-7
347.071,147.852,0.000,0.23,37,-6
347.086,144.352,0.000,0.23,37,-5
347.100,140.852,0.000,0.23,37,-4
347.114,137.352,0.000,0.23,37,-3
349.057,151.360,0.000,0.23,37,-7
349.071,147.860,0.000,0.23,37,-6
349.086,144.360,0.000,0.23,37,-5
349.100,140.860,0.000,0.23,37,-4
349.114,137.360,0.000,0.23,37,-3
351.057,151.368,0.000,0.23,37,-7
351.071,147.868,0.000,0.23,37,-6
351.086,144.368,0.000,0.23,37,-5
351.100,140.868,0.000,0.23,37,-4
351.114,137.368,0.000,0.23,37,-3
353.057,151.376,0.000,0.23,37,-7
353.071,147.876,0.000,0.23,37,-6
353.086,144.376,0.000,0.23,37,-5
353.100,140.876,0.000,0.23,37,-4
353.114,137.376,0.000,0.23,37,-3
355.057,151.384,0.000,0.23,37,-7
355.071,147.884,0.000,0.23,37,-6
355.086,144.384,0.000,0.23,37,-5
355.100,140.884,0.000,0.23,37,-4
355.114,137.384,0.000,0.23,37,-3
357.057,151.393,0.000,0.23,37,-7
357.071,147.893,0.000,0.23,37,-6
357.086,144.393,0.000,0.23,37,-5
357.100,140.893,0.000,0.23,37,-4
357.114,137.393,0.000,0.23,37,-3
359.057,151.401,0.000,0.23,37,-7
359.071,147.901,0.000,0.23,37,-6
359.086,144.401,0.000,0.23,37,-5
359.100,140.901,0.000,0.23,37,-4
359.114,137.401,0.000,0.23,37,-3
361.057,151.409,0.000,0.23,37,-7
361.071,147.909,0.000,0.23,37,-6
361.086,144.409,0.000,0.23,37,-5
361.100,140.909,0.000,0.23,37,-4
361.114,137.409,0.000,0.23,37,-3
363.057,151.417,0.000,0.23,37,-7
363.071,147.917,0.000,0.23,37,-6
363.086,144.417,0.000,0.23,37,-5
363.100,140.917,0.000,0.23,37,-4
363.114,137.417,0.000,0.23,37,-3
365.057,151.425,0.000,0.23,37,-7
365.071,147.925,0.000,0.23,37,-6
365.086,144.425,0.000,0.23,37,-5
365.100,140.925,0.000,0.23,37,-4
365.114,137.425,0.000,0.23,37,-3
367.057,151.433,0.000,0.23,37,-7
367.071,147.934,0.000,0.23,37,-6
367.086,144.434,0.000,0.23,37,-5
367.100,140.934,0.000,0.23,37,-4
367.114,137.434,0.000,0.23,37,-3
369.057,151.442,0.000,0.23,37,-7
369.071,147.942,0.000,0.23,37,-6
369.085,144.442,0.000,0.23,37,-5
369.100,140.942,0.000,0.23,37,-4
369.114,137.442,0.000,0.23,37,-3
371.057,151.450,0.000,0.23,37,-7
371.071,147.950,0.000,0.23,37,-6
371.085,144.450,0.000,0.23,37,-5
371.100,140.950,0.000,0.23,37,-4
371.114,137.450,0.000,0.23,37,-3
373.057,151.458,0.000,0.23,37,-7
373.071,147.958,0.000,0.23,37,-6
373.085,144.458,0.000,0.23,37,-5
373.100,140.958,0.000,0.23,37,-4
373.114,137.458,0.000,0.23,37,-3
375.057,151.466,0.000,0.23,37,-7
375.071,147.966,0.000,0.23,37,-6
375.085,144.466,0.000,0.23,37,-5
375.100,140.966,0.000,0.23,37,-4
375.114,137.466,0.000,0.23,37,-3
377.057,151.474,0.000,0.23,37,-7
377.071,147.974,0.000,0.23,37,-6
377.085,144.475,0.000,0.23,37,-5
377.100,140.975,0.000,0.23,37,-4
377.114,137.475,0.000,0.23,37,-3
379.057,151.483,0.000,0.23,37,-7
379.071,147.983,0.000,0.23,37,-6
379.085,144.483,0.000,0.23,37,-5
379.100,140.983,0.000,0.23,37,-4
379.114,137.483,0.000,0.23,37,-3
381.057,151.491,0.000,0.23,37,-7
381.071,147.991,0.000,0.23,37,-6
381.085,144.491,0.000,0.23,37,-5
381.100,140.991,0.000,0.23,37,-4
381.114,137.491,0.000,0.23,37,-3
383.057,151.499,0.000,0.23,37,-7
383.071,147.999,0.000,0.23,37,-6
383.085,144.499,0.000,0.23,37,-5
383.100,140.999,0.000,0.23,37,-4
383.114,137.499,0.000,0.23,37,-3
385.057,151.507,0.000,0.23,37,-7
385.071,148.007,0.000,0.23,37,-6
385.085,144.507,0.000,0.23,37,-5
385.100,141.007,0.000,0.23,37,-4
385.114,137.507,0.000,0.23,37,-3
387.057,151.515,0.000,0.23,37,-7
387.071,148.015,0.000,0.23,37,-6
387.085,144.515,0.000,0.23,37,-5
387.100,141.016,0.000,0.23,37,-4
387.114,137.516,0.000,0.23,37,-3
389.057,151.524,0.000,0.23,37,-7
389.071,148.024,0.000,0.23,37,-6
389.085,144.524,0.000,0.23,37,-5
389.100,141.024,0.000,0.23,37,-4
389.114,137.524,0.000,0.23,37,-3
391.057,151.532,0.000,0.23,37,-7
391.071,148.032,0.000,0.23,37,-6
391.085,144.532,0.000,0.23,37,-5
391.100,141.032,0.000,0.23,37,-4
391.114,137.532,0.000,0.23,37,-3
393.057,151.540,0.000,0.23,37,-7
393.071,148.040,0.000,0.23,37,-6
393.085,144.540,0.000,0.23,37,-5
393.100,141.040,0.000,0.23,37,-4
393.114,137.540,0.000,0.23,37,-3
395.057,151.548,0.000,0.23,37,-7
395.071,148.048,0.000,0.23,37,-6
395.085,144.548,0.000,0.23,37,-5
395.100,141.048,0.000,0.23,37,-4
395.114,137.548,0.000,0.23,37,-3
397.057,151.556,0.000,0.23,37,-7
397.071,148.056,0.000,0.23,37,-6
397.085,144.556,0.000,0.23,37,-5
397.100,141.056,0.000,0.23,37,-4
397.114,137.557,0.000,0.23,37,-3
399.057,151.565,0.000,0.23,37,-7
399.071,148.065,0.000,0.23,37,-6
399.085,144.565,0.000,0.23,37,-5
399.100,141.065,0.000,0.23,37,-4
399.114,137.565,0.000,0.23,37,-3
401.057,151.573,0.000,0.23,37,-7
401.071,148.073,0.000,0.23,37,-6
401.085,144.573,0.000,0.23,37,-5
401.100,141.073,0.000,0.23,37,-4
401.114,137.573,0.000,0.23,37,-3
403.057,151.581,0.000,0.23,37,-7
403.071,148.081,0.000,0.23,37,-6
403.085,144.581,0.000,0.23,37,-5
403.100,141.081,0.000,0.23,37,-4
403.114,137.581,0.000,0.23,37,-3
405.056,151.589,0.000,0.23,37,-7
405.071,148.089,0.000,0.23,37,-6
405.085,144.589,0.000,0.23,37,-5
405.100,141.089,0.000,0.23,37,-4
405.114,137.589,0.000,0.23,37,-3
407.056,151.597,0.000,0.23,37,-7
407.071,148.097,0.000,0.23,37,-6
407.085,144.597,0.000,0.23,37,-5
407.100,141.097,0.000,0.23,37,-4
407.114,137.597,0.000,0.23,37,-3
409.056,151.606,0.000,0.23,37,-7
409.071,148.106,0.000,0.23,37,-6
409.085,144.606,0.000,0.23,37,-5
409.100,141.106,0.000,0.23,37,-4
409.114,137.606,0.000,0.23,37,-3
411.056,151.614,0.000,0.23,37,-7
411.071,148.114,0.000,0.23,37,-6
411.085,144.614,0.000,0.23,37,-5
411.099,141.114,0.000,0.23,37,-4
411.114,137.614,0.000,0.23,37,-3
413.056,151.622,0.000,0.23,37,-7
413.071,148.122,0.000,0.23,37,-6
413.085,144.622,0.000,0.23,37,-5
413.099,141.122,0.000,0.23,37,-4
413.114,137.622,0.000,0.23,37,-3
415.056,151.630,0.000,0.23,37,-7
415.071,148.130,0.000,0.23,37,-6
415.085,144.630,0.000,0.23,37,-5
415.099,141.130,0.000,0.23,37,-4
415.114,137.630,0.000,0.23,37,-3
417.056,151.638,0.000,0.23,37,-7
417.071,148.138,0.000,0.23,37,-6
417.085,144.638,0.000,0.23,37,-5
417.099,141.138,0.000,0.23,37,-4
417.114,137.638,0.000,0.23,37,-3
419.056,151.647,0.000,0.23,37,-7
419.071,148.147,0.000,0.23,37,-6
419.085,144.647,0.000,0.23,37,-5
419.099,141.147,0.000,0.23,37,-4
419.114,137.647,0.000,0.23,37,-3
421.056,151.655,0.000,0.23,37,-7
421.071,148.155,0.000,0.23,37,-6
421.085,144.655,0.000,0.23,37,-5
421.099,141.155,0.000,0.23,37,-4
421.114,137.655,0.000,0.23,37,-3
423.056,151.663,0.000,0.23,37,-7
423.071,148.163,0.000,0.23,37,-6
423.085,144.663,0.000,0.23,37,-5
423.099,141.163,0.000,0.23,37,-4
423.114,137.663,0.000,0.23,37,-3
425.056,151.671,0.000,0.23,37,-7
425.071,148.171,0.000,0.23,37,-6
425.085,144.671,0.000,0.23,37,-5
425.099,141.171,0.000,0.23,37,-4
425.114,137.671,0.000,0.23,37,-3
427.056,151.679,0.000,0.23,37,-7
427.071,148.179,0.000,0.23,37,-6
427.085,144.679,0.000,0.23,37,-5
427.099,141.179,0.000,0.23,37,-4
427.114,137.679,0.000,0.23,37,-3
429.056,151.688,0.000,0.23,37,-7
429.071,148.188,0.000,0.23,37,-6
429.085,144.688,0.000,0.23,37,-5
429.099,141.188,0.000,0.23,37,-4
429.114,137.688,0.000,0.23,37,-3
431.056,151.696,0.000,0.23,37,-7
431.071,148.196,0.000,0.23,37,-6
431.085,144.696,0.000,0.23,37,-5
431.099,141.196,0.000,0.23,37,-4
431.114,137.696,0.000,0.23,37,-3
433.056,151.704,0.000,0.23,37,-7
433.071,148.204,0.000,0.23,37,-6
433.085,144.704,0.000,0.23,37,-5
433.099,141.204,0.000,0.23,37,-4
433.114,137.704,0.000,0.23,37,-3
435.056,151.712,0.000,0.23,37,-7
435.071,148.212,0.000,0.23,37,-6
435.085,144.712,0.000,0.23,37,-5
435.099,141.212,0.000,0.23,37,-4
435.114,137.712,0.000,0.23,37,-3
437.056,151.720,0.000,0.23,37,-7
437.071,148.220,0.000,0.23,37,-6
437.085,144.720,0.000,0.23,37,-5
437.099,141.220,0.000,0.23,37,-4
437.114,137.720,0.000,0.23,37,-3
439.056,151.728,0.000,0.23,37,-7
439.071,148.229,0.000,0.23,37,-6
439.085,144.729,0.000,0.23,37,-5
439.099,141.229,0.000,0.23,37,-4
439.114,137.729,0.000,0.23,37,-3
441.056,151.737,0.000,0.23,37,-7
441.071,148.237,0.000,0.23,37,-6
441.085,144.737,0.000,0.23,37,-5
441.099,141.237,0.000,0.23,37,-4
441.114,137.737,0.000,0.23,37,-3
443.056,151.745,0.000,0.23,37,-7
443.071,148.245,0.000,0.23,37,-6
443.085,144.745,0.000,0.23,37,-5
443.099,141.245,0.000,0.23,37,-4
443.114,137.745,0.000,0.23,37,-3
445.056,151.753,0.000,0.23,37,-7
445.071,148.253,0.000,0.23,37,-6
445.085,144.753,0.000,0.23,37,-5
445.099,141.253,0.000,0.23,37,-4
445.114,137.753,0.000,0.23,37,-3
447.056,151.761,0.000,0.23,37,-7
447.070,148.261,0.000,0.23,37,-6
447.085,144.761,0.000,0.23,37,-5
447.099,141.261,0.000,0.23,37,-4
447.114,137.761,0.000,0.23,37,-3
449.056,151.769,0.000,0.23,37,-7
449.070,148.269,0.000,0.23,37,-6
449.085,144.770,0.000,0.23,37,-5
449.099,141.270,0.000,0.23,37,-4
449.113,137.770,0.000,0.23,37,-3
451.056,151.778,0.000,0.23,37,-7
451.070,148.278,0.000,0.23,37,-6
451.085,144.778,0.000,0.23,37,-5
451.099,141.278,0.000,0.23,37,-4
451.113,137.778,0.000,0.23,37,-3
127.949,150.454,0.000,0.23,36,-7
127.963,146.954,0.000,0.23,36,-6
127.978,143.454,0.000,0.23,36,-5
127.992,139.954,0.000,0.23,36,-4
128.006,136.454,0.000,0.23,36,-3
129.949,150.462,0.000,0.23,36,-7
129.963,146.962,0.000,0.23,36,-6
129.978,143.462,0.000,0.23,36,-5
129.992,139.962,0.000,0.23,36,-4
130.006,136.462,0.000,0.23,36,-3
131.949,150.470,0.000,0.23,36,-7
131.963,146.970,0.000,0.23,36,-6
131.977,143.470,0.000,0.23,36,-5
131.992,139.970,0.000,0.23,36,-4
132.006,136.470,0.000,0.23,36,-3
133.949,150.478,0.000,0.23,36,-7
133.963,146.978,0.000,0.23,36,-6
133.977,143.478,0.000,0.23,36,-5
133.992,139.978,0.000,0.23,36,-4
134.006,136.478,0.000,0.23,36,-3
135.949,150.487,0.000,0.23,36,-7
135.963,146.987,0.000,0.23,36,-6
135.977,143.487,0.000,0.23,36,-5
135.992,139.987,0.000,0.23,36,-4
136.006,136.487,0.000,0.23,36,-3
137.949,150.495,0.000,0.23,36,-7
137.963,146.995,0.000,0.23,36,-6
137.977,143.495,0.000,0.23,36,-5
137.992,139.995,0.000,0.23,36,-4
138.006,136.495,0.000,0.23,36,-3
139.949,150.503,0.000,0.23,36,-7
139.963,147.003,0.000,0.23,36,-6
139.977,143.503,0.000,0.23,36,-5
139.992,140.003,0.000,0.23,36,-4
140.006,136.503,0.000,0.23,36,-3
141.949,150.511,0.000,0.23,36,-7
141.963,147.011,0.000,0.23,36,-6
141.977,143.511,0.000,0.23,36,-5
141.992,140.011,0.000,0.23,36,-4
142.006,136.511,0.000,0.23,36,-3
143.949,150.519,0.000,0.23,36,-7
143.963,147.019,0.000,0.23,36,-6
143.977,143.519,0.000,0.23,36,-5
143.992,140.019,0.000,0.23,36,-4
144.006,136.519,0.000,0.23,36,-3
145.949,150.528,0.000,0.23,36,-7
145.963,147.028,0.000,0.23,36,-6
145.977,143.528,0.000,0.23,36,-5
145.992,140.028,0.000,0.23,36,-4
146.006,136.528,0.000,0.23,36,-3
147.949,150.536,0.000,0.23,36,-7
147.963,147.036,0.000,0.23,36,-6
147.977,143.536,0.000,0.23,36,-5
147.992,140.036,0.000,0.23,36,-4
148.006,136.536,0.000,0.23,36,-3
149.949,150.544,0.000,0.23,36,-7
149.963,147.044,0.000,0.23,36,-6
149.977,143.544,0.000,0.23,36,-5
149.992,140.044,0.000,0.23,36,-4
150.006,136.544,0.000,0.23,36,-3
151.949,150.552,0.000,0.23,36,-7
151.963,147.052,0.000,0.23,36,-6
151.977,143.552,0.000,0.23,36,-5
151.992,140.052,0.000,0.23,36,-4
152.006,136.552,0.000,0.23,36,-3
153.949,150.560,0.000,0.23,36,-7
153.963,147.060,0.000,0.23,36,-6
153.977,143.560,0.000,0.23,36,-5
153.992,140.060,0.000,0.23,36,-4
154.006,136.560,0.000,0.23,36,-3
155.949,150.569,0.000,0.23,36,-7
155.963,147.069,0.000,0.23,36,-6
155.977,143.569,0.000,0.23,36,-5
155.992,140.069,0.000,0.23,36,-4
156.006,136.569,0.000,0.23,36,-3
157.949,150.577,0.000,0.23,36,-7
157.963,147.077,0.000,0.23,36,-6
157.977,143.577,0.000,0.23,36,-5
157.992,140.077,0.000,0.23,36,-4
158.006,136.577,0.000,0.23,36,-3
159.949,150.585,0.000,0.23,36,-7
159.963,147.085,0.000,0.23,36,-6
159.977,143.585,0.000,0.23,36,-5
159.992,140.085,0.000,0.23,36,-4
160.006,136.585,0.000,0.23,36,-3
161.949,150.593,0.000,0.23,36,-7
161.963,147.093,0.000,0.23,36,-6
161.977,143.593,0.000,0.23,36,-5
161.992,140.093,0.000,0.23,36,-4
162.006,136.593,0.000,0.23,36,-3
163.949,150.601,0.000,0.23,36,-7
163.963,147.101,0.000,0.23,36,-6
163.977,143.601,0.000,0.23,36,-5
163.992,140.101,0.000,0.23,36,-4
164.006,136.601,0.000,0.23,36,-3
165.949,150.609,0.000,0.23,36,-7
165.963,147.110,0.000,0.23,36,-6
165.977,143.610,0.000,0.23,36,-5
165.992,140.110,0.000,0.23,36,-4
166.006,136.610,0.000,0.23,36,-3
167.949,150.618,0.000,0.23,36,-7
167.963,147.118,0.000,0.23,36,-6
167.977,143.618,0.000,0.23,36,-5
167.992,140.118,0.000,0.23,36,-4
168.006,136.618,0.000,0.23,36,-3
169.949,150.626,0.000,0.23,36,-7
169.963,147.126,0.000,0.23,36,-6
169.977,143.626,0.000,0.23,36,-5
169.992,140.126,0.000,0.23,36,-4
170.006,136.626,0.000,0.23,36,-3
171.948,150.634,0.000,0.23,36,-7
171.963,147.134,0.000,0.23,36,-6
171.977,143.634,0.000,0.23,36,-5
171.992,140.134,0.000,0.23,36,-4
172.006,136.634,0.000,0.23,36,-3
173.948,150.642,0.000,0.23,36,-7
173.963,147.142,0.000,0.23,36,-6
173.977,143.642,0.000,0.23,36,-5
173.991,140.142,0.000,0.23,36,-4
174.006,136.642,0.000,0.23,36,-3
175.948,150.650,0.000,0.23,36,-7
175.963,147.150,0.000,0.23,36,-6
175.977,143.651,0.000,0.23,36,-5
175.991,140.151,0.000,0.23,36,-4
176.006,136.651,0.000,0.23,36,-3
177.948,150.659,0.000,0.23,36,-7
177.963,147.159,0.000,0.23,36,-6
177.977,143.659,0.000,0.23,36,-5
177.991,140.159,0.000,0.23,36,-4
178.006,136.659,0.000,0.23,36,-3
179.948,150.667,0.000,0.23,36,-7
179.963,147.167,0.000,0.23,36,-6
179.977,143.667,0.000,0.23,36,-5
179.991,140.167,0.000,0.23,36,-4
180.006,136.667,0.000,0.23,36,-3
21.670,150.018,0.000,0.23,35,-7
21.684,146.518,0.000,0.23,35,-6
21.698,143.018,0.000,0.23,35,-5
21.713,139.518,0.000,0.23,35,-4
21.727,136.018,0.000,0.23,35,-3
23.670,150.027,0.000,0.23,35,-7
23.684,146.527,0.000,0.23,35,-6
23.698,143.027,0.000,0.23,35,-5
23.713,139.527,0.000,0.23,35,-4
23.727,136.027,0.000,0.23,35,-3
25.670,150.035,0.000,0.23,35,-7
25.684,146.535,0.000,0.23,35,-6
25.698,143.035,0.000,0.23,35,-5
25.713,139.535,0.000,0.23,35,-4
25.727,136.035,0.000,0.23,35,-3
27.670,150.043,0.000,0.23,35,-7
27.684,146.543,0.000,0.23,35,-6
27.698,143.043,0.000,0.23,35,-5
27.713,139.543,0.000,0.23,35,-4
27.727,136.043,0.000,0.23,35,-3
29.670,150.051,0.000,0.23,35,-7
29.684,146.551,0.000,0.23,35,-6
29.698,143.051,0.000,0.23,35,-5
29.713,139.551,0.000,0.23,35,-4
29.727,136.051,0.000,0.23,35,-3
31.670,150.059,0.000,0.23,35,-7
31.684,146.559,0.000,0.23,35,-6
31.698,143.059,0.000,0.23,35,-5
31.713,139.559,0.000,0.23,35,-4
31.727,136.059,0.000,0.23,35,-3
33.670,150.067,0.000,0.23,35,-7
33.684,146.568,0.000,0.23,35,-6
33.698,143.068,0.000,0.23,35,-5
33.713,139.568,0.000,0.23,35,-4
33.727,136.068,0.000,0.23,35,-3
35.670,150.076,0.000,0.23,35,-7
35.684,146.576,0.000,0.23,35,-6
35.698,143.076,0.000,0.23,35,-5
35.713,139.576,0.000,0.23,35,-4
35.727,136.076,0.000,0.23,35,-3
37.670,150.084,0.000,0.23,35,-7
37.684,146.584,0.000,0.23,35,-6
37.698,143.084,0.000,0.23,35,-5
37.713,139.584,0.000,0.23,35,-4
37.727,136.084,0.000,0.23,35,-3
39.670,150.092,0.000,0.23,35,-7
39.684,146.592,0.000,0.23,35,-6
39.698,143.092,0.000,0.23,35,-5
39.713,139.592,0.000,0.23,35,-4
39.727,136.092,0.000,0.23,35,-3
41.670,150.100,0.000,0.23,35,-7
41.684,146.600,0.000,0.23,35,-6
41.698,143.100,0.000,0.23,35,-5
41.713,139.600,0.000,0.23,35,-4
41.727,136.100,0.000,0.23,35,-3
43.670,150.108,0.000,0.23,35,-7
43.684,146.608,0.000,0.23,35,-6
43.698,143.109,0.000,0.23,35,-5
43.713,139.609,0.000,0.23,35,-4
43.727,136.109,0.000,0.23,35,-3
45.670,150.117,0.000,0.23,35,-7
45.684,146.617,0.000,0.23,35,-6
45.698,143.117,0.000,0.23,35,-5
45.713,139.617,0.000,0.23,35,-4
45.727,136.117,0.000,0.23,35,-3
47.670,150.125,0.000,0.23,35,-7
47.684,146.625,0.000,0.23,35,-6
47.698,143.125,0.000,0.23,35,-5
47.713,139.625,0.000,0.23,35,-4
47.727,136.125,0.000,0.23,35,-3
49.669,150.133,0.000,0.23,35,-7
49.684,146.633,0.000,0.23,35,-6
49.698,143.133,0.000,0.23,35,-5
49.713,139.633,0.000,0.23,35,-4
49.727,136.133,0.000,0.23,35,-3
51.669,150.141,0.000,0.23,35,-7
51.684,146.641,0.000,0.23,35,-6
51.698,143.141,0.000,0.23,35,-5
51.712,139.641,0.000,0.23,35,-4
51.727,136.141,0.000,0.23,35,-3
53.669,150.149,0.000,0.23,35,-7
53.684,146.649,0.000,0.23,35,-6
53.698,143.150,0.000,0.23,35,-5
53.712,139.650,0.000,0.23,35,-4
53.727,136.150,0.000,0.23,35,-3
55.669,150.158,0.000,0.23,35,-7
55.684,146.658,0.000,0.23,35,-6
55.698,143.158,0.000,0.23,35,-5
55.712,139.658,0.000,0.23,35,-4
55.727,136.158,0.000,0.23,35,-3
57.669,150.166,0.000,0.23,35,-7
57.684,146.666,0.000,0.23,35,-6
57.698,143.166,0.000,0.23,35,-5
57.712,139.666,0.000,0.23,35,-4
57.727,136.166,0.000,0.23,35,-3
59.669,150.174,0.000,0.23,35,-7
59.684,146.674,0.000,0.23,35,-6
59.698,143.174,0.000,0.23,35,-5
59.712,139.674,0.000,0.23,35,-4
59.727,136.174,0.000,0.23,35,-3
61.669,150.182,0.000,0.23,35,-7
61.684,146.682,0.000,0.23,35,-6
61.698,143.182,0.000,0.23,35,-5
61.712,139.682,0.000,0.23,35,-4
61.727,136.182,0.000,0.23,35,-3
12.002,227.408,0.000,-90.90,34,-3
8.502,227.463,0.000,-90.90,34,-2
5.003,227.518,0.000,-90.90,34,-1
11.970,225.408,0.000,-90.90,34,-3
8.471,225.463,0.000,-90.90,34,-2
4.971,225.518,0.000,-90.90,34,-1
11.939,223.408,0.000,-90.90,34,-3
8.439,223.463,0.000,-90.90,34,-2
4.940,223.519,0.000,-90.90,34,-1
11.907,221.409,0.000,-90.90,34,-3
8.408,221.464,0.000,-90.90,34,-2
4.908,221.519,0.000,-90.90,34,-1
11.876,219.409,0.000,-90.90,34,-3
8.376,219.464,0.000,-90.90,34,-2
4.877,219.519,0.000,-90.90,34,-1
11.844,217.409,0.000,-90.90,34,-3
8.345,217.464,0.000,-90.90,34,-2
4.845,217.519,0.000,-90.90,34,-1
11.813,215.409,0.000,-90.90,34,-3
8.313,215.464,0.000,-90.90,34,-2
4.814,215.520,0.000,-90.90,34,-1
11.781,213.410,0.000,-90.90,34,-3
8.282,213.465,0.000,-90.90,34,-2
4.782,213.520,0.000,-90.90,34,-1
11.750,211.410,0.000,-90.90,34,-3
8.250,211.465,0.000,-90.90,34,-2
4.750,211.520,0.000,-90.90,34,-1
11.718,209.410,0.000,-90.90,34,-3
8.218,209.465,0.000,-90.90,34,-2
4.719,209.520,0.000,-90.90,34,-1
11.686,207.410,0.000,-90.90,34,-3
8.187,207.465,0.000,-90.90,34,-2
4.687,207.521,0.000,-90.90,34,-1
11.655,205.418,0.000,269.13,34,-3
8.155,205.471,0.000,269.13,34,-2
4.656,205.524,0.000,269.13,34,-1
11.629,203.469,0.000,269.36,34,-3
8.130,203.508,0.000,269.36,34,-2
4.630,203.547,0.000,269.36,34,-1
11.610,201.495,0.000,-90.53,34,-3
8.110,201.527,0.000,-90.53,34,-2
4.610,201.559,0.000,-90.53,34,-1
11.592,199.495,0.000,-90.53,34,-3
8.092,199.527,0.000,-90.53,34,-2
4.592,199.559,0.000,-90.53,34,-1
11.573,197.495,0.000,-90.53,34,-3
8.073,197.527,0.000,-90.53,34,-2
4.574,197.559,0.000,-90.53,34,-1
11.555,195.495,0.000,-90.53,34,-3
8.055,195.527,0.000,-90.53,34,-2
4.555,195.559,0.000,-90.53,34,-1
11.537,193.495,0.000,-90.53,34,-3
8.037,193.527,0.000,-90.53,34,-2
4.537,193.559,0.000,-90.53,34,-1
11.518,191.495,0.000,-90.53,34,-3
8.018,191.527,0.000,-90.53,34,-2
4.518,191.559,0.000,-90.53,34,-1
11.500,189.495,0.000,-90.53,34,-3
8.000,189.527,0.000,-90.53,34,-2
4.500,189.559,0.000,-90.53,34,-1
11.481,187.495,0.000,-90.53,34,-3
7.981,187.527,0.000,-90.53,34,-2
4.482,187.560,0.000,-90.53,34,-1
11.463,185.495,0.000,-90.53,34,-3
7.963,185.527,0.000,-90.53,34,-2
4.463,185.560,0.000,-90.53,34,-1
11.444,183.495,0.000,-90.53,34,-3
7.945,183.527,0.000,-90.53,34,-2
4.445,183.560,0.000,-90.53,34,-1
11.426,181.495,0.000,-90.53,34,-3
7.926,181.528,0.000,-90.53,34,-2
4.426,181.560,0.000,-90.53,34,-1
11.408,179.495,0.000,-90.53,34,-3
7.908,179.528,0.000,-90.53,34,-2
4.408,179.560,0.000,-90.53,34,-1
11.389,177.496,0.000,-90.53,34,-3
7.889,177.528,0.000,-90.53,34,-2
4.390,177.560,0.000,-90.53,34,-1
11.371,175.496,0.000,-90.53,34,-3
7.871,175.528,0.000,-90.53,34,-2
4.371,175.560,0.000,-90.53,34,-1
11.352,173.496,0.000,-90.53,34,-3
7.853,173.528,0.000,-90.53,34,-2
4.353,173.560,0.000,-90.53,34,-1
11.334,171.496,0.000,-90.53,34,-3
7.834,171.528,0.000,-90.53,34,-2
4.334,171.560,0.000,-90.53,34,-1
11.316,169.496,0.000,-90.53,34,-3
7.816,169.528,0.000,-90.53,34,-2
4.316,169.560,0.000,-90.53,34,-1
11.297,167.496,0.000,-90.53,34,-3
7.797,167.528,0.000,-90.53,34,-2
4.297,167.560,0.000,-90.53,34,-1
11.279,165.496,0.000,-90.53,34,-3
7.779,165.528,0.000,-90.53,34,-2
4.279,165.560,0.000,-90.53,34,-1
11.260,163.496,0.000,-90.53,34,-3
7.761,163.528,0.000,-90.53,34,-2
4.261,163.561,0.000,-90.53,34,-1
-127.759,-22.472,0.000,179.79,415,-7
-127.746,-18.972,0.000,179.79,415,-6
-127.734,-15.472,0.000,179.79,415,-5
-127.721,-11.972,0.000,179.79,415,-4
-129.759,-22.464,0.000,179.79,415,-7
-129.746,-18.964,0.000,179.79,415,-6
-129.734,-15.464,0.000,179.79,415,-5
-129.721,-11.964,0.000,179.79,415,-4
-131.759,-22.457,0.000,179.79,415,-7
-131.746,-18.957,0.000,179.79,415,-6
-131.734,-15.457,0.000,179.79,415,-5
-131.721,-11.957,0.000,179.79,415,-4
-133.759,-22.450,0.000,179.79,415,-7
-133.746,-18.950,0.000,179.79,415,-6
-133.734,-15.450,0.000,179.79,415,-5
-133.721,-11.950,0.000,179.79,415,-4
-135.759,-22.442,0.000,179.79,415,-7
-135.746,-18.942,0.000,179.79,415,-6
-135.734,-15.443,0.000,179.79,415,-5
-135.721,-11.943,0.000,179.79,415,-4
-137.759,-22.435,0.000,179.79,415,-7
-137.746,-18.935,0.000,179.79,415,-6
-137.734,-15.435,0.000,179.79,415,-5
-137.721,-11.935,0.000,179.79,415,-4
-139.759,-22.428,0.000,179.79,415,-6
-139.746,-18.928,0.000,179.79,415,-5
-139.734,-15.428,0.000,179.79,415,-4
-139.721,-11.928,0.000,179.79,415,-3
-141.759,-22.421,0.000,179.79,415,-6
-141.746,-18.921,0.000,179.79,415,-5
-141.734,-15.421,0.000,179.79,415,-4
-141.721,-11.921,0.000,179.79,415,-3
-143.759,-22.413,0.000,179.79,415,-6
-143.746,-18.913,0.000,179.79,415,-5
-143.734,-15.413,0.000,179.79,415,-4
-143.721,-11.913,0.000,179.79,415,-3
-145.759,-22.406,0.000,179.79,415,-6
-145.746,-18.906,0.000,179.79,415,-5
-145.734,-15.406,0.000,179.79,415,-4
-145.721,-11.906,0.000,179.79,415,-3
-147.759,-22.399,0.000,179.79,415,-6
-147.746,-18.899,0.000,179.79,415,-5
-147.734,-15.399,0.000,179.79,415,-4
-147.721,-11.899,0.000,179.79,415,-3
-149.759,-22.391,0.000,179.79,415,-6
-149.746,-18.891,0.000,179.79,415,-5
-149.734,-15.392,0.000,179.79,415,-4
-149.721,-11.892,0.000,179.79,415,-3
-151.759,-22.384,0.000,179.79,415,-6
-151.746,-18.884,0.000,179.79,415,-5
-151.734,-15.384,0.000,179.79,415,-4
-151.721,-11.884,0.000,179.79,415,-3
-153.759,-22.377,0.000,179.79,415,-6
-153.746,-18.877,0.000,179.79,415,-5
-153.734,-15.377,0.000,179.79,415,-4
-153.721,-11.877,0.000,179.79,415,-3
12.660,345.272,0.000,-89.40,33,-3
9.161,345.236,0.000,-89.40,33,-2
5.661,345.199,0.000,-89.40,33,-1
12.681,343.273,0.000,-89.40,33,-3
9.182,343.236,0.000,-89.40,33,-2
5.682,343.199,0.000,-89.40,33,-1
12.702,341.273,0.000,-89.40,33,-3
9.203,341.236,0.000,-89.40,33,-2
5.703,341.199,0.000,-89.40,33,-1
12.724,339.273,0.000,-89.40,33,-3
9.224,339.236,0.000,-89.40,33,-2
5.724,339.199,0.000,-89.40,33,-1
12.745,337.273,0.000,-89.40,33,-3
9.245,337.236,0.000,-89.40,33,-2
5.745,337.199,0.000,-89.40,33,-1
12.766,335.273,0.000,-89.40,33,-3
9.266,335.236,0.000,-89.40,33,-2
5.766,335.199,0.000,-89.40,33,-1
12.787,333.273,0.000,-89.40,33,-3
9.287,333.236,0.000,-89.40,33,-2
5.787,333.199,0.000,-89.40,33,-1
12.808,331.273,0.000,-89.40,33,-3
9.308,331.236,0.000,-89.40,33,-2
5.808,331.199,0.000,-89.40,33,-1
12.829,329.273,0.000,-89.40,33,-3
9.329,329.236,0.000,-89.40,33,-2
5.829,329.200,0.000,-89.40,33,-1
12.850,327.273,0.000,-89.40,33,-3
9.350,327.237,0.000,-89.40,33,-2
5.850,327.200,0.000,-89.40,33,-1
12.871,325.273,0.000,-89.40,33,-3
9.371,325.237,0.000,-89.40,33,-2
5.871,325.200,0.000,-89.40,33,-1
12.892,323.274,0.000,-89.40,33,-3
9.392,323.237,0.000,-89.40,33,-2
5.892,323.200,0.000,-89.40,33,-1
12.913,321.274,0.000,-89.40,33,-3
9.413,321.237,0.000,-89.40,33,-2
5.913,321.200,0.000,-89.40,33,-1
12.934,319.274,0.000,-89.40,33,-3
9.434,319.237,0.000,-89.40,33,-2
5.934,319.200,0.000,-89.40,33,-1
12.955,317.274,0.000,-89.40,33,-3
9.455,317.237,0.000,-89.40,33,-2
5.956,317.200,0.000,-89.40,33,-1
12.976,315.274,0.000,-89.40,33,-3
9.476,315.237,0.000,-89.40,33,-2
5.977,315.200,0.000,-89.40,33,-1
12.997,313.274,0.000,-89.40,33,-3
9.497,313.237,0.000,-89.40,33,-2
5.998,313.200,0.000,-89.40,33,-1
13.018,311.274,0.000,-89.40,33,-3
9.519,311.237,0.000,-89.40,33,-2
6.019,311.201,0.000,-89.40,33,-1
13.039,309.274,0.000,-89.40,33,-3
9.540,309.238,0.000,-89.40,33,-2
6.040,309.201,0.000,-89.40,33,-1
13.060,307.275,0.000,-89.40,33,-3
9.561,307.238,0.000,-89.40,33,-2
6.061,307.201,0.000,-89.40,33,-1
13.081,305.247,0.000,-89.52,33,-3
9.581,305.218,0.000,-89.52,33,-2
6.081,305.188,0.000,-89.52,33,-1
13.094,303.196,0.000,-89.75,33,-3
9.594,303.181,0.000,-89.75,33,-2
6.094,303.165,0.000,-89.75,33,-1
13.098,301.145,0.000,-89.98,33,-3
9.598,301.144,0.000,-89.98,33,-2
6.098,301.142,0.000,-89.98,33,-1
13.095,299.094,0.000,-90.21,33,-3
9.595,299.107,0.000,-90.21,33,-2
6.095,299.120,0.000,-90.21,33,-1
13.084,297.043,0.000,-90.44,33,-3
9.584,297.070,0.000,-90.44,33,-2
6.084,297.097,0.000,-90.44,33,-1
13.064,294.992,0.000,-90.67,33,-3
9.564,295.033,0.000,-90.67,33,-2
6.064,295.074,0.000,-90.67,33,-1
13.036,292.941,0.000,-90.90,33,-3
9.536,292.996,0.000,-90.90,33,-2
6.037,293.051,0.000,-90.90,33,-1
13.004,290.940,0.000,-90.90,33,-3
9.505,290.995,0.000,-90.90,33,-2
6.005,291.050,0.000,-90.90,33,-1
12.973,288.940,0.000,-90.90,33,-3
9.473,288.995,0.000,-90.90,33,-2
5.974,289.051,0.000,-90.90,33,-1
12.941,286.940,0.000,-90.90,33,-3
9.442,286.996,0.000,-90.90,33,-2
5.942,287.051,0.000,-90.90,33,-1
12.910,284.941,0.000,-90.90,33,-3
9.410,284.996,0.000,-90.90,33,-2
5.910,285.051,0.000,-90.90,33,-1
12.878,282.941,0.000,-90.90,33,-3
9.378,282.996,0.000,-90.90,33,-2
5.879,283.051,0.000,-90.90,33,-1
12.846,280.941,0.000,-90.90,33,-3
9.347,280.996,0.000,-90.90,33,-2
5.847,281.052,0.000,-90.90,33,-1
12.815,278.941,0.000,-90.90,33,-3
9.315,278.997,0.000,-90.90,33,-2
5.816,279.052,0.000,-90.90,33,-1
12.783,276.942,0.000,-90.90,33,-3
9.284,276.997,0.000,-90.90,33,-2
5.784,277.052,0.000,-90.90,33,-1
12.752,274.942,0.000,-90.90,33,-3
9.252,274.997,0.000,-90.90,33,-2
5.753,275.052,0.000,-90.90,33,-1
12.720,272.942,0.000,-90.90,33,-3
9.221,272.997,0.000,-90.90,33,-2
5.721,273.053,0.000,-90.90,33,-1
12.689,270.942,0.000,-90.90,33,-3
9.189,270.998,0.000,-90.90,33,-2
5.690,271.053,0.000,-90.90,33,-1
12.657,268.943,0.000,-90.90,33,-3
9.158,268.998,0.000,-90.90,33,-2
5.658,269.053,0.000,-90.90,33,-1
12.626,266.943,0.000,-90.90,33,-3
9.126,266.998,0.000,-90.90,33,-2
5.626,267.053,0.000,-90.90,33,-1
12.594,264.943,0.000,-90.90,33,-3
9.094,264.998,0.000,-90.90,33,-2
5.595,265.054,0.000,-90.90,33,-1
12.563,262.943,0.000,-90.90,33,-3
9.063,262.999,0.000,-90.90,33,-2
5.563,263.054,0.000,-90.90,33,-1
124.025,223.404,0.000,-35.74,32,-3
125.614,222.243,0.000,-36.56,32,-3
127.186,221.060,0.000,-37.38,32,-3
128.741,219.854,0.000,-38.20,32,-3
130.279,218.626,0.000,-39.02,32,-3
131.799,217.377,0.000,-39.84,32,-3
133.301,216.105,0.000,-40.66,32,-3
134.784,214.813,0.000,-41.48,32,-3
136.249,213.499,0.000,-42.29,32,-3
137.695,212.164,0.000,-43.11,32,-3
139.122,210.809,0.000,-43.93,32,-3
140.529,209.434,0.000,-44.75,32,-3
141.917,208.038,0.000,-45.57,32,-3
143.284,206.623,0.000,-46.39,32,-3
144.631,205.189,0.000,-47.21,32,-3
145.958,203.735,0.000,-48.03,32,-3
147.263,202.263,0.000,-48.85,32,-3
148.549,200.770,0.000,-49.62,32,-3
149.844,199.247,0.000,-49.62,32,-3
151.140,197.723,0.000,-49.62,32,-3
152.435,196.199,0.000,-49.62,32,-3
153.731,194.676,0.000,-49.62,32,-3
155.027,193.152,0.000,-49.62,32,-3
156.322,191.629,0.000,-49.62,32,-3
-9.218,27.575,0.000,-269.62,545,-2
-5.718,27.599,0.000,-269.62,545,-1
-9.231,29.575,0.000,-269.62,545,-2
-5.731,29.599,0.000,-269.62,545,-1
-9.244,31.575,0.000,-269.62,545,-2
-5.745,31.599,0.000,-269.62,545,-1
-9.258,33.575,0.000,-269.62,545,-2
-5.758,33.599,0.000,-269.62,545,-1
-9.271,35.575,0.000,-269.62,545,-2
-5.771,35.599,0.000,-269.62,545,-1
-9.285,37.575,0.000,-269.62,545,-2
-5.785,37.599,0.000,-269.62,545,-1
-9.298,39.575,0.000,-269.62,545,-2
-5.798,39.599,0.000,-269.62,545,-1
-9.311,41.575,0.000,-269.62,545,-2
-5.811,41.598,0.000,-269.62,545,-1
-9.325,43.575,0.000,-269.62,545,-2
-5.825,43.598,0.000,-269.62,545,-1
-9.338,45.575,0.000,-269.62,545,-2
-5.838,45.598,0.000,-269.62,545,-1
-9.351,47.575,0.000,-269.62,545,-2
-5.851,47.598,0.000,-269.62,545,-1
-9.365,49.575,0.000,-269.62,545,-2
-5.865,49.598,0.000,-269.62,545,-1
-9.378,51.575,0.000,-269.62,545,-2
-5.878,51.598,0.000,-269.62,545,-1
-9.391,53.575,0.000,-269.62,545,-2
-5.891,53.598,0.000,-269.62,545,-1
-9.405,55.575,0.000,-269.62,545,-2
-5.905,55.598,0.000,-269.62,545,-1
-9.418,57.578,0.000,-269.64,545,-2
-5.918,57.600,0.000,-269.64,545,-1
-9.427,59.615,0.000,-269.87,545,-2
-5.927,59.623,0.000,-269.87,545,-1
-9.427,61.652,0.000,-270.10,545,-2
-5.927,61.646,0.000,-270.10,545,-1
-9.420,63.689,0.000,-270.33,545,-2
-5.920,63.669,0.000,-270.33,545,-1
551.136,52.208,0.000,-0.03,30,-7
551.134,48.708,0.000,-0.03,30,-6
551.133,45.208,0.000,-0.03,30,-5
551.131,41.708,0.000,-0.03,30,-4
551.129,38.208,0.000,-0.03,30,-3
553.136,52.207,0.000,-0.03,30,-7
553.134,48.707,0.000,-0.03,30,-6
553.133,45.207,0.000,-0.03,30,-5
553.131,41.707,0.000,-0.03,30,-4
553.129,38.207,0.000,-0.03,30,-3
555.136,52.206,0.000,-0.03,30,-7
555.134,48.706,0.000,-0.03,30,-6
555.133,45.206,0.000,-0.03,30,-5
555.131,41.706,0.000,-0.03,30,-4
555.129,38.206,0.000,-0.03,30,-3
557.136,52.205,0.000,-0.03,30,-7
557.134,48.705,0.000,-0.03,30,-6
557.133,45.205,0.000,-0.03,30,-5
557.131,41.705,0.000,-0.03,30,-4
557.129,38.205,0.000,-0.03,30,-3
559.136,52.204,0.000,-0.03,30,-7
559.134,48.704,0.000,-0.03,30,-6
559.133,45.204,0.000,-0.03,30,-5
559.131,41.704,0.000,-0.03,30,-4
559.129,38.204,0.000,-0.03,30,-3
561.136,52.203,0.000,-0.03,30,-7
561.134,48.703,0.000,-0.03,30,-6
561.133,45.203,0.000,-0.03,30,-5
561.131,41.703,0.000,-0.03,30,-4
561.129,38.203,0.000,-0.03,30,-3
563.136,52.202,0.000,-0.03,30,-7
563.134,48.702,0.000,-0.03,30,-6
563.133,45.202,0.000,-0.03,30,-5
563.131,41.702,0.000,-0.03,30,-4
563.129,38.202,0.000,-0.03,30,-3
565.136,52.201,0.000,-0.03,30,-7
565.134,48.701,0.000,-0.03,30,-6
565.133,45.201,0.000,-0.03,30,-5
565.131,41.701,0.000,-0.03,30,-4
565.129,38.201,0.000,-0.03,30,-3
567.136,52.200,0.000,-0.03,30,-7
567.134,48.700,0.000,-0.03,30,-6
567.133,45.200,0.000,-0.03,30,-5
567.131,41.700,0.000,-0.03,30,-4
567.129,38.200,0.000,-0.03,30,-3
569.136,52.199,0.000,-0.03,30,-7
569.134,48.699,0.000,-0.03,30,-6
569.133,45.199,0.000,-0.03,30,-5
569.131,41.699,0.000,-0.03,30,-4
569.129,38.199,0.000,-0.03,30,-3
571.136,52.198,0.000,-0.03,30,-7
571.134,48.698,0.000,-0.03,30,-6
571.133,45.198,0.000,-0.03,30,-5
571.131,41.698,0.000,-0.03,30,-4
571.129,38.198,0.000,-0.03,30,-3
573.136,52.197,0.000,-0.03,30,-7
573.134,48.697,0.000,-0.03,30,-6
573.133,45.197,0.000,-0.03,30,-5
573.131,41.697,0.000,-0.03,30,-4
573.129,38.197,0.000,-0.03,30,-3
575.136,52.197,0.000,-0.03,30,-7
575.134,48.697,0.000,-0.03,30,-6
575.133,45.197,0.000,-0.03,30,-5
575.131,41.697,0.000,-0.03,30,-4
575.129,38.197,0.000,-0.03,30,-3
577.136,52.196,0.000,-0.03,30,-7
577.134,48.696,0.000,-0.03,30,-6
577.133,45.196,0.000,-0.03,30,-5
577.131,41.696,0.000,-0.03,30,-4
577.129,38.196,0.000,-0.03,30,-3
579.136,52.195,0.000,-0.03,30,-7
579.134,48.695,0.000,-0.03,30,-6
579.133,45.195,0.000,-0.03,30,-5
579.131,41.695,0.000,-0.03,30,-4
579.129,38.195,0.000,-0.03,30,-3
581.136,52.194,0.000,-0.03,30,-7
581.134,48.694,0.000,-0.03,30,-6
581.133,45.194,0.000,-0.03,30,-5
581.131,41.694,0.000,-0.03,30,-4
581.129,38.194,0.000,-0.03,30,-3
583.136,52.193,0.000,-0.03,30,-7
583.134,48.693,0.000,-0.03,30,-6
583.133,45.193,0.000,-0.03,30,-5
583.131,41.693,0.000,-0.03,30,-4
583.129,38.193,0.000,-0.03,30,-3
585.136,52.192,0.000,-0.03,30,-7
585.134,48.692,0.000,-0.03,30,-6
585.133,45.192,0.000,-0.03,30,-5
585.131,41.692,0.000,-0.03,30,-4
585.129,38.192,0.000,-0.03,30,-3
587.136,52.191,0.000,-0.03,30,-7
587.134,48.691,0.000,-0.03,30,-6
587.133,45.191,0.000,-0.03,30,-5
587.131,41.691,0.000,-0.03,30,-4
587.129,38.191,0.000,-0.03,30,-3
589.136,52.190,0.000,-0.03,30,-7
589.134,48.690,0.000,-0.03,30,-6
589.133,45.190,0.000,-0.03,30,-5
589.131,41.690,0.000,-0.03,30,-4
589.129,38.190,0.000,-0.03,30,-3
591.136,52.189,0.000,-0.03,30,-7
591.134,48.689,0.000,-0.03,30,-6
591.133,45.189,0.000,-0.03,30,-5
591.131,41.689,0.000,-0.03,30,-4
591.129,38.189,0.000,-0.03,30,-3
593.136,52.188,0.000,-0.03,30,-7
593.134,48.688,0.000,-0.03,30,-6
593.133,45.188,0.000,-0.03,30,-5
593.131,41.688,0.000,-0.03,30,-4
593.129,38.188,0.000,-0.03,30,-3
595.136,52.187,0.000,-0.03,30,-7
595.134,48.687,0.000,-0.03,30,-6
595.133,45.187,0.000,-0.03,30,-5
595.131,41.687,0.000,-0.03,30,-4
595.129,38.187,0.000,-0.03,30,-3
597.136,52.186,0.000,-0.03,30,-7
597.134,48.686,0.000,-0.03,30,-6
597.133,45.186,0.000,-0.03,30,-5
597.131,41.686,0.000,-0.03,30,-4
597.129,38.186,0.000,-0.03,30,-3
599.136,52.185,0.000,-0.03,30,-7
599.134,48.685,0.000,-0.03,30,-6
599.133,45.185,0.000,-0.03,30,-5
599.131,41.685,0.000,-0.03,30,-4
599.129,38.185,0.000,-0.03,30,-3
601.136,52.184,0.000,-0.03,30,-7
601.134,48.684,0.000,-0.03,30,-6
601.133,45.184,0.000,-0.03,30,-5
601.131,41.684,0.000,-0.03,30,-4
601.129,38.184,0.000,-0.03,30,-3
603.136,52.183,0.000,-0.03,30,-7
603.134,48.683,0.000,-0.03,30,-6
603.133,45.183,0.000,-0.03,30,-5
603.131,41.683,0.000,-0.03,30,-4
603.129,38.183,0.000,-0.03,30,-3
605.136,52.182,0.000,-0.03,30,-7
605.134,48.682,0.000,-0.03,30,-6
605.133,45.182,0.000,-0.03,30,-5
605.131,41.682,0.000,-0.03,30,-4
605.129,38.182,0.000,-0.03,30,-3
607.136,52.181,0.000,-0.03,30,-7
607.134,48.681,0.000,-0.03,30,-6
607.133,45.181,0.000,-0.03,30,-5
607.131,41.681,0.000,-0.03,30,-4
607.129,38.181,0.000,-0.03,30,-3
609.136,52.180,0.000,-0.03,30,-7
609.134,48.680,0.000,-0.03,30,-6
609.133,45.180,0.000,-0.03,30,-5
609.131,41.680,0.000,-0.03,30,-4
609.129,38.180,0.000,-0.03,30,-3
611.136,52.179,0.000,-0.03,30,-7
611.134,48.679,0.000,-0.03,30,-6
611.133,45.179,0.000,-0.03,30,-5
611.131,41.679,0.000,-0.03,30,-4
611.129,38.179,0.000,-0.03,30,-3
613.136,52.178,0.000,-0.03,30,-7
613.134,48.678,0.000,-0.03,30,-6
613.133,45.178,0.000,-0.03,30,-5
613.131,41.678,0.000,-0.03,30,-4
613.129,38.178,0.000,-0.03,30,-3
615.136,52.177,0.000,-0.03,30,-7
615.134,48.677,0.000,-0.03,30,-6
615.133,45.177,0.000,-0.03,30,-5
615.131,41.677,0.000,-0.03,30,-4
615.129,38.177,0.000,-0.03,30,-3
617.136,52.176,0.000,-0.03,30,-7
617.134,48.676,0.000,-0.03,30,-6
617.133,45.176,0.000,-0.03,30,-5
617.131,41.676,0.000,-0.03,30,-4
617.129,38.176,0.000,-0.03,30,-3
619.136,52.175,0.000,-0.03,30,-7
619.134,48.675,0.000,-0.03,30,-6
619.133,45.175,0.000,-0.03,30,-5
619.131,41.675,0.000,-0.03,30,-4
619.129,38.175,0.000,-0.03,30,-3
621.136,52.174,0.000,-0.03,30,-7
621.134,48.674,0.000,-0.03,30,-6
621.133,45.174,0.000,-0.03,30,-5
621.131,41.674,0.000,-0.03,30,-4
621.129,38.174,0.000,-0.03,30,-3
623.136,52.173,0.000,-0.03,30,-7
623.134,48.673,0.000,-0.03,30,-6
623.133,45.173,0.000,-0.03,30,-5
623.131,41.673,0.000,-0.03,30,-4
623.129,38.173,0.000,-0.03,30,-3
625.136,52.172,0.000,-0.03,30,-7
625.134,48.672,0.000,-0.03,30,-6
625.133,45.172,0.000,-0.03,30,-5
625.131,41.672,0.000,-0.03,30,-4
625.129,38.172,0.000,-0.03,30,-3
627.136,52.171,0.000,-0.03,30,-7
627.134,48.671,0.000,-0.03,30,-6
627.133,45.171,0.000,-0.03,30,-5
627.131,41.671,0.000,-0.03,30,-4
627.129,38.171,0.000,-0.03,30,-3
629.136,52.170,0.000,-0.03,30,-7
629.134,48.670,0.000,-0.03,30,-6
629.133,45.170,0.000,-0.03,30,-5
629.131,41.670,0.000,-0.03,30,-4
629.129,38.170,0.000,-0.03,30,-3
631.136,52.169,0.000,-0.03,30,-7
631.134,48.669,0.000,-0.03,30,-6
631.133,45.169,0.000,-0.03,30,-5
631.131,41.669,0.000,-0.03,30,-4
631.129,38.169,0.000,-0.03,30,-3
633.136,52.168,0.000,-0.03,30,-7
633.134,48.668,0.000,-0.03,30,-6
633.133,45.168,0.000,-0.03,30,-5
633.131,41.668,0.000,-0.03,30,-4
633.129,38.168,0.000,-0.03,30,-3
635.136,52.167,0.000,-0.03,30,-7
635.134,48.667,0.000,-0.03,30,-6
635.133,45.167,0.000,-0.03,30,-5
635.131,41.667,0.000,-0.03,30,-4
635.129,38.167,0.000,-0.03,30,-3
637.136,52.166,0.000,-0.03,30,-7
637.134,48.666,0.000,-0.03,30,-6
637.133,45.166,0.000,-0.03,30,-5
637.131,41.666,0.000,-0.03,30,-4
637.129,38.166,0.000,-0.03,30,-3
639.136,52.165,0.000,-0.03,30,-7
639.134,48.665,0.000,-0.03,30,-6
639.133,45.165,0.000,-0.03,30,-5
639.131,41.665,0.000,-0.03,30,-4
639.129,38.165,0.000,-0.03,30,-3
641.136,52.164,0.000,-0.03,30,-7
641.134,48.664,0.000,-0.03,30,-6
641.133,45.164,0.000,-0.03,30,-5
641.131,41.664,0.000,-0.03,30,-4
641.129,38.164,0.000,-0.03,30,-3
643.136,52.163,0.000,-0.03,30,-7
643.134,48.663,0.000,-0.03,30,-6
643.133,45.163,0.000,-0.03,30,-5
643.131,41.663,0.000,-0.03,30,-4
643.129,38.163,0.000,-0.03,30,-3
645.136,52.162,0.000,-0.03,30,-7
645.134,48.662,0.000,-0.03,30,-6
645.133,45.162,0.000,-0.03,30,-5
645.131,41.662,0.000,-0.03,30,-4
645.129,38.162,0.000,-0.03,30,-3
282.356,52.339,0.000,-0.03,29,-7
282.354,48.839,0.000,-0.03,29,-6
282.353,45.339,0.000,-0.03,29,-5
282.351,41.839,0.000,-0.03,29,-4
282.350,40.089,0.000,-0.03,29,-3
284.356,52.338,0.000,-0.03,29,-7
284.354,48.838,0.000,-0.03,29,-6
284.353,45.338,0.000,-0.03,29,-5
284.351,41.838,0.000,-0.03,29,-4
284.350,40.079,0.000,-0.56,29,-3
286.356,52.337,0.000,-0.03,29,-7
286.354,48.837,0.000,-0.03,29,-6
286.353,45.337,0.000,-0.03,29,-5
286.351,41.837,0.000,-0.03,29,-4
286.350,40.051,0.000,-1.04,29,-3
288.356,52.336,0.000,-0.03,29,-7
288.354,48.836,0.000,-0.03,29,-6
288.353,45.336,0.000,-0.03,29,-5
288.351,41.836,0.000,-0.03,29,-4
288.350,40.007,0.000,-1.47,29,-3
290.356,52.335,0.000,-0.03,29,-7
290.354,48.835,0.000,-0.03,29,-6
290.353,45.335,0.000,-0.03,29,-5
290.351,41.835,0.000,-0.03,29,-4
290.350,39.949,0.000,-1.85,29,-3
292.356,52.334,0.000,-0.03,29,-7
292.354,48.834,0.000,-0.03,29,-6
292.353,45.334,0.000,-0.03,29,-5
292.351,41.834,0.000,-0.03,29,-4
292.350,39.878,0.000,-2.19,29,-3
294.356,52.333,0.000,-0.03,29,-7
294.354,48.833,0.000,-0.03,29,-6
294.353,45.333,0.000,-0.03,29,-5
294.351,41.833,0.000,-0.03,29,-4
294.350,39.796,0.000,-2.48,29,-3
296.356,52.332,0.000,-0.03,29,-7
296.354,48.832,0.000,-0.03,29,-6
296.353,45.332,0.000,-0.03,29,-5
296.351,41.832,0.000,-0.03,29,-4
296.350,39.705,0.000,-2.73,29,-3
298.356,52.331,0.000,-0.03,29,-7
298.354,48.831,0.000,-0.03,29,-6
298.353,45.331,0.000,-0.03,29,-5
298.351,41.831,0.000,-0.03,29,-4
298.350,39.606,0.000,-2.93,29,-3
300.356,52.330,0.000,-0.03,29,-7
300.354,48.830,0.000,-0.03,29,-6
300.353,45.330,0.000,-0.03,29,-5
300.351,41.830,0.000,-0.03,29,-4
300.350,39.501,0.000,-3.08,29,-3
302.356,52.329,0.000,-0.03,29,-7
302.354,48.829,0.000,-0.03,29,-6
302.353,45.329,0.000,-0.03,29,-5
302.351,41.829,0.000,-0.03,29,-4
302.350,39.392,0.000,-3.18,29,-3
304.356,52.328,0.000,-0.03,29,-7
304.354,48.828,0.000,-0.03,29,-6
304.353,45.328,0.000,-0.03,29,-5
304.351,41.828,0.000,-0.03,29,-4
304.350,39.280,0.000,-3.24,29,-3
306.356,52.327,0.000,-0.03,29,-7
306.354,48.827,0.000,-0.03,29,-6
306.353,45.327,0.000,-0.03,29,-5
306.351,41.827,0.000,-0.03,29,-4
306.350,39.167,0.000,-3.24,29,-3
308.356,52.326,0.000,-0.03,29,-7
308.354,48.826,0.000,-0.03,29,-6
308.353,45.326,0.000,-0.03,29,-5
308.351,41.826,0.000,-0.03,29,-4
308.349,39.054,0.000,-3.21,29,-3
310.356,52.325,0.000,-0.03,29,-7
310.354,48.825,0.000,-0.03,29,-6
310.353,45.325,0.000,-0.03,29,-5
310.351,41.825,0.000,-0.03,29,-4
310.349,38.943,0.000,-3.12,29,-3
312.356,52.324,0.000,-0.03,29,-7
312.354,48.824,0.000,-0.03,29,-6
312.353,45.324,0.000,-0.03,29,-5
312.351,41.824,0.000,-0.03,29,-4
312.349,38.837,0.000,-2.99,29,-3
314.356,52.323,0.000,-0.03,29,-7
314.354,48.823,0.000,-0.03,29,-6
314.353,45.323,0.000,-0.03,29,-5
314.351,41.823,0.000,-0.03,29,-4
314.349,38.736,0.000,-2.81,29,-3
316.356,52.323,0.000,-0.03,29,-7
316.354,48.823,0.000,-0.03,29,-6
316.353,45.323,0.000,-0.03,29,-5
316.351,41.823,0.000,-0.03,29,-4
316.349,38.641,0.000,-2.58,29,-3
318.356,52.322,0.000,-0.03,29,-7
318.354,48.822,0.000,-0.03,29,-6
318.353,45.322,0.000,-0.03,29,-5
318.351,41.822,0.000,-0.03,29,-4
318.349,38.556,0.000,-2.31,29,-3
320.356,52.321,0.000,-0.03,29,-7
320.354,48.821,0.000,-0.03,29,-6
320.353,45.321,0.000,-0.03,29,-5
320.351,41.821,0.000,-0.03,29,-4
320.349,38.481,0.000,-1.98,29,-3
322.356,52.320,0.000,-0.03,29,-7
322.354,48.820,0.000,-0.03,29,-6
322.353,45.320,0.000,-0.03,29,-5
322.351,41.820,0.000,-0.03,29,-4
322.349,38.418,0.000,-1.61,29,-3
324.356,52.319,0.000,-0.03,29,-7
324.354,48.819,0.000,-0.03,29,-6
324.353,45.319,0.000,-0.03,29,-5
324.351,41.819,0.000,-0.03,29,-4
324.349,38.369,0.000,-1.20,29,-3
326.356,52.318,0.000,-0.03,29,-7
326.354,48.818,0.000,-0.03,29,-6
326.353,45.318,0.000,-0.03,29,-5
326.351,41.818,0.000,-0.03,29,-4
326.349,38.335,0.000,-0.74,29,-3
328.356,52.317,0.000,-0.03,29,-7
328.354,48.817,0.000,-0.03,29,-6
328.353,45.317,0.000,-0.03,29,-5
328.351,41.817,0.000,-0.03,29,-4
328.349,38.318,0.000,-0.23,29,-3
330.356,52.316,0.000,-0.03,29,-7
330.354,48.816,0.000,-0.03,29,-6
330.353,45.316,0.000,-0.03,29,-5
330.351,41.816,0.000,-0.03,29,-4
330.349,38.316,0.000,-0.03,29,-3
332.356,52.315,0.000,-0.03,29,-7
332.354,48.815,0.000,-0.03,29,-6
332.353,45.315,0.000,-0.03,29,-5
332.351,41.815,0.000,-0.03,29,-4
332.349,38.315,0.000,-0.03,29,-3
334.356,52.314,0.000,-0.03,29,-7
334.354,48.814,0.000,-0.03,29,-6
334.353,45.314,0.000,-0.03,29,-5
334.351,41.814,0.000,-0.03,29,-4
334.349,38.314,0.000,-0.03,29,-3
336.356,52.313,0.000,-0.03,29,-7
336.354,48.813,0.000,-0.03,29,-6
336.353,45.313,0.000,-0.03,29,-5
336.351,41.813,0.000,-0.03,29,-4
336.349,38.313,0.000,-0.03,29,-3
338.356,52.312,0.000,-0.03,29,-7
338.354,48.812,0.000,-0.03,29,-6
338.353,45.312,0.000,-0.03,29,-5
338.351,41.812,0.000,-0.03,29,-4
338.349,38.312,0.000,-0.03,29,-3
340.356,52.311,0.000,-0.03,29,-7
340.354,48.811,0.000,-0.03,29,-6
340.353,45.311,0.000,-0.03,29,-5
340.351,41.811,0.000,-0.03,29,-4
340.349,38.311,0.000,-0.03,29,-3
342.356,52.310,0.000,-0.03,29,-7
342.354,48.810,0.000,-0.03,29,-6
342.353,45.310,0.000,-0.03,29,-5
342.351,41.810,0.000,-0.03,29,-4
342.349,38.310,0.000,-0.03,29,-3
344.356,52.309,0.000,-0.03,29,-7
344.354,48.809,0.000,-0.03,29,-6
344.353,45.309,0.000,-0.03,29,-5
344.351,41.809,0.000,-0.03,29,-4
344.349,38.309,0.000,-0.03,29,-3
346.356,52.308,0.000,-0.03,29,-7
346.354,48.808,0.000,-0.03,29,-6
346.353,45.308,0.000,-0.03,29,-5
346.351,41.808,0.000,-0.03,29,-4
346.349,38.308,0.000,-0.03,29,-3
348.356,52.307,0.000,-0.03,29,-7
348.354,48.807,0.000,-0.03,29,-6
348.353,45.307,0.000,-0.03,29,-5
348.351,41.807,0.000,-0.03,29,-4
348.349,38.307,0.000,-0.03,29,-3
350.356,52.306,0.000,-0.03,29,-7
350.354,48.806,0.000,-0.03,29,-6
350.353,45.306,0.000,-0.03,29,-5
350.351,41.806,0.000,-0.03,29,-4
350.349,38.306,0.000,-0.03,29,-3
352.356,52.305,0.000,-0.03,29,-7
352.354,48.805,0.000,-0.03,29,-6
352.353,45.305,0.000,-0.03,29,-5
352.351,41.805,0.000,-0.03,29,-4
352.349,38.305,0.000,-0.03,29,-3
354.356,52.304,0.000,-0.03,29,-7
354.354,48.804,0.000,-0.03,29,-6
354.353,45.304,0.000,-0.03,29,-5
354.351,41.804,0.000,-0.03,29,-4
354.349,38.304,0.000,-0.03,29,-3
356.356,52.303,0.000,-0.03,29,-7
356.354,48.803,0.000,-0.03,29,-6
356.353,45.303,0.000,-0.03,29,-5
356.351,41.803,0.000,-0.03,29,-4
356.349,38.303,0.000,-0.03,29,-3
358.356,52.302,0.000,-0.03,29,-7
358.354,48.802,0.000,-0.03,29,-6
358.353,45.302,0.000,-0.03,29,-5
358.351,41.802,0.000,-0.03,29,-4
358.349,38.302,0.000,-0.03,29,-3
360.356,52.301,0.000,-0.03,29,-7
360.354,48.801,0.000,-0.03,29,-6
360.353,45.301,0.000,-0.03,29,-5
360.351,41.801,0.000,-0.03,29,-4
360.349,38.301,0.000,-0.03,29,-3
362.356,52.300,0.000,-0.03,29,-7
362.354,48.800,0.000,-0.03,29,-6
362.353,45.300,0.000,-0.03,29,-5
362.351,41.800,0.000,-0.03,29,-4
362.349,38.300,0.000,-0.03,29,-3
364.356,52.299,0.000,-0.03,29,-7
364.354,48.799,0.000,-0.03,29,-6
364.353,45.299,0.000,-0.03,29,-5
364.351,41.799,0.000,-0.03,29,-4
364.349,38.299,0.000,-0.03,29,-3
366.356,52.298,0.000,-0.03,29,-7
366.354,48.798,0.000,-0.03,29,-6
366.353,45.298,0.000,-0.03,29,-5
366.351,41.798,0.000,-0.03,29,-4
366.349,38.298,0.000,-0.03,29,-3
368.356,52.297,0.000,-0.03,29,-7
368.354,48.797,0.000,-0.03,29,-6
368.353,45.297,0.000,-0.03,29,-5
368.351,41.797,0.000,-0.03,29,-4
368.349,38.297,0.000,-0.03,29,-3
370.356,52.296,0.000,-0.03,29,-7
370.354,48.796,0.000,-0.03,29,-6
370.353,45.296,0.000,-0.03,29,-5
370.351,41.796,0.000,-0.03,29,-4
370.349,38.296,0.000,-0.03,29,-3
372.356,52.295,0.000,-0.03,29,-7
372.354,48.795,0.000,-0.03,29,-6
372.353,45.295,0.000,-0.03,29,-5
372.351,41.795,0.000,-0.03,29,-4
372.349,38.295,0.000,-0.03,29,-3
374.356,52.294,0.000,-0.03,29,-7
374.354,48.794,0.000,-0.03,29,-6
374.353,45.294,0.000,-0.03,29,-5
374.351,41.794,0.000,-0.03,29,-4
374.349,38.294,0.000,-0.03,29,-3
376.356,52.293,0.000,-0.03,29,-7
376.354,48.793,0.000,-0.03,29,-6
376.353,45.293,0.000,-0.03,29,-5
376.351,41.793,0.000,-0.03,29,-4
376.349,38.293,0.000,-0.03,29,-3
378.356,52.292,0.000,-0.03,29,-7
378.354,48.792,0.000,-0.03,29,-6
378.353,45.292,0.000,-0.03,29,-5
378.351,41.792,0.000,-0.03,29,-4
378.349,38.292,0.000,-0.03,29,-3
380.356,52.291,0.000,-0.03,29,-7
380.354,48.791,0.000,-0.03,29,-6
380.353,45.291,0.000,-0.03,29,-5
380.351,41.791,0.000,-0.03,29,-4
380.349,38.291,0.000,-0.03,29,-3
382.356,52.290,0.000,-0.03,29,-7
382.354,48.790,0.000,-0.03,29,-6
382.353,45.290,0.000,-0.03,29,-5
382.351,41.790,0.000,-0.03,29,-4
382.349,38.290,0.000,-0.03,29,-3
384.356,52.289,0.000,-0.03,29,-7
384.354,48.789,0.000,-0.03,29,-6
384.353,45.289,0.000,-0.03,29,-5
384.351,41.789,0.000,-0.03,29,-4
384.349,38.289,0.000,-0.03,29,-3
386.356,52.288,0.000,-0.03,29,-7
386.354,48.788,0.000,-0.03,29,-6
386.353,45.288,0.000,-0.03,29,-5
386.351,41.788,0.000,-0.03,29,-4
386.349,38.288,0.000,-0.03,29,-3
388.356,52.287,0.000,-0.03,29,-7
388.354,48.787,0.000,-0.03,29,-6
388.353,45.287,0.000,-0.03,29,-5
388.351,41.787,0.000,-0.03,29,-4
388.349,38.287,0.000,-0.03,29,-3
390.356,52.286,0.000,-0.03,29,-7
390.354,48.786,0.000,-0.03,29,-6
390.353,45.286,0.000,-0.03,29,-5
390.351,41.786,0.000,-0.03,29,-4
390.349,38.286,0.000,-0.03,29,-3
392.356,52.286,0.000,-0.03,29,-7
392.354,48.786,0.000,-0.03,29,-6
392.353,45.286,0.000,-0.03,29,-5
392.351,41.786,0.000,-0.03,29,-4
392.349,38.286,0.000,-0.03,29,-3
394.356,52.285,0.000,-0.03,29,-7
394.354,48.785,0.000,-0.03,29,-6
394.353,45.285,0.000,-0.03,29,-5
394.351,41.785,0.000,-0.03,29,-4
394.349,38.285,0.000,-0.03,29,-3
396.356,52.284,0.000,-0.03,29,-7
396.354,48.784,0.000,-0.03,29,-6
396.353,45.284,0.000,-0.03,29,-5
396.351,41.784,0.000,-0.03,29,-4
396.349,38.284,0.000,-0.03,29,-3
398.356,52.283,0.000,-0.03,29,-7
398.354,48.783,0.000,-0.03,29,-6
398.353,45.283,0.000,-0.03,29,-5
398.351,41.783,0.000,-0.03,29,-4
398.349,38.283,0.000,-0.03,29,-3
400.356,52.282,0.000,-0.03,29,-7
400.354,48.782,0.000,-0.03,29,-6
400.353,45.282,0.000,-0.03,29,-5
400.351,41.782,0.000,-0.03,29,-4
400.349,38.282,0.000,-0.03,29,-3
402.356,52.281,0.000,-0.03,29,-7
402.354,48.781,0.000,-0.03,29,-6
402.353,45.281,0.000,-0.03,29,-5
402.351,41.781,0.000,-0.03,29,-4
402.349,38.281,0.000,-0.03,29,-3
404.356,52.280,0.000,-0.03,29,-7
404.354,48.780,0.000,-0.03,29,-6
404.353,45.280,0.000,-0.03,29,-5
404.351,41.780,0.000,-0.03,29,-4
404.349,38.280,0.000,-0.03,29,-3
406.356,52.279,0.000,-0.03,29,-7
406.354,48.779,0.000,-0.03,29,-6
406.353,45.279,0.000,-0.03,29,-5
406.351,41.779,0.000,-0.03,29,-4
406.349,38.279,0.000,-0.03,29,-3
408.356,52.278,0.000,-0.03,29,-7
408.354,48.778,0.000,-0.03,29,-6
408.353,45.278,0.000,-0.03,29,-5
408.351,41.778,0.000,-0.03,29,-4
408.349,38.278,0.000,-0.03,29,-3
410.356,52.277,0.000,-0.03,29,-7
410.354,48.777,0.000,-0.03,29,-6
410.353,45.277,0.000,-0.03,29,-5
410.351,41.777,0.000,-0.03,29,-4
410.349,38.277,0.000,-0.03,29,-3
412.356,52.276,0.000,-0.03,29,-7
412.354,48.776,0.000,-0.03,29,-6
412.353,45.276,0.000,-0.03,29,-5
412.351,41.776,0.000,-0.03,29,-4
412.349,38.276,0.000,-0.03,29,-3
414.356,52.275,0.000,-0.03,29,-7
414.354,48.775,0.000,-0.03,29,-6
414.353,45.275,0.000,-0.03,29,-5
414.351,41.775,0.000,-0.03,29,-4
414.349,38.275,0.000,-0.03,29,-3
416.356,52.274,0.000,-0.03,29,-7
416.354,48.774,0.000,-0.03,29,-6
416.353,45.274,0.000,-0.03,29,-5
416.351,41.774,0.000,-0.03,29,-4
416.349,38.274,0.000,-0.03,29,-3
418.356,52.273,0.000,-0.03,29,-7
418.354,48.773,0.000,-0.03,29,-6
418.353,45.273,0.000,-0.03,29,-5
418.351,41.773,0.000,-0.03,29,-4
418.349,38.273,0.000,-0.03,29,-3
420.356,52.272,0.000,-0.03,29,-7
420.354,48.772,0.000,-0.03,29,-6
420.353,45.272,0.000,-0.03,29,-5
420.351,41.772,0.000,-0.03,29,-4
420.349,38.272,0.000,-0.03,29,-3
422.356,52.271,0.000,-0.03,29,-7
422.354,48.771,0.000,-0.03,29,-6
422.353,45.271,0.000,-0.03,29,-5
422.351,41.771,0.000,-0.03,29,-4
422.349,38.271,0.000,-0.03,29,-3
424.356,52.270,0.000,-0.03,29,-7
424.354,48.770,0.000,-0.03,29,-6
424.353,45.270,0.000,-0.03,29,-5
424.351,41.770,0.000,-0.03,29,-4
424.349,38.270,0.000,-0.03,29,-3
426.356,52.269,0.000,-0.03,29,-7
426.354,48.769,0.000,-0.03,29,-6
426.353,45.269,0.000,-0.03,29,-5
426.351,41.769,0.000,-0.03,29,-4
426.349,38.269,0.000,-0.03,29,-3
428.356,52.268,0.000,-0.03,29,-7
428.354,48.768,0.000,-0.03,29,-6
428.353,45.268,0.000,-0.03,29,-5
428.351,41.768,0.000,-0.03,29,-4
428.349,38.268,0.000,-0.03,29,-3
430.356,52.267,0.000,-0.03,29,-7
430.354,48.767,0.000,-0.03,29,-6
430.353,45.267,0.000,-0.03,29,-5
430.351,41.767,0.000,-0.03,29,-4
430.349,38.267,0.000,-0.03,29,-3
432.356,52.266,0.000,-0.03,29,-7
432.354,48.766,0.000,-0.03,29,-6
432.353,45.266,0.000,-0.03,29,-5
432.351,41.766,0.000,-0.03,29,-4
432.349,38.266,0.000,-0.03,29,-3
434.356,52.265,0.000,-0.03,29,-7
434.354,48.765,0.000,-0.03,29,-6
434.353,45.265,0.000,-0.03,29,-5
434.351,41.765,0.000,-0.03,29,-4
434.349,38.265,0.000,-0.03,29,-3
436.356,52.264,0.000,-0.03,29,-7
436.354,48.764,0.000,-0.03,29,-6
436.353,45.264,0.000,-0.03,29,-5
436.351,41.764,0.000,-0.03,29,-4
436.349,38.264,0.000,-0.03,29,-3
438.356,52.263,0.000,-0.03,29,-7
438.354,48.763,0.000,-0.03,29,-6
438.353,45.263,0.000,-0.03,29,-5
438.351,41.763,0.000,-0.03,29,-4
438.349,38.263,0.000,-0.03,29,-3
440.356,52.262,0.000,-0.03,29,-7
440.354,48.762,0.000,-0.03,29,-6
440.353,45.262,0.000,-0.03,29,-5
440.351,41.762,0.000,-0.03,29,-4
440.349,38.262,0.000,-0.03,29,-3
442.356,52.261,0.000,-0.03,29,-7
442.354,48.761,0.000,-0.03,29,-6
442.353,45.261,0.000,-0.03,29,-5
442.351,41.761,0.000,-0.03,29,-4
442.349,38.261,0.000,-0.03,29,-3
444.356,52.260,0.000,-0.03,29,-7
444.354,48.760,0.000,-0.03,29,-6
444.353,45.260,0.000,-0.03,29,-5
444.351,41.760,0.000,-0.03,29,-4
444.349,38.260,0.000,-0.03,29,-3
446.356,52.259,0.000,-0.03,29,-7
446.354,48.759,0.000,-0.03,29,-6
446.353,45.259,0.000,-0.03,29,-5
446.351,41.759,0.000,-0.03,29,-4
446.349,38.259,0.000,-0.03,29,-3
448.356,52.258,0.000,-0.03,29,-7
448.354,48.758,0.000,-0.03,29,-6
448.353,45.258,0.000,-0.03,29,-5
448.351,41.758,0.000,-0.03,29,-4
448.349,38.258,0.000,-0.03,29,-3
450.356,52.257,0.000,-0.03,29,-7
450.354,48.757,0.000,-0.03,29,-6
450.353,45.257,0.000,-0.03,29,-5
450.351,41.757,0.000,-0.03,29,-4
450.349,38.257,0.000,-0.03,29,-3
452.356,52.256,0.000,-0.03,29,-7
452.354,48.756,0.000,-0.03,29,-6
452.353,45.256,0.000,-0.03,29,-5
452.351,41.756,0.000,-0.03,29,-4
452.349,38.256,0.000,-0.03,29,-3
454.356,52.255,0.000,-0.03,29,-7
454.354,48.755,0.000,-0.03,29,-6
454.353,45.255,0.000,-0.03,29,-5
454.351,41.755,0.000,-0.03,29,-4
454.349,38.255,0.000,-0.03,29,-3
456.356,52.254,0.000,-0.03,29,-7
456.354,48.754,0.000,-0.03,29,-6
456.353,45.254,0.000,-0.03,29,-5
456.351,41.754,0.000,-0.03,29,-4
456.349,38.254,0.000,-0.03,29,-3
458.356,52.253,0.000,-0.03,29,-7
458.354,48.753,0.000,-0.03,29,-6
458.353,45.253,0.000,-0.03,29,-5
458.351,41.753,0.000,-0.03,29,-4
458.349,38.253,0.000,-0.03,29,-3
460.356,52.252,0.000,-0.03,29,-7
460.354,48.752,0.000,-0.03,29,-6
460.353,45.252,0.000,-0.03,29,-5
460.351,41.752,0.000,-0.03,29,-4
460.349,38.252,0.000,-0.03,29,-3
462.356,52.251,0.000,-0.03,29,-7
462.354,48.751,0.000,-0.03,29,-6
462.353,45.251,0.000,-0.03,29,-5
462.351,41.751,0.000,-0.03,29,-4
462.349,38.251,0.000,-0.03,29,-3
464.356,52.250,0.000,-0.03,29,-7
464.354,48.750,0.000,-0.03,29,-6
464.353,45.250,0.000,-0.03,29,-5
464.351,41.750,0.000,-0.03,29,-4
464.349,38.250,0.000,-0.03,29,-3
466.356,52.249,0.000,-0.03,29,-7
466.354,48.749,0.000,-0.03,29,-6
466.353,45.249,0.000,-0.03,29,-5
466.351,41.749,0.000,-0.03,29,-4
466.349,38.249,0.000,-0.03,29,-3
468.356,52.249,0.000,-0.03,29,-7
468.354,48.749,0.000,-0.03,29,-6
468.353,45.249,0.000,-0.03,29,-5
468.351,41.749,0.000,-0.03,29,-4
468.349,38.249,0.000,-0.03,29,-3
470.356,52.248,0.000,-0.03,29,-7
470.354,48.748,0.000,-0.03,29,-6
470.353,45.248,0.000,-0.03,29,-5
470.351,41.748,0.000,-0.03,29,-4
470.349,38.248,0.000,-0.03,29,-3
472.356,52.247,0.000,-0.03,29,-7
472.354,48.747,0.000,-0.03,29,-6
472.353,45.247,0.000,-0.03,29,-5
472.351,41.747,0.000,-0.03,29,-4
472.349,38.247,0.000,-0.03,29,-3
474.356,52.246,0.000,-0.03,29,-7
474.354,48.746,0.000,-0.03,29,-6
474.353,45.246,0.000,-0.03,29,-5
474.351,41.746,0.000,-0.03,29,-4
474.349,38.246,0.000,-0.03,29,-3
476.356,52.245,0.000,-0.03,29,-7
476.354,48.745,0.000,-0.03,29,-6
476.353,45.245,0.000,-0.03,29,-5
476.351,41.745,0.000,-0.03,29,-4
476.349,38.245,0.000,-0.03,29,-3
478.356,52.244,0.000,-0.03,29,-7
478.354,48.744,0.000,-0.03,29,-6
478.353,45.244,0.000,-0.03,29,-5
478.351,41.744,0.000,-0.03,29,-4
478.349,38.244,0.000,-0.03,29,-3
12.786,-119.626,0.000,-73.25,10,-5
9.434,-120.634,0.000,-73.25,10,-4
6.083,-121.643,0.000,-73.25,10,-3
13.362,-121.541,0.000,-73.25,10,-5
10.011,-122.549,0.000,-73.25,10,-4
6.659,-123.558,0.000,-73.25,10,-3
13.939,-123.456,0.000,-73.25,10,-5
10.587,-124.465,0.000,-73.25,10,-4
7.236,-125.473,0.000,-73.25,10,-3
14.515,-125.371,0.000,-73.25,10,-5
11.163,-126.380,0.000,-73.25,10,-4
7.812,-127.388,0.000,-73.25,10,-3
15.091,-127.286,0.000,-73.25,10,-5
11.740,-128.295,0.000,-73.25,10,-4
8.388,-129.304,0.000,-73.25,10,-3
15.668,-129.201,0.000,-73.25,10,-5
12.316,-130.210,0.000,-73.25,10,-4
8.965,-131.219,0.000,-73.25,10,-3
16.244,-131.117,0.000,-73.25,10,-5
12.893,-132.125,0.000,-73.25,10,-4
9.541,-133.134,0.000,-73.25,10,-3
16.749,-133.287,0.000,-80.78,10,-5
13.294,-133.848,0.000,-80.78,10,-4
9.839,-134.408,0.000,-80.78,10,-3
16.956,-135.513,0.000,-88.57,10,-5
13.457,-135.601,0.000,-88.57,10,-4
9.958,-135.688,0.000,-88.57,10,-3
16.860,-137.747,0.000,-96.35,10,-5
13.382,-137.360,0.000,-96.35,10,-4
9.903,-136.973,0.000,-96.35,10,-3
16.463,-139.948,0.000,-104.14,10,-5
13.069,-139.093,0.000,-104.14,10,-4
9.675,-138.238,0.000,-104.14,10,-3
15.771,-142.074,0.000,-111.92,10,-5
12.524,-140.767,0.000,-111.92,10,-4
9.277,-139.461,0.000,-111.92,10,-3
14.797,-144.087,0.000,-119.70,10,-5
11.757,-142.353,0.000,-119.70,10,-4
8.717,-140.618,0.000,-119.70,10,-3
13.560,-145.949,0.000,-127.49,10,-5
10.783,-143.819,0.000,-127.49,10,-4
8.005,-141.689,0.000,-127.49,10,-3
12.082,-147.627,0.000,-135.27,10,-5
9.619,-145.141,0.000,-135.27,10,-4
7.155,-142.654,0.000,-135.27,10,-3
10.390,-149.089,0.000,-143.05,10,-5
8.286,-146.292,0.000,-143.05,10,-4
6.183,-143.495,0.000,-143.05,10,-3
8.516,-150.309,0.000,-150.84,10,-5
6.811,-147.253,0.000,-150.84,10,-4
5.105,-144.196,0.000,-150.84,10,-3
6.494,-151.264,0.000,-158.62,10,-5
5.218,-148.004,0.000,-158.62,10,-4
3.942,-144.745,0.000,-158.62,10,-3
4.361,-151.936,0.000,-166.40,10,-5
3.539,-148.534,0.000,-166.40,10,-4
2.716,-145.132,0.000,-166.40,10,-3
2.157,-152.312,0.000,-174.19,10,-5
1.803,-148.830,0.000,-174.19,10,-4
1.448,-145.348,0.000,-174.19,10,-3
-0.074,-152.388,0.000,178.13,10,-5
0.040,-148.890,0.000,178.13,10,-4
0.154,-145.392,0.000,178.13,10,-3
-2.293,-152.169,0.000,170.58,10,-5
-1.720,-148.716,0.000,170.58,10,-4
-1.147,-145.263,0.000,170.58,10,-3
-4.463,-151.660,0.000,163.03,10,-5
-3.441,-148.312,0.000,163.03,10,-4
-2.420,-144.965,0.000,163.03,10,-3
-6.547,-150.870,0.000,155.48,10,-5
-5.095,-147.686,0.000,155.48,10,-4
-3.642,-144.502,0.000,155.48,10,-3
-8.510,-149.814,0.000,147.93,10,-5
-6.652,-146.848,0.000,147.93,10,-4
-4.793,-143.882,0.000,147.93,10,-3
-10.317,-148.509,0.000,140.38,10,-5
-8.085,-145.813,0.000,140.38,10,-4
-5.853,-143.117,0.000,140.38,10,-3
-11.936,-146.978,0.000,132.83,10,-5
-9.370,-144.598,0.000,132.83,10,-4
-6.803,-142.218,0.000,132.83,10,-3
-13.341,-145.247,0.000,125.29,10,-5
-10.484,-143.225,0.000,125.29,10,-4
-7.627,-141.203,0.000,125.29,10,-3
-14.506,-143.347,0.000,117.74,10,-5
-11.408,-141.718,0.000,117.74,10,-4
-8.310,-140.089,0.000,117.74,10,-3
-15.411,-141.310,0.000,110.19,10,-5
-12.126,-140.102,0.000,110.19,10,-4
-8.841,-138.894,0.000,110.19,10,-3
-16.041,-139.172,0.000,102.64,10,-5
-12.626,-138.406,0.000,102.64,10,-4
-9.211,-137.640,0.000,102.64,10,-3
-16.384,-136.969,0.000,95.09,10,-5
-12.898,-136.659,0.000,95.09,10,-4
-9.412,-136.348,0.000,95.09,10,-3
-16.436,-134.741,0.000,87.54,10,-5
-12.939,-134.891,0.000,87.54,10,-4
-9.442,-135.041,0.000,87.54,10,-3
-16.194,-132.525,0.000,79.99,10,-5
-12.747,-133.133,0.000,79.99,10,-4
-9.300,-133.742,0.000,79.99,10,-3
-15.762,-130.497,0.000,77.58,10,-5
-12.344,-131.250,0.000,77.58,10,-4
-8.926,-132.003,0.000,77.58,10,-3
-15.332,-128.544,0.000,77.58,10,-5
-11.914,-129.297,0.000,77.58,10,-4
-8.496,-130.050,0.000,77.58,10,-3
-14.902,-126.590,0.000,77.58,10,-5
-11.484,-127.344,0.000,77.58,10,-4
-8.066,-128.097,0.000,77.58,10,-3
-14.471,-124.637,0.000,77.58,10,-5
-11.053,-125.390,0.000,77.58,10,-4
-7.635,-126.143,0.000,77.58,10,-3
-14.041,-122.684,0.000,77.58,10,-5
-10.623,-123.437,0.000,77.58,10,-4
-7.205,-124.190,0.000,77.58,10,-3
-13.611,-120.731,0.000,77.58,10,-5
-10.193,-121.484,0.000,77.58,10,-4
-6.775,-122.237,0.000,77.58,10,-3
641.275,152.557,0.000,-359.77,391,-1
643.275,152.565,0.000,-359.77,391,-1
645.274,152.573,0.000,-359.77,391,-1
647.324,152.573,0.000,-361.39,391,-1
649.485,152.417,0.000,-366.87,391,-1
651.621,152.055,0.000,-372.34,391,-1
653.713,151.492,0.000,-377.82,391,-1
655.741,150.731,0.000,-383.30,391,-1
657.688,149.780,0.000,-388.77,391,-1
659.535,148.648,0.000,-394.25,391,-1
661.265,147.344,0.000,-399.73,391,-1
662.864,145.882,0.000,-405.20,391,-1
664.315,144.273,0.000,-410.68,391,-1
665.606,142.534,0.000,-416.15,391,-1
666.723,140.761,0.000,-59.28,391,-1
667.744,138.936,0.000,-62.28,391,-1
668.668,137.059,0.000,-65.29,391,-1
669.492,135.137,0.000,-68.30,391,-1
670.215,133.174,0.000,-71.30,391,-1
670.833,131.176,0.000,-74.31,391,-1
671.346,129.148,0.000,-77.31,391,-1
671.751,127.096,0.000,-80.32,391,-1
672.049,125.026,0.000,-83.33,391,-1
672.237,122.943,0.000,-86.33,391,-1
672.316,120.853,0.000,-89.34,391,-1
452.556,151.784,0.000,0.23,1037,-7
452.570,148.284,0.000,0.23,1037,-6
452.585,144.784,0.000,0.23,1037,-5
452.599,141.284,0.000,0.23,1037,-4
452.613,137.784,0.000,0.23,1037,-3
454.556,151.792,0.000,0.23,1037,-7
454.570,148.292,0.000,0.23,1037,-6
454.585,144.792,0.000,0.23,1037,-5
454.599,141.292,0.000,0.23,1037,-4
454.613,137.792,0.000,0.23,1037,-3
456.556,151.800,0.000,0.23,1037,-7
456.570,148.300,0.000,0.23,1037,-6
456.585,144.800,0.000,0.23,1037,-5
456.599,141.300,0.000,0.23,1037,-4
456.613,137.800,0.000,0.23,1037,-3
458.556,151.808,0.000,0.23,1037,-7
458.570,148.308,0.000,0.23,1037,-6
458.585,144.808,0.000,0.23,1037,-5
458.599,141.308,0.000,0.23,1037,-4
458.613,137.809,0.000,0.23,1037,-3
460.556,151.817,0.000,0.23,1037,-7
460.570,148.317,0.000,0.23,1037,-6
460.585,144.817,0.000,0.23,1037,-5
460.599,141.317,0.000,0.23,1037,-4
460.613,137.817,0.000,0.23,1037,-3
462.556,151.825,0.000,0.23,1037,-7
462.570,148.325,0.000,0.23,1037,-6
462.585,144.825,0.000,0.23,1037,-5
462.599,141.325,0.000,0.23,1037,-4
462.613,137.825,0.000,0.23,1037,-3
464.556,151.833,0.000,0.23,1037,-7
464.570,148.333,0.000,0.23,1037,-6
464.585,144.833,0.000,0.23,1037,-5
464.599,141.333,0.000,0.23,1037,-4
464.613,137.833,0.000,0.23,1037,-3
466.556,151.841,0.000,0.23,1037,-7
466.570,148.341,0.000,0.23,1037,-6
466.585,144.841,0.000,0.23,1037,-5
466.599,141.341,0.000,0.23,1037,-4
466.613,137.841,0.000,0.23,1037,-3
468.556,151.849,0.000,0.23,1037,-7
468.570,148.349,0.000,0.23,1037,-6
468.585,144.849,0.000,0.23,1037,-5
468.599,141.349,0.000,0.23,1037,-4
468.613,137.849,0.000,0.23,1037,-3
470.556,151.858,0.000,0.23,1037,-7
470.570,148.358,0.000,0.23,1037,-6
470.585,144.858,0.000,0.23,1037,-5
470.599,141.358,0.000,0.23,1037,-4
470.613,137.858,0.000,0.23,1037,-3
472.556,151.866,0.000,0.23,1037,-7
472.570,148.366,0.000,0.23,1037,-6
472.585,144.866,0.000,0.23,1037,-5
472.599,141.366,0.000,0.23,1037,-4
472.613,137.866,0.000,0.23,1037,-3
474.556,151.874,0.000,0.23,1037,-7
474.570,148.374,0.000,0.23,1037,-6
474.585,144.874,0.000,0.23,1037,-5
474.599,141.374,0.000,0.23,1037,-4
474.613,137.874,0.000,0.23,1037,-3
476.556,151.882,0.000,0.23,1037,-7
476.570,148.382,0.000,0.23,1037,-6
476.585,144.882,0.000,0.23,1037,-5
476.599,141.382,0.000,0.23,1037,-4
476.613,137.882,0.000,0.23,1037,-3
478.556,151.890,0.000,0.23,1037,-7
478.570,148.390,0.000,0.23,1037,-6
478.585,144.890,0.000,0.23,1037,-5
478.599,141.390,0.000,0.23,1037,-4
478.613,137.890,0.000,0.23,1037,-3
480.556,151.899,0.000,0.23,1037,-7
480.570,148.399,0.000,0.23,1037,-6
480.585,144.899,0.000,0.23,1037,-5
480.599,141.399,0.000,0.23,1037,-4
480.613,137.899,0.000,0.23,1037,-3
482.556,151.907,0.000,0.23,1037,-7
482.570,148.407,0.000,0.23,1037,-6
482.585,144.907,0.000,0.23,1037,-5
482.599,141.407,0.000,0.23,1037,-4
482.613,137.907,0.000,0.23,1037,-3
484.556,151.915,0.000,0.23,1037,-7
484.570,148.415,0.000,0.23,1037,-6
484.585,144.915,0.000,0.23,1037,-5
484.599,141.415,0.000,0.23,1037,-4
484.613,137.915,0.000,0.23,1037,-3
486.556,151.923,0.000,0.23,1037,-7
486.570,148.423,0.000,0.23,1037,-6
486.585,144.923,0.000,0.23,1037,-5
486.599,141.423,0.000,0.23,1037,-4
486.613,137.923,0.000,0.23,1037,-3
488.556,151.931,0.000,0.23,1037,-7
488.570,148.431,0.000,0.23,1037,-6
488.584,144.931,0.000,0.23,1037,-5
488.599,141.431,0.000,0.23,1037,-4
488.613,137.931,0.000,0.23,1037,-3
490.556,151.939,0.000,0.23,1037,-7
490.570,148.440,0.000,0.23,1037,-6
490.584,144.940,0.000,0.23,1037,-5
490.599,141.440,0.000,0.23,1037,-4
490.613,137.940,0.000,0.23,1037,-3
492.556,151.948,0.000,0.23,1037,-7
492.570,148.448,0.000,0.23,1037,-6
492.584,144.948,0.000,0.23,1037,-5
492.599,141.448,0.000,0.23,1037,-4
492.613,137.948,0.000,0.23,1037,-3
494.556,151.956,0.000,0.23,1037,-7
494.570,148.456,0.000,0.23,1037,-6
494.584,144.956,0.000,0.23,1037,-5
494.599,141.456,0.000,0.23,1037,-4
494.613,137.956,0.000,0.23,1037,-3
496.556,151.964,0.000,0.23,1037,-7
496.570,148.464,0.000,0.23,1037,-6
496.584,144.964,0.000,0.23,1037,-5
496.599,141.464,0.000,0.23,1037,-4
496.613,137.964,0.000,0.23,1037,-3
-85.136,225.770,0.000,-43.93,9,-3
-83.794,224.410,0.000,-46.84,9,-3
-82.523,222.983,0.000,-49.76,9,-3
-81.326,221.494,0.000,-52.67,9,-3
-80.207,219.945,0.000,-55.59,9,-3
-79.167,218.342,0.000,-58.50,9,-3
-78.211,216.688,0.000,-61.42,9,-3
-77.339,214.987,0.000,-64.33,9,-3
-76.556,213.245,0.000,-67.25,9,-3
-75.862,211.464,0.000,-70.16,9,-3
-75.259,209.651,0.000,-73.08,9,-3
-74.750,207.809,0.000,-75.99,9,-3
-74.335,205.944,0.000,-78.91,9,-3
-74.015,204.061,0.000,-81.82,9,-3
-73.791,202.163,0.000,-84.74,9,-3
-73.658,200.229,0.000,-86.73,9,-3
-73.544,198.232,0.000,-86.73,9,-3
-73.430,196.235,0.000,-86.73,9,-3
125.205,121.509,0.000,-22.41,8,-3
127.065,120.732,0.000,-22.94,8,-3
128.919,119.937,0.000,-23.47,8,-3
130.764,119.126,0.000,-24.00,8,-3
132.602,118.297,0.000,-24.53,8,-3
134.433,117.452,0.000,-25.06,8,-3
136.255,116.590,0.000,-25.59,8,-3
138.069,115.710,0.000,-26.12,8,-3
139.876,114.814,0.000,-26.65,8,-3
141.673,113.902,0.000,-27.18,8,-3
143.463,112.973,0.000,-27.71,8,-3
145.243,112.027,0.000,-28.24,8,-3
147.015,111.065,0.000,-28.77,8,-3
148.778,110.086,0.000,-29.30,8,-3
150.532,109.091,0.000,-29.83,8,-3
152.276,108.080,0.000,-30.36,8,-3
154.011,107.053,0.000,-30.89,8,-3
155.736,106.010,0.000,-31.42,8,-3
157.452,104.951,0.000,-31.95,8,-3
159.158,103.876,0.000,-32.48,8,-3
160.854,102.786,0.000,-33.01,8,-3
162.539,101.680,0.000,-33.54,8,-3
164.215,100.558,0.000,-34.07,8,-3
165.880,99.421,0.000,-34.60,8,-3
167.534,98.268,0.000,-35.13,8,-3
169.177,97.101,0.000,-35.66,8,-3
170.810,95.918,0.000,-36.19,8,-3
172.431,94.720,0.000,-36.71,8,-3
174.035,93.524,0.000,-36.71,8,-3
175.638,92.329,0.000,-36.71,8,-3
177.241,91.133,0.000,-36.71,8,-3
178.845,89.937,0.000,-36.71,8,-3
180.448,88.742,0.000,-36.71,8,-3
182.051,87.546,0.000,-36.71,8,-3
-234.991,159.776,0.000,142.88,7,-3
-236.448,160.951,0.000,139.41,7,-3
-237.831,162.211,0.000,135.94,7,-3
-239.134,163.552,0.000,132.47,7,-3
-240.354,164.970,0.000,129.00,7,-3
-241.485,166.457,0.000,125.54,7,-3
-242.524,168.010,0.000,122.07,7,-3
-243.467,169.622,0.000,118.61,7,-3
-244.311,171.288,0.000,115.16,7,-3
-245.052,173.001,0.000,111.70,7,-3
-245.689,174.755,0.000,108.24,7,-3
-246.219,176.544,0.000,104.79,7,-3
-246.640,178.360,0.000,101.34,7,-3
-246.951,180.199,0.000,97.90,7,-3
-247.152,182.052,0.000,94.45,7,-3
-247.241,183.925,0.000,91.28,7,-3
-247.286,185.924,0.000,91.31,7,-3
-247.332,187.924,0.000,91.35,7,-3
-247.380,189.923,0.000,91.38,7,-3
641.332,138.557,0.000,-359.77,384,-1
643.332,138.565,0.000,-359.77,384,-1
645.332,138.574,0.000,-359.77,384,-1
647.290,138.579,0.000,-361.13,384,-1
648.957,138.393,0.000,-371.61,384,-1
650.563,137.907,0.000,-382.08,384,-1
652.054,137.137,0.000,-392.56,384,-1
653.379,136.108,0.000,-403.04,384,-1
654.496,134.856,0.000,-413.51,384,-1
655.366,133.422,0.000,-423.99,384,-1
656.103,131.711,0.000,-68.46,384,-1
656.746,129.928,0.000,-71.88,384,-1
657.281,128.110,0.000,-75.30,384,-1
657.708,126.263,0.000,-78.71,384,-1
658.023,124.394,0.000,-82.13,384,-1
658.227,122.510,0.000,-85.55,384,-1
658.317,120.616,0.000,-88.96,384,-1
9.816,124.898,0.000,-92.17,1,-3
6.318,125.031,0.000,-92.17,1,-2
2.821,125.164,0.000,-92.17,1,-1
9.746,122.951,0.000,-91.94,1,-3
6.248,123.069,0.000,-91.94,1,-2
2.750,123.188,0.000,-91.94,1,-1
9.684,121.003,0.000,-91.71,1,-3
6.185,121.107,0.000,-91.71,1,-2
2.687,121.212,0.000,-91.71,1,-1
9.629,119.054,0.000,-91.48,1,-3
6.131,119.145,0.000,-91.48,1,-2
2.632,119.236,0.000,-91.48,1,-1
9.583,117.106,0.000,-91.25,1,-3
6.084,117.183,0.000,-91.25,1,-2
2.584,117.259,0.000,-91.25,1,-1
9.544,115.157,0.000,-91.03,1,-3
6.045,115.220,0.000,-91.03,1,-2
2.545,115.283,0.000,-91.03,1,-1
9.513,113.209,0.000,-90.80,1,-3
6.013,113.257,0.000,-90.80,1,-2
2.514,113.306,0.000,-90.80,1,-1
9.490,111.260,0.000,-90.57,1,-3
5.990,111.294,0.000,-90.57,1,-2
2.490,111.329,0.000,-90.57,1,-1
-20.945,239.562,0.000,-0.20,899,-1
-18.933,239.550,0.000,-0.58,899,-1
-16.918,239.521,0.000,-1.09,899,-1
-14.903,239.473,0.000,-1.61,899,-1
-12.888,239.408,0.000,-2.12,899,-1
-10.874,239.324,0.000,-2.64,899,-1
-8.861,239.222,0.000,-3.15,899,-1
-6.849,239.102,0.000,-3.67,899,-1
-4.838,238.965,0.000,-4.18,899,-1
-2.828,238.809,0.000,-4.70,899,-1
-0.822,238.635,0.000,-5.16,899,-1
1.170,238.455,0.000,-5.16,899,-1
3.152,238.280,0.000,-4.82,899,-1
5.130,238.122,0.000,-4.28,899,-1
7.108,237.984,0.000,-3.74,899,-1
9.088,237.863,0.000,-3.21,899,-1
11.069,237.762,0.000,-2.67,899,-1
13.051,237.679,0.000,-2.13,899,-1
15.033,237.614,0.000,-1.59,899,-1
17.017,237.569,0.000,-1.05,899,-1
19.000,237.541,0.000,-0.52,899,-1
20.984,237.533,0.000,0.02,899,-1
11.249,162.313,0.000,-90.53,0,-3
7.750,162.345,0.000,-90.53,0,-2
4.250,162.377,0.000,-90.53,0,-1
11.229,160.278,0.000,-90.69,0,-3
7.729,160.319,0.000,-90.69,0,-2
4.229,160.361,0.000,-90.69,0,-1
-129.235,52.452,0.000,-0.02,13,-6
-129.236,48.952,0.000,-0.02,13,-5
-129.238,45.452,0.000,-0.02,13,-4
-129.239,41.952,0.000,-0.02,13,-3
-127.235,52.451,0.000,-0.02,13,-6
-127.236,48.951,0.000,-0.02,13,-5
-127.238,45.451,0.000,-0.02,13,-4
-127.239,41.951,0.000,-0.02,13,-3
-125.235,52.450,0.000,-0.02,13,-6
-125.236,48.950,0.000,-0.02,13,-5
-125.238,45.450,0.000,-0.02,13,-4
-125.239,41.950,0.000,-0.02,13,-3
-123.235,52.449,0.000,-0.02,13,-6
-123.236,48.949,0.000,-0.02,13,-5
-123.238,45.449,0.000,-0.02,13,-4
-123.239,41.949,0.000,-0.02,13,-3
-121.235,52.448,0.000,-0.02,13,-6
-121.236,48.948,0.000,-0.02,13,-5
-121.238,45.448,0.000,-0.02,13,-4
-121.239,41.948,0.000,-0.02,13,-3
-119.235,52.447,0.000,-0.02,13,-6
-119.236,48.947,0.000,-0.02,13,-5
-119.238,45.447,0.000,-0.02,13,-4
-119.239,41.947,0.000,-0.02,13,-3
-117.235,52.447,0.000,-0.02,13,-6
-117.236,48.947,0.000,-0.02,13,-5
-117.238,45.447,0.000,-0.02,13,-4
-117.239,41.947,0.000,-0.02,13,-3
-115.235,52.446,0.000,-0.02,13,-6
-115.236,48.946,0.000,-0.02,13,-5
-115.238,45.446,0.000,-0.02,13,-4
-115.239,41.946,0.000,-0.02,13,-3
-113.235,52.445,0.000,-0.02,13,-6
-113.236,48.945,0.000,-0.02,13,-5
-113.238,45.445,0.000,-0.02,13,-4
-113.239,41.945,0.000,-0.02,13,-3
-111.235,52.444,0.000,-0.02,13,-6
-111.236,48.944,0.000,-0.02,13,-5
-111.238,45.444,0.000,-0.02,13,-4
-111.239,41.944,0.000,-0.02,13,-3
-109.235,52.443,0.000,-0.02,13,-6
-109.236,48.943,0.000,-0.02,13,-5
-109.238,45.443,0.000,-0.02,13,-4
-109.239,41.943,0.000,-0.02,13,-3
-107.235,52.443,0.000,-0.02,13,-6
-107.236,48.943,0.000,-0.02,13,-5
-107.238,45.443,0.000,-0.02,13,-4
-107.239,41.943,0.000,-0.02,13,-3
-105.235,52.442,0.000,-0.02,13,-6
-105.236,48.942,0.000,-0.02,13,-5
-105.238,45.442,0.000,-0.02,13,-4
-105.239,41.942,0.000,-0.02,13,-3
-103.235,52.441,0.000,-0.02,13,-6
-103.236,48.941,0.000,-0.02,13,-5
-103.238,45.441,0.000,-0.02,13,-4
-103.239,41.941,0.000,-0.02,13,-3
-101.235,52.440,0.000,-0.02,13,-6
-101.236,48.940,0.000,-0.02,13,-5
-101.238,45.440,0.000,-0.02,13,-4
-101.239,41.940,0.000,-0.02,13,-3
-99.235,52.439,0.000,-0.02,13,-6
-99.236,48.939,0.000,-0.02,13,-5
-99.238,45.439,0.000,-0.02,13,-4
-99.239,41.939,0.000,-0.02,13,-3
-97.235,52.439,0.000,-0.02,13,-6
-97.236,48.939,0.000,-0.02,13,-5
-97.238,45.439,0.000,-0.02,13,-4
-97.239,41.939,0.000,-0.02,13,-3
-95.235,52.438,0.000,-0.02,13,-6
-95.236,48.938,0.000,-0.02,13,-5
-95.238,45.438,0.000,-0.02,13,-4
-95.239,41.938,0.000,-0.02,13,-3
-93.235,52.437,0.000,-0.02,13,-6
-93.236,48.937,0.000,-0.02,13,-5
-93.238,45.437,0.000,-0.02,13,-4
-93.239,41.937,0.000,-0.02,13,-3
-91.235,52.436,0.000,-0.02,13,-6
-91.236,48.936,0.000,-0.02,13,-5
-91.238,45.436,0.000,-0.02,13,-4
-91.239,41.936,0.000,-0.02,13,-3
-89.235,52.435,0.000,-0.02,13,-6
-89.236,48.935,0.000,-0.02,13,-5
-89.238,45.435,0.000,-0.02,13,-4
-89.239,41.935,0.000,-0.02,13,-3
-87.235,52.435,0.000,-0.02,13,-6
-87.236,48.935,0.000,-0.02,13,-5
-87.238,45.435,0.000,-0.02,13,-4
-87.239,41.935,0.000,-0.02,13,-3
-85.235,52.434,0.000,-0.02,13,-6
-85.236,48.934,0.000,-0.02,13,-5
-85.238,45.434,0.000,-0.02,13,-4
-85.239,41.934,0.000,-0.02,13,-3
-83.235,52.433,0.000,-0.02,13,-6
-83.236,48.933,0.000,-0.02,13,-5
-83.238,45.433,0.000,-0.02,13,-4
-83.239,41.933,0.000,-0.02,13,-3
-81.235,52.432,0.000,-0.02,13,-6
-81.236,48.932,0.000,-0.02,13,-5
-81.238,45.432,0.000,-0.02,13,-4
-81.239,41.932,0.000,-0.02,13,-3
-79.235,52.431,0.000,-0.02,13,-6
-79.236,48.931,0.000,-0.02,13,-5
-79.238,45.431,0.000,-0.02,13,-4
-79.239,41.931,0.000,-0.02,13,-3
-77.235,52.431,0.000,-0.02,13,-6
-77.236,48.931,0.000,-0.02,13,-5
-77.238,45.431,0.000,-0.02,13,-4
-77.239,41.931,0.000,-0.02,13,-3
-75.235,52.430,0.000,-0.02,13,-6
-75.236,48.930,0.000,-0.02,13,-5
-75.238,45.430,0.000,-0.02,13,-4
-75.239,41.930,0.000,-0.02,13,-3
-73.235,52.429,0.000,-0.02,13,-6
-73.236,48.929,0.000,-0.02,13,-5
-73.238,45.429,0.000,-0.02,13,-4
-73.239,41.929,0.000,-0.02,13,-3
-71.235,52.428,0.000,-0.02,13,-6
-71.236,48.928,0.000,-0.02,13,-5
-71.238,45.428,0.000,-0.02,13,-4
-71.239,41.928,0.000,-0.02,13,-3
-69.235,52.427,0.000,-0.02,13,-6
-69.236,48.927,0.000,-0.02,13,-5
-69.238,45.427,0.000,-0.02,13,-4
-69.239,41.927,0.000,-0.02,13,-3
-67.235,52.426,0.000,-0.02,13,-6
-67.236,48.926,0.000,-0.02,13,-5
-67.238,45.426,0.000,-0.02,13,-4
-67.239,41.926,0.000,-0.02,13,-3
-65.235,52.426,0.000,-0.02,13,-6
-65.236,48.926,0.000,-0.02,13,-5
-65.238,45.426,0.000,-0.02,13,-4
-65.239,41.926,0.000,-0.02,13,-3
-63.235,52.425,0.000,-0.02,13,-6
-63.236,48.925,0.000,-0.02,13,-5
-63.238,45.425,0.000,-0.02,13,-4
-63.239,41.925,0.000,-0.02,13,-3
-61.235,52.424,0.000,-0.02,13,-6
-61.236,48.924,0.000,-0.02,13,-5
-61.238,45.424,0.000,-0.02,13,-4
-61.239,41.924,0.000,-0.02,13,-3
-59.235,52.423,0.000,-0.02,13,-6
-59.236,48.923,0.000,-0.02,13,-5
-59.238,45.423,0.000,-0.02,13,-4
-59.239,41.923,0.000,-0.02,13,-3
-57.235,52.422,0.000,-0.02,13,-6
-57.236,48.922,0.000,-0.02,13,-5
-57.238,45.422,0.000,-0.02,13,-4
-57.239,41.922,0.000,-0.02,13,-3
-55.235,52.422,0.000,-0.02,13,-6
-55.236,48.922,0.000,-0.02,13,-5
-55.238,45.422,0.000,-0.02,13,-4
-55.239,41.922,0.000,-0.02,13,-3
-53.235,52.421,0.000,-0.02,13,-6
-53.236,48.921,0.000,-0.02,13,-5
-53.238,45.421,0.000,-0.02,13,-4
-53.239,41.921,0.000,-0.02,13,-3
-51.235,52.420,0.000,-0.02,13,-6
-51.236,48.920,0.000,-0.02,13,-5
-51.238,45.420,0.000,-0.02,13,-4
-51.239,41.920,0.000,-0.02,13,-3
-49.235,52.419,0.000,-0.02,13,-6
-49.236,48.919,0.000,-0.02,13,-5
-49.238,45.419,0.000,-0.02,13,-4
-49.239,41.919,0.000,-0.02,13,-3
-47.235,52.418,0.000,-0.02,13,-6
-47.236,48.918,0.000,-0.02,13,-5
-47.238,45.418,0.000,-0.02,13,-4
-47.239,41.918,0.000,-0.02,13,-3
-45.235,52.418,0.000,-0.02,13,-6
-45.236,48.918,0.000,-0.02,13,-5
-45.238,45.418,0.000,-0.02,13,-4
-45.239,41.918,0.000,-0.02,13,-3
-43.235,52.417,0.000,-0.02,13,-6
-43.236,48.917,0.000,-0.02,13,-5
-43.238,45.417,0.000,-0.02,13,-4
-43.239,41.917,0.000,-0.02,13,-3
-41.235,52.416,0.000,-0.02,13,-6
-41.236,48.916,0.000,-0.02,13,-5
-41.238,45.416,0.000,-0.02,13,-4
-41.239,41.916,0.000,-0.02,13,-3
-39.235,52.415,0.000,-0.02,13,-6
-39.236,48.915,0.000,-0.02,13,-5
-39.238,45.415,0.000,-0.02,13,-4
-39.239,41.915,0.000,-0.02,13,-3
-37.235,52.414,0.000,-0.02,13,-6
-37.236,48.914,0.000,-0.02,13,-5
-37.238,45.414,0.000,-0.02,13,-4
-37.239,41.914,0.000,-0.02,13,-3
-35.235,52.414,0.000,-0.02,13,-6
-35.236,48.914,0.000,-0.02,13,-5
-35.238,45.414,0.000,-0.02,13,-4
-35.239,41.914,0.000,-0.02,13,-3
-33.235,52.413,0.000,-0.02,13,-6
-33.236,48.913,0.000,-0.02,13,-5
-33.238,45.413,0.000,-0.02,13,-4
-33.239,41.913,0.000,-0.02,13,-3
-31.235,52.412,0.000,-0.02,13,-6
-31.236,48.912,0.000,-0.02,13,-5
-31.238,45.412,0.000,-0.02,13,-4
-31.239,41.912,0.000,-0.02,13,-3
-29.235,52.411,0.000,-0.02,13,-6
-29.236,48.911,0.000,-0.02,13,-5
-29.238,45.411,0.000,-0.02,13,-4
-29.239,41.911,0.000,-0.02,13,-3
-27.235,52.410,0.000,-0.02,13,-6
-27.236,48.910,0.000,-0.02,13,-5
-27.238,45.410,0.000,-0.02,13,-4
-27.239,41.910,0.000,-0.02,13,-3
-25.235,52.410,0.000,-0.02,13,-6
-25.236,48.910,0.000,-0.02,13,-5
-25.238,45.410,0.000,-0.02,13,-4
-25.239,41.910,0.000,-0.02,13,-3
16.816,52.383,0.000,-0.05,14,-6
16.812,48.883,0.000,-0.05,14,-5
16.809,45.383,0.000,-0.05,14,-4
16.806,41.883,0.000,-0.05,14,-3
18.816,52.381,0.000,-0.05,14,-6
18.812,48.881,0.000,-0.05,14,-5
18.809,45.381,0.000,-0.05,14,-4
18.806,41.881,0.000,-0.05,14,-3
20.816,52.379,0.000,-0.05,14,-6
20.812,48.879,0.000,-0.05,14,-5
20.809,45.379,0.000,-0.05,14,-4
20.806,41.879,0.000,-0.05,14,-3
22.816,52.377,0.000,-0.05,14,-6
22.812,48.877,0.000,-0.05,14,-5
22.809,45.377,0.000,-0.05,14,-4
22.806,41.877,0.000,-0.05,14,-3
24.816,52.375,0.000,-0.05,14,-6
24.812,48.875,0.000,-0.05,14,-5
24.809,45.375,0.000,-0.05,14,-4
24.806,41.875,0.000,-0.05,14,-3
452.613,137.784,0.000,0.23,1043,-3
454.613,137.792,0.000,0.23,1043,-3
456.613,137.800,0.000,0.23,1043,-3
458.580,137.799,0.000,-0.87,1043,-3
460.509,137.732,0.000,-3.14,1043,-3
462.434,137.588,0.000,-5.40,1043,-3
464.353,137.368,0.000,-7.67,1043,-3
466.261,137.073,0.000,-9.93,1043,-3
468.155,136.702,0.000,-12.20,1043,-3
470.034,136.257,0.000,-14.46,1043,-3
471.894,135.738,0.000,-16.73,1043,-3
473.731,135.146,0.000,-18.99,1043,-3
475.544,134.482,0.000,-21.26,1043,-3
477.329,133.746,0.000,-23.52,1043,-3
479.084,132.941,0.000,-25.78,1043,-3
480.806,132.067,0.000,-28.05,1043,-3
482.491,131.126,0.000,-30.31,1043,-3
484.139,130.118,0.000,-32.58,1043,-3
485.745,129.047,0.000,-34.83,1043,-3
487.308,127.913,0.000,-37.08,1043,-3
488.826,126.718,0.000,-39.33,1043,-3
490.295,125.465,0.000,-41.58,1043,-3
491.714,124.156,0.000,-43.83,1043,-3
26.252,52.374,0.000,-0.05,15,-7
26.248,48.874,0.000,-0.05,15,-6
26.245,45.374,0.000,-0.05,15,-5
26.242,41.874,0.000,-0.05,15,-4
26.240,40.124,0.000,-0.05,15,-3
28.252,52.372,0.000,-0.05,15,-7
28.248,48.872,0.000,-0.05,15,-6
28.245,45.372,0.000,-0.05,15,-5
28.242,41.872,0.000,-0.05,15,-4
28.240,40.104,0.000,-1.04,15,-3
30.252,52.370,0.000,-0.05,15,-7
30.248,48.870,0.000,-0.05,15,-6
30.245,45.370,0.000,-0.05,15,-5
30.242,41.870,0.000,-0.05,15,-4
30.240,40.053,0.000,-1.91,15,-3
32.252,52.368,0.000,-0.05,15,-7
32.248,48.868,0.000,-0.05,15,-6
32.245,45.368,0.000,-0.05,15,-5
32.242,41.868,0.000,-0.05,15,-4
32.240,39.972,0.000,-2.67,15,-3
34.252,52.366,0.000,-0.05,15,-7
34.248,48.866,0.000,-0.05,15,-6
34.245,45.366,0.000,-0.05,15,-5
34.242,41.866,0.000,-0.05,15,-4
34.240,39.868,0.000,-3.32,15,-3
36.252,52.364,0.000,-0.05,15,-7
36.248,48.864,0.000,-0.05,15,-6
36.245,45.364,0.000,-0.05,15,-5
36.242,41.864,0.000,-0.05,15,-4
36.240,39.742,0.000,-3.85,15,-3
38.252,52.362,0.000,-0.05,15,-7
38.248,48.862,0.000,-0.05,15,-6
38.245,45.362,0.000,-0.05,15,-5
38.242,41.862,0.000,-0.05,15,-4
38.239,39.600,0.000,-4.28,15,-3
40.252,52.361,0.000,-0.05,15,-7
40.248,48.861,0.000,-0.05,15,-6
40.245,45.361,0.000,-0.05,15,-5
40.242,41.861,0.000,-0.05,15,-4
40.239,39.445,0.000,-4.59,15,-3
42.252,52.359,0.000,-0.05,15,-7
42.248,48.859,0.000,-0.05,15,-6
42.245,45.359,0.000,-0.05,15,-5
42.242,41.859,0.000,-0.05,15,-4
42.239,39.281,0.000,-4.79,15,-3
44.252,52.357,0.000,-0.05,15,-7
44.248,48.857,0.000,-0.05,15,-6
44.245,45.357,0.000,-0.05,15,-5
44.242,41.857,0.000,-0.05,15,-4
44.239,39.112,0.000,-4.88,15,-3
46.251,52.355,0.000,-0.05,15,-7
46.248,48.855,0.000,-0.05,15,-6
46.245,45.355,0.000,-0.05,15,-5
46.242,41.855,0.000,-0.05,15,-4
46.239,38.942,0.000,-4.86,15,-3
48.251,52.353,0.000,-0.05,15,-7
48.248,48.853,0.000,-0.05,15,-6
48.245,45.353,0.000,-0.05,15,-5
48.242,41.853,0.000,-0.05,15,-4
48.239,38.774,0.000,-4.72,15,-3
50.251,52.351,0.000,-0.05,15,-7
50.248,48.851,0.000,-0.05,15,-6
50.245,45.351,0.000,-0.05,15,-5
50.242,41.851,0.000,-0.05,15,-4
50.239,38.613,0.000,-4.48,15,-3
52.251,52.349,0.000,-0.05,15,-7
52.248,48.849,0.000,-0.05,15,-6
52.245,45.349,0.000,-0.05,15,-5
52.242,41.849,0.000,-0.05,15,-4
52.238,38.463,0.000,-4.12,15,-3
54.251,52.347,0.000,-0.05,15,-7
54.248,48.847,0.000,-0.05,15,-6
54.245,45.347,0.000,-0.05,15,-5
54.242,41.847,0.000,-0.05,15,-4
54.238,38.326,0.000,-3.65,15,-3
56.251,52.345,0.000,-0.05,15,-7
56.248,48.845,0.000,-0.05,15,-6
56.245,45.345,0.000,-0.05,15,-5
56.242,41.845,0.000,-0.05,15,-4
56.238,38.209,0.000,-3.07,15,-3
58.251,52.344,0.000,-0.05,15,-7
58.248,48.844,0.000,-0.05,15,-6
58.245,45.344,0.000,-0.05,15,-5
58.242,41.844,0.000,-0.05,15,-4
58.238,38.113,0.000,-2.38,15,-3
60.251,52.342,0.000,-0.05,15,-7
60.248,48.842,0.000,-0.05,15,-6
60.245,45.342,0.000,-0.05,15,-5
60.242,41.842,0.000,-0.05,15,-4
60.238,38.044,0.000,-1.58,15,-3
62.251,52.340,0.000,-0.05,15,-7
62.248,48.840,0.000,-0.05,15,-6
62.245,45.340,0.000,-0.05,15,-5
62.242,41.840,0.000,-0.05,15,-4
62.238,38.004,0.000,-0.66,15,-3
64.251,52.338,0.000,-0.05,15,-7
64.248,48.838,0.000,-0.05,15,-6
64.245,45.338,0.000,-0.05,15,-5
64.242,41.838,0.000,-0.05,15,-4
64.238,37.996,0.000,-0.04,15,-3
66.251,52.336,0.000,-0.05,15,-7
66.248,48.836,0.000,-0.05,15,-6
66.245,45.336,0.000,-0.05,15,-5
66.242,41.836,0.000,-0.05,15,-4
66.238,37.996,0.000,0.01,15,-3
68.251,52.334,0.000,-0.05,15,-7
68.248,48.834,0.000,-0.05,15,-6
68.245,45.334,0.000,-0.05,15,-5
68.242,41.834,0.000,-0.05,15,-4
68.238,37.997,0.000,0.05,15,-3
70.251,52.332,0.000,-0.05,15,-7
70.248,48.832,0.000,-0.05,15,-6
70.245,45.332,0.000,-0.05,15,-5
70.242,41.832,0.000,-0.05,15,-4
70.238,37.999,0.000,0.08,15,-3
72.251,52.330,0.000,-0.05,15,-7
72.248,48.830,0.000,-0.05,15,-6
72.245,45.330,0.000,-0.05,15,-5
72.242,41.830,0.000,-0.05,15,-4
72.238,38.002,0.000,0.12,15,-3
74.251,52.328,0.000,-0.05,15,-7
74.248,48.828,0.000,-0.05,15,-6
74.245,45.328,0.000,-0.05,15,-5
74.242,41.828,0.000,-0.05,15,-4
74.238,38.007,0.000,0.15,15,-3
76.251,52.327,0.000,-0.05,15,-7
76.248,48.827,0.000,-0.05,15,-6
76.245,45.327,0.000,-0.05,15,-5
76.242,41.827,0.000,-0.05,15,-4
76.238,38.013,0.000,0.18,15,-3
78.251,52.325,0.000,-0.05,15,-7
78.248,48.825,0.000,-0.05,15,-6
78.245,45.325,0.000,-0.05,15,-5
78.242,41.825,0.000,-0.05,15,-4
78.238,38.020,0.000,0.21,15,-3
80.251,52.323,0.000,-0.05,15,-7
80.248,48.823,0.000,-0.05,15,-6
80.245,45.323,0.000,-0.05,15,-5
80.242,41.823,0.000,-0.05,15,-4
80.238,38.028,0.000,0.24,15,-3
82.251,52.321,0.000,-0.05,15,-7
82.248,48.821,0.000,-0.05,15,-6
82.245,45.321,0.000,-0.05,15,-5
82.242,41.821,0.000,-0.05,15,-4
82.238,38.036,0.000,0.26,15,-3
84.251,52.319,0.000,-0.05,15,-7
84.248,48.819,0.000,-0.05,15,-6
84.245,45.319,0.000,-0.05,15,-5
84.242,41.819,0.000,-0.05,15,-4
84.238,38.046,0.000,0.28,15,-3
86.251,52.317,0.000,-0.05,15,-7
86.248,48.817,0.000,-0.05,15,-6
86.245,45.317,0.000,-0.05,15,-5
86.242,41.817,0.000,-0.05,15,-4
86.238,38.056,0.000,0.30,15,-3
88.251,52.315,0.000,-0.05,15,-7
88.248,48.815,0.000,-0.05,15,-6
88.245,45.315,0.000,-0.05,15,-5
88.242,41.815,0.000,-0.05,15,-4
88.238,38.066,0.000,0.31,15,-3
90.251,52.313,0.000,-0.05,15,-7
90.248,48.813,0.000,-0.05,15,-6
90.245,45.313,0.000,-0.05,15,-5
90.242,41.813,0.000,-0.05,15,-4
90.238,38.077,0.000,0.32,15,-3
92.251,52.312,0.000,-0.05,15,-7
92.248,48.812,0.000,-0.05,15,-6
92.245,45.312,0.000,-0.05,15,-5
92.242,41.812,0.000,-0.05,15,-4
92.238,38.089,0.000,0.34,15,-3
94.251,52.310,0.000,-0.05,15,-7
94.248,48.810,0.000,-0.05,15,-6
94.245,45.310,0.000,-0.05,15,-5
94.242,41.810,0.000,-0.05,15,-4
94.238,38.101,0.000,0.34,15,-3
96.251,52.308,0.000,-0.05,15,-7
96.248,48.808,0.000,-0.05,15,-6
96.245,45.308,0.000,-0.05,15,-5
96.242,41.808,0.000,-0.05,15,-4
96.238,38.113,0.000,0.35,15,-3
98.251,52.306,0.000,-0.05,15,-7
98.248,48.806,0.000,-0.05,15,-6
98.245,45.306,0.000,-0.05,15,-5
98.242,41.806,0.000,-0.05,15,-4
98.238,38.125,0.000,0.35,15,-3
100.251,52.304,0.000,-0.05,15,-7
100.248,48.804,0.000,-0.05,15,-6
100.245,45.304,0.000,-0.05,15,-5
100.242,41.804,0.000,-0.05,15,-4
100.238,38.137,0.000,0.35,15,-3
102.251,52.302,0.000,-0.05,15,-7
102.248,48.802,0.000,-0.05,15,-6
102.245,45.302,0.000,-0.05,15,-5
102.242,41.802,0.000,-0.05,15,-4
102.238,38.150,0.000,0.35,15,-3
104.251,52.300,0.000,-0.05,15,-7
104.248,48.800,0.000,-0.05,15,-6
104.245,45.300,0.000,-0.05,15,-5
104.242,41.800,0.000,-0.05,15,-4
104.238,38.162,0.000,0.35,15,-3
106.251,52.298,0.000,-0.05,15,-7
106.248,48.798,0.000,-0.05,15,-6
106.245,45.298,0.000,-0.05,15,-5
106.242,41.798,0.000,-0.05,15,-4
106.238,38.174,0.000,0.34,15,-3
108.251,52.296,0.000,-0.05,15,-7
108.248,48.796,0.000,-0.05,15,-6
108.245,45.296,0.000,-0.05,15,-5
108.242,41.796,0.000,-0.05,15,-4
108.238,38.185,0.000,0.33,15,-3
110.251,52.295,0.000,-0.05,15,-7
110.248,48.795,0.000,-0.05,15,-6
110.245,45.295,0.000,-0.05,15,-5
110.242,41.795,0.000,-0.05,15,-4
110.238,38.197,0.000,0.32,15,-3
112.251,52.293,0.000,-0.05,15,-7
112.248,48.793,0.000,-0.05,15,-6
112.245,45.293,0.000,-0.05,15,-5
112.242,41.793,0.000,-0.05,15,-4
112.238,38.208,0.000,0.30,15,-3
114.251,52.291,0.000,-0.05,15,-7
114.248,48.791,0.000,-0.05,15,-6
114.245,45.291,0.000,-0.05,15,-5
114.242,41.791,0.000,-0.05,15,-4
114.238,38.218,0.000,0.29,15,-3
116.251,52.289,0.000,-0.05,15,-7
116.248,48.789,0.000,-0.05,15,-6
116.245,45.289,0.000,-0.05,15,-5
116.242,41.789,0.000,-0.05,15,-4
116.238,38.228,0.000,0.27,15,-3
118.251,52.287,0.000,-0.05,15,-7
118.248,48.787,0.000,-0.05,15,-6
118.245,45.287,0.000,-0.05,15,-5
118.242,41.787,0.000,-0.05,15,-4
118.238,38.236,0.000,0.24,15,-3
120.251,52.285,0.000,-0.05,15,-7
120.248,48.785,0.000,-0.05,15,-6
120.245,45.285,0.000,-0.05,15,-5
120.242,41.785,0.000,-0.05,15,-4
120.238,38.245,0.000,0.22,15,-3
122.251,52.283,0.000,-0.05,15,-7
122.248,48.783,0.000,-0.05,15,-6
122.245,45.283,0.000,-0.05,15,-5
122.242,41.783,0.000,-0.05,15,-4
122.238,38.252,0.000,0.19,15,-3
-199.775,52.480,0.000,-0.02,12,-6
-199.776,48.980,0.000,-0.02,12,-5
-199.778,45.480,0.000,-0.02,12,-4
-199.779,41.980,0.000,-0.02,12,-3
-197.775,52.479,0.000,-0.02,12,-6
-197.776,48.979,0.000,-0.02,12,-5
-197.778,45.479,0.000,-0.02,12,-4
-197.779,41.979,0.000,-0.02,12,-3
-195.775,52.478,0.000,-0.02,12,-6
-195.776,48.978,0.000,-0.02,12,-5
-195.778,45.478,0.000,-0.02,12,-4
-195.779,41.978,0.000,-0.02,12,-3
-193.775,52.478,0.000,-0.02,12,-6
-193.776,48.978,0.000,-0.02,12,-5
-193.778,45.478,0.000,-0.02,12,-4
-193.779,41.978,0.000,-0.02,12,-3
-191.775,52.477,0.000,-0.02,12,-6
-191.776,48.977,0.000,-0.02,12,-5
-191.778,45.477,0.000,-0.02,12,-4
-191.779,41.977,0.000,-0.02,12,-3
-189.775,52.476,0.000,-0.02,12,-6
-189.776,48.976,0.000,-0.02,12,-5
-189.778,45.476,0.000,-0.02,12,-4
-189.779,41.976,0.000,-0.02,12,-3
-187.775,52.475,0.000,-0.02,12,-6
-187.776,48.975,0.000,-0.02,12,-5
-187.778,45.475,0.000,-0.02,12,-4
-187.779,41.975,0.000,-0.02,12,-3
-185.775,52.474,0.000,-0.02,12,-6
-185.776,48.974,0.000,-0.02,12,-5
-185.778,45.474,0.000,-0.02,12,-4
-185.779,41.974,0.000,-0.02,12,-3
-183.775,52.474,0.000,-0.02,12,-6
-183.776,48.974,0.000,-0.02,12,-5
-183.778,45.474,0.000,-0.02,12,-4
-183.779,41.974,0.000,-0.02,12,-3
-181.775,52.473,0.000,-0.02,12,-6
-181.776,48.973,0.000,-0.02,12,-5
-181.778,45.473,0.000,-0.02,12,-4
-181.779,41.973,0.000,-0.02,12,-3
-179.775,52.472,0.000,-0.02,12,-6
-179.776,48.972,0.000,-0.02,12,-5
-179.778,45.472,0.000,-0.02,12,-4
-179.779,41.972,0.000,-0.02,12,-3
-177.775,52.471,0.000,-0.02,12,-6
-177.776,48.971,0.000,-0.02,12,-5
-177.778,45.471,0.000,-0.02,12,-4
-177.779,41.971,0.000,-0.02,12,-3
-175.775,52.470,0.000,-0.02,12,-6
-175.776,48.970,0.000,-0.02,12,-5
-175.778,45.470,0.000,-0.02,12,-4
-175.779,41.970,0.000,-0.02,12,-3
-173.775,52.469,0.000,-0.02,12,-6
-173.776,48.969,0.000,-0.02,12,-5
-173.778,45.469,0.000,-0.02,12,-4
-173.779,41.969,0.000,-0.02,12,-3
-171.775,52.469,0.000,-0.02,12,-6
-171.776,48.969,0.000,-0.02,12,-5
-171.778,45.469,0.000,-0.02,12,-4
-171.779,41.969,0.000,-0.02,12,-3
-169.775,52.468,0.000,-0.02,12,-6
-169.776,48.968,0.000,-0.02,12,-5
-169.778,45.468,0.000,-0.02,12,-4
-169.779,41.968,0.000,-0.02,12,-3
-167.775,52.467,0.000,-0.02,12,-6
-167.776,48.967,0.000,-0.02,12,-5
-167.778,45.467,0.000,-0.02,12,-4
-167.779,41.967,0.000,-0.02,12,-3
-165.775,52.466,0.000,-0.02,12,-6
-165.776,48.966,0.000,-0.02,12,-5
-165.778,45.466,0.000,-0.02,12,-4
-165.779,41.966,0.000,-0.02,12,-3
-163.775,52.465,0.000,-0.02,12,-6
-163.776,48.965,0.000,-0.02,12,-5
-163.778,45.465,0.000,-0.02,12,-4
-163.779,41.965,0.000,-0.02,12,-3
-161.775,52.465,0.000,-0.02,12,-6
-161.776,48.965,0.000,-0.02,12,-5
-161.778,45.465,0.000,-0.02,12,-4
-161.779,41.965,0.000,-0.02,12,-3
152.231,52.255,0.000,-0.05,16,-6
152.228,48.755,0.000,-0.05,16,-5
152.225,45.255,0.000,-0.05,16,-4
152.222,41.755,0.000,-0.05,16,-3
154.231,52.253,0.000,-0.05,16,-6
154.228,48.753,0.000,-0.05,16,-5
154.225,45.253,0.000,-0.05,16,-4
154.222,41.753,0.000,-0.05,16,-3
156.231,52.251,0.000,-0.05,16,-6
156.228,48.751,0.000,-0.05,16,-5
156.225,45.251,0.000,-0.05,16,-4
156.222,41.751,0.000,-0.05,16,-3
158.231,52.249,0.000,-0.05,16,-6
158.228,48.749,0.000,-0.05,16,-5
158.225,45.249,0.000,-0.05,16,-4
158.222,41.749,0.000,-0.05,16,-3
160.231,52.248,0.000,-0.05,16,-6
160.228,48.748,0.000,-0.05,16,-5
160.225,45.248,0.000,-0.05,16,-4
160.222,41.748,0.000,-0.05,16,-3
162.231,52.246,0.000,-0.05,16,-6
162.228,48.746,0.000,-0.05,16,-5
162.225,45.246,0.000,-0.05,16,-4
162.222,41.746,0.000,-0.05,16,-3
164.231,52.244,0.000,-0.05,16,-6
164.228,48.744,0.000,-0.05,16,-5
164.225,45.244,0.000,-0.05,16,-4
164.222,41.744,0.000,-0.05,16,-3
166.231,52.242,0.000,-0.05,16,-6
166.228,48.742,0.000,-0.05,16,-5
166.225,45.242,0.000,-0.05,16,-4
166.222,41.742,0.000,-0.05,16,-3
168.231,52.240,0.000,-0.05,16,-6
168.228,48.740,0.000,-0.05,16,-5
168.225,45.240,0.000,-0.05,16,-4
168.222,41.740,0.000,-0.05,16,-3
170.231,52.238,0.000,-0.05,16,-6
170.228,48.738,0.000,-0.05,16,-5
170.225,45.238,0.000,-0.05,16,-4
170.222,41.738,0.000,-0.05,16,-3
172.231,52.236,0.000,-0.05,16,-6
172.228,48.736,0.000,-0.05,16,-5
172.225,45.236,0.000,-0.05,16,-4
172.222,41.736,0.000,-0.05,16,-3
174.231,52.234,0.000,-0.05,16,-6
174.228,48.734,0.000,-0.05,16,-5
174.225,45.234,0.000,-0.05,16,-4
174.222,41.734,0.000,-0.05,16,-3
176.231,52.232,0.000,-0.05,16,-6
176.228,48.732,0.000,-0.05,16,-5
176.225,45.232,0.000,-0.05,16,-4
176.222,41.732,0.000,-0.05,16,-3
178.231,52.231,0.000,-0.05,16,-6
178.228,48.731,0.000,-0.05,16,-5
178.225,45.231,0.000,-0.05,16,-4
178.222,41.731,0.000,-0.05,16,-3
180.231,52.229,0.000,-0.05,16,-6
180.228,48.729,0.000,-0.05,16,-5
180.225,45.229,0.000,-0.05,16,-4
180.222,41.729,0.000,-0.05,16,-3
182.231,52.227,0.000,-0.05,16,-6
182.228,48.727,0.000,-0.05,16,-5
182.225,45.227,0.000,-0.05,16,-4
182.222,41.727,0.000,-0.05,16,-3
184.231,52.225,0.000,-0.05,16,-6
184.228,48.725,0.000,-0.05,16,-5
184.225,45.225,0.000,-0.05,16,-4
184.222,41.725,0.000,-0.05,16,-3
186.231,52.223,0.000,-0.05,16,-6
186.228,48.723,0.000,-0.05,16,-5
186.225,45.223,0.000,-0.05,16,-4
186.222,41.723,0.000,-0.05,16,-3
188.231,52.221,0.000,-0.05,16,-6
188.228,48.721,0.000,-0.05,16,-5
188.225,45.221,0.000,-0.05,16,-4
188.222,41.721,0.000,-0.05,16,-3
190.231,52.219,0.000,-0.05,16,-6
190.228,48.719,0.000,-0.05,16,-5
190.225,45.219,0.000,-0.05,16,-4
190.222,41.719,0.000,-0.05,16,-3
192.231,52.217,0.000,-0.05,16,-6
192.228,48.717,0.000,-0.05,16,-5
192.225,45.217,0.000,-0.05,16,-4
192.222,41.717,0.000,-0.05,16,-3
194.231,52.215,0.000,-0.05,16,-6
194.228,48.715,0.000,-0.05,16,-5
194.225,45.215,0.000,-0.05,16,-4
194.222,41.715,0.000,-0.05,16,-3
196.231,52.214,0.000,-0.05,16,-6
196.228,48.714,0.000,-0.05,16,-5
196.225,45.214,0.000,-0.05,16,-4
196.222,41.714,0.000,-0.05,16,-3
198.231,52.212,0.000,-0.05,16,-6
198.228,48.712,0.000,-0.05,16,-5
198.225,45.212,0.000,-0.05,16,-4
198.222,41.712,0.000,-0.05,16,-3
-300.208,250.790,0.000,-0.10,17,-6
-300.214,247.290,0.000,-0.10,17,-5
-300.221,243.790,0.000,-0.10,17,-4
-300.227,240.290,0.000,-0.10,17,-3
-298.208,250.786,0.000,-0.10,17,-6
-298.214,247.286,0.000,-0.10,17,-5
-298.221,243.786,0.000,-0.10,17,-4
-298.227,240.286,0.000,-0.10,17,-3
-296.208,250.783,0.000,-0.10,17,-6
-296.214,247.283,0.000,-0.10,17,-5
-296.221,243.783,0.000,-0.10,17,-4
-296.227,240.283,0.000,-0.10,17,-3
-294.208,250.779,0.000,-0.10,17,-6
-294.214,247.279,0.000,-0.10,17,-5
-294.221,243.779,0.000,-0.10,17,-4
-294.227,240.279,0.000,-0.10,17,-3
-292.208,250.776,0.000,-0.10,17,-6
-292.214,247.276,0.000,-0.10,17,-5
-292.221,243.776,0.000,-0.10,17,-4
-292.227,240.276,0.000,-0.10,17,-3
-290.208,250.772,0.000,-0.10,17,-6
-290.214,247.272,0.000,-0.10,17,-5
-290.221,243.772,0.000,-0.10,17,-4
-290.227,240.272,0.000,-0.10,17,-3
-288.208,250.768,0.000,-0.10,17,-6
-288.214,247.268,0.000,-0.10,17,-5
-288.221,243.768,0.000,-0.10,17,-4
-288.227,240.268,0.000,-0.10,17,-3
-286.208,250.765,0.000,-0.10,17,-6
-286.214,247.265,0.000,-0.10,17,-5
-286.221,243.765,0.000,-0.10,17,-4
-286.227,240.265,0.000,-0.10,17,-3
-284.208,250.761,0.000,-0.10,17,-6
-284.214,247.261,0.000,-0.10,17,-5
-284.221,243.761,0.000,-0.10,17,-4
-284.227,240.261,0.000,-0.10,17,-3
-282.208,250.758,0.000,-0.10,17,-6
-282.214,247.258,0.000,-0.10,17,-5
-282.221,243.758,0.000,-0.10,17,-4
-282.227,240.258,0.000,-0.10,17,-3
-280.208,250.754,0.000,-0.10,17,-6
-280.214,247.254,0.000,-0.10,17,-5
-280.221,243.754,0.000,-0.10,17,-4
-280.227,240.254,0.000,-0.10,17,-3
-278.208,250.750,0.000,-0.10,17,-6
-278.214,247.250,0.000,-0.10,17,-5
-278.221,243.750,0.000,-0.10,17,-4
-278.227,240.250,0.000,-0.10,17,-3
-276.208,250.747,0.000,-0.10,17,-6
-276.214,247.247,0.000,-0.10,17,-5
-276.221,243.747,0.000,-0.10,17,-4
-276.227,240.247,0.000,-0.10,17,-3
-274.208,250.743,0.000,-0.10,17,-6
-274.214,247.243,0.000,-0.10,17,-5
-274.221,243.743,0.000,-0.10,17,-4
-274.227,240.243,0.000,-0.10,17,-3
-272.208,250.740,0.000,-0.10,17,-6
-272.214,247.240,0.000,-0.10,17,-5
-272.221,243.740,0.000,-0.10,17,-4
-272.227,240.240,0.000,-0.10,17,-3
-270.208,250.736,0.000,-0.10,17,-6
-270.214,247.236,0.000,-0.10,17,-5
-270.221,243.736,0.000,-0.10,17,-4
-270.227,240.236,0.000,-0.10,17,-3
-268.208,250.732,0.000,-0.10,17,-6
-268.214,247.232,0.000,-0.10,17,-5
-268.221,243.732,0.000,-0.10,17,-4
-268.227,240.232,0.000,-0.10,17,-3
-266.208,250.729,0.000,-0.10,17,-6
-266.214,247.229,0.000,-0.10,17,-5
-266.221,243.729,0.000,-0.10,17,-4
-266.227,240.229,0.000,-0.10,17,-3
-264.208,250.725,0.000,-0.10,17,-6
-264.214,247.225,0.000,-0.10,17,-5
-264.221,243.725,0.000,-0.10,17,-4
-264.227,240.225,0.000,-0.10,17,-3
-262.208,250.722,0.000,-0.10,17,-6
-262.214,247.222,0.000,-0.10,17,-5
-262.221,243.722,0.000,-0.10,17,-4
-262.227,240.222,0.000,-0.10,17,-3
-260.208,250.718,0.000,-0.10,17,-6
-260.214,247.218,0.000,-0.10,17,-5
-260.221,243.718,0.000,-0.10,17,-4
-260.227,240.218,0.000,-0.10,17,-3
-258.208,250.714,0.000,-0.10,17,-6
-258.214,247.214,0.000,-0.10,17,-5
-258.221,243.714,0.000,-0.10,17,-4
-258.227,240.214,0.000,-0.10,17,-3
-256.208,250.711,0.000,-0.10,17,-6
-256.214,247.211,0.000,-0.10,17,-5
-256.221,243.711,0.000,-0.10,17,-4
-256.227,240.211,0.000,-0.10,17,-3
-254.208,250.707,0.000,-0.10,17,-6
-254.214,247.207,0.000,-0.10,17,-5
-254.221,243.707,0.000,-0.10,17,-4
-254.227,240.207,0.000,-0.10,17,-3
-252.208,250.704,0.000,-0.10,17,-6
-252.214,247.204,0.000,-0.10,17,-5
-252.221,243.704,0.000,-0.10,17,-4
-252.227,240.204,0.000,-0.10,17,-3
-250.208,250.700,0.000,-0.10,17,-6
-250.214,247.200,0.000,-0.10,17,-5
-250.221,243.700,0.000,-0.10,17,-4
-250.227,240.200,0.000,-0.10,17,-3
-248.208,250.696,0.000,-0.10,17,-6
-248.214,247.196,0.000,-0.10,17,-5
-248.221,243.696,0.000,-0.10,17,-4
-248.227,240.196,0.000,-0.10,17,-3
-246.208,250.693,0.000,-0.10,17,-6
-246.214,247.193,0.000,-0.10,17,-5
-246.221,243.693,0.000,-0.10,17,-4
-246.227,240.193,0.000,-0.10,17,-3
-207.198,250.623,0.000,-0.10,18,-7
-207.204,247.123,0.000,-0.10,18,-6
-207.211,243.623,0.000,-0.10,18,-5
-207.217,240.123,0.000,-0.10,18,-4
-207.223,236.623,0.000,-0.10,18,-3
-205.198,250.619,0.000,-0.10,18,-7
-205.204,247.119,0.000,-0.10,18,-6
-205.211,243.619,0.000,-0.10,18,-5
-205.217,240.119,0.000,-0.10,18,-4
-205.223,236.619,0.000,-0.10,18,-3
-203.198,250.615,0.000,-0.10,18,-7
-203.204,247.115,0.000,-0.10,18,-6
-203.211,243.615,0.000,-0.10,18,-5
-203.217,240.115,0.000,-0.10,18,-4
-203.223,236.615,0.000,-0.10,18,-3
-201.198,250.612,0.000,-0.10,18,-7
-201.204,247.112,0.000,-0.10,18,-6
-201.211,243.612,0.000,-0.10,18,-5
-201.217,240.112,0.000,-0.10,18,-4
-201.223,236.612,0.000,-0.10,18,-3
-199.198,250.608,0.000,-0.10,18,-7
-199.204,247.108,0.000,-0.10,18,-6
-199.211,243.608,0.000,-0.10,18,-5
-199.217,240.108,0.000,-0.10,18,-4
-199.223,236.608,0.000,-0.10,18,-3
-197.198,250.605,0.000,-0.10,18,-7
-197.204,247.105,0.000,-0.10,18,-6
-197.211,243.605,0.000,-0.10,18,-5
-197.217,240.105,0.000,-0.10,18,-4
-197.223,236.605,0.000,-0.10,18,-3
-195.198,250.601,0.000,-0.10,18,-7
-195.204,247.101,0.000,-0.10,18,-6
-195.211,243.601,0.000,-0.10,18,-5
-195.217,240.101,0.000,-0.10,18,-4
-195.223,236.601,0.000,-0.10,18,-3
-193.198,250.597,0.000,-0.10,18,-7
-193.204,247.097,0.000,-0.10,18,-6
-193.211,243.597,0.000,-0.10,18,-5
-193.217,240.097,0.000,-0.10,18,-4
-193.223,236.597,0.000,-0.10,18,-3
-191.198,250.594,0.000,-0.10,18,-7
-191.204,247.094,0.000,-0.10,18,-6
-191.211,243.594,0.000,-0.10,18,-5
-191.217,240.094,0.000,-0.10,18,-4
-191.223,236.594,0.000,-0.10,18,-3
-189.198,250.590,0.000,-0.10,18,-7
-189.204,247.090,0.000,-0.10,18,-6
-189.211,243.590,0.000,-0.10,18,-5
-189.217,240.090,0.000,-0.10,18,-4
-189.223,236.590,0.000,-0.10,18,-3
-187.198,250.587,0.000,-0.10,18,-7
-187.204,247.087,0.000,-0.10,18,-6
-187.211,243.587,0.000,-0.10,18,-5
-187.217,240.087,0.000,-0.10,18,-4
-187.223,236.587,0.000,-0.10,18,-3
-185.198,250.583,0.000,-0.10,18,-7
-185.204,247.083,0.000,-0.10,18,-6
-185.211,243.583,0.000,-0.10,18,-5
-185.217,240.083,0.000,-0.10,18,-4
-185.223,236.583,0.000,-0.10,18,-3
-183.198,250.579,0.000,-0.10,18,-7
-183.204,247.079,0.000,-0.10,18,-6
-183.211,243.579,0.000,-0.10,18,-5
-183.217,240.079,0.000,-0.10,18,-4
-183.223,236.579,0.000,-0.10,18,-3
-181.198,250.576,0.000,-0.10,18,-7
-181.204,247.076,0.000,-0.10,18,-6
-181.211,243.576,0.000,-0.10,18,-5
-181.217,240.076,0.000,-0.10,18,-4
-181.223,236.576,0.000,-0.10,18,-3
-179.198,250.572,0.000,-0.10,18,-7
-179.204,247.072,0.000,-0.10,18,-6
-179.211,243.572,0.000,-0.10,18,-5
-179.217,240.072,0.000,-0.10,18,-4
-179.223,236.572,0.000,-0.10,18,-3
-177.198,250.569,0.000,-0.10,18,-7
-177.204,247.069,0.000,-0.10,18,-6
-177.211,243.569,0.000,-0.10,18,-5
-177.217,240.069,0.000,-0.10,18,-4
-177.223,236.569,0.000,-0.10,18,-3
-175.198,250.565,0.000,-0.10,18,-7
-175.204,247.065,0.000,-0.10,18,-6
-175.211,243.565,0.000,-0.10,18,-5
-175.217,240.065,0.000,-0.10,18,-4
-175.223,236.565,0.000,-0.10,18,-3
-173.198,250.561,0.000,-0.10,18,-7
-173.204,247.061,0.000,-0.10,18,-6
-173.211,243.561,0.000,-0.10,18,-5
-173.217,240.061,0.000,-0.10,18,-4
-173.223,236.561,0.000,-0.10,18,-3
-171.198,250.558,0.000,-0.10,18,-7
-171.204,247.058,0.000,-0.10,18,-6
-171.211,243.558,0.000,-0.10,18,-5
-171.217,240.058,0.000,-0.10,18,-4
-171.223,236.558,0.000,-0.10,18,-3
-169.198,250.554,0.000,-0.10,18,-7
-169.204,247.054,0.000,-0.10,18,-6
-169.211,243.554,0.000,-0.10,18,-5
-169.217,240.054,0.000,-0.10,18,-4
-169.223,236.554,0.000,-0.10,18,-3
-167.198,250.551,0.000,-0.10,18,-7
-167.204,247.051,0.000,-0.10,18,-6
-167.211,243.551,0.000,-0.10,18,-5
-167.217,240.051,0.000,-0.10,18,-4
-167.223,236.551,0.000,-0.10,18,-3
-165.198,250.547,0.000,-0.10,18,-7
-165.204,247.047,0.000,-0.10,18,-6
-165.211,243.547,0.000,-0.10,18,-5
-165.217,240.047,0.000,-0.10,18,-4
-165.223,236.547,0.000,-0.10,18,-3
-163.198,250.543,0.000,-0.10,18,-7
-163.204,247.043,0.000,-0.10,18,-6
-163.211,243.543,0.000,-0.10,18,-5
-163.217,240.043,0.000,-0.10,18,-4
-163.223,236.543,0.000,-0.10,18,-3
-161.198,250.540,0.000,-0.10,18,-7
-161.204,247.040,0.000,-0.10,18,-6
-161.211,243.540,0.000,-0.10,18,-5
-161.217,240.040,0.000,-0.10,18,-4
-161.223,236.540,0.000,-0.10,18,-3
-159.198,250.536,0.000,-0.10,18,-7
-159.204,247.036,0.000,-0.10,18,-6
-159.211,243.536,0.000,-0.10,18,-5
-159.217,240.036,0.000,-0.10,18,-4
-159.223,236.536,0.000,-0.10,18,-3
-157.198,250.533,0.000,-0.10,18,-7
-157.204,247.033,0.000,-0.10,18,-6
-157.211,243.533,0.000,-0.10,18,-5
-157.217,240.033,0.000,-0.10,18,-4
-157.223,236.533,0.000,-0.10,18,-3
-155.178,250.528,0.000,-0.20,18,-7
-155.190,247.028,0.000,-0.20,18,-6
-155.202,243.528,0.000,-0.20,18,-5
-155.214,240.028,0.000,-0.20,18,-4
-155.226,236.528,0.000,-0.20,18,-3
-153.178,250.521,0.000,-0.20,18,-7
-153.190,247.021,0.000,-0.20,18,-6
-153.202,243.521,0.000,-0.20,18,-5
-153.214,240.021,0.000,-0.20,18,-4
-153.226,236.521,0.000,-0.20,18,-3
-151.178,250.514,0.000,-0.20,18,-7
-151.190,247.014,0.000,-0.20,18,-6
-151.202,243.514,0.000,-0.20,18,-5
-151.214,240.014,0.000,-0.20,18,-4
-151.226,236.514,0.000,-0.20,18,-3
-149.178,250.507,0.000,-0.20,18,-7
-149.190,247.007,0.000,-0.20,18,-6
-149.202,243.507,0.000,-0.20,18,-5
-149.214,240.007,0.000,-0.20,18,-4
-149.226,236.507,0.000,-0.20,18,-3
-147.178,250.500,0.000,-0.20,18,-7
-147.190,247.000,0.000,-0.20,18,-6
-147.202,243.500,0.000,-0.20,18,-5
-147.214,240.000,0.000,-0.20,18,-4
-147.226,236.500,0.000,-0.20,18,-3
-145.178,250.493,0.000,-0.20,18,-7
-145.190,246.993,0.000,-0.20,18,-6
-145.202,243.493,0.000,-0.20,18,-5
-145.214,239.994,0.000,-0.20,18,-4
-145.226,236.494,0.000,-0.20,18,-3
-143.178,250.487,0.000,-0.20,18,-7
-143.190,246.987,0.000,-0.20,18,-6
-143.202,243.487,0.000,-0.20,18,-5
-143.214,239.987,0.000,-0.20,18,-4
-143.226,236.487,0.000,-0.20,18,-3
-141.178,250.480,0.000,-0.20,18,-7
-141.190,246.980,0.000,-0.20,18,-6
-141.202,243.480,0.000,-0.20,18,-5
-141.214,239.980,0.000,-0.20,18,-4
-141.226,236.480,0.000,-0.20,18,-3
-139.178,250.473,0.000,-0.20,18,-7
-139.190,246.973,0.000,-0.20,18,-6
-139.202,243.473,0.000,-0.20,18,-5
-139.214,239.973,0.000,-0.20,18,-4
-139.226,236.473,0.000,-0.20,18,-3
-137.178,250.466,0.000,-0.20,18,-7
-137.190,246.966,0.000,-0.20,18,-6
-137.202,243.466,0.000,-0.20,18,-5
-137.214,239.966,0.000,-0.20,18,-4
-137.226,236.466,0.000,-0.20,18,-3
-135.178,250.459,0.000,-0.20,18,-7
-135.190,246.959,0.000,-0.20,18,-6
-135.202,243.459,0.000,-0.20,18,-5
-135.214,239.959,0.000,-0.20,18,-4
-135.226,236.459,0.000,-0.20,18,-3
-133.178,250.452,0.000,-0.20,18,-7
-133.190,246.952,0.000,-0.20,18,-6
-133.202,243.452,0.000,-0.20,18,-5
-133.214,239.952,0.000,-0.20,18,-4
-133.226,236.452,0.000,-0.20,18,-3
-131.178,250.445,0.000,-0.20,18,-7
-131.190,246.945,0.000,-0.20,18,-6
-131.202,243.445,0.000,-0.20,18,-5
-131.214,239.945,0.000,-0.20,18,-4
-131.226,236.445,0.000,-0.20,18,-3
-129.178,250.438,0.000,-0.20,18,-7
-129.190,246.938,0.000,-0.20,18,-6
-129.202,243.438,0.000,-0.20,18,-5
-129.214,239.938,0.000,-0.20,18,-4
-129.226,236.438,0.000,-0.20,18,-3
-127.178,250.431,0.000,-0.20,18,-7
-127.190,246.931,0.000,-0.20,18,-6
-127.202,243.431,0.000,-0.20,18,-5
-127.214,239.931,0.000,-0.20,18,-4
-127.226,236.431,0.000,-0.20,18,-3
-125.178,250.424,0.000,-0.20,18,-7
-125.190,246.924,0.000,-0.20,18,-6
-125.202,243.424,0.000,-0.20,18,-5
-125.214,239.924,0.000,-0.20,18,-4
-125.226,236.424,0.000,-0.20,18,-3
-123.178,250.417,0.000,-0.20,18,-7
-123.190,246.917,0.000,-0.20,18,-6
-123.202,243.417,0.000,-0.20,18,-5
-123.214,239.917,0.000,-0.20,18,-4
-123.226,236.417,0.000,-0.20,18,-3
-79.718,250.266,0.000,-0.20,19,-6
-79.730,246.766,0.000,-0.20,19,-5
-79.742,243.266,0.000,-0.20,19,-4
-79.755,239.766,0.000,-0.20,19,-3
-77.718,250.259,0.000,-0.20,19,-6
-77.730,246.759,0.000,-0.20,19,-5
-77.742,243.259,0.000,-0.20,19,-4
-77.755,239.759,0.000,-0.20,19,-3
-75.718,250.252,0.000,-0.20,19,-6
-75.730,246.752,0.000,-0.20,19,-5
-75.742,243.252,0.000,-0.20,19,-4
-75.755,239.752,0.000,-0.20,19,-3
-73.718,250.245,0.000,-0.20,19,-6
-73.730,246.745,0.000,-0.20,19,-5
-73.742,243.245,0.000,-0.20,19,-4
-73.755,239.745,0.000,-0.20,19,-3
-71.718,250.238,0.000,-0.20,19,-6
-71.730,246.738,0.000,-0.20,19,-5
-71.742,243.238,0.000,-0.20,19,-4
-71.755,239.739,0.000,-0.20,19,-3
-69.718,250.232,0.000,-0.20,19,-6
-69.730,246.732,0.000,-0.20,19,-5
-69.743,243.232,0.000,-0.20,19,-4
-69.755,239.732,0.000,-0.20,19,-3
-67.718,250.225,0.000,-0.20,19,-6
-67.730,246.725,0.000,-0.20,19,-5
-67.743,243.225,0.000,-0.20,19,-4
-67.755,239.725,0.000,-0.20,19,-3
-65.718,250.218,0.000,-0.20,19,-6
-65.730,246.718,0.000,-0.20,19,-5
-65.743,243.218,0.000,-0.20,19,-4
-65.755,239.718,0.000,-0.20,19,-3
-63.718,250.211,0.000,-0.20,19,-6
-63.730,246.711,0.000,-0.20,19,-5
-63.743,243.211,0.000,-0.20,19,-4
-63.755,239.711,0.000,-0.20,19,-3
-61.718,250.204,0.000,-0.20,19,-6
-61.730,246.704,0.000,-0.20,19,-5
-61.743,243.204,0.000,-0.20,19,-4
-61.755,239.704,0.000,-0.20,19,-3
-59.718,250.197,0.000,-0.20,19,-6
-59.730,246.697,0.000,-0.20,19,-5
-59.743,243.197,0.000,-0.20,19,-4
-59.755,239.697,0.000,-0.20,19,-3
-57.718,250.190,0.000,-0.20,19,-6
-57.730,246.690,0.000,-0.20,19,-5
-57.743,243.190,0.000,-0.20,19,-4
-57.755,239.690,0.000,-0.20,19,-3
-55.718,250.183,0.000,-0.20,19,-6
-55.730,246.683,0.000,-0.20,19,-5
-55.743,243.183,0.000,-0.20,19,-4
-55.755,239.683,0.000,-0.20,19,-3
-53.718,250.176,0.000,-0.20,19,-6
-53.730,246.676,0.000,-0.20,19,-5
-53.743,243.176,0.000,-0.20,19,-4
-53.755,239.676,0.000,-0.20,19,-3
-51.718,250.169,0.000,-0.20,19,-6
-51.730,246.669,0.000,-0.20,19,-5
-51.743,243.169,0.000,-0.20,19,-4
-51.755,239.669,0.000,-0.20,19,-3
-49.718,250.162,0.000,-0.20,19,-6
-49.730,246.662,0.000,-0.20,19,-5
-49.743,243.162,0.000,-0.20,19,-4
-49.755,239.662,0.000,-0.20,19,-3
-47.718,250.155,0.000,-0.20,19,-6
-47.730,246.655,0.000,-0.20,19,-5
-47.743,243.155,0.000,-0.20,19,-4
-47.755,239.655,0.000,-0.20,19,-3
-45.718,250.148,0.000,-0.20,19,-6
-45.730,246.648,0.000,-0.20,19,-5
-45.743,243.148,0.000,-0.20,19,-4
-45.755,239.648,0.000,-0.20,19,-3
-43.718,250.141,0.000,-0.20,19,-6
-43.731,246.641,0.000,-0.20,19,-5
-43.743,243.141,0.000,-0.20,19,-4
-43.755,239.641,0.000,-0.20,19,-3
-41.718,250.134,0.000,-0.20,19,-6
-41.731,246.634,0.000,-0.20,19,-5
-41.743,243.134,0.000,-0.20,19,-4
-41.755,239.634,0.000,-0.20,19,-3
-39.718,250.127,0.000,-0.20,19,-6
-39.731,246.627,0.000,-0.20,19,-5
-39.743,243.127,0.000,-0.20,19,-4
-39.755,239.627,0.000,-0.20,19,-3
-37.718,250.120,0.000,-0.20,19,-6
-37.731,246.620,0.000,-0.20,19,-5
-37.743,243.120,0.000,-0.20,19,-4
-37.755,239.620,0.000,-0.20,19,-3
-35.718,250.113,0.000,-0.20,19,-6
-35.731,246.613,0.000,-0.20,19,-5
-35.743,243.114,0.000,-0.20,19,-4
-35.755,239.614,0.000,-0.20,19,-3
-33.718,250.107,0.000,-0.20,19,-6
-33.731,246.607,0.000,-0.20,19,-5
-33.743,243.107,0.000,-0.20,19,-4
-33.755,239.607,0.000,-0.20,19,-3
-31.718,250.100,0.000,-0.20,19,-6
-31.731,246.600,0.000,-0.20,19,-5
-31.743,243.100,0.000,-0.20,19,-4
-31.755,239.600,0.000,-0.20,19,-3
-29.718,250.093,0.000,-0.20,19,-6
-29.731,246.593,0.000,-0.20,19,-5
-29.743,243.093,0.000,-0.20,19,-4
-29.755,239.593,0.000,-0.20,19,-3
-27.718,250.086,0.000,-0.20,19,-6
-27.731,246.586,0.000,-0.20,19,-5
-27.743,243.086,0.000,-0.20,19,-4
-27.755,239.586,0.000,-0.20,19,-3
-25.718,250.079,0.000,-0.20,19,-6
-25.731,246.579,0.000,-0.20,19,-5
-25.743,243.079,0.000,-0.20,19,-4
-25.755,239.579,0.000,-0.20,19,-3
-23.718,250.072,0.000,-0.20,19,-6
-23.731,246.572,0.000,-0.20,19,-5
-23.743,243.072,0.000,-0.20,19,-4
-23.755,239.572,0.000,-0.20,19,-3
-21.718,250.065,0.000,-0.20,19,-6
-21.731,246.565,0.000,-0.20,19,-5
-21.743,243.065,0.000,-0.20,19,-4
-21.755,239.565,0.000,-0.20,19,-3
480.339,38.243,0.000,-0.03,1051,-1
482.339,38.242,0.000,-0.03,1051,-1
484.296,38.227,0.000,-1.45,1051,-1
486.220,38.137,0.000,-3.86,1051,-1
488.139,37.968,0.000,-6.26,1051,-1
490.049,37.717,0.000,-8.67,1051,-1
491.947,37.387,0.000,-11.08,1051,-1
493.829,36.977,0.000,-13.48,1051,-1
495.692,36.489,0.000,-15.89,1051,-1
497.533,35.923,0.000,-18.30,1051,-1
499.347,35.280,0.000,-20.80,1051,-1
501.104,34.555,0.000,-24.03,1051,-1
502.818,33.733,0.000,-27.26,1051,-1
504.482,32.814,0.000,-30.50,1051,-1
506.092,31.804,0.000,-33.73,1051,-1
507.643,30.704,0.000,-36.97,1051,-1
509.129,29.518,0.000,-40.20,1051,-1
510.545,28.251,0.000,-43.44,1051,-1
511.888,26.905,0.000,-46.67,1051,-1
513.219,25.453,0.000,-47.65,1051,-1
200.072,52.210,0.000,-0.05,25,-6
200.068,48.710,0.000,-0.05,25,-5
200.065,45.210,0.000,-0.05,25,-4
200.062,41.710,0.000,-0.05,25,-3
202.023,52.212,0.000,0.18,25,-6
202.033,48.712,0.000,0.18,25,-5
202.044,45.212,0.000,0.18,25,-4
202.055,41.712,0.000,0.18,25,-3
203.974,52.222,0.000,0.40,25,-6
203.998,48.722,0.000,0.40,25,-5
204.023,45.222,0.000,0.40,25,-4
204.048,41.722,0.000,0.40,25,-3
205.924,52.240,0.000,0.63,25,-6
205.963,48.740,0.000,0.63,25,-5
206.002,45.240,0.000,0.63,25,-4
206.041,41.740,0.000,0.63,25,-3
207.875,52.265,0.000,0.86,25,-6
207.928,48.765,0.000,0.86,25,-5
207.981,45.266,0.000,0.86,25,-4
208.033,41.766,0.000,0.86,25,-3
209.854,52.298,0.000,0.96,25,-6
209.913,48.799,0.000,0.96,25,-5
209.971,45.299,0.000,0.96,25,-4
210.030,41.800,0.000,0.96,25,-3
211.903,52.328,0.000,0.73,25,-6
211.948,48.829,0.000,0.73,25,-5
211.992,45.329,0.000,0.73,25,-4
212.037,41.829,0.000,0.73,25,-3
213.952,52.350,0.000,0.50,25,-6
213.982,48.851,0.000,0.50,25,-5
214.013,45.351,0.000,0.50,25,-4
214.044,41.851,0.000,0.50,25,-3
216.001,52.364,0.000,0.27,25,-6
216.017,48.864,0.000,0.27,25,-5
216.034,45.364,0.000,0.27,25,-4
216.051,41.864,0.000,0.27,25,-3
218.050,52.370,0.000,0.04,25,-6
218.052,48.870,0.000,0.04,25,-5
218.055,45.370,0.000,0.04,25,-4
218.058,41.870,0.000,0.04,25,-3
123.891,52.282,0.000,-0.05,799,-7
123.888,48.782,0.000,-0.05,799,-6
123.885,45.282,0.000,-0.05,799,-5
123.882,41.782,0.000,-0.05,799,-4
125.891,52.280,0.000,-0.05,799,-7
125.888,48.780,0.000,-0.05,799,-6
125.885,45.280,0.000,-0.05,799,-5
125.882,41.780,0.000,-0.05,799,-4
127.891,52.278,0.000,-0.05,799,-7
127.888,48.778,0.000,-0.05,799,-6
127.885,45.278,0.000,-0.05,799,-5
127.882,41.778,0.000,-0.05,799,-4
129.891,52.276,0.000,-0.05,799,-7
129.888,48.776,0.000,-0.05,799,-6
129.885,45.276,0.000,-0.05,799,-5
129.882,41.776,0.000,-0.05,799,-4
131.891,52.274,0.000,-0.05,799,-7
131.888,48.774,0.000,-0.05,799,-6
131.885,45.274,0.000,-0.05,799,-5
131.882,41.774,0.000,-0.05,799,-4
133.891,52.272,0.000,-0.05,799,-7
133.888,48.772,0.000,-0.05,799,-6
133.885,45.272,0.000,-0.05,799,-5
133.882,41.772,0.000,-0.05,799,-4
135.891,52.270,0.000,-0.05,799,-7
135.888,48.770,0.000,-0.05,799,-6
135.885,45.270,0.000,-0.05,799,-5
135.882,41.770,0.000,-0.05,799,-4
137.891,52.269,0.000,-0.05,799,-7
137.888,48.769,0.000,-0.05,799,-6
137.885,45.269,0.000,-0.05,799,-5
137.882,41.769,0.000,-0.05,799,-4
139.891,52.267,0.000,-0.05,799,-7
139.888,48.767,0.000,-0.05,799,-6
139.885,45.267,0.000,-0.05,799,-5
139.882,41.767,0.000,-0.05,799,-4
141.891,52.265,0.000,-0.05,799,-7
141.888,48.765,0.000,-0.05,799,-6
141.885,45.265,0.000,-0.05,799,-5
141.882,41.765,0.000,-0.05,799,-4
143.891,52.263,0.000,-0.05,799,-7
143.888,48.763,0.000,-0.05,799,-6
143.885,45.263,0.000,-0.05,799,-5
143.882,41.763,0.000,-0.05,799,-4
145.891,52.261,0.000,-0.05,799,-7
145.888,48.761,0.000,-0.05,799,-6
145.885,45.261,0.000,-0.05,799,-5
145.882,41.761,0.000,-0.05,799,-4
147.891,52.259,0.000,-0.05,799,-6
147.888,48.759,0.000,-0.05,799,-5
147.885,45.259,0.000,-0.05,799,-4
147.882,41.759,0.000,-0.05,799,-3
149.891,52.257,0.000,-0.05,799,-6
149.888,48.757,0.000,-0.05,799,-5
149.885,45.257,0.000,-0.05,799,-4
149.882,41.757,0.000,-0.05,799,-3
151.891,52.255,0.000,-0.05,799,-6
151.888,48.755,0.000,-0.05,799,-5
151.885,45.255,0.000,-0.05,799,-4
151.882,41.755,0.000,-0.05,799,-3
264.196,52.348,0.000,-0.03,28,-6
264.194,48.848,0.000,-0.03,28,-5
264.193,45.348,0.000,-0.03,28,-4
264.191,41.848,0.000,-0.03,28,-3
266.196,52.347,0.000,-0.03,28,-6
266.194,48.847,0.000,-0.03,28,-5
266.193,45.347,0.000,-0.03,28,-4
266.191,41.847,0.000,-0.03,28,-3
268.196,52.346,0.000,-0.03,28,-6
268.194,48.846,0.000,-0.03,28,-5
268.193,45.346,0.000,-0.03,28,-4
268.191,41.846,0.000,-0.03,28,-3
270.196,52.345,0.000,-0.03,28,-6
270.194,48.845,0.000,-0.03,28,-5
270.193,45.345,0.000,-0.03,28,-4
270.191,41.845,0.000,-0.03,28,-3
272.196,52.344,0.000,-0.03,28,-6
272.194,48.844,0.000,-0.03,28,-5
272.193,45.344,0.000,-0.03,28,-4
272.191,41.844,0.000,-0.03,28,-3
274.196,52.343,0.000,-0.03,28,-6
274.194,48.843,0.000,-0.03,28,-5
274.193,45.343,0.000,-0.03,28,-4
274.191,41.843,0.000,-0.03,28,-3
276.196,52.342,0.000,-0.03,28,-6
276.194,48.842,0.000,-0.03,28,-5
276.193,45.342,0.000,-0.03,28,-4
276.191,41.842,0.000,-0.03,28,-3
278.196,52.341,0.000,-0.03,28,-6
278.194,48.841,0.000,-0.03,28,-5
278.193,45.341,0.000,-0.03,28,-4
278.191,41.841,0.000,-0.03,28,-3
280.196,52.340,0.000,-0.03,28,-6
280.194,48.840,0.000,-0.03,28,-5
280.193,45.340,0.000,-0.03,28,-4
280.191,41.840,0.000,-0.03,28,-3
282.196,52.339,0.000,-0.03,28,-6
282.194,48.839,0.000,-0.03,28,-5
282.193,45.339,0.000,-0.03,28,-4
282.191,41.839,0.000,-0.03,28,-3
13.421,361.286,0.000,-95.71,62,-5
9.939,361.634,0.000,-95.71,62,-4
6.456,361.983,0.000,-95.71,62,-3
-150.783,1.034,0.000,122.51,59,-4
-147.832,2.915,0.000,122.51,59,-3
-151.860,2.879,0.000,118.02,59,-4
-148.770,4.523,0.000,118.02,59,-3
-152.789,4.803,0.000,113.53,59,-4
-149.580,6.200,0.000,113.53,59,-3
-153.565,6.794,0.000,109.04,59,-4
-150.257,7.936,0.000,109.04,59,-3
-154.182,8.839,0.000,104.55,59,-4
-150.795,9.719,0.000,104.55,59,-3
-154.638,10.927,0.000,100.06,59,-4
-151.192,11.538,0.000,100.06,59,-3
-154.928,13.044,0.000,95.57,59,-4
-151.445,13.383,0.000,95.57,59,-3
646.896,52.162,0.000,-360.03,316,-1
648.942,52.154,0.000,-1.53,316,-1
651.149,51.958,0.000,-8.66,316,-1
653.315,51.488,0.000,-15.79,316,-1
655.406,50.754,0.000,-22.92,316,-1
657.390,49.765,0.000,-30.05,316,-1
659.236,48.538,0.000,-37.19,316,-1
660.915,47.091,0.000,-44.32,316,-1
662.401,45.447,0.000,-51.45,316,-1
663.672,43.631,0.000,-58.58,316,-1
664.694,41.826,0.000,-61.03,316,-1
665.653,39.897,0.000,-66.08,316,-1
666.438,37.892,0.000,-71.13,316,-1
667.044,35.826,0.000,-76.18,316,-1
667.466,33.714,0.000,-81.24,316,-1
667.700,31.573,0.000,-86.29,316,-1
667.745,29.420,0.000,-91.34,316,-1
667.599,27.271,0.000,-96.39,316,-1
667.265,25.143,0.000,-101.45,316,-1
-9.156,18.296,0.000,90.38,56,-2
-5.656,18.319,0.000,90.38,56,-1
-9.169,20.296,0.000,90.38,56,-2
-5.669,20.319,0.000,90.38,56,-1
62.317,136.185,0.000,0.23,570,-1
64.317,136.193,0.000,0.23,570,-1
66.317,136.201,0.000,0.23,570,-1
68.317,136.209,0.000,0.23,570,-1
70.282,136.199,0.000,-0.91,570,-1
72.244,136.147,0.000,-2.12,570,-1
74.205,136.053,0.000,-3.34,570,-1
76.163,135.918,0.000,-4.55,570,-1
78.118,135.742,0.000,-5.77,570,-1
80.068,135.524,0.000,-6.98,570,-1
82.014,135.265,0.000,-8.20,570,-1
83.954,134.964,0.000,-9.41,570,-1
85.887,134.623,0.000,-10.62,570,-1
87.812,134.241,0.000,-11.84,570,-1
89.729,133.818,0.000,-13.05,570,-1
91.636,133.354,0.000,-14.27,570,-1
93.533,132.850,0.000,-15.48,570,-1
95.433,132.307,0.000,-16.28,570,-1
97.336,131.742,0.000,-16.75,570,-1
99.235,131.162,0.000,-17.23,570,-1
101.129,130.566,0.000,-17.70,570,-1
103.018,129.954,0.000,-18.18,570,-1
104.902,129.327,0.000,-18.66,570,-1
106.780,128.684,0.000,-19.13,570,-1
108.653,128.026,0.000,-19.61,570,-1
110.521,127.351,0.000,-20.09,570,-1
112.382,126.662,0.000,-20.56,570,-1
114.239,125.957,0.000,-21.04,570,-1
116.089,125.236,0.000,-21.51,570,-1
117.933,124.501,0.000,-21.99,570,-1
119.772,123.749,0.000,-22.41,570,-1
121.621,122.987,0.000,-22.41,570,-1
123.470,122.224,0.000,-22.41,570,-1
157.416,190.342,0.000,-49.62,63,-3
158.765,188.794,0.000,-48.25,63,-3
160.151,187.278,0.000,-46.88,63,-3
161.528,185.817,0.000,-46.68,63,-3
162.900,184.362,0.000,-46.68,63,-3
164.272,182.907,0.000,-46.68,63,-3
165.649,181.447,0.000,-46.51,63,-3
167.090,179.971,0.000,-44.92,63,-3
168.570,178.535,0.000,-43.32,63,-3
-9.170,20.436,0.000,90.38,57,-2
-5.670,20.459,0.000,90.38,57,-1
-9.183,22.436,0.000,90.38,57,-2
-5.684,22.459,0.000,90.38,57,-1
-9.197,24.436,0.000,90.38,57,-2
-5.697,24.459,0.000,90.38,57,-1
-9.210,26.435,0.000,90.38,57,-2
-5.710,26.459,0.000,90.38,57,-1
-10.178,360.135,0.000,92.46,64,-5
-6.682,360.285,0.000,92.46,64,-4
-3.185,360.435,0.000,92.46,64,-3
-10.289,362.084,0.000,94.02,64,-5
-6.797,362.329,0.000,94.02,64,-4
-3.306,362.575,0.000,94.02,64,-3
-10.452,364.029,0.000,95.59,64,-5
-6.969,364.370,0.000,95.59,64,-4
-3.485,364.711,0.000,95.59,64,-3
-10.669,365.969,0.000,97.15,64,-5
-7.196,366.405,0.000,97.15,64,-4
-3.723,366.841,0.000,97.15,64,-3
-10.938,367.903,0.000,98.71,64,-5
-7.478,368.433,0.000,98.71,64,-4
-4.019,368.963,0.000,98.71,64,-3
-11.260,369.828,0.000,100.28,64,-5
-7.816,370.453,0.000,100.28,64,-4
-4.372,371.077,0.000,100.28,64,-3
-11.634,371.744,0.000,101.84,64,-5
-8.209,372.462,0.000,101.84,64,-4
-4.783,373.181,0.000,101.84,64,-3
-12.061,373.649,0.000,103.40,64,-5
-8.656,374.461,0.000,103.40,64,-4
-5.252,375.272,0.000,103.40,64,-3
-12.539,375.542,0.000,104.97,64,-5
-9.158,376.446,0.000,104.97,64,-4
-5.777,377.350,0.000,104.97,64,-3
-13.069,377.421,0.000,106.53,64,-5
-9.714,378.417,0.000,106.53,64,-4
-6.359,379.413,0.000,106.53,64,-3
-13.650,379.285,0.000,108.09,64,-5
-10.323,380.372,0.000,108.09,64,-4
-6.996,381.459,0.000,108.09,64,-3
-14.282,381.132,0.000,109.66,64,-5
-10.986,382.309,0.000,109.66,64,-4
-7.690,383.487,0.000,109.66,64,-3
-14.963,382.961,0.000,111.22,64,-5
-11.701,384.228,0.000,111.22,64,-4
-8.438,385.495,0.000,111.22,64,-3
-15.695,384.771,0.000,112.79,64,-5
-12.468,386.127,0.000,112.79,64,-4
-9.241,387.482,0.000,112.79,64,-3
-16.474,386.606,0.000,113.02,64,-5
-13.252,387.974,0.000,113.02,64,-4
-10.031,389.343,0.000,113.02,64,-3
-17.222,388.668,0.000,106.63,64,-5
-13.869,389.669,0.000,106.63,64,-4
-10.515,390.671,0.000,106.63,64,-3
-17.728,390.812,0.000,99.93,64,-5
-14.281,391.416,0.000,99.93,64,-4
-10.833,392.019,0.000,99.93,64,-3
-17.981,393.001,0.000,93.23,64,-5
-14.486,393.198,0.000,93.23,64,-4
-10.992,393.395,0.000,93.23,64,-3
-17.976,395.205,0.000,86.52,64,-5
-14.482,394.992,0.000,86.52,64,-4
-10.989,394.780,0.000,86.52,64,-3
-17.714,397.392,0.000,79.82,64,-5
-14.269,396.774,0.000,79.82,64,-4
-10.824,396.156,0.000,79.82,64,-3
-17.199,399.535,0.000,73.12,64,-5
-13.849,398.519,0.000,73.12,64,-4
-10.500,397.502,0.000,73.12,64,-3
-16.437,401.602,0.000,66.42,64,-5
-13.229,400.202,0.000,66.42,64,-4
-10.021,398.802,0.000,66.42,64,-3
-15.439,403.567,0.000,59.72,64,-5
-12.416,401.802,0.000,59.72,64,-4
-9.394,400.037,0.000,59.72,64,-3
-14.219,405.401,0.000,53.02,64,-5
-11.423,403.296,0.000,53.02,64,-4
-8.627,401.191,0.000,53.02,64,-3
-12.793,407.081,0.000,46.32,64,-5
-10.261,404.664,0.000,46.32,64,-4
-7.730,402.247,0.000,46.32,64,-3
-11.180,408.583,0.000,39.62,64,-5
-8.949,405.887,0.000,39.62,64,-4
-6.717,403.191,0.000,39.62,64,-3
-9.509,409.867,0.000,36.08,64,-5
-7.448,407.039,0.000,36.08,64,-4
-5.387,404.210,0.000,36.08,64,-3
-7.634,411.059,0.000,28.78,64,-5
-5.949,407.991,0.000,28.78,64,-4
-4.264,404.924,0.000,28.78,64,-3
-5.623,412.002,0.000,21.48,64,-5
-4.341,408.745,0.000,21.48,64,-4
-3.059,405.489,0.000,21.48,64,-3
-3.509,412.683,0.000,14.19,64,-5
-2.651,409.289,0.000,14.19,64,-4
-1.793,405.896,0.000,14.19,64,-3
-1.325,413.089,0.000,6.89,64,-5
-0.905,409.614,0.000,6.89,64,-4
-0.485,406.139,0.000,6.89,64,-3
0.893,413.214,0.000,-0.41,64,-5
0.868,409.715,0.000,-0.41,64,-4
0.843,406.215,0.000,-0.41,64,-3
3.109,413.057,0.000,-7.71,64,-5
2.640,409.589,0.000,-7.71,64,-4
2.170,406.120,0.000,-7.71,64,-3
5.287,412.620,0.000,-15.01,64,-5
4.381,409.239,0.000,-15.01,64,-4
3.475,405.858,0.000,-15.01,64,-3
7.392,411.909,0.000,-22.30,64,-5
6.063,408.671,0.000,-22.30,64,-4
4.735,405.433,0.000,-22.30,64,-3
9.389,410.937,0.000,-29.60,64,-5
7.660,407.894,0.000,-29.60,64,-4
5.931,404.851,0.000,-29.60,64,-3
11.247,409.719,0.000,-36.90,64,-5
9.145,406.920,0.000,-36.90,64,-4
7.044,404.121,0.000,-36.90,64,-3
12.924,408.298,0.000,-43.44,64,-5
10.517,405.756,0.000,-43.44,64,-4
8.111,403.215,0.000,-43.44,64,-3
14.429,406.710,0.000,-49.63,64,-5
11.763,404.443,0.000,-49.63,64,-4
9.096,402.175,0.000,-49.63,64,-3
15.754,404.969,0.000,-55.81,64,-5
12.859,403.002,0.000,-55.81,64,-4
9.964,401.035,0.000,-55.81,64,-3
16.884,403.095,0.000,-62.00,64,-5
13.794,401.452,0.000,-62.00,64,-4
10.704,399.809,0.000,-62.00,64,-3
17.806,401.111,0.000,-68.18,64,-5
14.557,399.810,0.000,-68.18,64,-4
11.307,398.509,0.000,-68.18,64,-3
18.508,399.039,0.000,-74.37,64,-5
15.138,398.096,0.000,-74.37,64,-4
11.767,397.153,0.000,-74.37,64,-3
18.983,396.904,0.000,-80.55,64,-5
15.531,396.329,0.000,-80.55,64,-4
12.078,395.754,0.000,-80.55,64,-3
19.226,394.729,0.000,-86.74,64,-5
15.731,394.530,0.000,-86.74,64,-4
12.237,394.331,0.000,-86.74,64,-3
19.232,392.541,0.000,-92.92,64,-5
15.737,392.720,0.000,-92.92,64,-4
12.241,392.898,0.000,-92.92,64,-3
19.003,390.366,0.000,-99.11,64,-5
15.547,390.919,0.000,-99.11,64,-4
12.091,391.473,0.000,-99.11,64,-3
18.541,388.227,0.000,-105.29,64,-5
15.165,389.150,0.000,-105.29,64,-4
11.788,390.073,0.000,-105.29,64,-3
17.976,386.287,0.000,254.04,64,-5
14.611,387.250,0.000,254.04,64,-4
11.246,388.212,0.000,254.04,64,-3
17.448,384.386,0.000,254.92,64,-5
14.069,385.297,0.000,254.92,64,-4
10.689,386.207,0.000,254.92,64,-3
16.949,382.477,0.000,255.80,64,-5
13.556,383.335,0.000,255.80,64,-4
10.163,384.194,0.000,255.80,64,-3
16.480,380.561,0.000,256.69,64,-5
13.074,381.367,0.000,256.69,64,-4
9.668,382.173,0.000,256.69,64,-3
16.041,378.637,0.000,257.57,64,-5
12.623,379.391,0.000,257.57,64,-4
9.205,380.144,0.000,257.57,64,-3
15.631,376.707,0.000,258.45,64,-5
12.202,377.408,0.000,258.45,64,-4
8.773,378.109,0.000,258.45,64,-3
15.251,374.771,0.000,259.33,64,-5
11.811,375.419,0.000,259.33,64,-4
8.372,376.067,0.000,259.33,64,-3
14.901,372.829,0.000,260.22,64,-5
11.451,373.424,0.000,260.22,64,-4
8.002,374.019,0.000,260.22,64,-3
14.580,370.883,0.000,261.10,64,-5
11.122,371.424,0.000,261.10,64,-4
7.665,371.965,0.000,261.10,64,-3
14.290,368.931,0.000,261.98,64,-5
10.824,369.419,0.000,261.98,64,-4
7.359,369.907,0.000,261.98,64,-3
14.030,366.975,0.000,262.87,64,-5
10.557,367.410,0.000,262.87,64,-4
7.084,367.845,0.000,262.87,64,-3
13.800,365.016,0.000,263.75,64,-5
10.321,365.397,0.000,263.75,64,-4
6.842,365.778,0.000,263.75,64,-3
13.597,363.043,0.000,-95.71,64,-5
10.114,363.391,0.000,-95.71,64,-4
6.632,363.739,0.000,-95.71,64,-3
-122.276,236.414,0.000,-0.20,445,-3
-120.276,236.407,0.000,-0.20,445,-3
-118.277,236.400,0.000,-0.20,445,-3
-116.277,236.393,0.000,-0.20,445,-3
-114.277,236.386,0.000,-0.20,445,-3
-112.277,236.379,0.000,-0.20,445,-3
-110.322,236.360,0.000,-1.69,445,-3
-108.414,236.255,0.000,-4.58,445,-3
-106.513,236.054,0.000,-7.47,445,-3
-104.624,235.758,0.000,-10.36,445,-3
-102.753,235.367,0.000,-13.24,445,-3
-100.904,234.883,0.000,-16.13,445,-3
-99.081,234.305,0.000,-19.02,445,-3
-97.291,233.637,0.000,-21.91,445,-3
-95.536,232.879,0.000,-24.80,445,-3
-93.821,232.034,0.000,-27.69,445,-3
-92.151,231.103,0.000,-30.57,445,-3
-90.530,230.090,0.000,-33.46,445,-3
-88.963,228.996,0.000,-36.35,445,-3
-87.452,227.824,0.000,-39.24,445,-3
-86.003,226.578,0.000,-42.13,445,-3
-73.357,194.960,0.000,-86.73,61,-3
-73.317,193.086,0.000,-90.82,61,-3
-73.403,191.181,0.000,-93.86,61,-3
-73.571,189.257,0.000,-96.11,61,-3
62.259,150.185,0.000,0.23,575,-7
62.274,146.685,0.000,0.23,575,-6
62.288,143.185,0.000,0.23,575,-5
62.302,139.685,0.000,0.23,575,-4
62.317,136.185,0.000,0.23,575,-3
64.259,150.193,0.000,0.23,575,-7
64.274,146.693,0.000,0.23,575,-6
64.288,143.193,0.000,0.23,575,-5
64.302,139.693,0.000,0.23,575,-4
64.317,136.193,0.000,0.23,575,-3
66.259,150.201,0.000,0.23,575,-7
66.274,146.701,0.000,0.23,575,-6
66.288,143.201,0.000,0.23,575,-5
66.302,139.701,0.000,0.23,575,-4
66.317,136.201,0.000,0.23,575,-3
68.259,150.209,0.000,0.23,575,-7
68.274,146.709,0.000,0.23,575,-6
68.288,143.209,0.000,0.23,575,-5
68.302,139.709,0.000,0.23,575,-4
68.317,136.209,0.000,0.23,575,-3
70.259,150.217,0.000,0.23,575,-7
70.274,146.717,0.000,0.23,575,-6
70.288,143.217,0.000,0.23,575,-5
70.302,139.717,0.000,0.23,575,-4
70.317,136.218,0.000,0.23,575,-3
72.259,150.226,0.000,0.23,575,-7
72.274,146.726,0.000,0.23,575,-6
72.288,143.226,0.000,0.23,575,-5
72.302,139.726,0.000,0.23,575,-4
72.317,136.226,0.000,0.23,575,-3
74.259,150.234,0.000,0.23,575,-7
74.274,146.734,0.000,0.23,575,-6
74.288,143.234,0.000,0.23,575,-5
74.302,139.734,0.000,0.23,575,-4
74.317,136.234,0.000,0.23,575,-3
76.259,150.242,0.000,0.23,575,-7
76.274,146.742,0.000,0.23,575,-6
76.288,143.242,0.000,0.23,575,-5
76.302,139.742,0.000,0.23,575,-4
76.317,136.242,0.000,0.23,575,-3
78.259,150.250,0.000,0.23,575,-7
78.274,146.750,0.000,0.23,575,-6
78.288,143.250,0.000,0.23,575,-5
78.302,139.750,0.000,0.23,575,-4
78.317,136.250,0.000,0.23,575,-3
80.259,150.258,0.000,0.23,575,-7
80.274,146.758,0.000,0.23,575,-6
80.288,143.258,0.000,0.23,575,-5
80.302,139.758,0.000,0.23,575,-4
80.317,136.258,0.000,0.23,575,-3
82.259,150.267,0.000,0.23,575,-7
82.274,146.767,0.000,0.23,575,-6
82.288,143.267,0.000,0.23,575,-5
82.302,139.767,0.000,0.23,575,-4
82.317,136.267,0.000,0.23,575,-3
84.259,150.275,0.000,0.23,575,-7
84.274,146.775,0.000,0.23,575,-6
84.288,143.275,0.000,0.23,575,-5
84.302,139.775,0.000,0.23,575,-4
84.317,136.275,0.000,0.23,575,-3
86.259,150.283,0.000,0.23,575,-7
86.274,146.783,0.000,0.23,575,-6
86.288,143.283,0.000,0.23,575,-5
86.302,139.783,0.000,0.23,575,-4
86.317,136.283,0.000,0.23,575,-3
88.259,150.291,0.000,0.23,575,-7
88.274,146.791,0.000,0.23,575,-6
88.288,143.291,0.000,0.23,575,-5
88.302,139.791,0.000,0.23,575,-4
88.317,136.291,0.000,0.23,575,-3
90.259,150.299,0.000,0.23,575,-7
90.273,146.799,0.000,0.23,575,-6
90.288,143.299,0.000,0.23,575,-5
90.302,139.799,0.000,0.23,575,-4
90.317,136.299,0.000,0.23,575,-3
92.259,150.308,0.000,0.23,575,-7
92.273,146.808,0.000,0.23,575,-6
92.288,143.308,0.000,0.23,575,-5
92.302,139.808,0.000,0.23,575,-4
92.316,136.308,0.000,0.23,575,-3
94.259,150.316,0.000,0.23,575,-7
94.273,146.816,0.000,0.23,575,-6
94.288,143.316,0.000,0.23,575,-5
94.302,139.816,0.000,0.23,575,-4
94.316,136.316,0.000,0.23,575,-3
96.259,150.324,0.000,0.23,575,-7
96.273,146.824,0.000,0.23,575,-6
96.288,143.324,0.000,0.23,575,-5
96.302,139.824,0.000,0.23,575,-4
96.316,136.324,0.000,0.23,575,-3
98.259,150.332,0.000,0.23,575,-7
98.273,146.832,0.000,0.23,575,-6
98.288,143.332,0.000,0.23,575,-5
98.302,139.832,0.000,0.23,575,-4
98.316,136.332,0.000,0.23,575,-3
100.259,150.340,0.000,0.23,575,-7
100.273,146.840,0.000,0.23,575,-6
100.288,143.340,0.000,0.23,575,-5
100.302,139.840,0.000,0.23,575,-4
100.316,136.340,0.000,0.23,575,-3
102.259,150.349,0.000,0.23,575,-7
102.273,146.849,0.000,0.23,575,-6
102.288,143.349,0.000,0.23,575,-5
102.302,139.849,0.000,0.23,575,-4
102.316,136.349,0.000,0.23,575,-3
104.259,150.357,0.000,0.23,575,-7
104.273,146.857,0.000,0.23,575,-6
104.288,143.357,0.000,0.23,575,-5
104.302,139.857,0.000,0.23,575,-4
104.316,136.357,0.000,0.23,575,-3
106.259,150.365,0.000,0.23,575,-7
106.273,146.865,0.000,0.23,575,-6
106.288,143.365,0.000,0.23,575,-5
106.302,139.865,0.000,0.23,575,-4
106.316,136.365,0.000,0.23,575,-3
108.259,150.373,0.000,0.23,575,-7
108.273,146.873,0.000,0.23,575,-6
108.288,143.373,0.000,0.23,575,-5
108.302,139.873,0.000,0.23,575,-4
108.316,136.373,0.000,0.23,575,-3
110.259,150.381,0.000,0.23,575,-7
110.273,146.881,0.000,0.23,575,-6
110.288,143.381,0.000,0.23,575,-5
110.302,139.881,0.000,0.23,575,-4
110.316,136.381,0.000,0.23,575,-3
112.259,150.389,0.000,0.23,575,-7
112.273,146.890,0.000,0.23,575,-6
112.288,143.390,0.000,0.23,575,-5
112.302,139.890,0.000,0.23,575,-4
112.316,136.390,0.000,0.23,575,-3
114.259,150.398,0.000,0.23,575,-7
114.273,146.898,0.000,0.23,575,-6
114.288,143.398,0.000,0.23,575,-5
114.302,139.898,0.000,0.23,575,-4
114.316,136.398,0.000,0.23,575,-3
116.259,150.406,0.000,0.23,575,-7
116.273,146.906,0.000,0.23,575,-6
116.288,143.406,0.000,0.23,575,-5
116.302,139.906,0.000,0.23,575,-4
116.316,136.406,0.000,0.23,575,-3
118.259,150.414,0.000,0.23,575,-7
118.273,146.914,0.000,0.23,575,-6
118.288,143.414,0.000,0.23,575,-5
118.302,139.914,0.000,0.23,575,-4
118.316,136.414,0.000,0.23,575,-3
120.259,150.422,0.000,0.23,575,-7
120.273,146.922,0.000,0.23,575,-6
120.288,143.422,0.000,0.23,575,-5
120.302,139.922,0.000,0.23,575,-4
120.316,136.422,0.000,0.23,575,-3
122.259,150.430,0.000,0.23,575,-7
122.273,146.930,0.000,0.23,575,-6
122.288,143.431,0.000,0.23,575,-5
122.302,139.931,0.000,0.23,575,-4
122.316,136.431,0.000,0.23,575,-3
124.259,150.439,0.000,0.23,575,-7
124.273,146.939,0.000,0.23,575,-6
124.288,143.439,0.000,0.23,575,-5
124.302,139.939,0.000,0.23,575,-4
124.316,136.439,0.000,0.23,575,-3
126.259,150.447,0.000,0.23,575,-7
126.273,146.947,0.000,0.23,575,-6
126.288,143.447,0.000,0.23,575,-5
126.302,139.947,0.000,0.23,575,-4
126.316,136.447,0.000,0.23,575,-3
-340.975,243.753,0.000,21.97,65,-6
-339.665,240.507,0.000,21.97,65,-5
-338.356,237.261,0.000,21.97,65,-4
-337.046,234.015,0.000,21.97,65,-3
-339.120,244.501,0.000,21.97,65,-6
-337.811,241.255,0.000,21.97,65,-5
-336.501,238.010,0.000,21.97,65,-4
-335.192,234.764,0.000,21.97,65,-3
-336.968,245.341,0.000,20.52,65,-6
-335.741,242.063,0.000,20.52,65,-5
-334.514,238.785,0.000,20.52,65,-4
-333.287,235.507,0.000,20.52,65,-3
-334.751,246.135,0.000,18.86,65,-6
-333.619,242.823,0.000,18.86,65,-5
-332.488,239.510,0.000,18.86,65,-4
-331.357,236.198,0.000,18.86,65,-3
-332.512,246.863,0.000,17.20,65,-6
-331.477,243.520,0.000,17.20,65,-5
-330.442,240.176,0.000,17.20,65,-4
-329.407,236.833,0.000,17.20,65,-3
-330.252,247.527,0.000,15.54,65,-6
-329.315,244.155,0.000,15.54,65,-5
-328.377,240.783,0.000,15.54,65,-4
-327.439,237.411,0.000,15.54,65,-3
-327.975,248.125,0.000,13.88,65,-6
-327.135,244.727,0.000,13.88,65,-5
-326.296,241.329,0.000,13.88,65,-4
-325.456,237.932,0.000,13.88,65,-3
-325.681,248.657,0.000,12.22,65,-6
-324.940,245.236,0.000,12.22,65,-5
-324.199,241.815,0.000,12.22,65,-4
-323.458,238.395,0.000,12.22,65,-3
-323.373,249.122,0.000,10.56,65,-6
-322.731,245.681,0.000,10.56,65,-5
-322.090,242.241,0.000,10.56,65,-4
-321.448,238.800,0.000,10.56,65,-3
-321.078,249.516,0.000,9.03,65,-6
-320.529,246.060,0.000,9.03,65,-5
-319.980,242.603,0.000,9.03,65,-4
-319.431,239.147,0.000,9.03,65,-3
-318.834,249.848,0.000,7.77,65,-6
-318.361,246.380,0.000,7.77,65,-5
-317.888,242.912,0.000,7.77,65,-4
-317.414,239.444,0.000,7.77,65,-3
-316.583,250.130,0.000,6.52,65,-6
-316.186,246.653,0.000,6.52,65,-5
-315.789,243.175,0.000,6.52,65,-4
-315.392,239.698,0.000,6.52,65,-3
-314.327,250.363,0.000,5.26,65,-6
-314.006,246.877,0.000,5.26,65,-5
-313.685,243.392,0.000,5.26,65,-4
-313.364,239.907,0.000,5.26,65,-3
-312.065,250.546,0.000,4.00,65,-6
-311.821,247.054,0.000,4.00,65,-5
-311.577,243.563,0.000,4.00,65,-4
-311.333,240.071,0.000,4.00,65,-3
-309.801,250.679,0.000,2.75,65,-6
-309.633,247.183,0.000,2.75,65,-5
-309.465,243.687,0.000,2.75,65,-4
-309.298,240.191,0.000,2.75,65,-3
-307.534,250.763,0.000,1.49,65,-6
-307.443,247.264,0.000,1.49,65,-5
-307.352,243.766,0.000,1.49,65,-4
-307.261,240.267,0.000,1.49,65,-3
-305.265,250.797,0.000,0.23,65,-6
-305.251,247.297,0.000,0.23,65,-5
-305.237,243.797,0.000,0.23,65,-4
-305.223,240.297,0.000,0.23,65,-3
-303.194,250.795,0.000,-0.10,65,-6
-303.200,247.295,0.000,-0.10,65,-5
-303.206,243.795,0.000,-0.10,65,-4
-303.212,240.295,0.000,-0.10,65,-3
-301.194,250.792,0.000,-0.10,65,-6
-301.200,247.292,0.000,-0.10,65,-5
-301.206,243.792,0.000,-0.10,65,-4
-301.212,240.292,0.000,-0.10,65,-3
646.889,38.162,0.000,-360.03,322,-1
648.468,38.001,0.000,-13.41,322,-1
649.903,37.453,0.000,-28.44,322,-1
651.147,36.551,0.000,-43.47,322,-1
652.114,35.357,0.000,-58.50,322,-1
652.912,33.796,0.000,-66.56,322,-1
653.452,32.186,0.000,-76.38,322,-1
653.709,30.508,0.000,-86.20,322,-1
653.677,28.810,0.000,-96.02,322,-1
653.355,27.143,0.000,-105.84,322,-1
-12.300,-34.977,0.000,90.38,583,-1
-12.314,-32.977,0.000,90.38,583,-1
-12.328,-31.006,0.000,91.36,583,-1
-12.526,-29.354,0.000,102.29,583,-1
-13.033,-27.770,0.000,113.21,583,-1
-13.831,-26.310,0.000,124.14,583,-1
-14.886,-25.036,0.000,135.38,583,-1
-16.155,-24.029,0.000,147.72,583,-1
-17.609,-23.316,0.000,160.06,583,-1
-19.183,-22.930,0.000,172.39,583,-1
-20.954,-22.861,0.000,179.79,583,-1
491.888,123.988,0.000,-44.11,70,-3
493.248,122.617,0.000,-46.36,70,-3
494.553,121.193,0.000,-48.61,70,-3
495.801,119.720,0.000,-50.86,70,-3
496.990,118.198,0.000,-53.11,70,-3
498.119,116.631,0.000,-55.36,70,-3
499.185,115.021,0.000,-57.61,70,-3
500.188,113.370,0.000,-59.86,70,-3
501.124,111.682,0.000,-62.11,70,-3
501.994,109.957,0.000,-64.36,70,-3
502.795,108.200,0.000,-66.61,70,-3
503.583,106.367,0.000,-66.75,70,-3
504.372,104.529,0.000,-66.75,70,-3
505.162,102.692,0.000,-66.75,70,-3
505.951,100.854,0.000,-66.75,70,-3
506.740,99.016,0.000,-66.75,70,-3
-228.053,53.127,0.000,-3.18,67,-6
-228.247,49.633,0.000,-3.18,67,-5
-228.441,46.138,0.000,-3.18,67,-4
-228.636,42.643,0.000,-3.18,67,-3
-226.059,53.017,0.000,-3.09,67,-6
-226.247,49.522,0.000,-3.09,67,-5
-226.436,46.027,0.000,-3.09,67,-4
-226.624,42.532,0.000,-3.09,67,-3
-224.072,52.916,0.000,-2.74,67,-6
-224.239,49.420,0.000,-2.74,67,-5
-224.407,45.924,0.000,-2.74,67,-4
-224.574,42.428,0.000,-2.74,67,-3
-222.085,52.827,0.000,-2.39,67,-6
-222.231,49.330,0.000,-2.39,67,-5
-222.377,45.833,0.000,-2.39,67,-4
-222.523,42.336,0.000,-2.39,67,-3
-220.097,52.749,0.000,-2.05,67,-6
-220.222,49.252,0.000,-2.05,67,-5
-220.347,45.754,0.000,-2.05,67,-4
-220.472,42.256,0.000,-2.05,67,-3
-218.108,52.684,0.000,-1.70,67,-6
-218.212,49.186,0.000,-1.70,67,-5
-218.316,45.687,0.000,-1.70,67,-4
-218.420,42.189,0.000,-1.70,67,-3
-216.120,52.631,0.000,-1.36,67,-6
-216.202,49.132,0.000,-1.36,67,-5
-216.285,45.633,0.000,-1.36,67,-4
-216.368,42.134,0.000,-1.36,67,-3
-214.128,52.590,0.000,-1.08,67,-6
-214.194,49.091,0.000,-1.08,67,-5
-214.260,45.591,0.000,-1.08,67,-4
-214.326,42.092,0.000,-1.08,67,-3
-212.132,52.553,0.000,-0.97,67,-6
-212.191,49.054,0.000,-0.97,67,-5
-212.251,45.554,0.000,-0.97,67,-4
-212.310,42.055,0.000,-0.97,67,-3
-210.139,52.524,0.000,-0.74,67,-6
-210.185,49.024,0.000,-0.74,67,-5
-210.230,45.524,0.000,-0.74,67,-4
-210.275,42.024,0.000,-0.74,67,-3
-208.146,52.502,0.000,-0.51,67,-6
-208.178,49.002,0.000,-0.51,67,-5
-208.209,45.502,0.000,-0.51,67,-4
-208.241,42.002,0.000,-0.51,67,-3
-206.153,52.488,0.000,-0.28,67,-6
-206.171,48.988,0.000,-0.28,67,-5
-206.188,45.488,0.000,-0.28,67,-4
-206.206,41.988,0.000,-0.28,67,-3
-204.160,52.482,0.000,-0.06,67,-6
-204.164,48.982,0.000,-0.06,67,-5
-204.167,45.482,0.000,-0.06,67,-4
-204.171,41.982,0.000,-0.06,67,-3
-202.161,52.481,0.000,-0.02,67,-6
-202.163,48.981,0.000,-0.02,67,-5
-202.164,45.481,0.000,-0.02,67,-4
-202.166,41.981,0.000,-0.02,67,-3
-200.161,52.480,0.000,-0.02,67,-6
-200.163,48.980,0.000,-0.02,67,-5
-200.164,45.480,0.000,-0.02,67,-4
-200.166,41.980,0.000,-0.02,67,-3
599.096,251.730,0.000,0.02,71,-7
599.097,248.230,0.000,0.02,71,-6
599.098,244.730,0.000,0.02,71,-5
599.099,241.230,0.000,0.02,71,-4
599.101,237.730,0.000,0.02,71,-3
601.362,251.706,0.000,-1.23,71,-7
601.287,248.207,0.000,-1.23,71,-6
601.212,244.708,0.000,-1.23,71,-5
601.137,241.209,0.000,-1.23,71,-4
601.062,237.709,0.000,-1.23,71,-3
603.628,251.633,0.000,-2.48,71,-7
603.477,248.136,0.000,-2.48,71,-6
603.326,244.639,0.000,-2.48,71,-5
603.174,241.143,0.000,-2.48,71,-4
603.023,237.646,0.000,-2.48,71,-3
605.891,251.510,0.000,-3.72,71,-7
605.664,248.018,0.000,-3.72,71,-6
605.437,244.525,0.000,-3.72,71,-5
605.209,241.033,0.000,-3.72,71,-4
604.982,237.540,0.000,-3.72,71,-3
608.151,251.339,0.000,-4.97,71,-7
607.848,247.852,0.000,-4.97,71,-6
607.545,244.365,0.000,-4.97,71,-5
607.242,240.878,0.000,-4.97,71,-4
606.938,237.391,0.000,-4.97,71,-3
610.407,251.118,0.000,-6.22,71,-7
610.028,247.638,0.000,-6.22,71,-6
609.649,244.159,0.000,-6.22,71,-5
609.270,240.679,0.000,-6.22,71,-4
608.891,237.200,0.000,-6.22,71,-3
612.658,250.847,0.000,-7.47,71,-7
612.203,247.377,0.000,-7.47,71,-6
611.748,243.907,0.000,-7.47,71,-5
611.294,240.437,0.000,-7.47,71,-4
610.839,236.966,0.000,-7.47,71,-3
614.902,250.528,0.000,-8.71,71,-7
614.372,247.069,0.000,-8.71,71,-6
613.842,243.609,0.000,-8.71,71,-5
613.311,240.150,0.000,-8.71,71,-4
612.781,236.690,0.000,-8.71,71,-3
617.139,250.161,0.000,-9.96,71,-7
616.534,246.713,0.000,-9.96,71,-6
615.928,243.266,0.000,-9.96,71,-5
615.322,239.819,0.000,-9.96,71,-4
614.717,236.372,0.000,-9.96,71,-3
619.367,249.744,0.000,-11.21,71,-7
618.687,246.311,0.000,-11.21,71,-6
618.006,242.878,0.000,-11.21,71,-5
617.326,239.445,0.000,-11.21,71,-4
616.645,236.011,0.000,-11.21,71,-3
621.586,249.279,0.000,-12.46,71,-7
620.831,245.862,0.000,-12.46,71,-6
620.076,242.444,0.000,-12.46,71,-5
619.320,239.027,0.000,-12.46,71,-4
618.565,235.609,0.000,-12.46,71,-3
623.794,248.766,0.000,-13.71,71,-7
622.964,245.366,0.000,-13.71,71,-6
622.135,241.966,0.000,-13.71,71,-5
621.306,238.565,0.000,-13.71,71,-4
620.476,235.165,0.000,-13.71,71,-3
625.990,248.205,0.000,-14.95,71,-7
625.087,244.824,0.000,-14.95,71,-6
624.184,241.442,0.000,-14.95,71,-5
623.280,238.061,0.000,-14.95,71,-4
622.377,234.679,0.000,-14.95,71,-3
628.173,247.596,0.000,-16.20,71,-7
627.197,244.235,0.000,-16.20,71,-6
626.220,240.874,0.000,-16.20,71,-5
625.244,237.513,0.000,-16.20,71,-4
624.267,234.152,0.000,-16.20,71,-3
630.343,246.940,0.000,-17.45,71,-7
629.294,243.601,0.000,-17.45,71,-6
628.244,240.262,0.000,-17.45,71,-5
627.194,236.923,0.000,-17.45,71,-4
626.145,233.585,0.000,-17.45,71,-3
632.498,246.237,0.000,-18.70,71,-7
631.376,242.922,0.000,-18.70,71,-6
630.254,239.606,0.000,-18.70,71,-5
629.132,236.291,0.000,-18.70,71,-4
628.010,232.976,0.000,-18.70,71,-3
634.637,245.487,0.000,-19.95,71,-7
633.443,242.197,0.000,-19.95,71,-6
632.249,238.907,0.000,-19.95,71,-5
631.055,235.617,0.000,-19.95,71,-4
629.861,232.327,0.000,-19.95,71,-3
636.759,244.690,0.000,-21.19,71,-7
635.494,241.427,0.000,-21.19,71,-6
634.229,238.164,0.000,-21.19,71,-5
632.963,234.901,0.000,-21.19,71,-4
631.698,231.637,0.000,-21.19,71,-3
638.864,243.848,0.000,-22.44,71,-7
637.528,240.613,0.000,-22.44,71,-6
636.192,237.378,0.000,-22.44,71,-5
634.855,234.143,0.000,-22.44,71,-4
633.519,230.908,0.000,-22.44,71,-3
640.949,242.960,0.000,-23.69,71,-7
639.543,239.755,0.000,-23.69,71,-6
638.137,236.550,0.000,-23.69,71,-5
636.731,233.345,0.000,-23.69,71,-4
635.324,230.140,0.000,-23.69,71,-3
643.015,242.027,0.000,-24.94,71,-7
641.539,238.853,0.000,-24.94,71,-6
640.064,235.679,0.000,-24.94,71,-5
638.588,232.506,0.000,-24.94,71,-4
637.112,229.332,0.000,-24.94,71,-3
645.060,241.048,0.000,-26.19,71,-7
643.516,237.908,0.000,-26.19,71,-6
641.971,234.767,0.000,-26.19,71,-5
640.426,231.626,0.000,-26.19,71,-4
638.882,228.485,0.000,-26.19,71,-3
647.428,239.804,0.000,-29.35,71,-7
645.713,236.753,0.000,-29.35,71,-6
643.998,233.702,0.000,-29.35,71,-5
642.282,230.651,0.000,-29.35,71,-4
640.567,227.600,0.000,-29.35,71,-3
649.744,238.413,0.000,-32.63,71,-7
647.857,235.465,0.000,-32.63,71,-6
645.970,232.518,0.000,-32.63,71,-5
644.082,229.570,0.000,-32.63,71,-4
642.195,226.622,0.000,-32.63,71,-3
651.977,236.891,0.000,-35.91,71,-7
649.924,234.057,0.000,-35.91,71,-6
647.871,231.222,0.000,-35.91,71,-5
645.818,228.387,0.000,-35.91,71,-4
643.765,225.553,0.000,-35.91,71,-3
654.119,235.244,0.000,-39.20,71,-7
651.907,232.532,0.000,-39.20,71,-6
649.695,229.820,0.000,-39.20,71,-5
647.483,227.107,0.000,-39.20,71,-4
645.271,224.395,0.000,-39.20,71,-3
656.163,233.478,0.000,-42.48,71,-7
653.799,230.896,0.000,-42.48,71,-6
651.435,228.315,0.000,-42.48,71,-5
649.071,225.734,0.000,-42.48,71,-4
646.708,223.153,0.000,-42.48,71,-3
658.102,231.597,0.000,-45.77,71,-7
655.594,229.155,0.000,-45.77,71,-6
653.087,226.714,0.000,-45.77,71,-5
650.579,224.272,0.000,-45.77,71,-4
648.071,221.830,0.000,-45.77,71,-3
659.930,229.608,0.000,-49.05,71,-7
657.287,227.314,0.000,-49.05,71,-6
654.643,225.020,0.000,-49.05,71,-5
652.000,222.726,0.000,-49.05,71,-4
649.357,220.432,0.000,-49.05,71,-3
661.642,227.518,0.000,-52.33,71,-7
658.871,225.379,0.000,-52.33,71,-6
656.101,223.240,0.000,-52.33,71,-5
653.330,221.101,0.000,-52.33,71,-4
650.560,218.962,0.000,-52.33,71,-3
663.231,225.333,0.000,-55.62,71,-7
660.342,223.356,0.000,-55.62,71,-6
657.454,221.379,0.000,-55.62,71,-5
654.565,219.403,0.000,-55.62,71,-4
651.677,217.426,0.000,-55.62,71,-3
664.692,223.060,0.000,-58.90,71,-7
661.695,221.252,0.000,-58.90,71,-6
658.698,219.444,0.000,-58.90,71,-5
655.701,217.636,0.000,-58.90,71,-4
652.704,215.829,0.000,-58.90,71,-3
666.021,220.708,0.000,-62.18,71,-7
662.925,219.075,0.000,-62.18,71,-6
659.830,217.441,0.000,-62.18,71,-5
656.734,215.808,0.000,-62.18,71,-4
653.639,214.175,0.000,-62.18,71,-3
667.213,218.283,0.000,-65.47,71,-7
664.029,216.830,0.000,-65.47,71,-6
660.844,215.377,0.000,-65.47,71,-5
657.660,213.923,0.000,-65.47,71,-4
654.476,212.470,0.000,-65.47,71,-3
668.263,215.794,0.000,-68.75,71,-7
665.001,214.526,0.000,-68.75,71,-6
661.739,213.257,0.000,-68.75,71,-5
658.477,211.989,0.000,-68.75,71,-4
655.215,210.720,0.000,-68.75,71,-3
669.170,213.249,0.000,-72.03,71,-7
665.841,212.170,0.000,-72.03,71,-6
662.511,211.090,0.000,-72.03,71,-5
659.182,210.011,0.000,-72.03,71,-4
655.853,208.931,0.000,-72.03,71,-3
669.929,210.657,0.000,-75.32,71,-7
666.544,209.770,0.000,-75.32,71,-6
663.158,208.882,0.000,-75.32,71,-5
659.772,207.995,0.000,-75.32,71,-4
656.387,207.108,0.000,-75.32,71,-3
670.539,208.025,0.000,-78.60,71,-7
667.108,207.333,0.000,-78.60,71,-6
663.677,206.641,0.000,-78.60,71,-5
660.246,205.949,0.000,-78.60,71,-4
656.815,205.258,0.000,-78.60,71,-3
670.997,205.362,0.000,-81.88,71,-7
667.532,204.868,0.000,-81.88,71,-6
664.067,204.374,0.000,-81.88,71,-5
660.602,203.880,0.000,-81.88,71,-4
657.137,203.386,0.000,-81.88,71,-3
671.302,202.678,0.000,-85.17,71,-7
667.814,202.383,0.000,-85.17,71,-6
664.327,202.088,0.000,-85.17,71,-5
660.839,201.793,0.000,-85.17,71,-4
657.351,201.498,0.000,-85.17,71,-3
671.452,199.980,0.000,-88.45,71,-7
667.953,199.886,0.000,-88.45,71,-6
664.455,199.791,0.000,-88.45,71,-5
660.956,199.696,0.000,-88.45,71,-4
657.457,199.602,0.000,-88.45,71,-3
671.482,197.782,0.000,-89.38,71,-7
667.982,197.744,0.000,-89.38,71,-6
664.483,197.706,0.000,-89.38,71,-5
660.983,197.668,0.000,-89.38,71,-4
657.483,197.630,0.000,-89.38,71,-3
671.504,195.782,0.000,-89.38,71,-7
668.004,195.744,0.000,-89.38,71,-6
664.504,195.706,0.000,-89.38,71,-5
661.004,195.668,0.000,-89.38,71,-4
657.505,195.630,0.000,-89.38,71,-3
671.526,193.782,0.000,-89.38,71,-7
668.026,193.744,0.000,-89.38,71,-6
664.526,193.706,0.000,-89.38,71,-5
661.026,193.668,0.000,-89.38,71,-4
657.526,193.631,0.000,-89.38,71,-3
671.547,191.782,0.000,-89.38,71,-7
668.047,191.745,0.000,-89.38,71,-6
664.548,191.707,0.000,-89.38,71,-5
661.048,191.669,0.000,-89.38,71,-4
657.548,191.631,0.000,-89.38,71,-3
671.569,189.783,0.000,-89.38,71,-7
668.069,189.745,0.000,-89.38,71,-6
664.569,189.707,0.000,-89.38,71,-5
661.070,189.669,0.000,-89.38,71,-4
657.570,189.631,0.000,-89.38,71,-3
671.591,187.783,0.000,-89.38,71,-7
668.091,187.745,0.000,-89.38,71,-6
664.591,187.707,0.000,-89.38,71,-5
661.091,187.669,0.000,-89.38,71,-4
657.591,187.631,0.000,-89.38,71,-3
671.612,185.783,0.000,-89.38,71,-7
668.112,185.745,0.000,-89.38,71,-6
664.613,185.707,0.000,-89.38,71,-5
661.113,185.669,0.000,-89.38,71,-4
657.613,185.631,0.000,-89.38,71,-3
671.634,183.783,0.000,-89.38,71,-7
668.134,183.745,0.000,-89.38,71,-6
664.634,183.707,0.000,-89.38,71,-5
661.135,183.669,0.000,-89.38,71,-4
657.635,183.631,0.000,-89.38,71,-3
671.656,181.783,0.000,-89.38,71,-7
668.156,181.745,0.000,-89.38,71,-6
664.656,181.707,0.000,-89.38,71,-5
661.156,181.669,0.000,-89.38,71,-4
657.656,181.631,0.000,-89.38,71,-3
671.677,179.783,0.000,-89.38,71,-7
668.178,179.745,0.000,-89.38,71,-6
664.678,179.707,0.000,-89.38,71,-5
661.178,179.669,0.000,-89.38,71,-4
657.678,179.631,0.000,-89.38,71,-3
7.701,158.323,0.000,-90.91,96,-2
4.202,158.379,0.000,-90.91,96,-1
7.665,156.287,0.000,-91.14,96,-2
4.165,156.356,0.000,-91.14,96,-1
7.620,154.250,0.000,-91.37,96,-2
4.121,154.334,0.000,-91.37,96,-1
7.568,152.214,0.000,-91.60,96,-2
4.069,152.311,0.000,-91.60,96,-1
7.507,150.178,0.000,-91.83,96,-2
4.008,150.289,0.000,-91.83,96,-1
7.438,148.142,0.000,-92.06,96,-2
3.940,148.268,0.000,-92.06,96,-1
7.361,146.106,0.000,-92.29,96,-2
3.863,146.246,0.000,-92.29,96,-1
7.275,144.071,0.000,-92.51,96,-2
3.779,144.225,0.000,-92.51,96,-1
7.182,142.036,0.000,-92.74,96,-2
3.686,142.204,0.000,-92.74,96,-1
7.080,140.002,0.000,-92.97,96,-2
3.585,140.183,0.000,-92.97,96,-1
6.971,137.968,0.000,-93.20,96,-2
3.476,138.163,0.000,-93.20,96,-1
6.853,135.943,0.000,-93.38,96,-2
3.359,136.149,0.000,-93.38,96,-1
6.739,133.972,0.000,266.78,96,-2
3.245,134.169,0.000,266.78,96,-1
6.633,132.012,0.000,267.01,96,-2
3.138,132.194,0.000,267.01,96,-1
6.534,130.052,0.000,267.24,96,-2
3.039,130.220,0.000,267.24,96,-1
6.444,128.091,0.000,267.47,96,-2
2.947,128.245,0.000,267.47,96,-1
6.361,126.129,0.000,267.70,96,-2
2.864,126.270,0.000,267.70,96,-1
7.701,158.323,0.000,-90.91,97,-1
7.666,156.326,0.000,269.15,97,-1
7.669,154.383,0.000,271.03,97,-1
7.736,152.441,0.000,272.90,97,-1
7.866,150.503,0.000,274.78,97,-1
8.059,148.570,0.000,276.65,97,-1
8.316,146.644,0.000,278.53,97,-1
8.636,144.726,0.000,-79.67,97,-1
8.994,142.759,0.000,-79.67,97,-1
9.349,140.756,0.000,-80.79,97,-1
9.641,138.711,0.000,-82.92,97,-1
9.857,136.658,0.000,-85.06,97,-1
9.997,134.597,0.000,-87.20,97,-1
10.059,132.533,0.000,-89.33,97,-1
10.045,130.468,0.000,-91.47,97,-1
9.963,128.435,0.000,-92.59,97,-1
9.877,126.444,0.000,-92.35,97,-1
7.701,158.323,0.000,-90.91,224,-1
7.729,156.459,0.000,-86.49,224,-1
7.928,154.638,0.000,-81.00,224,-1
8.301,152.845,0.000,-75.51,224,-1
8.844,151.095,0.000,-70.02,224,-1
9.551,149.406,0.000,-64.54,224,-1
10.417,147.792,0.000,-59.05,224,-1
11.404,146.383,0.000,-49.95,224,-1
12.599,145.194,0.000,-39.74,224,-1
13.986,144.236,0.000,-29.53,224,-1
15.521,143.539,0.000,-19.31,224,-1
17.155,143.125,0.000,-9.10,224,-1
18.864,143.007,0.000,-359.77,224,-1
20.864,143.015,0.000,-359.77,224,-1
11.201,158.268,0.000,-90.91,201,-1
11.256,156.525,0.000,277.42,201,-1
11.634,154.937,0.000,289.36,201,-1
12.332,153.462,0.000,301.29,201,-1
13.319,152.164,0.000,-46.68,201,-1
14.537,151.141,0.000,-33.40,201,-1
15.957,150.424,0.000,-20.12,201,-1
17.504,150.054,0.000,-6.84,201,-1
19.286,150.009,0.000,0.23,201,-1
21.286,150.017,0.000,0.23,201,-1
11.201,158.268,0.000,-90.91,213,-1
11.168,156.268,0.000,-90.93,213,-1
11.177,154.436,0.000,274.55,213,-1
11.470,152.808,0.000,285.80,213,-1
12.074,151.268,0.000,297.04,213,-1
12.966,149.876,0.000,308.28,213,-1
14.117,148.679,0.000,-40.66,213,-1
15.480,147.713,0.000,-29.98,213,-1
16.999,147.016,0.000,-19.30,213,-1
18.621,146.613,0.000,-8.62,213,-1
20.346,146.513,0.000,0.23,213,-1
7.701,158.323,0.000,-90.91,219,-1
7.669,156.323,0.000,-90.92,219,-1
7.637,154.324,0.000,-90.92,219,-1
7.605,152.324,0.000,-90.92,219,-1
7.578,150.373,0.000,270.67,219,-1
7.747,148.693,0.000,280.80,219,-1
8.208,147.069,0.000,290.93,219,-1
8.948,145.551,0.000,301.07,219,-1
9.944,144.188,0.000,311.20,219,-1
11.164,143.021,0.000,321.34,219,-1
12.647,141.980,0.000,-32.54,219,-1
14.216,141.101,0.000,-25.97,219,-1
15.875,140.407,0.000,-19.40,219,-1
17.603,139.908,0.000,-12.83,219,-1
19.377,139.610,0.000,-6.26,219,-1
21.175,139.516,0.000,0.23,219,-1
641.303,145.557,0.000,-359.77,379,-1
643.303,145.565,0.000,-359.77,379,-1
645.303,145.573,0.000,-359.77,379,-1
647.359,145.574,0.000,-361.61,379,-1
649.592,145.353,0.000,-369.65,379,-1
651.773,144.823,0.000,-377.69,379,-1
653.857,143.993,0.000,-385.73,379,-1
655.805,142.880,0.000,-393.77,379,-1
657.578,141.504,0.000,-401.82,379,-1
659.141,139.895,0.000,-409.86,379,-1
660.464,138.082,0.000,-417.90,379,-1
661.510,136.191,0.000,-63.21,379,-1
662.402,134.286,0.000,-66.60,379,-1
663.180,132.332,0.000,-70.00,379,-1
663.840,130.335,0.000,-73.39,379,-1
664.381,128.302,0.000,-76.79,379,-1
664.801,126.241,0.000,-80.18,379,-1
665.098,124.159,0.000,-83.58,379,-1
665.272,122.063,0.000,-86.97,379,-1
641.318,142.057,0.000,-359.77,369,-1
643.318,142.065,0.000,-359.77,369,-1
645.318,142.074,0.000,-359.77,369,-1
647.381,142.074,0.000,-361.83,369,-1
649.676,141.791,0.000,-372.19,369,-1
651.884,141.101,0.000,-382.55,369,-1
653.932,140.025,0.000,-392.90,369,-1
655.753,138.598,0.000,-403.26,369,-1
657.287,136.867,0.000,-413.61,369,-1
658.486,134.889,0.000,-423.97,369,-1
659.339,132.939,0.000,-68.17,369,-1
660.062,130.961,0.000,-71.66,369,-1
660.664,128.943,0.000,-75.14,369,-1
661.142,126.892,0.000,-78.62,369,-1
661.494,124.816,0.000,-82.11,369,-1
661.720,122.722,0.000,-85.59,369,-1
661.818,120.618,0.000,-89.07,369,-1
641.289,149.057,0.000,-359.77,375,-1
643.289,149.065,0.000,-359.77,375,-1
645.289,149.073,0.000,-359.77,375,-1
647.340,149.073,0.000,-361.45,375,-1
649.531,148.893,0.000,-367.99,375,-1
651.687,148.464,0.000,-374.52,375,-1
653.781,147.792,0.000,-381.05,375,-1
655.784,146.887,0.000,-387.59,375,-1
657.671,145.760,0.000,-394.12,375,-1
659.418,144.425,0.000,-400.65,375,-1
661.001,142.900,0.000,-407.19,375,-1
662.401,141.205,0.000,-413.72,375,-1
663.589,139.387,0.000,-59.35,375,-1
664.607,137.553,0.000,-62.56,375,-1
665.521,135.665,0.000,-65.77,375,-1
666.328,133.729,0.000,-68.98,375,-1
667.026,131.750,0.000,-72.19,375,-1
667.611,129.736,0.000,-75.40,375,-1
668.083,127.692,0.000,-78.61,375,-1
668.439,125.625,0.000,-81.82,375,-1
668.679,123.541,0.000,-85.03,375,-1
668.802,121.447,0.000,-88.24,375,-1
-24.596,48.909,0.000,-0.02,453,-5
-24.598,45.409,0.000,-0.02,453,-4
-24.599,41.909,0.000,-0.02,453,-3
-22.596,48.908,0.000,-0.02,453,-5
-22.598,45.408,0.000,-0.02,453,-4
-22.599,41.908,0.000,-0.02,453,-3
-20.596,48.908,0.000,-0.02,453,-5
-20.598,45.408,0.000,-0.02,453,-4
-20.599,41.908,0.000,-0.02,453,-3
-18.596,48.907,0.000,-0.02,453,-5
-18.598,45.407,0.000,-0.02,453,-4
-18.599,41.907,0.000,-0.02,453,-3
-16.596,48.906,0.000,-0.02,453,-5
-16.598,45.406,0.000,-0.02,453,-4
-16.599,41.906,0.000,-0.02,453,-3
-14.596,48.905,0.000,-0.02,453,-5
-14.598,45.405,0.000,-0.02,453,-4
-14.599,41.905,0.000,-0.02,453,-3
-12.596,48.904,0.000,-0.02,453,-5
-12.598,45.404,0.000,-0.02,453,-4
-12.599,41.904,0.000,-0.02,453,-3
-10.596,48.904,0.000,-0.02,453,-5
-10.598,45.404,0.000,-0.02,453,-4
-10.599,41.904,0.000,-0.02,453,-3
-8.596,48.903,0.000,-0.02,453,-5
-8.598,45.403,0.000,-0.02,453,-4
-8.599,41.903,0.000,-0.02,453,-3
-6.596,48.902,0.000,-0.02,453,-5
-6.598,45.402,0.000,-0.02,453,-4
-6.599,41.902,0.000,-0.02,453,-3
-4.596,48.901,0.000,-0.02,453,-5
-4.598,45.401,0.000,-0.02,453,-4
-4.599,41.901,0.000,-0.02,453,-3
-2.596,48.900,0.000,-0.02,453,-5
-2.598,45.400,0.000,-0.02,453,-4
-2.599,41.900,0.000,-0.02,453,-3
-0.592,48.899,0.000,-0.05,453,-5
-0.595,45.399,0.000,-0.05,453,-4
-0.598,41.899,0.000,-0.05,453,-3
1.408,48.897,0.000,-0.05,453,-5
1.405,45.397,0.000,-0.05,453,-4
1.402,41.897,0.000,-0.05,453,-3
3.408,48.895,0.000,-0.05,453,-5
3.405,45.395,0.000,-0.05,453,-4
3.402,41.895,0.000,-0.05,453,-3
5.408,48.893,0.000,-0.05,453,-5
5.405,45.393,0.000,-0.05,453,-4
5.402,41.893,0.000,-0.05,453,-3
7.408,48.891,0.000,-0.05,453,-5
7.405,45.391,0.000,-0.05,453,-4
7.402,41.891,0.000,-0.05,453,-3
9.408,48.890,0.000,-0.05,453,-5
9.405,45.390,0.000,-0.05,453,-4
9.402,41.890,0.000,-0.05,453,-3
11.408,48.888,0.000,-0.05,453,-5
11.405,45.388,0.000,-0.05,453,-4
11.402,41.888,0.000,-0.05,453,-3
13.408,48.886,0.000,-0.05,453,-5
13.405,45.386,0.000,-0.05,453,-4
13.402,41.886,0.000,-0.05,453,-3
15.408,48.884,0.000,-0.05,453,-5
15.405,45.384,0.000,-0.05,453,-4
15.402,41.884,0.000,-0.05,453,-3
-24.595,52.409,0.000,-0.02,484,-1
-22.595,52.408,0.000,-0.02,484,-1
-20.817,52.481,0.000,7.16,484,-1
-19.173,52.840,0.000,17.46,484,-1
-17.619,53.487,0.000,27.75,484,-1
-16.206,54.401,0.000,38.05,484,-1
-14.934,55.566,0.000,47.03,484,-1
-13.966,56.862,0.000,59.45,484,-1
-13.299,58.335,0.000,71.87,484,-1
-12.965,59.918,0.000,84.29,484,-1
-12.927,61.746,0.000,89.89,484,-1
-12.920,63.753,0.000,89.67,484,-1
