x,y,z
33.21500396728516,-16.057861328125,0.0
32.71500396728516,-16.056039810180664,0.0
32.21501159667969,-16.054218292236328,0.0
31.715007781982425,-16.052396774291992,0.0
31.21501541137696,-16.050575256347656,0.0
30.71501541137696,-16.048755645751953,0.0
30.215023040771484,-16.046934127807617,0.0
29.715023040771484,-16.04511260986328,0.0
29.215023040771484,-16.043291091918945,0.0
28.715030670166016,-16.041471481323242,0.0
28.215030670166016,-16.039649963378906,0.0
27.715038299560547,-16.03782844543457,0.0
27.215038299560547,-16.036006927490234,0.0
26.71504592895508,-16.0341854095459,0.0
26.21504592895508,-16.032365798950195,0.0
25.71505355834961,-16.03054428100586,0.0
25.21505355834961,-16.028722763061523,0.0
24.715057373046875,-16.026901245117188,0.0
24.21506118774414,-16.02507972717285,0.0
23.715065002441406,-16.02326011657715,0.0
23.21506690979004,-16.021438598632812,0.0
22.715070724487305,-16.019617080688477,0.0
22.21507453918457,-16.01779556274414,0.0
21.71507835388184,-16.015975952148438,0.0
21.21508026123047,-16.0141544342041,0.0
20.71508407592773,-16.012332916259766,0.0
20.215087890625,-16.01051139831543,0.0
19.71508979797364,-16.008689880371094,0.0
19.2150936126709,-16.00687026977539,0.0
18.715097427368164,-16.005048751831055,0.0
18.21510124206543,-16.00322723388672,0.0
17.715105056762695,-16.001405715942383,0.0
17.215106964111328,-15.999584197998049,0.0
16.715110778808594,-15.997764587402344,0.0
16.21511459350586,-15.995943069458008,0.0
15.715117454528809,-15.994121551513672,0.0
15.215120315551758,-15.992300033569336,0.0
14.715124130249023,-15.990480422973633,0.0
14.215126991271973,-15.988658905029297,0.0
13.715130805969238,-15.98683738708496,0.0
13.215133666992188,-15.985015869140623,0.0
12.715137481689451,-15.983194351196287,0.0
12.215140342712402,-15.981374740600586,0.0
11.715144157409668,-15.97955322265625,0.0
11.215147018432615,-15.977731704711914,0.0
10.715150833129885,-15.975910186767578,0.0
10.215153694152832,-15.974088668823242,0.0
9.715157508850098,-15.97226905822754,0.0
9.215160369873049,-15.970447540283203,0.0
8.715164184570312,-15.968626022338867,0.0
8.215167045593262,-15.966804504394531,0.0
7.715169429779053,-15.964982986450195,0.0
7.215173244476318,-15.963163375854492,0.0
6.715177059173584,-15.961341857910156,0.0
6.21518087387085,-15.95952033996582,0.0
5.715182781219482,-15.957698822021484,0.0
5.215186595916748,-15.95587921142578,0.0
4.715190410614014,-15.954057693481444,0.0
4.215192317962647,-15.95223617553711,0.0
3.7151966094970703,-15.950414657592772,0.0
3.215200424194336,-15.948593139648438,0.0
2.715203762054444,-15.946771621704102,0.0
2.215207099914551,-15.944952011108398,0.0
1.715210199356079,-15.943130493164062,0.0
1.215213418006897,-15.941308975219728,0.0
0.7152169346809387,-15.93948745727539,0.0
0.2152202725410461,-15.937665939331056,0.0
-0.2847766280174255,-15.935846328735352,0.0
-0.7847732901573181,-15.934024810791016,0.0
-1.2847700119018557,-15.93220329284668,0.0
-1.784766674041748,-15.930381774902344,0.0
-2.284763097763061,-15.92856216430664,0.0
-2.784759759902954,-15.926740646362305,0.0
-3.2847564220428467,-15.924919128417969,0.0
-3.7847530841827393,-15.923097610473633,0.0
-4.284750461578369,-15.921276092529297,0.0
-4.784746646881104,-15.919456481933594,0.0
-5.284743785858154,-15.917634963989258,0.0
-5.784740924835205,-15.915813446044922,0.0
-6.28473711013794,-15.91399383544922,0.0
-6.78473424911499,-15.912172317504885,0.0
-7.284730434417725,-15.910350799560549,0.0
-7.784727573394775,-15.908529281616213,0.0
-8.284723281860352,-15.906709671020508,0.0
-8.784720420837402,-15.904888153076172,0.0
-9.284716606140137,-15.903066635131836,0.0
-9.784713745117188,-15.9012451171875,0.0
-10.284709930419922,-15.899423599243164,0.0
-10.784707069396973,-15.89760398864746,0.0
-11.284704208374023,-15.895782470703123,0.0
-11.784700393676758,-15.893960952758787,0.0
-12.284696578979492,-15.892139434814451,0.0
-12.784693717956545,-15.890317916870115,0.0
-13.284690856933594,-15.888498306274414,0.0
-13.784687042236328,-15.886676788330078,0.0
-14.28468418121338,-15.884855270385742,0.0
-14.784680366516112,-15.883033752441406,0.0
-15.284677505493164,-15.88121223449707,0.0
-15.784673690795898,-15.879392623901367,0.0
-16.284669876098633,-15.877571105957031,0.0
-16.784666061401367,-15.875749588012695,0.0
-17.284664154052734,-15.87392807006836,0.0
-17.78466033935547,-15.872108459472656,0.0
-18.28465843200684,-15.87028694152832,0.0
-18.78465461730957,-15.868465423583984,0.0
-19.284650802612305,-15.866643905639648,0.0
-19.78464698791504,-15.864822387695312,0.0
-20.284643173217773,-15.86300277709961,0.0
-20.784639358520508,-15.861181259155272,0.0
-21.284637451171875,-15.859359741210938,0.0
-21.78463363647461,-15.857538223266602,0.0
-22.284629821777344,-15.855716705322266,0.0
-22.784629821777344,-15.85389518737793,0.0
-23.28462600708008,-15.852073669433594,0.0
-23.78462219238281,-15.85025405883789,0.0
-24.28462028503418,-15.848432540893556,0.0
-24.78461647033692,-15.84661102294922,0.0
-25.28461265563965,-15.844789505004885,0.0
-25.784608840942383,-15.84296989440918,0.0
-26.28460693359375,-15.841148376464844,0.0
-26.784603118896484,-15.839326858520508,0.0
-27.28459930419922,-15.837505340576172,0.0
-27.78459548950196,-15.835683822631836,0.0
-28.28459358215332,-15.833864212036133,0.0
-28.78458976745605,-15.832042694091797,0.0
-29.28458595275879,-15.83022117614746,0.0
-29.78458023071289,-15.828401565551758,0.0
-30.28457832336425,-15.826580047607422,0.0
-30.784574508666992,-15.824758529663086,0.0
-31.284570693969727,-15.822937965393066,0.0
-31.78456687927246,-15.82111644744873,0.0
-32.28456115722656,-15.819295883178713,0.0
-32.78456115722656,-15.817474365234377,0.0
-33.28455352783203,-15.815653800964355,0.0
-33.7845573425293,-15.81383228302002,0.0
-34.28455352783203,-15.81201171875,0.0
-34.7845458984375,-15.810190200805664,0.0
-35.284542083740234,-15.808368682861328,0.0
-35.784542083740234,-15.806548118591309,0.0
-36.2845344543457,-15.804725646972656,0.0
-36.7845344543457,-15.802906036376951,0.0
-37.2845344543457,-15.801084518432615,0.0
-37.78452682495117,-15.799262046813965,0.0
-38.28452301025391,-15.797441482543944,0.0
-38.78452301025391,-15.795620918273926,0.0
-39.28451919555664,-15.793800354003906,0.0
-39.784515380859375,-15.79197883605957,0.0
-40.28450775146485,-15.79015827178955,0.0
-40.78450775146485,-15.788335800170898,0.0
-41.28450393676758,-15.786514282226562,0.0
-41.78450393676758,-15.78469467163086,0.0
-42.28449630737305,-15.782873153686523,0.0
-42.78449630737305,-15.781051635742188,0.0
-43.28449249267578,-15.779231071472168,0.0
-43.78448486328125,-15.777410507202148,0.0
-44.28448486328125,-15.775588035583496,0.0
-44.78447723388672,-15.773767471313477,0.0
-45.284481048583984,-15.77194595336914,0.0
-45.78447723388672,-15.770124435424805,0.0
-46.28446960449219,-15.768304824829102,0.0
-46.78446960449219,-15.766483306884766,0.0
-47.28446578979492,-15.76466178894043,0.0
-47.78446578979492,-15.76284122467041,0.0
-48.28445816040039,-15.761019706726074,0.0
-48.78445816040039,-15.759199142456056,0.0
-49.28445053100586,-15.75737762451172,0.0
-49.784446716308594,-15.7555570602417,0.0
-50.284446716308594,-15.753735542297363,0.0
-50.78444290161133,-15.751914024353027,0.0
-51.2844352722168,-15.750093460083008,0.0
-51.78443145751953,-15.748271942138672,0.0
-52.2844352722168,-15.746451377868652,0.0
-52.784427642822266,-15.744629859924316,0.0
-53.284427642822266,-15.742809295654297,0.0
-53.784423828125,-15.74098777770996,0.0
-54.28442001342773,-15.739165306091309,0.0
-54.7844123840332,-15.737345695495604,0.0
-55.28440856933594,-15.735523223876951,0.0
-55.7844123840332,-15.73370361328125,0.0
-56.284400939941406,-15.731882095336914,0.0
-56.78440475463867,-15.730060577392578,0.0
-57.284400939941406,-15.728239059448242,0.0
-57.78439712524414,-15.726418495178224,0.0
-58.28439331054688,-15.724597930908203,0.0
-58.78438949584961,-15.722776412963867,0.0
-59.28438949584961,-15.720954895019531,0.0
-59.78438186645508,-15.719133377075195,0.0
-60.28437805175781,-15.717312812805176,0.0
-60.78437423706055,-15.715492248535156,0.0
-61.28437423706055,-15.71367073059082,0.0
-61.784366607666016,-15.711849212646484,0.0
-62.28436279296875,-15.710027694702148,0.0
-62.78436279296875,-15.708208084106444,0.0
-63.28435897827149,-15.70638656616211,0.0
-63.78435516357422,-15.704565048217772,0.0
-64.28434753417969,-15.702744483947754,0.0
-64.78434753417969,-15.700922012329102,0.0
-65.28435516357422,-15.699101448059082,0.0
-65.78433990478516,-15.697279930114746,0.0
-66.28433227539062,-15.695459365844728,0.0
-66.78433227539062,-15.69363784790039,0.0
-67.28433227539062,-15.691816329956056,0.0
-67.78433227539062,-15.689995765686035,0.0
-68.2843246459961,-15.6881742477417,0.0
-68.78431701660156,-15.68635368347168,0.0
-69.28431701660156,-15.684532165527344,0.0
-69.78431701660156,-15.682710647583008,0.0
-70.28430938720703,-15.680890083312988,0.0
-70.7843017578125,-15.679068565368652,0.0
-71.2843017578125,-15.677248001098633,0.0
-71.7843017578125,-15.675426483154297,0.0
-72.2843017578125,-15.673605918884276,0.0
-72.78429412841797,-15.67178440093994,0.0
-73.28428649902344,-15.669962882995604,0.0
-73.78428649902344,-15.668142318725586,0.0
-74.28428649902344,-15.66632080078125,0.0
-74.7842788696289,-15.66450023651123,0.0
-75.28427124023438,-15.662678718566896,0.0
-75.78427124023438,-15.660858154296877,0.0
-76.28427124023438,-15.65903663635254,0.0
-76.78427124023438,-15.657215118408203,0.0
-77.28426361083984,-15.655394554138184,0.0
-77.78425598144531,-15.653573036193848,0.0
-78.28425598144531,-15.651752471923828,0.0
-78.78425598144531,-15.649930953979492,0.0
-79.28425598144531,-15.648109436035156,0.0
-79.78424835205078,-15.646288871765137,0.0
-80.28424072265625,-15.6444673538208,0.0
-80.78424072265625,-15.64264678955078,0.0
-81.28424072265625,-15.640825271606444,0.0
-81.78423309326172,-15.639004707336426,0.0
-82.28422546386719,-15.63718318939209,0.0
-82.78422546386719,-15.635361671447754,0.0
-83.28422546386719,-15.633541107177734,0.0
-83.78422546386719,-15.631719589233398,0.0
-84.28421783447266,-15.62989902496338,0.0
-84.78421020507812,-15.628077507019045,0.0
-85.28421020507812,-15.626256942749023,0.0
-85.78421020507812,-15.624435424804688,0.0
-86.2842025756836,-15.622613906860352,0.0
-86.78419494628906,-15.620793342590332,0.0
-87.28419494628906,-15.618971824645996,0.0
-87.78419494628906,-15.617151260375977,0.0
-88.28419494628906,-15.61532974243164,0.0
-88.78418731689453,-15.613508224487305,0.0
-89.2841796875,-15.611687660217283,0.0
-89.7841796875,-15.60986614227295,0.0
-90.2841796875,-15.60804557800293,0.0
-90.7841796875,-15.606224060058594,0.0
-91.28417205810548,-15.604403495788574,0.0
-91.78416442871094,-15.602581977844238,0.0
-92.28416442871094,-15.600760459899902,0.0
-92.78416442871094,-15.598939895629885,0.0
-93.2841567993164,-15.597118377685549,0.0
-93.78414916992188,-15.595297813415527,0.0
-94.28414916992188,-15.593476295471191,0.0
-94.78414916992188,-15.591655731201172,0.0
-95.28414916992188,-15.589834213256836,0.0
-95.7841339111328,-15.5880126953125,0.0
-96.2841339111328,-15.58619213104248,0.0
-96.7841339111328,-15.584370613098145,0.0
-97.2841339111328,-15.582550048828123,0.0
-97.7841339111328,-15.580728530883787,0.0
-98.28411865234376,-15.57890796661377,0.0
-98.78411865234376,-15.577086448669434,0.0
-99.28411865234376,-15.575264930725098,0.0
-99.78411865234376,-15.573444366455078,0.0
-100.28411865234376,-15.571622848510742,0.0
-100.78410339355467,-15.569802284240724,0.0
-101.28410339355467,-15.567980766296388,0.0
-101.78410339355467,-15.56615924835205,0.0
-102.28410339355467,-15.564338684082031,0.0
-102.78408813476562,-15.562517166137695,0.0
-103.28408813476562,-15.560696601867676,0.0
-103.78408813476562,-15.55887508392334,0.0
-104.28408813476562,-15.55705451965332,0.0
-104.78408813476562,-15.555233001708984,0.0
-105.28407287597656,-15.553411483764648,0.0
-105.78407287597656,-15.551590919494627,0.0
-106.28407287597656,-15.549769401550291,0.0
-106.78407287597656,-15.547948837280272,0.0
-107.2840576171875,-15.546127319335938,0.0
-107.7840576171875,-15.544306755065918,0.0
-108.2840576171875,-15.542485237121582,0.0
-108.7840576171875,-15.540663719177246,0.0
-109.2840576171875,-15.538843154907228,0.0
-109.78404235839844,-15.53702163696289,0.0
-110.28404235839844,-15.535201072692873,0.0
-110.78404235839844,-15.533379554748535,0.0
-111.28404235839844,-15.5315580368042,0.0
-111.78404235839844,-15.52973747253418,0.0
-112.28402709960938,-15.527915954589844,0.0
-112.78402709960938,-15.526095390319824,0.0
-113.28402709960938,-15.524273872375488,0.0
-113.78402709960938,-15.522453308105469,0.0
-114.28401184082033,-15.520631790161133,0.0
-114.78401184082033,-15.518810272216797,0.0
-115.28401184082033,-15.516989707946776,0.0
-115.78401184082033,-15.51516819000244,0.0
-116.28401184082033,-15.513347625732422,0.0
-116.78399658203124,-15.511526107788086,0.0
-117.28399658203124,-15.509705543518066,0.0
-117.78399658203124,-15.50788402557373,0.0
-118.28399658203124,-15.506062507629396,0.0
-118.7839813232422,-15.504241943359377,0.0
-119.2839813232422,-15.50242042541504,0.0
-119.7839813232422,-15.50059986114502,0.0
-120.2839813232422,-15.498778343200684,0.0
-120.7839813232422,-15.496956825256348,0.0
-121.28396606445312,-15.495136260986328,0.0
-121.78396606445312,-15.493314743041992,0.0
-122.28396606445312,-15.491494178771973,0.0
-122.78396606445312,-15.489672660827637,0.0
-123.28396606445312,-15.487852096557615,0.0
-123.78395080566406,-15.48603057861328,0.0
-124.28395080566406,-15.484209060668944,0.0
-124.78395080566406,-15.482388496398926,0.0
-125.28395080566406,-15.48056697845459,0.0
-125.783935546875,-15.47874641418457,0.0
-126.283935546875,-15.476924896240234,0.0
-126.783935546875,-15.475104331970217,0.0
-127.283935546875,-15.47328281402588,0.0
-127.783935546875,-15.471461296081545,0.0
-128.28395080566406,-15.469640731811523,0.0
-128.783935546875,-15.467819213867188,0.0
-129.283935546875,-15.465997695922852,0.0
-129.783935546875,-15.464177131652832,0.0
-130.283935546875,-15.462355613708496,0.0
-130.78392028808594,-15.460535049438477,0.0
-131.28392028808594,-15.45871353149414,0.0
-131.78392028808594,-15.45689296722412,0.0
-132.28392028808594,-15.455071449279783,0.0
-132.78392028808594,-15.45324993133545,0.0
-133.28390502929688,-15.45142936706543,0.0
-133.78390502929688,-15.449607849121094,0.0
-134.28390502929688,-15.447787284851074,0.0
-134.78390502929688,-15.445965766906738,0.0
-135.28390502929688,-15.44414520263672,0.0
-135.7838897705078,-15.442323684692385,0.0
-136.2838897705078,-15.440502166748049,0.0
-136.7838897705078,-15.438681602478027,0.0
-137.2838897705078,-15.436860084533691,0.0
-137.78387451171875,-15.435039520263672,0.0
-138.28387451171875,-15.433218002319336,0.0
-138.78387451171875,-15.431397438049316,0.0
-139.2838592529297,-15.429576873779297,0.0
-139.7838592529297,-15.42775535583496,0.0
-140.28384399414062,-15.425933837890623,0.0
-140.78384399414062,-15.424112319946287,0.0
-141.28384399414062,-15.422292709350586,0.0
-141.78384399414062,-15.42047119140625,0.0
-142.28382873535156,-15.418649673461914,0.0
-142.78382873535156,-15.416828155517578,0.0
-143.28382873535156,-15.415006637573242,0.0
-143.78382873535156,-15.41318702697754,0.0
-144.28382873535156,-15.411365509033203,0.0
-144.7838134765625,-15.409543991088867,0.0
-145.2838134765625,-15.407722473144531,0.0
-145.7838134765625,-15.405900955200195,0.0
-146.2838134765625,-15.404081344604492,0.0
-146.78379821777344,-15.402259826660156,0.0
-147.28379821777344,-15.40043830871582,0.0
-147.78379821777344,-15.398616790771484,0.0
-148.28379821777344,-15.39679718017578,0.0
-148.78379821777344,-15.394975662231444,0.0
-149.28378295898438,-15.39315414428711,0.0
-149.78378295898438,-15.391332626342772,0.0
-150.28378295898438,-15.389511108398438,0.0
-150.78378295898438,-15.387691497802734,0.0
-151.28378295898438,-15.385869979858398,0.0
-151.7837677001953,-15.384048461914062,0.0
-152.2837677001953,-15.382226943969728,0.0
-152.7837677001953,-15.38040542602539,0.0
-153.2837677001953,-15.378585815429688,0.0
-153.7837677001953,-15.376764297485352,0.0
-154.28375244140625,-15.374942779541016,0.0
-154.78375244140625,-15.37312126159668,0.0
-155.28375244140625,-15.371299743652344,0.0
-155.78375244140625,-15.369478225708008,0.0
-156.2837371826172,-15.367658615112305,0.0
-156.7837371826172,-15.365837097167969,0.0
-157.2837371826172,-15.364015579223633,0.0
-157.7837371826172,-15.362194061279297,0.0
-158.28372192382812,-15.36037254333496,0.0
-158.78372192382812,-15.358552932739258,0.0
-159.28372192382812,-15.356731414794922,0.0
-159.78372192382812,-15.354909896850586,0.0
-160.28372192382812,-15.35308837890625,0.0
-160.78370666503906,-15.351266860961914,0.0
-161.28370666503906,-15.349447250366213,0.0
-161.78370666503906,-15.347625732421877,0.0
-162.28370666503906,-15.34580421447754,0.0
-162.78370666503906,-15.343982696533203,0.0
-163.28369140625,-15.3421630859375,0.0
-163.78369140625,-15.340341567993164,0.0
-164.28369140625,-15.338520050048828,0.0
-164.78369140625,-15.336698532104492,0.0
-165.28367614746094,-15.334877014160156,0.0
-165.78367614746094,-15.333057403564451,0.0
-166.28367614746094,-15.331235885620115,0.0
-166.78367614746094,-15.32941436767578,0.0
-167.28367614746094,-15.327592849731444,0.0
-167.78366088867188,-15.32577133178711,0.0
-168.28366088867188,-15.323951721191406,0.0
-168.78366088867188,-15.32213020324707,0.0
-169.28366088867188,-15.320308685302734,0.0
-169.7836456298828,-15.318487167358398,0.0
-170.2836456298828,-15.316665649414062,0.0
-170.7836456298828,-15.31484603881836,0.0
-171.2836456298828,-15.313024520874023,0.0
-171.7836456298828,-15.311203002929688,0.0
-172.28363037109375,-15.309381484985352,0.0
-172.78363037109375,-15.307561874389648,0.0
-173.28363037109375,-15.305740356445312,0.0
-173.78363037109375,-15.303918838500977,0.0
-174.2836151123047,-15.30209732055664,0.0
-174.7836151123047,-15.300275802612305,0.0
-175.2836151123047,-15.298456192016602,0.0
-175.7836151123047,-15.296634674072266,0.0
-176.2836151123047,-15.29481315612793,0.0
-176.78359985351562,-15.292991638183594,0.0
-177.28359985351562,-15.291170120239258,0.0
-177.78359985351562,-15.289350509643556,0.0
-178.28359985351562,-15.28752899169922,0.0
-178.78358459472656,-15.285707473754885,0.0
-179.28358459472656,-15.283885955810549,0.0
-179.78358459472656,-15.282066345214844,0.0
-180.28358459472656,-15.280244827270508,0.0
-180.78358459472656,-15.278423309326172,0.0
-181.28358459472656,-15.276601791381836,0.0
-181.7835693359375,-15.2747802734375,0.0
-182.2835693359375,-15.272960662841797,0.0
-182.7835693359375,-15.27113914489746,0.0
-183.2835693359375,-15.269317626953123,0.0
-183.78355407714844,-15.267496109008787,0.0
-184.28355407714844,-15.265674591064451,0.0
-184.78355407714844,-15.26385498046875,0.0
-185.28355407714844,-15.262033462524414,0.0
-185.78355407714844,-15.260211944580078,0.0
-186.2835388183593,-15.258390426635742,0.0
-186.7835388183593,-15.256568908691406,0.0
-187.2835388183593,-15.254749298095703,0.0
-187.7835388183593,-15.252927780151367,0.0
-188.2835235595703,-15.251106262207031,0.0
-188.7835235595703,-15.249284744262695,0.0
-189.2835235595703,-15.247465133666992,0.0
-189.7835235595703,-15.245643615722656,0.0
-190.2835235595703,-15.24382209777832,0.0
-190.78350830078125,-15.242000579833984,0.0
-191.28350830078125,-15.240179061889648,0.0
-191.78350830078125,-15.238359451293944,0.0
-192.28350830078125,-15.23653793334961,0.0
-192.7834930419922,-15.234716415405272,0.0
-193.2834930419922,-15.232894897460938,0.0
-193.7834930419922,-15.231073379516602,0.0
-194.2834930419922,-15.229253768920898,0.0
-194.7834930419922,-15.227432250976562,0.0
-195.2834930419922,-15.225610733032228,0.0
-195.78347778320312,-15.22378921508789,0.0
-196.28347778320312,-15.221967697143556,0.0
-196.78347778320312,-15.220148086547852,0.0
-197.2834625244141,-15.218326568603516,0.0
-197.7834625244141,-15.21650505065918,0.0
-198.2834625244141,-15.214683532714844,0.0
-198.7834625244141,-15.21286392211914,0.0
-199.2834625244141,-15.211042404174805,0.0
-199.7834625244141,-15.209220886230469,0.0
-200.2834625244141,-15.207399368286133,0.0
-200.783447265625,-15.205577850341797,0.0
-201.283447265625,-15.20375633239746,0.0
-201.783447265625,-15.201934814453123,0.0
-202.283447265625,-15.200115203857422,0.0
-202.783432006836,-15.198293685913086,0.0
-203.283432006836,-15.19647216796875,0.0
-203.783432006836,-15.194650650024414,0.0
-204.283432006836,-15.192831039428713,0.0
-204.783432006836,-15.191009521484377,0.0
-205.28341674804688,-15.18918800354004,0.0
-205.78341674804688,-15.187366485595703,0.0
-206.28341674804688,-15.185544967651367,0.0
-206.78341674804688,-15.183725357055664,0.0
-207.28341674804688,-15.181903839111328,0.0
-207.7871856689453,-15.180198669433594,0.0
-208.2924346923828,-15.178964614868164,0.0
-208.7976837158203,-15.178255081176758,0.0
-209.30294799804688,-15.17803955078125,0.0
-209.8081817626953,-15.17834758758545,0.0
-210.31344604492188,-15.179119110107422,0.0
-210.81866455078125,-15.180444717407228,0.0
-211.3226623535156,-15.18222999572754,0.0
-211.8226623535156,-15.184146881103516,0.0
-212.32264709472656,-15.186065673828123,0.0
-212.82264709472656,-15.187984466552734,0.0
-213.32264709472656,-15.189901351928713,0.0
-213.82264709472656,-15.19182014465332,0.0
-214.3226318359375,-15.193737030029297,0.0
-214.8226318359375,-15.195655822753906,0.0
-215.3226318359375,-15.197572708129885,0.0
-215.8226318359375,-15.199491500854492,0.0
-216.32261657714844,-15.201410293579102,0.0
-216.82261657714844,-15.203327178955078,0.0
-217.32261657714844,-15.205245971679688,0.0
-217.82261657714844,-15.207162857055664,0.0
-218.3226013183593,-15.209081649780272,0.0
-218.8187866210937,-15.210870742797852,0.0
-219.3135223388672,-15.212169647216797,0.0
-219.8082733154297,-15.2129545211792,0.0
-220.30300903320312,-15.2132568359375,0.0
-220.7977752685547,-15.213045120239258,0.0
-221.29251098632807,-15.21238136291504,0.0
-221.7872772216797,-15.211173057556152,0.0
-222.28201293945312,-15.209512710571287,0.0
-222.7767791748047,-15.207338333129885,0.0
-223.27149963378903,-15.20465087890625,0.0
-223.76626586914065,-15.201510429382324,0.0
-224.260986328125,-15.197856903076172,0.0
-224.75572204589844,-15.193689346313477,0.0
-225.25491333007807,-15.189166069030762,0.0
-225.75489807128903,-15.184645652770996,0.0
-226.2548675537109,-15.180123329162598,0.0
-226.75485229492188,-15.175602912902832,0.0
-227.2548370361328,-15.171082496643066,0.0
-227.7548065185547,-15.166560173034668,0.0
-228.2547912597656,-15.162039756774902,0.0
-228.75477600097656,-15.157519340515137,0.0
-229.25474548339844,-15.152997016906738,0.0
-229.7551422119141,-15.148472785949709,0.0
-230.255111694336,-15.14395236968994,0.0
-230.75509643554688,-15.139430046081545,0.0
-231.2550811767578,-15.134909629821776,0.0
-231.7550506591797,-15.130389213562012,0.0
-232.25503540039065,-15.125866889953612,0.0
-232.7550201416016,-15.121346473693848,0.0
-233.25498962402344,-15.116826057434082,0.0
-233.7549743652344,-15.112303733825684,0.0
-234.2549591064453,-15.107783317565918,0.0
-234.7549285888672,-15.10326099395752,0.0
-235.25491333007807,-15.098740577697754,0.0
-235.75489807128903,-15.094220161437988,0.0
-236.2548675537109,-15.08969783782959,0.0
-236.75485229492188,-15.085177421569824,0.0
-237.2548370361328,-15.08065700531006,0.0
-237.7548065185547,-15.07613468170166,0.0
-238.2547912597656,-15.071614265441896,0.0
-238.75477600097656,-15.067091941833496,0.0
-239.25474548339844,-15.06257152557373,0.0
-239.7547302246093,-15.058051109313965,0.0
-240.2547149658203,-15.053528785705566,0.0
-240.7546844482422,-15.0490083694458,0.0
-241.25466918945312,-15.044487953186035,0.0
-241.7546539306641,-15.039965629577637,0.0
-242.254623413086,-15.035445213317873,0.0
-242.75460815429688,-15.030922889709473,0.0
-243.2545928955078,-15.026402473449709,0.0
-243.7545623779297,-15.02188205718994,0.0
-244.25454711914065,-15.017359733581545,0.0
-244.7545318603516,-15.012839317321776,0.0
-245.25450134277344,-15.008318901062012,0.0
-245.7544860839844,-15.003796577453612,0.0
-246.2544708251953,-14.999276161193848,0.0
-246.7544403076172,-14.994755744934082,0.0
-247.25442504882807,-14.990233421325684,0.0
-247.75440979003903,-14.985713005065918,0.0
-248.2543792724609,-14.98119068145752,0.0
-248.75436401367188,-14.976670265197754,0.0
-249.2543487548828,-14.972149848937988,0.0
-249.7543182373047,-14.96762752532959,0.0
-250.2543029785156,-14.963107109069824,0.0
-250.75428771972656,-14.95858669281006,0.0
-251.25425720214844,-14.95406436920166,0.0
-251.7542419433593,-14.949543952941896,0.0
-252.2542266845703,-14.945021629333496,0.0
-252.7541961669922,-14.94050121307373,0.0
-253.25418090820312,-14.935980796813965,0.0
-253.7541656494141,-14.931458473205566,0.0
-254.254135131836,-14.9269380569458,0.0
-254.75411987304688,-14.922417640686035,0.0
-255.25408935546875,-14.917895317077637,0.0
-255.7540740966797,-14.913374900817873,0.0
-256.2540588378906,-14.908852577209473,0.0
-256.7540588378906,-14.904332160949709,0.0
-257.2540283203125,-14.89981174468994,0.0
-257.74285888671875,-14.895095825195312,0.0
-258.2232360839844,-14.888833999633787,0.0
-258.70361328125,-14.88078498840332,0.0
-259.1839599609375,-14.870946884155272,0.0
-259.6642150878906,-14.859320640563965,0.0
-260.1444702148437,-14.845905303955078,0.0
-260.62469482421875,-14.83068561553955,0.0
-261.1048278808594,-14.81369400024414,0.0
-261.5848693847656,-14.794912338256836,0.0
-262.0648803710937,-14.77432632446289,0.0
-262.5447692871094,-14.75196647644043,0.0
-263.02459716796875,-14.72782039642334,0.0
-263.5043640136719,-14.701868057250977,0.0
-263.9839782714844,-14.674142837524414,0.0
-264.4635009765625,-14.644628524780272,0.0
-264.9429016113281,-14.613327026367188,0.0
-265.4222412109375,-14.58023452758789,0.0
-265.9013977050781,-14.545354843139648,0.0
-266.38043212890625,-14.508699417114258,0.0
-266.8593139648437,-14.470257759094238,0.0
-267.3380432128906,-14.430025100708008,0.0
-267.8166809082031,-14.388004302978516,0.0
-268.2950744628906,-14.344210624694824,0.0
-268.7733764648437,-14.298626899719238,0.0
-269.25146484375,-14.251270294189451,0.0
-269.7293701171875,-14.20212459564209,0.0
-270.2070617675781,-14.151205062866213,0.0
-270.68463134765625,-14.09849452972412,0.0
-271.1619567871094,-14.044012069702148,0.0
-271.6390991210937,-13.98775577545166,0.0
-272.11602783203125,-13.929709434509276,0.0
-272.5927124023437,-13.86988925933838,0.0
-273.06915283203125,-13.808310508728027,0.0
-273.5453796386719,-13.744943618774414,0.0
-274.0214233398437,-13.679801940917969,0.0
-274.4971618652344,-13.612884521484377,0.0
-274.9726867675781,-13.544195175170898,0.0
-275.4479064941406,-13.473730087280272,0.0
-275.9228820800781,-13.401506423950195,0.0
-276.3975830078125,-13.32749366760254,0.0
-276.8719787597656,-13.251737594604492,0.0
-277.3461303710937,-13.174190521240234,0.0
-277.8199768066406,-13.09490203857422,0.0
-278.2934875488281,-13.013822555541992,0.0
-278.7667541503906,-12.93099880218506,0.0
-279.2396850585937,-12.846399307250977,0.0
-279.7123107910156,-12.760042190551758,0.0
-280.1845703125,-12.671926498413086,0.0
-280.6565246582031,-12.582049369812012,0.0
-281.1281433105469,-12.490413665771484,0.0
-281.5994567871094,-12.397019386291504,0.0
-282.0703430175781,-12.3018798828125,0.0
-282.5408630371094,-12.204964637756348,0.0
-283.0111083984375,-12.106321334838867,0.0
-283.4809265136719,-12.005903244018556,0.0
-283.95037841796875,-11.90375518798828,0.0
-284.41943359375,-11.799847602844238,0.0
-284.8881225585937,-11.694195747375488,0.0
-285.3563842773437,-11.586798667907717,0.0
-285.8242492675781,-11.477657318115234,0.0
-286.291748046875,-11.366769790649414,0.0
-286.7587890625,-11.254138946533203,0.0
-287.22540283203125,-11.139778137207031,0.0
-287.69158935546875,-11.02367115020752,0.0
-288.1573486328125,-10.9058198928833,0.0
-288.6226501464844,-10.7862548828125,0.0
-289.0875244140625,-10.66494369506836,0.0
-289.55194091796875,-10.541902542114258,0.0
-290.0158996582031,-10.417131423950195,0.0
-290.4793701171875,-10.290630340576172,0.0
-290.9423828125,-10.162398338317873,0.0
-291.4048767089844,-10.032451629638672,0.0
-291.866943359375,-9.900774955749512,0.0
-292.3284912109375,-9.767382621765137,0.0
-292.7895202636719,-9.632275581359863,0.0
-293.25006103515625,-9.495437622070312,0.0
-293.7100830078125,-9.35689926147461,0.0
-294.1695861816406,-9.216630935668944,0.0
-294.62860107421875,-9.074661254882812,0.0
-295.0870361328125,-8.930984497070312,0.0
-295.5449523925781,-8.785591125488281,0.0
-296.0022888183594,-8.638505935668945,0.0
-296.4591064453125,-8.489704132080078,0.0
-296.91534423828125,-8.339208602905273,0.0
-297.3710632324219,-8.187012672424316,0.0
-297.8261413574219,-8.03311538696289,0.0
-298.2807006835937,-7.877525806427002,0.0
-298.73468017578125,-7.720242500305176,0.0
-299.1880187988281,-7.561272621154785,0.0
-299.64080810546875,-7.400609970092773,0.0
-300.0929870605469,-7.238260746002197,0.0
-300.5445556640625,-7.074225425720215,0.0
-300.9954833984375,-6.908512115478516,0.0
-301.4458312988281,-6.741118907928467,0.0
-301.8955383300781,-6.572054862976074,0.0
-302.3446044921875,-6.401304721832275,0.0
-302.79302978515625,-6.228890895843506,0.0
-303.2408142089844,-6.054804801940918,0.0
-303.6879272460937,-5.879047870635986,0.0
-304.1343994140625,-5.701626300811768,0.0
-304.58026123046875,-5.522548675537109,0.0
-305.0253601074219,-5.341805458068848,0.0
-305.4698486328125,-5.159407138824463,0.0
-305.9136047363281,-4.975351333618164,0.0
-306.3567199707031,-4.789638996124268,0.0
-306.7991027832031,-4.60228443145752,0.0
-307.24078369140625,-4.413279533386231,0.0
-307.6817932128906,-4.222626686096191,0.0
-308.1220703125,-4.030337810516357,0.0
-308.56158447265625,-3.836407661437988,0.0
-309.0004577636719,-3.640835762023926,0.0
-309.4385681152344,-3.4436354637146,0.0
-309.8758850097656,-3.244801044464112,0.0
-310.3125,-3.0443387031555176,0.0
-310.74835205078125,-2.8422493934631348,0.0
-311.1835021972656,-2.638538360595703,0.0
-311.61785888671875,-2.43320894241333,0.0
-312.0514221191406,-2.226259231567383,0.0
-312.4842529296875,-2.0176963806152344,0.0
-312.916259765625,-1.8075284957885744,0.0
-313.3475036621094,-1.5957398414611816,0.0
-313.7779235839844,-1.3823537826538086,0.0
-314.2075500488281,-1.1673612594604492,0.0
-314.63641357421875,-0.9507708549499512,0.0
-315.064453125,-0.7325835227966309,0.0
-315.4916381835937,-0.5128049850463867,0.0
-315.91802978515625,-0.2914347648620605,0.0
-316.3436279296875,-0.0684738159179687,0.0
-316.7683410644531,0.1560702323913574,0.0
-317.1922302246094,0.3821897506713867,0.0
-317.61529541015625,0.6098942756652832,0.0
-318.0374755859375,0.8391737937927246,0.0
-318.4588317871094,1.0700221061706543,0.0
-318.8793029785156,1.3024396896362305,0.0
-319.29888916015625,1.536426067352295,0.0
-319.7176513671875,1.7719664573669434,0.0
-320.135498046875,2.009075164794922,0.0
-320.5524597167969,2.247730731964112,0.0
-320.968505859375,2.487948417663574,0.0
-321.3836975097656,2.729705333709717,0.0
-321.7979431152344,2.973016262054444,0.0
-322.2113342285156,3.217859268188477,0.0
-322.6237487792969,3.464249610900879,0.0
-323.0352783203125,3.7121715545654297,0.0
-323.4458923339844,3.961626052856445,0.0
-323.8555603027344,4.212612628936768,0.0
-324.2642822265625,4.465116500854492,0.0
-324.67205810546875,4.719144821166992,0.0
-325.0788879394531,4.974699020385742,0.0
-325.4848022460937,5.231754302978516,0.0
-325.88970947265625,5.490328311920166,0.0
-326.29364013671875,5.750412464141846,0.0
-326.69659423828125,6.011992454528809,0.0
-327.0986328125,6.275074005126953,0.0
-327.4996337890625,6.5396599769592285,0.0
-327.899658203125,6.805732727050781,0.0
-328.2987060546875,7.073294639587402,0.0
-328.6967163085937,7.342336654663086,0.0
-329.0937805175781,7.6128668785095215,0.0
-329.48980712890625,7.884871482849121,0.0
-329.8847961425781,8.15834903717041,0.0
-330.2787475585937,8.43329906463623,0.0
-330.6816711425781,8.716325759887695,0.0
-331.0907592773437,9.003828048706055,0.0
-331.4998474121094,9.291330337524414,0.0
-331.9089050292969,9.578832626342772,0.0
-332.3179931640625,9.866334915161133,0.0
-332.72705078125,10.153837203979492,0.0
-333.1361389160156,10.44133758544922,0.0
-333.5451965332031,10.728839874267578,0.0
-333.95428466796875,11.016342163085938,0.0
-334.3633728027344,11.303844451904297,0.0
-334.7724304199219,11.591346740722656,0.0
-335.1815185546875,11.878849029541016,0.0
-335.5903625488281,12.166193008422852,0.0
-335.9678039550781,12.433505058288574,0.0
-336.3432922363281,12.70350170135498,0.0
-336.7168884277344,12.97617530822754,0.0
-337.0885009765625,13.251510620117188,0.0
-337.4581604003906,13.529491424560549,0.0
-337.8257751464844,13.81011199951172,0.0
-338.1914367675781,14.093343734741213,0.0
-338.5550231933594,14.379179000854492,0.0
-338.9165954589844,14.667610168457031,0.0
-339.27606201171875,14.958610534667969,0.0
-339.6334533691406,15.252172470092772,0.0
-339.9887390136719,15.548282623291016,0.0
-340.3419189453125,15.846920013427734,0.0
-340.6929626464844,16.148069381713867,0.0
-341.04180908203125,16.451719284057617,0.0
-341.38848876953125,16.757856369018555,0.0
-341.7329406738281,17.06645965576172,0.0
-342.0752258300781,17.377517700195312,0.0
-342.415283203125,17.691003799438477,0.0
-342.75311279296875,18.006919860839844,0.0
-343.088623046875,18.325239181518555,0.0
-343.421875,18.64594459533692,0.0
-343.7528381347656,18.96902084350586,0.0
-344.0814819335937,19.29445457458496,0.0
-344.40777587890625,19.622222900390625,0.0
-344.73175048828125,19.95232009887696,0.0
-345.0533142089844,20.28471565246582,0.0
-345.3725280761719,20.6194076538086,0.0
-345.6893615722656,20.95636367797852,0.0
-346.00372314453125,21.295578002929688,0.0
-346.3157043457031,21.637025833129883,0.0
-346.6252136230469,21.980695724487305,0.0
-346.9322509765625,22.32656478881836,0.0
-347.2368469238281,22.67462158203125,0.0
-347.5389404296875,23.02484130859375,0.0
-347.8385009765625,23.37721061706543,0.0
-348.13555908203125,23.73171043395996,0.0
-348.4300537109375,24.08832550048828,0.0
-348.7220153808594,24.447031021118164,0.0
-349.0114440917969,24.80781555175781,0.0
-349.2982177734375,25.170654296875,0.0
-349.5824279785156,25.535533905029297,0.0
-349.864013671875,25.90243530273437,0.0
-350.1430053710937,26.271339416503903,0.0
-350.4193115234375,26.642223358154297,0.0
-350.6929626464844,27.015071868896484,0.0
-350.9639587402344,27.38986587524414,0.0
-351.2322998046875,27.766584396362305,0.0
-351.4978942871094,28.14521026611328,0.0
-351.7607727050781,28.52572250366211,0.0
-352.0209655761719,28.90810775756836,0.0
-352.2784423828125,29.292335510253903,0.0
-352.5331115722656,29.678396224975582,0.0
-352.7850646972656,30.06626510620117,0.0
-353.0342102050781,30.455921173095703,0.0
-353.28057861328125,30.84734916687012,0.0
-353.52410888671875,31.24052619934082,0.0
-353.76483154296875,31.635427474975582,0.0
-354.0027770996094,32.03204727172852,0.0
-354.23785400390625,32.430355072021484,0.0
-354.4700927734375,32.830326080322266,0.0
-354.699462890625,33.2319450378418,0.0
-354.92596435546875,33.63519287109375,0.0
-355.1495666503906,34.0400505065918,0.0
-355.3702697753906,34.446495056152344,0.0
-355.58807373046875,34.8545036315918,0.0
-355.8029479980469,35.264060974121094,0.0
-356.014892578125,35.67513656616211,0.0
-356.2239074707031,36.08772277832031,0.0
-356.42999267578125,36.50178527832031,0.0
-356.633056640625,36.91731262207031,0.0
-356.8332214355469,37.33427429199219,0.0
-357.03033447265625,37.75265502929688,0.0
-357.2244873046875,38.17243957519531,0.0
-357.4156188964844,38.59360122680664,0.0
-357.603759765625,39.016109466552734,0.0
-357.7888488769531,39.43995666503906,0.0
-357.970947265625,39.86510848999024,0.0
-358.14996337890625,40.29155349731445,0.0
-358.325927734375,40.71926498413086,0.0
-358.4988708496094,41.14822769165039,0.0
-358.6687316894531,41.578407287597656,0.0
-358.83551025390625,42.00979232788086,0.0
-358.999267578125,42.442359924316406,0.0
-359.15985107421875,42.87608337402344,0.0
-359.3173217773437,43.310943603515625,0.0
-359.47174072265625,43.74691390991211,0.0
-359.6229858398437,44.18397903442383,0.0
-359.7711486816406,44.62211227416992,0.0
-359.9161682128906,45.06129455566406,0.0
-360.0580444335937,45.50149917602539,0.0
-360.19677734375,45.94270706176758,0.0
-360.3323364257813,46.38489532470703,0.0
-360.46478271484375,46.82803726196289,0.0
-360.593994140625,47.272117614746094,0.0
-360.7200317382813,47.71710968017578,0.0
-360.8429260253906,48.16298675537109,0.0
-360.962646484375,48.60973358154297,0.0
-361.07916259765625,49.05731964111328,0.0
-361.1924743652344,49.50572967529297,0.0
-361.3025512695313,49.95493698120117,0.0
-361.4094543457031,50.4049186706543,0.0
-361.51312255859375,50.855655670166016,0.0
-361.6135864257813,51.30711364746094,0.0
-361.7108154296875,51.75928497314453,0.0
-361.8048095703125,52.212135314941406,0.0
-361.8955383300781,52.665645599365234,0.0
-361.9830932617188,53.11979675292969,0.0
-362.06732177734375,53.57455825805664,0.0
-362.14837646484375,54.029911041259766,0.0
-362.2261352539063,54.4858283996582,0.0
-362.3006286621094,54.942291259765625,0.0
-362.3718872070313,55.39927291870117,0.0
-362.4398498535156,55.85675048828125,0.0
-362.5045471191406,56.3147087097168,0.0
-362.5660095214844,56.77311325073242,0.0
-362.6241455078125,57.23194122314453,0.0
-362.6790771484375,57.69118118286133,0.0
-362.7306518554688,58.15079498291016,0.0
-362.7789611816406,58.61076736450195,0.0
-362.8240051269531,59.071075439453125,0.0
-362.8657531738281,59.53168869018555,0.0
-362.90423583984375,59.99259185791016,0.0
-362.93939208984375,60.453758239746094,0.0
-362.9712524414063,60.9151611328125,0.0
-362.9998168945313,61.37678146362305,0.0
-363.0250854492188,61.83859252929688,0.0
-363.0470886230469,62.300575256347656,0.0
-363.0657348632813,62.76269912719727,0.0
-363.08111572265625,63.22494888305664,0.0
-363.0931701660156,63.687294006347656,0.0
-363.1033020019531,64.17623901367188,0.0
-363.113525390625,64.67613983154297,0.0
-363.1237487792969,65.17603302001953,0.0
-363.1339721679688,65.67593383789062,0.0
-363.1441955566406,66.17582702636719,0.0
-363.1544189453125,66.67572021484375,0.0
-363.1646423339844,67.17561340332031,0.0
-363.17486572265625,67.6755142211914,0.0
-363.1850891113281,68.17540740966797,0.0
-363.1953125,68.67530059814453,0.0
-363.2055358886719,69.17520141601562,0.0
-363.21575927734375,69.67509460449219,0.0
-363.2259826660156,70.17498779296875,0.0
-363.2362060546875,70.67488098144531,0.0
-363.2464294433594,71.1747817993164,0.0
-363.2566528320313,71.67467498779297,0.0
-363.2668762207031,72.17457580566406,0.0
-363.2770690917969,72.67446899414062,0.0
-363.2872924804688,73.17436218261719,0.0
-363.2975158691406,73.67425537109375,0.0
-363.3077392578125,74.17414855957031,0.0
-363.3179626464844,74.6740493774414,0.0
-363.32818603515625,75.17394256591797,0.0
-363.3384094238281,75.67384338378906,0.0
-363.3486328125,76.17373657226562,0.0
-363.3588562011719,76.67362976074219,0.0
-363.36907958984375,77.17352294921875,0.0
-363.3793029785156,77.67342376708984,0.0
-363.3895263671875,78.1733169555664,0.0
-363.3997497558594,78.67321014404297,0.0
-363.4099731445313,79.17311096191406,0.0
-363.4201965332031,79.67300415039062,0.0
-363.430419921875,80.17289733886719,0.0
-363.4406433105469,80.67279052734375,0.0
-363.4508666992188,81.17269134521484,0.0
-363.4610900878906,81.6725845336914,0.0
-363.4713134765625,82.1724853515625,0.0
-363.4815368652344,82.67237854003906,0.0
-363.4917297363281,83.17227172851562,0.0
-363.501953125,83.67216491699219,0.0
-363.5121765136719,84.17206573486328,0.0
-363.52239990234375,84.67195892333984,0.0
-363.5326232910156,85.1718521118164,0.0
-363.5428466796875,85.6717529296875,0.0
-363.5530700683594,86.17164611816406,0.0
-363.5632934570313,86.67153930664062,0.0
-363.5735168457031,87.17143249511719,0.0
-363.583740234375,87.67133331298828,0.0
-363.5939636230469,88.17122650146484,0.0
-363.6041870117188,88.6711196899414,0.0
-363.6144104003906,89.1710205078125,0.0
-363.6246337890625,89.67091369628906,0.0
-363.6348571777344,90.17080688476562,0.0
-363.64495849609375,90.6680908203125,0.0
-363.6545715332031,91.16275024414062,0.0
-363.6636962890625,91.65740966796876,0.0
-363.6723327636719,92.15209197998048,0.0
-363.6804809570313,92.64676666259766,0.0
-363.6881103515625,93.1414566040039,0.0
-363.6952209472656,93.63616943359376,0.0
-363.701904296875,94.13087463378906,0.0
-363.7080993652344,94.62557983398438,0.0
-363.7137145996094,95.12028503417967,0.0
-363.7188720703125,95.61502075195312,0.0
-363.72357177734375,96.10974884033205,0.0
-363.7277526855469,96.60448455810548,0.0
-363.7314758300781,97.0992202758789,0.0
-363.734619140625,97.59395599365234,0.0
-363.7373046875,98.08869934082033,0.0
-363.739501953125,98.5834503173828,0.0
-363.7412414550781,99.07818603515624,0.0
-363.742431640625,99.57293701171876,0.0
-363.7431640625,100.06768798828124,0.0
-363.7433776855469,100.56243896484376,0.0
-363.7431335449219,101.05718231201172,0.0
-363.7423095703125,101.55193328857422,0.0
-363.7410888671875,102.04669189453124,0.0
-363.7392883300781,102.54143524169922,0.0
-363.737060546875,103.0361785888672,0.0
-363.73431396484375,103.53092193603516,0.0
-363.7310791015625,104.0256576538086,0.0
-363.7273559570313,104.5203857421875,0.0
-363.7231140136719,105.01512908935548,0.0
-363.7183837890625,105.50985717773438,0.0
-363.7131652832031,106.00457763671876,0.0
-363.7074279785156,106.4992904663086,0.0
-363.70123291015625,106.99400329589844,0.0
-363.6945190429688,107.48871612548828,0.0
-363.6873474121094,107.98377990722656,0.0
-363.6798706054688,108.48371887207033,0.0
-363.67236328125,108.9836654663086,0.0
-363.6648864746094,109.48360443115234,0.0
-363.6573791503906,109.98355102539062,0.0
-363.64990234375,110.4834976196289,0.0
-363.6423950195313,110.98343658447266,0.0
-363.6349182128906,111.48338317871094,0.0
-363.62744140625,111.98332977294922,0.0
-363.6199340820313,112.48326873779295,0.0
-363.6124572753906,112.98321533203124,0.0
-363.6049499511719,113.48316192626952,0.0
-363.5974731445313,113.98310089111328,0.0
-363.5899658203125,114.48304748535156,0.0
-363.5824890136719,114.98299407958984,0.0
-363.5750122070313,115.4829330444336,0.0
-363.5675048828125,115.98287963867188,0.0
-363.5600280761719,116.48282623291016,0.0
-363.5525207519531,116.9827651977539,0.0
-363.5450439453125,117.4827117919922,0.0
-363.53753662109375,117.98265075683594,0.0
-363.5300598144531,118.48259735107422,0.0
-363.5225524902344,118.9825439453125,0.0
-363.51507568359375,119.48248291015624,0.0
-363.5075988769531,119.98242950439452,0.0
-363.5000915527344,120.4823760986328,0.0
-363.49261474609375,120.98231506347656,0.0
-363.485107421875,121.48226165771484,0.0
-363.4776306152344,121.98220825195312,0.0
-363.4701232910156,122.48214721679688,0.0
-363.462646484375,122.98209381103516,0.0
-363.4551696777344,123.48204040527344,0.0
-363.4476623535156,123.9819793701172,0.0
-363.440185546875,124.48192596435548,0.0
-363.43267822265625,124.98187255859376,0.0
-363.4252014160156,125.4818115234375,0.0
-363.4176940917969,125.98175811767578,0.0
-363.41021728515625,126.48169708251952,0.0
-363.4027404785156,126.9816436767578,0.0
-363.3952331542969,127.4815902709961,0.0
-363.38775634765625,127.98153686523438,0.0
-363.3802490234375,128.48147583007812,0.0
-363.3727722167969,128.98141479492188,0.0
-363.3652648925781,129.48135375976562,0.0
-363.3577880859375,129.98130798339844,0.0
-363.3503112792969,130.48126220703125,0.0
-363.3428039550781,130.981201171875,0.0
-363.3353271484375,131.48114013671875,0.0
-363.3278198242188,131.9810791015625,0.0
-363.3203430175781,132.48101806640625,0.0
-363.3128356933594,132.98097229003906,0.0
-363.3053588867188,133.48092651367188,0.0
-363.2978820800781,133.98086547851562,0.0
-363.2903747558594,134.48080444335938,0.0
-363.2828979492188,134.98074340820312,0.0
-363.275390625,135.48068237304688,0.0
-363.2679138183594,135.9806365966797,0.0
-363.2604064941406,136.48057556152344,0.0
-363.2529296875,136.98052978515625,0.0
-363.2454223632813,137.48046875,0.0
-363.2379455566406,137.98040771484375,0.0
-363.23046875,138.4803466796875,0.0
-363.2229614257813,138.9803009033203,0.0
-363.2154846191406,139.48023986816406,0.0
-363.2079772949219,139.98019409179688,0.0
-363.2005004882813,140.48013305664062,0.0
-363.1929931640625,140.98007202148438,0.0
-363.1855163574219,141.48001098632812,0.0
-363.1780395507813,141.97996520996094,0.0
-363.1705322265625,142.4799041748047,0.0
-363.1630554199219,142.9798583984375,0.0
-363.1555480957031,143.47979736328125,0.0
-363.1480712890625,143.979736328125,0.0
-363.14056396484375,144.47967529296875,0.0
-363.1330871582031,144.97962951660156,0.0
-363.1256103515625,145.4795684814453,0.0
-363.11810302734375,145.97950744628906,0.0
-363.1106262207031,146.47946166992188,0.0
-363.1031188964844,146.97940063476562,0.0
-363.09564208984375,147.47933959960938,0.0
-363.088134765625,147.9792938232422,0.0
-363.0806579589844,148.47923278808594,0.0
-363.07318115234375,148.9791717529297,0.0
-363.065673828125,149.4791259765625,0.0
-363.0581970214844,149.97906494140625,0.0
-363.0506896972656,150.47900390625,0.0
-363.043212890625,150.97894287109375,0.0
-363.0357055664063,151.47889709472656,0.0
-363.0282287597656,151.9788360595703,0.0
-363.020751953125,152.47879028320312,0.0
-363.0132446289063,152.97872924804688,0.0
-363.0057678222656,153.47866821289062,0.0
-362.9982604980469,153.97860717773438,0.0
-362.9907836914063,154.4785614013672,0.0
-362.9832763671875,154.97850036621094,0.0
-362.9757995605469,155.47845458984375,0.0
-362.9682922363281,155.9783935546875,0.0
-362.9608154296875,156.47833251953125,0.0
-362.9533386230469,156.978271484375,0.0
-362.9458312988281,157.4782257080078,0.0
-362.9383544921875,157.97816467285156,0.0
-362.9308471679688,158.47811889648438,0.0
-362.9233703613281,158.97805786132812,0.0
-362.9158630371094,159.47799682617188,0.0
-362.9083862304688,159.97793579101562,0.0
-362.9009094238281,160.47789001464844,0.0
-362.8934020996094,160.9778289794922,0.0
-362.8859252929688,161.47776794433594,0.0
-362.87841796875,161.97772216796875,0.0
-362.8709411621094,162.4776611328125,0.0
-362.8634338378906,162.97760009765625,0.0
-362.85595703125,163.47755432128906,0.0
-362.8484802246094,163.9774932861328,0.0
-362.8409729003906,164.47743225097656,0.0
-362.83349609375,164.97738647460938,0.0
-362.8259887695313,165.47732543945312,0.0
-362.8185119628906,165.97726440429688,0.0
-362.8110046386719,166.47720336914062,0.0
-362.8035278320313,166.97715759277344,0.0
-362.7960510253906,167.4770965576172,0.0
-362.7885437011719,167.97705078125,0.0
-362.7810668945313,168.47698974609375,0.0
-362.7735595703125,168.9769287109375,0.0
-362.7660827636719,169.47686767578125,0.0
-362.7585754394531,169.97682189941406,0.0
-362.7510986328125,170.4767608642578,0.0
-362.7436218261719,170.97671508789062,0.0
-362.7361145019531,171.47665405273438,0.0
-362.7286376953125,171.97659301757812,0.0
-362.72113037109375,172.47653198242188,0.0
-362.7136535644531,172.9764862060547,0.0
-362.7061462402344,173.47642517089844,0.0
-362.69866943359375,173.97637939453125,0.0
-362.691162109375,174.476318359375,0.0
-362.6836853027344,174.97625732421875,0.0
-362.67620849609375,175.4761962890625,0.0
-362.668701171875,175.9761505126953,0.0
-362.6612243652344,176.47608947753906,0.0
-362.6537170410156,176.9760284423828,0.0
-362.646240234375,177.47598266601562,0.0
-362.63873291015625,177.97592163085938,0.0
-362.6312561035156,178.47586059570312,0.0
-362.623779296875,178.97581481933594,0.0
-362.61627197265625,179.4757537841797,0.0
-362.6087951660156,179.97569274902344,0.0
-362.6012878417969,180.47564697265625,0.0
-362.59381103515625,180.9755859375,0.0
-362.5863037109375,181.4755249023437,0.0
-362.5788269042969,181.97547912597656,0.0
-362.57135009765625,182.4754180908203,0.0
-362.5638427734375,182.9753570556641,0.0
-362.5563659667969,183.47531127929688,0.0
-362.5488586425781,183.97525024414065,0.0
-362.5413818359375,184.4751892089844,0.0
-362.5338745117188,184.97512817382807,0.0
-362.5263977050781,185.4750823974609,0.0
-362.5189208984375,185.9750213623047,0.0
-362.5114135742188,186.4749755859375,0.0
-362.5039367675781,186.97491455078125,0.0
-362.4964294433594,187.474853515625,0.0
-362.4889526367188,187.97479248046875,0.0
-362.4814453125,188.4747467041016,0.0
-362.4739685058594,188.9746856689453,0.0
-362.4664611816406,189.47462463378903,0.0
-362.458984375,189.97457885742188,0.0
-362.4515075683594,190.4745178222656,0.0
-362.4440002441406,190.9744567871093,0.0
-362.4365234375,191.4744110107422,0.0
-362.4290161132813,191.974349975586,0.0
-362.4215393066406,192.4742889404297,0.0
-362.4140319824219,192.9742431640625,0.0
-362.4065551757813,193.47418212890625,0.0
-362.3990783691406,193.97412109375,0.0
-362.3915710449219,194.4740753173828,0.0
-362.3840942382813,194.97401428222656,0.0
-362.3765869140625,195.4739532470703,0.0
-362.3691101074219,195.97390747070312,0.0
-362.3616027832031,196.47384643554688,0.0
-362.3541259765625,196.97378540039065,0.0
-362.3466491699219,197.47373962402344,0.0
-362.3391418457031,197.9736785888672,0.0
-362.3316650390625,198.4736175537109,0.0
-362.32415771484375,198.9735717773437,0.0
-362.3166809082031,199.4735107421875,0.0
-362.3091735839844,199.97344970703125,0.0
-362.30169677734375,200.4734039306641,0.0
-362.2942199707031,200.9733428955078,0.0
-362.2867126464844,201.4732818603516,0.0
-362.27923583984375,201.9732360839844,0.0
-362.2718505859375,202.46290588378903,0.0
-362.2618408203125,202.90240478515625,0.0
-362.246826171875,203.3417510986328,0.0
-362.2267456054688,203.78091430664065,0.0
-362.20159912109375,204.2198028564453,0.0
-362.1714172363281,204.6584014892578,0.0
-362.13623046875,205.0965881347656,0.0
-362.0959777832031,205.5343475341797,0.0
-362.0506896972656,205.9716339111328,0.0
-362.0003967285156,206.4083404541016,0.0
-361.9450378417969,206.844467163086,0.0
-361.8846740722656,207.2799224853516,0.0
-361.8193664550781,207.71466064453125,0.0
-361.7489929199219,208.1486053466797,0.0
-361.6736755371094,208.58169555664065,0.0
-361.5933532714844,209.0139312744141,0.0
-361.508056640625,209.4451904296875,0.0
-361.4178466796875,209.87545776367188,0.0
-361.32269287109375,210.3046264648437,0.0
-361.2225646972656,210.73269653320312,0.0
-361.1175537109375,211.1595764160156,0.0
-361.0076293945313,211.5852203369141,0.0
-360.892822265625,212.00958251953125,0.0
-360.7731323242188,212.43258666992188,0.0
-360.6486206054688,212.85418701171875,0.0
-360.5192260742188,213.2743530273437,0.0
-360.385009765625,213.69297790527344,0.0
-360.2459716796875,214.1100311279297,0.0
-360.1022033691406,214.52545166015625,0.0
-359.9536437988281,214.939208984375,0.0
-359.8003234863281,215.3512115478516,0.0
-359.64227294921875,215.76144409179688,0.0
-359.4795227050781,216.1697998046875,0.0
-359.31207275390625,216.57627868652344,0.0
-359.1399841308594,216.98081970214844,0.0
-358.9632568359375,217.38333129882807,0.0
-358.7818908691406,217.78379821777344,0.0
-358.595947265625,218.18214416503903,0.0
-358.4053955078125,218.57830810546875,0.0
-358.2103271484375,218.9722900390625,0.0
-358.0107421875,219.363998413086,0.0
-357.8066711425781,219.7533721923828,0.0
-357.5981140136719,220.14035034179688,0.0
-357.3851318359375,220.52493286132807,0.0
-357.1677551269531,220.9070281982422,0.0
-356.94598388671875,221.28662109375,0.0
-356.7198486328125,221.6636199951172,0.0
-356.4894104003906,222.0379943847656,0.0
-356.2546691894531,222.40969848632807,0.0
-356.01568603515625,222.7786560058593,0.0
-355.7724304199219,223.1448669433593,0.0
-355.5250244140625,223.5082397460937,0.0
-355.2734680175781,223.86875915527344,0.0
-355.0177307128906,224.22634887695312,0.0
-354.7579650878906,224.5809631347656,0.0
-354.4940795898437,224.9325714111328,0.0
-354.2261657714844,225.28114318847656,0.0
-353.9543151855469,225.6265869140625,0.0
-353.678466796875,225.96890258789065,0.0
-353.3987121582031,226.30799865722656,0.0
-353.1150817871094,226.6438903808593,0.0
-352.8275756835937,226.97645568847656,0.0
-352.53631591796875,227.3057098388672,0.0
-352.2412414550781,227.6316070556641,0.0
-351.94244384765625,227.95407104492188,0.0
-351.6399841308594,228.2730712890625,0.0
-351.3338623046875,228.58859252929688,0.0
-351.02410888671875,228.9005584716797,0.0
-350.7108154296875,229.20895385742188,0.0
-350.3939819335937,229.51370239257807,0.0
-350.0736389160156,229.81480407714844,0.0
-349.7499084472656,230.1121826171875,0.0
-349.4227600097656,230.4058380126953,0.0
-349.0922546386719,230.6957092285156,0.0
-348.7584533691406,230.9817657470703,0.0
-348.4213562011719,231.2639617919922,0.0
-348.0810546875,231.5422515869141,0.0
-347.7375183105469,231.8166046142578,0.0
-347.3908996582031,232.0870056152344,0.0
-347.0412292480469,232.3533935546875,0.0
-346.6884460449219,232.61572265625,0.0
-346.33270263671875,232.8740234375,0.0
-345.9740295410156,233.128158569336,0.0
-345.6124267578125,233.378173828125,0.0
-345.2479858398437,233.62405395507807,0.0
-344.8807067871094,233.8656768798828,0.0
-344.5107421875,234.1030731201172,0.0
-344.1380310058594,234.33621215820312,0.0
-343.7626647949219,234.5650329589844,0.0
-343.3846740722656,234.7895355224609,0.0
-343.004150390625,235.00965881347656,0.0
-342.62109375,235.2253875732422,0.0
-342.2356262207031,235.43670654296875,0.0
-341.8477478027344,235.64358520507807,0.0
-341.4574890136719,235.8459930419922,0.0
-341.0649108886719,236.0438842773437,0.0
-340.6701354980469,236.2372436523437,0.0
-340.27313232421875,236.42605590820312,0.0
-339.8739929199219,236.6103057861328,0.0
-339.47271728515625,236.78993225097656,0.0
-339.0694885253906,236.9649353027344,0.0
-338.6641845703125,237.13528442382807,0.0
-338.24346923828125,237.3065948486328,0.0
-337.77978515625,237.49365234375,0.0
-337.3160705566406,237.68072509765625,0.0
-336.8523864746094,237.8677978515625,0.0
-336.3887023925781,238.0548553466797,0.0
-335.8984375,238.25149536132807,0.0
-335.397705078125,238.4482879638672,0.0
-334.8955383300781,238.6414489746093,0.0
-334.3920593261719,238.8309783935547,0.0
-333.8871459960937,239.016845703125,0.0
-333.3809509277344,239.1990661621093,0.0
-332.8734130859375,239.37759399414065,0.0
-332.3646240234375,239.55245971679688,0.0
-331.85455322265625,239.7236328125,0.0
-331.3432922363281,239.8910980224609,0.0
-330.830810546875,240.05487060546875,0.0
-330.317138671875,240.2149200439453,0.0
-329.8023376464844,240.3712310791016,0.0
-329.2864074707031,240.5238342285156,0.0
-328.7694396972656,240.6726989746093,0.0
-328.2513427734375,240.8178100585937,0.0
-327.7322692871094,240.95916748046875,0.0
-327.212158203125,241.0967712402344,0.0
-326.6910400390625,241.2305908203125,0.0
-326.16900634765625,241.3606414794922,0.0
-325.64599609375,241.4868927001953,0.0
-325.1221008300781,241.60939025878903,0.0
-324.59735107421875,241.72805786132807,0.0
-324.0717468261719,241.8429412841797,0.0
-323.5453491210937,241.95399475097656,0.0
-323.0181579589844,242.061264038086,0.0
-322.4901733398437,242.16470336914065,0.0
-321.96142578125,242.26431274414065,0.0
-321.4320373535156,242.360092163086,0.0
-320.9019470214844,242.45204162597656,0.0
-320.3756103515625,242.53952026367188,0.0
-319.853515625,242.6232452392578,0.0
-319.3309326171875,242.7040863037109,0.0
-318.8079528808594,242.7820587158203,0.0
-318.2845458984375,242.8571929931641,0.0
-317.7607116699219,242.929428100586,0.0
-317.23651123046875,242.99880981445312,0.0
-316.7119140625,243.0653076171875,0.0
-316.1869506835937,243.12893676757807,0.0
-315.66168212890625,243.189682006836,0.0
-315.1360778808594,243.2475433349609,0.0
-314.6101379394531,243.30252075195312,0.0
-314.0839233398437,243.3546142578125,0.0
-313.5574645996094,243.40383911132807,0.0
-313.0307006835937,243.4501495361328,0.0
-312.50372314453125,243.4935913085937,0.0
-311.9764709472656,243.5341186523437,0.0
-311.44903564453125,243.57177734375,0.0
-310.92138671875,243.6065368652344,0.0
-310.3935546875,243.63839721679688,0.0
-309.8656005859375,243.66737365722656,0.0
-309.33746337890625,243.6934509277344,0.0
-308.80914306640625,243.7166290283203,0.0
-308.28076171875,243.7369384765625,0.0
-307.7522888183594,243.7543182373047,0.0
-307.2237243652344,243.768798828125,0.0
-306.695068359375,243.7803955078125,0.0
-306.16632080078125,243.78909301757807,0.0
-305.6375732421875,243.79489135742188,0.0
-305.1087951660156,243.7977905273437,0.0
-304.58502197265625,243.7978515625,0.0
-304.0850524902344,243.7969512939453,0.0
-303.5850524902344,243.79605102539065,0.0
-303.0850524902344,243.795150756836,0.0
-302.5850524902344,243.79425048828125,0.0
-302.0850524902344,243.79335021972656,0.0
-301.5850524902344,243.79244995117188,0.0
-301.0850524902344,243.7915496826172,0.0
-300.5850524902344,243.7906494140625,0.0
-300.0849914550781,243.7897491455078,0.0
-299.5849914550781,243.78884887695312,0.0
-299.0849914550781,243.78794860839844,0.0
-298.5849914550781,243.7870483398437,0.0
-298.0849914550781,243.78614807128903,0.0
-297.5849914550781,243.7852478027344,0.0
-297.0849914550781,243.7843475341797,0.0
-296.5849914550781,243.783447265625,0.0
-296.0849914550781,243.7825469970703,0.0
-295.5849914550781,243.7816467285156,0.0
-295.0849914550781,243.7807464599609,0.0
-294.5849914550781,243.7798614501953,0.0
-294.0849914550781,243.77896118164065,0.0
-293.5849914550781,243.778060913086,0.0
-293.0849914550781,243.77716064453125,0.0
-292.5849914550781,243.77626037597656,0.0
-292.0849914550781,243.77536010742188,0.0
-291.5849914550781,243.7744598388672,0.0
-291.0849914550781,243.7735595703125,0.0
-290.5849914550781,243.7726593017578,0.0
-290.0849914550781,243.77175903320312,0.0
-289.5849914550781,243.77085876464844,0.0
-289.0849914550781,243.7699584960937,0.0
-288.58502197265625,243.76905822753903,0.0
-288.08502197265625,243.7681579589844,0.0
-287.58502197265625,243.7672576904297,0.0
-287.08502197265625,243.766357421875,0.0
-286.58502197265625,243.7654571533203,0.0
-286.08502197265625,243.7645568847656,0.0
-285.58502197265625,243.7636566162109,0.0
-285.08502197265625,243.76275634765625,0.0
-284.58502197265625,243.7618560791016,0.0
-284.08502197265625,243.76095581054688,0.0
-283.58502197265625,243.76007080078125,0.0
-283.08502197265625,243.75917053222656,0.0
-282.58502197265625,243.75827026367188,0.0
-282.08502197265625,243.7573699951172,0.0
-281.58502197265625,243.7564697265625,0.0
-281.08502197265625,243.7555694580078,0.0
-280.58502197265625,243.75466918945312,0.0
-280.08502197265625,243.75376892089844,0.0
-279.58502197265625,243.7528686523437,0.0
-279.08502197265625,243.75196838378903,0.0
-278.58502197265625,243.7510681152344,0.0
-278.08502197265625,243.7501678466797,0.0
-277.58502197265625,243.749267578125,0.0
-277.08502197265625,243.7483673095703,0.0
-276.58502197265625,243.7474670410156,0.0
-276.08502197265625,243.7465667724609,0.0
-275.58502197265625,243.74566650390625,0.0
-275.08502197265625,243.7447662353516,0.0
-274.58502197265625,243.74386596679688,0.0
-274.08502197265625,243.7429656982422,0.0
-273.58502197265625,243.7420654296875,0.0
-273.08502197265625,243.74118041992188,0.0
-272.58502197265625,243.7402801513672,0.0
-272.08502197265625,243.7393798828125,0.0
-271.58502197265625,243.7384796142578,0.0
-271.08502197265625,243.73757934570312,0.0
-270.5850524902344,243.73667907714844,0.0
-270.0850524902344,243.7357788085937,0.0
-269.5850524902344,243.73487854003903,0.0
-269.0850524902344,243.7339782714844,0.0
-268.5850524902344,243.7330780029297,0.0
-268.0850524902344,243.732177734375,0.0
-267.5850524902344,243.7312774658203,0.0
-267.0850524902344,243.7303771972656,0.0
-266.5850524902344,243.7294769287109,0.0
-266.0850524902344,243.72857666015625,0.0
-265.5850524902344,243.7276763916016,0.0
-265.0850524902344,243.72677612304688,0.0
-264.5850524902344,243.7258758544922,0.0
-264.0850524902344,243.7249755859375,0.0
-263.5850524902344,243.7240753173828,0.0
-263.0850524902344,243.72317504882807,0.0
-262.5850524902344,243.72227478027344,0.0
-262.0850524902344,243.7213897705078,0.0
-261.5850524902344,243.72048950195312,0.0
-261.0850524902344,243.71958923339844,0.0
-260.5850524902344,243.7186889648437,0.0
-260.0850524902344,243.71778869628903,0.0
-259.5850524902344,243.7168884277344,0.0
-259.0850524902344,243.7159881591797,0.0
-258.5850524902344,243.715087890625,0.0
-258.0850524902344,243.7141876220703,0.0
-257.5850524902344,243.7132873535156,0.0
-257.0850524902344,243.7123870849609,0.0
-256.5850524902344,243.71148681640625,0.0
-256.0850524902344,243.7105865478516,0.0
-255.5850372314453,243.70968627929688,0.0
-255.0850524902344,243.7087860107422,0.0
-254.5850524902344,243.7078857421875,0.0
-254.0850524902344,243.7069854736328,0.0
-253.5850524902344,243.70608520507807,0.0
-253.0850524902344,243.70518493652344,0.0
-252.5850524902344,243.70428466796875,0.0
-252.0850524902344,243.7033843994141,0.0
-251.5850524902344,243.7024841308593,0.0
-251.0850524902344,243.7015991210937,0.0
-250.5850524902344,243.70069885253903,0.0
-250.0850524902344,243.6997985839844,0.0
-249.5850524902344,243.6988983154297,0.0
-249.0850524902344,243.697998046875,0.0
-248.5850524902344,243.6970977783203,0.0
-248.0850524902344,243.6961975097656,0.0
-247.58506774902344,243.6952972412109,0.0
-247.08506774902344,243.69439697265625,0.0
-246.58506774902344,243.6934967041016,0.0
-246.08506774902344,243.69259643554688,0.0
-245.58506774902344,243.6916961669922,0.0
-245.08506774902344,243.6907958984375,0.0
-244.58506774902344,243.6898956298828,0.0
-244.08506774902344,243.68899536132807,0.0
-243.58506774902344,243.68809509277344,0.0
-243.08506774902344,243.68719482421875,0.0
-242.58506774902344,243.6862945556641,0.0
-242.08506774902344,243.6853942871093,0.0
-241.58506774902344,243.6844940185547,0.0
-241.08506774902344,243.68359375,0.0
-240.5850830078125,243.6826934814453,0.0
-240.0850830078125,243.68179321289065,0.0
-239.5850830078125,243.680892944336,0.0
-239.0850830078125,243.67999267578125,0.0
-238.5850830078125,243.67909240722656,0.0
-238.0850830078125,243.67819213867188,0.0
-237.5850830078125,243.6772918701172,0.0
-237.0850830078125,243.6763916015625,0.0
-236.5850830078125,243.6754913330078,0.0
-236.0850830078125,243.67459106445312,0.0
-235.5850830078125,243.67369079589844,0.0
-235.0850830078125,243.6728057861328,0.0
-234.5850830078125,243.67190551757807,0.0
-234.0850830078125,243.67100524902344,0.0
-233.5850830078125,243.67010498046875,0.0
-233.0850830078125,243.6692047119141,0.0
-232.5850830078125,243.6683044433593,0.0
-232.0850830078125,243.6674041748047,0.0
-231.5850982666016,243.66650390625,0.0
-231.0850982666016,243.6656036376953,0.0
-230.5850982666016,243.66470336914065,0.0
-230.0850982666016,243.663803100586,0.0
-229.5850982666016,243.66290283203125,0.0
-229.0850982666016,243.66200256347656,0.0
-228.5850982666016,243.66110229492188,0.0
-228.0850982666016,243.6602020263672,0.0
-227.5850982666016,243.6593017578125,0.0
-227.0850982666016,243.6584014892578,0.0
-226.5850982666016,243.65750122070312,0.0
-226.0850982666016,243.65660095214844,0.0
-225.5850982666016,243.6557006835937,0.0
-225.0850982666016,243.65480041503903,0.0
-224.5850982666016,243.6539001464844,0.0
-224.0850982666016,243.65301513671875,0.0
-223.5850982666016,243.6521148681641,0.0
-223.0850982666016,243.6512145996093,0.0
-222.5850982666016,243.6503143310547,0.0
-222.0850982666016,243.6494140625,0.0
-221.5850982666016,243.6485137939453,0.0
-221.08511352539065,243.64761352539065,0.0
-220.58511352539065,243.646713256836,0.0
-220.08511352539065,243.64581298828125,0.0
-219.58511352539065,243.64491271972656,0.0
-219.08511352539065,243.64401245117188,0.0
-218.58511352539065,243.6431121826172,0.0
-218.08511352539065,243.6422119140625,0.0
-217.58511352539065,243.6413116455078,0.0
-217.08511352539065,243.64041137695312,0.0
-216.58511352539065,243.63951110839844,0.0
-216.08511352539065,243.6386108398437,0.0
-215.58511352539065,243.63771057128903,0.0
-215.08511352539065,243.6368103027344,0.0
-214.58511352539065,243.6359100341797,0.0
-214.08511352539065,243.634994506836,0.0
-213.58511352539065,243.6341094970703,0.0
-213.0851287841797,243.6332092285156,0.0
-212.5851287841797,243.6323089599609,0.0
-212.0851287841797,243.63140869140625,0.0
-211.5851287841797,243.6305084228516,0.0
-211.0851287841797,243.62960815429688,0.0
-210.5851287841797,243.6287078857422,0.0
-210.0851287841797,243.6278076171875,0.0
-209.5851287841797,243.6269073486328,0.0
-209.0851287841797,243.62600708007807,0.0
-208.5851287841797,243.62510681152344,0.0
-208.0851287841797,243.62420654296875,0.0
-207.5851287841797,243.6233062744141,0.0
-207.0851287841797,243.6224060058593,0.0
-206.5851287841797,243.6215057373047,0.0
-206.0851287841797,243.62060546875,0.0
-205.5851287841797,243.6197052001953,0.0
-205.0851287841797,243.61880493164065,0.0
-204.5851287841797,243.617904663086,0.0
-204.08514404296875,243.61700439453125,0.0
-203.58514404296875,243.6161193847656,0.0
-203.08514404296875,243.6152191162109,0.0
-202.58514404296875,243.61431884765625,0.0
-202.08514404296875,243.6134185791016,0.0
-201.58514404296875,243.61251831054688,0.0
-201.08514404296875,243.6116180419922,0.0
-200.58514404296875,243.6107177734375,0.0
-200.08514404296875,243.6098175048828,0.0
-199.58514404296875,243.60891723632807,0.0
-199.08514404296875,243.60801696777344,0.0
-198.58514404296875,243.60711669921875,0.0
-198.08514404296875,243.6062164306641,0.0
-197.58514404296875,243.6053161621093,0.0
-197.08514404296875,243.6044158935547,0.0
-196.58514404296875,243.603515625,0.0
-196.08514404296875,243.6026153564453,0.0
-195.58514404296875,243.60171508789065,0.0
-195.0851593017578,243.600814819336,0.0
-194.5851593017578,243.59991455078125,0.0
-194.0851593017578,243.59901428222656,0.0
-193.5851593017578,243.59811401367188,0.0
-193.0851593017578,243.5972137451172,0.0
-192.5851593017578,243.5963287353516,0.0
-192.0851593017578,243.59542846679688,0.0
-191.5851593017578,243.5945281982422,0.0
-191.0851593017578,243.5936279296875,0.0
-190.5851593017578,243.5927276611328,0.0
-190.0851593017578,243.59182739257807,0.0
-189.5851593017578,243.59092712402344,0.0
-189.0851593017578,243.59002685546875,0.0
-188.5851593017578,243.5891265869141,0.0
-188.0851593017578,243.5882263183593,0.0
-187.5851593017578,243.5873260498047,0.0
-187.0851593017578,243.58642578125,0.0
-186.5851593017578,243.5855255126953,0.0
-186.0851593017578,243.58462524414065,0.0
-185.5851593017578,243.583724975586,0.0
-185.0851593017578,243.58282470703125,0.0
-184.58517456054688,243.58192443847656,0.0
-184.08517456054688,243.58102416992188,0.0
-183.58517456054688,243.5801239013672,0.0
-183.08517456054688,243.5792236328125,0.0
-182.58517456054688,243.5783233642578,0.0
-182.08517456054688,243.57742309570312,0.0
-181.58517456054688,243.5765380859375,0.0
-181.08517456054688,243.5756378173828,0.0
-180.58517456054688,243.57473754882807,0.0
-180.08517456054688,243.57383728027344,0.0
-179.58517456054688,243.57293701171875,0.0
-179.08517456054688,243.5720367431641,0.0
-178.58517456054688,243.5711364746093,0.0
-178.08517456054688,243.5702362060547,0.0
-177.58517456054688,243.5693359375,0.0
-177.08517456054688,243.5684356689453,0.0
-176.58518981933594,243.56753540039065,0.0
-176.08518981933594,243.566635131836,0.0
-175.58518981933594,243.56573486328125,0.0
-175.08518981933594,243.56483459472656,0.0
-174.58518981933594,243.56393432617188,0.0
-174.08518981933594,243.5630340576172,0.0
-173.58518981933594,243.5621337890625,0.0
-173.08518981933594,243.5612335205078,0.0
-172.58518981933594,243.56033325195312,0.0
-172.08518981933594,243.55943298339844,0.0
-171.58518981933594,243.5585327148437,0.0
-171.08518981933594,243.55764770507807,0.0
-170.58518981933594,243.55674743652344,0.0
-170.08518981933594,243.55584716796875,0.0
-169.58518981933594,243.5549468994141,0.0
-169.08518981933594,243.5540466308593,0.0
-168.58518981933594,243.5531463623047,0.0
-168.08518981933594,243.55224609375,0.0
-167.58518981933594,243.5513458251953,0.0
-167.08518981933594,243.55044555664065,0.0
-166.58518981933594,243.549545288086,0.0
-166.08518981933594,243.54864501953125,0.0
-165.58518981933594,243.54774475097656,0.0
-165.085205078125,243.54684448242188,0.0
-164.585205078125,243.5459442138672,0.0
-164.085205078125,243.5450439453125,0.0
-163.585205078125,243.5441436767578,0.0
-163.085205078125,243.54324340820312,0.0
-162.585205078125,243.54234313964844,0.0
-162.085205078125,243.5414428710937,0.0
-161.585205078125,243.54054260253903,0.0
-161.085205078125,243.5396423339844,0.0
-160.585205078125,243.5387420654297,0.0
-160.085205078125,243.5378570556641,0.0
-159.585205078125,243.5369567871093,0.0
-159.085205078125,243.5360565185547,0.0
-158.585205078125,243.53515625,0.0
-158.08522033691406,243.5342559814453,0.0
-157.58522033691406,243.53335571289065,0.0
-157.08522033691406,243.532455444336,0.0
-156.58522033691406,243.53155517578125,0.0
-156.08480834960938,243.53065490722656,0.0
-155.57955932617188,243.5294647216797,0.0
-155.07643127441406,243.52780151367188,0.0
-154.57643127441406,243.52606201171875,0.0
-154.07644653320312,243.5243225097656,0.0
-153.57644653320312,243.5225830078125,0.0
-153.07644653320312,243.5208435058593,0.0
-152.57644653320312,243.51910400390625,0.0
-152.07644653320312,243.51736450195312,0.0
-151.5764617919922,243.51565551757807,0.0
-151.0764617919922,243.513916015625,0.0
-150.5764617919922,243.51217651367188,0.0
-150.0764617919922,243.51043701171875,0.0
-149.5764617919922,243.5086975097656,0.0
-149.07647705078125,243.5069580078125,0.0
-148.57647705078125,243.5052185058593,0.0
-148.07647705078125,243.50347900390625,0.0
-147.57647705078125,243.50177001953125,0.0
-147.07647705078125,243.50003051757807,0.0
-146.5764923095703,243.498291015625,0.0
-146.0764923095703,243.49655151367188,0.0
-145.5764923095703,243.49481201171875,0.0
-145.0764923095703,243.4930725097656,0.0
-144.5764923095703,243.4913330078125,0.0
-144.07650756835938,243.4895935058593,0.0
-143.57650756835938,243.48785400390625,0.0
-143.07650756835938,243.48614501953125,0.0
-142.57650756835938,243.48440551757807,0.0
-142.07650756835938,243.482666015625,0.0
-141.57652282714844,243.48092651367188,0.0
-141.07652282714844,243.47918701171875,0.0
-140.57652282714844,243.4774475097656,0.0
-140.07652282714844,243.4757080078125,0.0
-139.57652282714844,243.4739685058593,0.0
-139.0765380859375,243.4722595214844,0.0
-138.5765380859375,243.47052001953125,0.0
-138.0765380859375,243.46878051757807,0.0
-137.5765380859375,243.467041015625,0.0
-137.0765380859375,243.46530151367188,0.0
-136.5765380859375,243.46356201171875,0.0
-136.07655334472656,243.4618225097656,0.0
-135.57655334472656,243.4600830078125,0.0
-135.07655334472656,243.4583435058593,0.0
-134.57655334472656,243.4566345214844,0.0
-134.07656860351562,243.45489501953125,0.0
-133.57656860351562,243.45315551757807,0.0
-133.07656860351562,243.451416015625,0.0
-132.57656860351562,243.44967651367188,0.0
-132.07656860351562,243.44793701171875,0.0
-131.57656860351562,243.4461975097656,0.0
-131.0765838623047,243.4444580078125,0.0
-130.5765838623047,243.4427490234375,0.0
-130.0765838623047,243.4410095214844,0.0
-129.5765838623047,243.43927001953125,0.0
-129.07659912109375,243.43753051757807,0.0
-128.57659912109375,243.435791015625,0.0
-128.07659912109375,243.43405151367188,0.0
-127.57659149169922,243.43231201171875,0.0
-127.07659149169922,243.4305725097656,0.0
-126.57659912109376,243.4288330078125,0.0
-126.07660675048828,243.4271240234375,0.0
-125.57660675048828,243.4253845214844,0.0
-125.07660675048828,243.42364501953125,0.0
-124.57660675048828,243.42190551757807,0.0
-124.0766143798828,243.420166015625,0.0
-123.5766143798828,243.41842651367188,0.0
-123.07662200927734,243.41668701171875,0.0
-122.57662200927734,243.4149475097656,0.0
-122.07662963867188,243.41323852539065,0.0
-121.57662963867188,243.4114990234375,0.0
-121.0766372680664,243.4097595214844,0.0
-120.5766372680664,243.40802001953125,0.0
-120.07664489746094,243.40628051757807,0.0
-119.57664489746094,243.404541015625,0.0
-119.07664489746094,243.40280151367188,0.0
-118.57665252685548,243.40109252929688,0.0
-118.07665252685548,243.3993530273437,0.0
-117.57665252685548,243.39761352539065,0.0
-117.07666015625,243.3958740234375,0.0
-116.57666015625,243.3941345214844,0.0
-116.07666778564452,243.39239501953125,0.0
-115.57666778564452,243.39065551757807,0.0
-115.07666778564452,243.388916015625,0.0
-114.57667541503906,243.38720703125,0.0
-114.07667541503906,243.38546752929688,0.0
-113.5766830444336,243.3837280273437,0.0
-113.0766830444336,243.38198852539065,0.0
-112.5766830444336,243.3802490234375,0.0
-112.07669067382812,243.3785095214844,0.0
-111.57669067382812,243.37677001953125,0.0
-111.07669067382812,243.3750457763672,0.0
-110.57669067382812,243.3733062744141,0.0
-110.07669067382812,243.37158203125,0.0
-109.57669830322266,243.36984252929688,0.0
-109.07669830322266,243.3681030273437,0.0
-108.5767059326172,243.36636352539065,0.0
-108.0767059326172,243.36463928222656,0.0
-107.5767059326172,243.36289978027344,0.0
-107.07671356201172,243.3611602783203,0.0
-106.57671356201172,243.3594207763672,0.0
-106.07672119140624,243.35769653320312,0.0
-105.57672119140624,243.35595703125,0.0
-105.07672119140624,243.35421752929688,0.0
-104.57672882080078,243.3524780273437,0.0
-104.07672882080078,243.3507537841797,0.0
-103.57673645019533,243.34901428222656,0.0
-103.07673645019533,243.34727478027344,0.0
-102.57673645019533,243.3455352783203,0.0
-102.07674407958984,243.3437957763672,0.0
-101.57674407958984,243.34207153320312,0.0
-101.07675170898438,243.34033203125,0.0
-100.57675170898438,243.33859252929688,0.0
-100.07675170898438,243.3368530273437,0.0
-99.5767593383789,243.3351287841797,0.0
-99.0767593383789,243.33338928222656,0.0
-98.57676696777344,243.33164978027344,0.0
-98.07676696777344,243.3299102783203,0.0
-97.57676696777344,243.32818603515625,0.0
-97.07677459716795,243.32644653320312,0.0
-96.57677459716795,243.32470703125,0.0
-96.0767822265625,243.32296752929688,0.0
-95.5767822265625,243.3212432861328,0.0
-95.0767822265625,243.3195037841797,0.0
-94.57678985595705,243.31776428222656,0.0
-94.07678985595705,243.31602478027344,0.0
-93.57679748535156,243.3142852783203,0.0
-93.07679748535156,243.31256103515625,0.0
-92.57679748535156,243.31082153320312,0.0
-92.0768051147461,243.30908203125,0.0
-91.5768051147461,243.30734252929688,0.0
-91.07681274414062,243.3056182861328,0.0
-90.57681274414062,243.3038787841797,0.0
-90.07681274414062,243.30213928222656,0.0
-89.57681274414062,243.30039978027344,0.0
-89.07682037353516,243.2986755371093,0.0
-88.57682800292969,243.29693603515625,0.0
-88.07682800292969,243.29519653320312,0.0
-87.57682800292969,243.29345703125,0.0
-87.07682800292969,243.291732788086,0.0
-86.57683563232422,243.2899932861328,0.0
-86.07684326171875,243.2882537841797,0.0
-85.57684326171875,243.28651428222656,0.0
-85.07684326171875,243.28477478027344,0.0
-84.57684326171875,243.2830505371093,0.0
-84.07685089111328,243.28131103515625,0.0
-83.57685852050781,243.27957153320312,0.0
-83.07685852050781,243.27783203125,0.0
-82.57685852050781,243.276107788086,0.0
-82.07685852050781,243.2743682861328,0.0
-81.57686614990234,243.2726287841797,0.0
-81.07687377929688,243.27088928222656,0.0
-80.57687377929688,243.2691650390625,0.0
-80.07687377929688,243.2674255371093,0.0
-79.5768814086914,243.26568603515625,0.0
-79.0768814086914,243.2639617919922,0.0
-78.5768814086914,243.26222229003903,0.0
-78.07688903808594,243.260482788086,0.0
-77.57688903808594,243.2587432861328,0.0
-77.07689666748047,243.25701904296875,0.0
-76.57689666748047,243.2552795410156,0.0
-76.07689666748047,243.2535400390625,0.0
-75.576904296875,243.2518005371093,0.0
-75.076904296875,243.25006103515625,0.0
-74.57691192626953,243.2483367919922,0.0
-74.07691192626953,243.24659729003903,0.0
-73.57691192626953,243.244857788086,0.0
-73.07691955566406,243.2431182861328,0.0
-72.57691955566406,243.24139404296875,0.0
-72.0769271850586,243.2396545410156,0.0
-71.5769271850586,243.2379150390625,0.0
-71.0769271850586,243.2361755371093,0.0
-70.57693481445312,243.2344512939453,0.0
-70.07693481445312,243.2327117919922,0.0
-69.57693481445312,243.23097229003903,0.0
-69.07694244384766,243.229232788086,0.0
-68.57694244384766,243.22750854492188,0.0
-68.07695007324219,243.22576904296875,0.0
-67.57695007324219,243.2240295410156,0.0
-67.07695007324219,243.2222900390625,0.0
-66.57695770263672,243.2205505371093,0.0
-66.07695770263672,243.2188262939453,0.0
-65.57696533203125,243.2170867919922,0.0
-65.07696533203125,243.21534729003903,0.0
-64.57696533203125,243.213607788086,0.0
-64.07697296142578,243.21188354492188,0.0
-63.57698059082031,243.21014404296875,0.0
-63.07698822021485,243.2084045410156,0.0
-62.57698822021485,243.2066650390625,0.0
-62.07699203491211,243.20494079589844,0.0
-61.576995849609375,243.2032012939453,0.0
-61.076995849609375,243.2014617919922,0.0
-60.57700347900391,243.19972229003903,0.0
-60.07700347900391,243.197982788086,0.0
-59.57700729370117,243.19625854492188,0.0
-59.07701110839844,243.19451904296875,0.0
-58.57701110839844,243.1927795410156,0.0
-58.07701873779297,243.1910400390625,0.0
-57.57701873779297,243.18931579589844,0.0
-57.07702255249024,243.1875762939453,0.0
-56.5770263671875,243.1858367919922,0.0
-56.0770263671875,243.18409729003903,0.0
-55.577030181884766,243.182373046875,0.0
-55.07703399658203,243.18063354492188,0.0
-54.5770378112793,243.17889404296875,0.0
-54.07704162597656,243.1771545410156,0.0
-53.57704162597656,243.1754302978516,0.0
-53.07704544067383,243.17369079589844,0.0
-52.57704925537109,243.1719512939453,0.0
-52.07705307006836,243.1702117919922,0.0
-51.577056884765625,243.16847229003903,0.0
-51.077056884765625,243.166748046875,0.0
-50.57706069946289,243.16500854492188,0.0
-50.07706451416016,243.16326904296875,0.0
-49.57706451416016,243.1615295410156,0.0
-49.07707214355469,243.1598052978516,0.0
-48.57707214355469,243.15806579589844,0.0
-48.07707595825195,243.1563262939453,0.0
-47.57707977294922,243.1545867919922,0.0
-47.07708358764648,243.15286254882807,0.0
-46.57708358764648,243.151123046875,0.0
-46.07708740234375,243.14938354492188,0.0
-45.577091217041016,243.14764404296875,0.0
-45.07709503173828,243.1459197998047,0.0
-44.57709884643555,243.1441802978516,0.0
-44.07709884643555,243.14244079589844,0.0
-43.57710266113281,243.1407012939453,0.0
-43.07710647583008,243.1389617919922,0.0
-42.577110290527344,243.13723754882807,0.0
-42.07711410522461,243.135498046875,0.0
-41.57711410522461,243.13375854492188,0.0
-41.07711791992188,243.13201904296875,0.0
-40.57712173461914,243.1302947998047,0.0
-40.077125549316406,243.1285552978516,0.0
-39.57712936401367,243.12681579589844,0.0
-39.07712936401367,243.1250762939453,0.0
-38.57713317871094,243.12335205078125,0.0
-38.0771369934082,243.12161254882807,0.0
-37.57714080810547,243.119873046875,0.0
-37.07714080810547,243.11813354492188,0.0
-36.577144622802734,243.1164093017578,0.0
-36.0771484375,243.1146697998047,0.0
-35.577152252197266,243.1129302978516,0.0
-35.07715606689453,243.11119079589844,0.0
-34.57715606689453,243.1094512939453,0.0
-34.0771598815918,243.10772705078125,0.0
-33.57716369628906,243.10598754882807,0.0
-33.07716751098633,243.104248046875,0.0
-32.577171325683594,243.10250854492188,0.0
-32.077171325683594,243.1007843017578,0.0
-31.57717514038086,243.0990447998047,0.0
-31.077178955078125,243.0973052978516,0.0
-30.57718276977539,243.09556579589844,0.0
-30.077186584472656,243.0938415527344,0.0
-29.577186584472656,243.09210205078125,0.0
-29.07719039916992,243.09036254882807,0.0
-28.577194213867188,243.088623046875,0.0
-28.077198028564453,243.0868988037109,0.0
-27.577198028564453,243.0851593017578,0.0
-27.07720184326172,243.0834197998047,0.0
-26.577205657958984,243.0816802978516,0.0
-26.07720947265625,243.07994079589844,0.0
-25.57721328735352,243.0782165527344,0.0
-25.07721328735352,243.07647705078125,0.0
-24.57721710205078,243.07473754882807,0.0
-24.077220916748047,243.072998046875,0.0
-23.577224731445312,243.0712738037109,0.0
-23.07722854614257,243.0695343017578,0.0
-22.57722854614257,243.0677947998047,0.0
-22.077232360839844,243.0660552978516,0.0
-21.57723617553711,243.0643310546875,0.0
-21.07723999023437,243.0625915527344,0.0
-21.059064110120133,243.0632043520609,0.0
-21.040888230005898,243.06381715138755,0.0
-21.02271234989166,243.06442995071413,0.0
-21.00453646977742,243.0650427500408,0.0
-20.986360589663185,243.0656555493673,0.0
-20.968184709548947,243.06626834869388,0.0
-20.950008829434708,243.06688114802049,0.0
-20.93183294932048,243.06749394734703,0.0
-20.913657069206234,243.0681067466736,0.0
-20.895481189092,243.06871954600007,0.0
-20.87730530897776,243.0693323453268,0.0
-20.85912942886352,243.06994514465336,0.0
-20.840953548749283,243.07055794398,0.0
-20.822777668635048,243.0711707433065,0.0
-20.80460178852081,243.07178354263309,0.0
-20.78642590840657,243.0723963419597,0.0
-20.768250028292336,243.07300914128624,0.0
-20.750074148178097,243.0736219406128,0.0
-20.73189826806386,243.0742347399394,0.0
-20.713722387949623,243.074847539266,0.0
-20.695546507835385,243.07546033859256,0.0
-20.677370627721142,243.0760731379192,0.0
-20.65919474760691,243.0766859372457,0.0
-20.641018867492672,243.0772987365723,0.0
-20.62284298737844,243.0779115358989,0.0
-20.6046671072642,243.07852433522544,0.0
-20.58649122714996,243.07913713455204,0.0
-20.56831534703572,243.07974993387865,0.0
-20.55013946692149,243.0803627332052,0.0
-20.531963586807247,243.08097553253177,0.0
-20.51378770669301,243.0815883318584,0.0
-20.495611826578774,243.0822011311849,0.0
-20.47743594646453,243.0828139305115,0.0
-20.459260066350296,243.0834267298381,0.0
-20.44108418623606,243.08403952916467,0.0
-20.422908306121823,243.08465232849125,0.0
-20.404732426007584,243.08526512781785,0.0
-20.38655654589335,243.0858779271444,0.0
-20.36838066577911,243.08649072647097,0.0
-20.35020478566487,243.0871035257976,0.0
-20.33202890555064,243.0877163251241,0.0
-20.3138530254364,243.08832912445072,0.0
-20.29567714532216,243.0889419237773,0.0
-20.277501265207924,243.08955472310387,0.0
-20.259325385093685,243.09016752243045,0.0
-20.241149504979447,243.09078032175705,0.0
-20.22297362486521,243.0913931210836,0.0
-20.204797744750973,243.09200592041017,0.0
-20.18662186463673,243.0926187197368,0.0
-20.1684459845225,243.09323151906327,0.0
-20.15027010440826,243.09384431839,0.0
-20.132094224294026,243.0944571177165,0.0
-20.113918344179787,243.09506991704308,0.0
-20.095742464065548,243.09568271636965,0.0
-20.07756658395131,243.09629551569623,0.0
-20.059390703837074,243.0969083150228,0.0
-20.04121482372284,243.0975211143494,0.0
-20.0230389436086,243.098133913676,0.0
-20.00486306349436,243.09874671300253,0.0
-19.986687183380123,243.0993595123292,0.0
-19.968511303265885,243.0999723116557,0.0
-19.95033542315165,243.10058511098228,0.0
-19.93215954303741,243.10119791030883,0.0
-19.91398366292317,243.10181070963543,0.0
-19.895807782808937,243.10242350896203,0.0
-19.8776319026947,243.1030363082886,0.0
-19.85945602258046,243.1036491076152,0.0
-19.841280142466225,243.10426190694176,0.0
-19.823104262351983,243.1048747062684,0.0
-19.804928382237748,243.1054875055949,0.0
-19.786752502123512,243.10610030492148,0.0
-19.76857662200928,243.1067131042481,0.0
-19.750400741895035,243.10732590357463,0.0
-19.7322248617808,243.10793870290124,0.0
-19.71404898166656,243.1085515022278,0.0
-19.695873101552323,243.1091643015544,0.0
-19.677697221438088,243.10977710088096,0.0
-19.65952134132385,243.1103899002076,0.0
-19.64134546120961,243.1110026995341,0.0
-19.62316958109537,243.11161549886071,0.0
-19.604993700981137,243.1122282981873,0.0
-19.58681782086689,243.11284109751384,0.0
-19.568641940752663,243.11345389684044,0.0
-19.550466060638424,243.114066696167,0.0
-19.532290180524186,243.1146794954936,0.0
-19.51411430040995,243.11529229482016,0.0
-19.495938420295712,243.1159050941468,0.0
-19.47776254018148,243.1165178934733,0.0
-19.45958666006724,243.11713069279992,0.0
-19.441410779953,243.1177434921265,0.0
-19.42323489983876,243.11835629145307,0.0
-19.40505901972453,243.11896909077964,0.0
-19.386883139610287,243.11958189010625,0.0
-19.36870725949605,243.1201946894328,0.0
-19.350531379381813,243.1208074887594,0.0
-19.33235549926757,243.121420288086,0.0
-19.314179619153336,243.1220330874125,0.0
-19.2960037390391,243.12264588673912,0.0
-19.277827858924866,243.1232586860657,0.0
-19.259651978810624,243.12387148539227,0.0
-19.24147609869639,243.12448428471885,0.0
-19.22330021858215,243.12509708404545,0.0
-19.20512433846791,243.125709883372,0.0
-19.18694845835368,243.1263226826986,0.0
-19.16877257823944,243.1269354820252,0.0
-19.1505966981252,243.1275482813517,0.0
-19.132420818010964,243.12816108067832,0.0
-19.114244937896725,243.1287738800049,0.0
-19.096069057782486,243.12938667933147,0.0
-19.07789317766825,243.12999947865808,0.0
-19.059717297554013,243.13061227798465,0.0
-19.04154141743977,243.13122507731123,0.0
-19.02336553732554,243.1318378766378,0.0
-19.0051896572113,243.1324506759644,0.0
-18.98701377709706,243.13306347529087,0.0
-18.968837896982823,243.1336762746176,0.0
-18.950662016868588,243.13428907394413,0.0
-18.93248613675435,243.1349018732707,0.0
-18.91431025664012,243.13551467259728,0.0
-18.896134376525875,243.13612747192383,0.0
-18.87795849641164,243.13674027125043,0.0
-18.8597826162974,243.137353070577,0.0
-18.841606736183163,243.1379658699036,0.0
-18.823430856068924,243.13857866923016,0.0
-18.80525497595469,243.1391914685568,0.0
-18.78707909584045,243.1398042678833,0.0
-18.76890321572621,243.1404170672099,0.0
-18.750727335611977,243.14102986653648,0.0
-18.73255145549773,243.14164266586303,0.0
-18.7143755753835,243.14225546518963,0.0
-18.696199695269264,243.1428682645162,0.0
-18.678023815155026,243.1434810638428,0.0
-18.659847935040787,243.1440938631694,0.0
-18.641672054926552,243.144706662496,0.0
-18.62349617481232,243.1453194618225,0.0
-18.605320294698075,243.1459322611491,0.0
-18.58714441458384,243.1465450604757,0.0
-18.5689685344696,243.14715785980223,0.0
-18.55079265435536,243.14777065912884,0.0
-18.532616774241127,243.14838345845544,0.0
-18.51444089412689,243.148996257782,0.0
-18.49626501401265,243.1496090571086,0.0
-18.47808913389841,243.1502218564352,0.0
-18.459913253784176,243.1508346557617,0.0
-18.441737373669937,243.15144745508832,0.0
-18.423561493555702,243.1520602544149,0.0
-18.405385613441464,243.1526730537415,0.0
-18.387209733327225,243.15328585306807,0.0
-18.36903385321299,243.15389865239464,0.0
-18.35085797309875,243.1545114517212,0.0
-18.33268209298452,243.1551242510478,0.0
-18.31450621287028,243.1557370503744,0.0
-18.29633033275604,243.1563498497009,0.0
-18.2781544526418,243.15696264902752,0.0
-18.259978572527565,243.15757544835407,0.0
-18.241802692413327,243.1581882476807,0.0
-18.223626812299088,243.15880104700727,0.0
-18.205450932184853,243.15941384633385,0.0
-18.18727505207061,243.1600266456604,0.0
-18.16909917195637,243.160639444987,0.0
-18.15092329184214,243.1612522443136,0.0
-18.1327474117279,243.1618650436401,0.0
-18.114571531613663,243.16247784296675,0.0
-18.096395651499428,243.16309064229333,0.0
-18.07821977138519,243.1637034416199,0.0
-18.06004389127095,243.16431624094648,0.0
-18.04186801115672,243.16492904027305,0.0
-18.02369213104248,243.16554183959963,0.0
-18.00551625092824,243.1661546389262,0.0
-17.987340370814003,243.1667674382528,0.0
-17.969164490699765,243.16738023757927,0.0
-17.950988610585526,243.16799303690595,0.0
-17.93281273047129,243.16860583623253,0.0
-17.914636850357052,243.1692186355591,0.0
-17.896460970242813,243.16983143488568,0.0
-17.87828509012858,243.17044423421223,0.0
-17.86010921001434,243.1710570335389,0.0
-17.8419333299001,243.17166983286543,0.0
-17.823757449785866,243.172282632192,0.0
-17.805581569671627,243.17289543151853,0.0
-17.78740568955739,243.1735082308452,0.0
-17.769229809443154,243.17412103017173,0.0
-17.751053929328915,243.1747338294983,0.0
-17.732878049214676,243.17534662882488,0.0
-17.71470216910044,243.1759594281515,0.0
-17.696526288986203,243.1765722274781,0.0
-17.678350408871964,243.17718502680464,0.0
-17.66017452875773,243.1777978261312,0.0
-17.64199864864349,243.1784106254578,0.0
-17.62382276852925,243.1790234247844,0.0
-17.605646888415016,243.1796362241109,0.0
-17.587471008300778,243.1802490234376,0.0
-17.56929512818654,243.1808618227641,0.0
-17.551119248072304,243.1814746220907,0.0
-17.532943367958065,243.1820874214173,0.0
-17.514767487843827,243.18270022074384,0.0
-17.49659160772959,243.1833130200704,0.0
-17.478415727615353,243.183925819397,0.0
-17.460239847501114,243.1845386187236,0.0
-17.44206396738688,243.18515141805017,0.0
-17.42388808727264,243.1857642173768,0.0
-17.405712207158402,243.1863770167033,0.0
-17.387536327044167,243.1869898160299,0.0
-17.369360446929928,243.18760261535647,0.0
-17.35118456681569,243.18821541468304,0.0
-17.333008686701454,243.1888282140096,0.0
-17.314832806587216,243.18944101333625,0.0
-17.296656926472977,243.1900538126628,0.0
-17.278481046358742,243.19066661198937,0.0
-17.260305166244503,243.19127941131595,0.0
-17.242129286130265,243.1918922106425,0.0
-17.22395340601603,243.1925050099691,0.0
-17.20577752590179,243.19311780929567,0.0
-17.187601645787552,243.19373060862225,0.0
-17.169425765673317,243.19434340794885,0.0
-17.15124988555908,243.19495620727545,0.0
-17.13307400544484,243.195569006602,0.0
-17.114898125330605,243.1961818059285,0.0
-17.096722245216366,243.19679460525515,0.0
-17.078546365102127,243.19740740458167,0.0
-17.060370484987892,243.1980202039083,0.0
-17.042194604873654,243.1986330032349,0.0
-17.024018724759415,243.19924580256148,0.0
-17.00584284464518,243.19985860188805,0.0
-16.98766696453094,243.20047140121463,0.0
-16.969491084416703,243.2010842005412,0.0
-16.951315204302468,243.2016969998677,0.0
-16.93313932418823,243.20230979919435,0.0
-16.91496344407399,243.20292259852093,0.0
-16.896787563959755,243.2035353978476,0.0
-16.878611683845516,243.2041481971741,0.0
-16.860435803731278,243.20476099650068,0.0
-16.842259923617043,243.20537379582728,0.0
-16.824084043502804,243.20598659515383,0.0
-16.805908163388565,243.2065993944804,0.0
-16.78773228327433,243.20721219380687,0.0
-16.76955640316009,243.2078249931336,0.0
-16.751380523045853,243.20843779246016,0.0
-16.733204642931618,243.2090505917868,0.0
-16.71502876281738,243.2096633911133,0.0
-16.69685288270314,243.21027619043988,0.0
-16.678677002588906,243.2108889897665,0.0
-16.660501122474667,243.21150178909303,0.0
-16.642325242360428,243.2121145884196,0.0
-16.624149362246193,243.2127273877462,0.0
-16.605973482131954,243.2133401870728,0.0
-16.587797602017716,243.21395298639936,0.0
-16.56962172190348,243.214565785726,0.0
-16.551445841789242,243.2151785850525,0.0
-16.533269961675003,243.2157913843791,0.0
-16.51509408156077,243.2164041837057,0.0
-16.49691820144653,243.21701698303224,0.0
-16.47874232133229,243.21762978235884,0.0
-16.460566441218056,243.21824258168544,0.0
-16.442390561103817,243.218855381012,0.0
-16.42421468098958,243.21946818033857,0.0
-16.406038800875343,243.2200809796652,0.0
-16.387862920761105,243.2206937789917,0.0
-16.369687040646866,243.2213065783183,0.0
-16.35151116053263,243.2219193776449,0.0
-16.333335280418392,243.22253217697147,0.0
-16.315159400304154,243.22314497629804,0.0
-16.29698352018992,243.22375777562465,0.0
-16.27880764007568,243.2243705749512,0.0
-16.26063175996144,243.22498337427777,0.0
-16.242455879847206,243.2255961736044,0.0
-16.224279999732968,243.2262089729309,0.0
-16.20610411961873,243.22682177225752,0.0
-16.187928239504494,243.2274345715841,0.0
-16.169752359390255,243.22804737091067,0.0
-16.151576479276017,243.22866017023725,0.0
-16.13340059916178,243.22927296956385,0.0
-16.115224719047543,243.2298857688904,0.0
-16.097048838933304,243.23049856821697,0.0
-16.07887295881907,243.2311113675436,0.0
-16.06069707870483,243.23172416687007,0.0
-16.042521198590592,243.23233696619675,0.0
-16.024345318476357,243.2329497655233,0.0
-16.006169438362118,243.23356256484988,0.0
-15.98799355824788,243.23417536417645,0.0
-15.969817678133644,243.23478816350303,0.0
-15.951641798019406,243.2354009628296,0.0
-15.933465917905169,243.2360137621562,0.0
-15.91529003779093,243.2366265614828,0.0
-15.897114157676691,243.23723936080933,0.0
-15.878938277562456,243.237852160136,0.0
-15.860762397448218,243.2384649594625,0.0
-15.84258651733398,243.23907775878908,0.0
-15.824410637219742,243.23969055811563,0.0
-15.806234757105504,243.24030335744223,0.0
-15.788058876991268,243.24091615676883,0.0
-15.76988299687703,243.2415289560954,0.0
-15.751707116762791,243.242141755422,0.0
-15.733531236648556,243.24275455474856,0.0
-15.715355356534316,243.2433673540752,0.0
-15.69717947642008,243.2439801534017,0.0
-15.679003596305844,243.24459295272828,0.0
-15.660827716191603,243.2452057520549,0.0
-15.642651836077368,243.24581855138143,0.0
-15.624475955963131,243.24643135070804,0.0
-15.606300075848893,243.2470441500346,0.0
-15.588124195734656,243.2476569493612,0.0
-15.56994831562042,243.24826974868776,0.0
-15.55177243550618,243.2488825480144,0.0
-15.533596555391943,243.2494953473409,0.0
-15.515420675277706,243.25010814666751,0.0
-15.497244795163468,243.2507209459941,0.0
-15.47906891504923,243.25133374532064,0.0
-15.460893034934994,243.25194654464724,0.0
-15.442717154820755,243.2525593439738,0.0
-15.424541274706518,243.2531721433004,0.0
-15.406365394592282,243.25378494262696,0.0
-15.388189514478045,243.2543977419536,0.0
-15.370013634363806,243.2550105412801,0.0
-15.35183775424957,243.25562334060672,0.0
-15.33366187413533,243.2562361399333,0.0
-15.315485994021094,243.25684893925987,0.0
-15.297310113906857,243.25746173858644,0.0
-15.279134233792618,243.25807453791305,0.0
-15.26095835367838,243.2586873372396,0.0
-15.242782473564144,243.2593001365662,0.0
-15.224606593449906,243.2599129358928,0.0
-15.206430713335669,243.2605257352193,0.0
-15.188254833221432,243.26113853454592,0.0
-15.170078953107192,243.2617513338725,0.0
-15.151903072992956,243.26236413319907,0.0
-15.13372719287872,243.26297693252565,0.0
-15.11555131276448,243.26358973185225,0.0
-15.097375432650244,243.2642025311788,0.0
-15.079199552536007,243.2648153305054,0.0
-15.061023672421769,243.265428129832,0.0
-15.042847792307532,243.2660409291585,0.0
-15.024671912193297,243.26665372848512,0.0
-15.006496032079056,243.2672665278117,0.0
-14.98832015196482,243.2678793271383,0.0
-14.970144271850582,243.26849212646488,0.0
-14.951968391736344,243.26910492579145,0.0
-14.933792511622109,243.26971772511803,0.0
-14.91561663150787,243.2703305244446,0.0
-14.897440751393631,243.2709433237712,0.0
-14.879264871279394,243.27155612309767,0.0
-14.861088991165158,243.2721689224244,0.0
-14.84291311105092,243.27278172175093,0.0
-14.824737230936682,243.2733945210775,0.0
-14.806561350822443,243.27400732040408,0.0
-14.788385470708208,243.27462011973063,0.0
-14.77020959059397,243.27523291905723,0.0
-14.752033710479733,243.2758457183838,0.0
-14.733857830365494,243.2764585177104,0.0
-14.715681950251255,243.27707131703696,0.0
-14.69750607013702,243.2776841163636,0.0
-14.679330190022782,243.2782969156901,0.0
-14.661154309908545,243.2789097150167,0.0
-14.642978429794308,243.27952251434328,0.0
-14.62480254968007,243.28013531366983,0.0
-14.606626669565832,243.28074811299643,0.0
-14.588450789451596,243.281360912323,0.0
-14.570274909337355,243.2819737116496,0.0
-14.55209902922312,243.2825865109762,0.0
-14.533923149108883,243.2831993103028,0.0
-14.515747268994645,243.2838121096293,0.0
-14.497571388880408,243.2844249089559,0.0
-14.47939550876617,243.2850377082825,0.0
-14.461219628651932,243.28565050760903,0.0
-14.443043748537695,243.28626330693567,0.0
-14.424867868423458,243.28687610626224,0.0
-14.40669198830922,243.2874889055888,0.0
-14.388516108194985,243.2881017049154,0.0
-14.370340228080746,243.288714504242,0.0
-14.352164347966507,243.2893273035685,0.0
-14.33398846785227,243.28994010289512,0.0
-14.315812587738034,243.2905529022217,0.0
-14.297636707623797,243.2911657015483,0.0
-14.279460827509558,243.29177850087487,0.0
-14.26128494739532,243.29239130020144,0.0
-14.243109067281084,243.293004099528,0.0
-14.224933187166846,243.2936168988546,0.0
-14.206757307052609,243.2942296981812,0.0
-14.18858142693837,243.2948424975077,0.0
-14.170405546824131,243.29545529683435,0.0
-14.152229666709896,243.29606809616087,0.0
-14.134053786595658,243.2966808954875,0.0
-14.11587790648142,243.29729369481407,0.0
-14.097702026367184,243.29790649414065,0.0
-14.079526146252944,243.2985192934672,0.0
-14.061350266138708,243.2991320927938,0.0
-14.043174386024472,243.2997448921204,0.0
-14.024998505910231,243.3003576914469,0.0
-14.006822625795996,243.30097049077355,0.0
-13.98864674568176,243.30158329010013,0.0
-13.97047086556752,243.3021960894267,0.0
-13.952294985453284,243.30280888875328,0.0
-13.934119105339049,243.30342168807985,0.0
-13.915943225224808,243.30403448740643,0.0
-13.897767345110571,243.30464728673303,0.0
-13.879591464996334,243.3052600860596,0.0
-13.861415584882096,243.3058728853861,0.0
-13.84323970476786,243.30648568471275,0.0
-13.825063824653622,243.30709848403933,0.0
-13.806887944539383,243.3077112833659,0.0
-13.788712064425146,243.30832408269248,0.0
-13.77053618431091,243.30893688201903,0.0
-13.75236030419667,243.3095496813457,0.0
-13.734184424082434,243.31016248067223,0.0
-13.716008543968195,243.3107752799988,0.0
-13.697832663853958,243.31138807932533,0.0
-13.679656783739722,243.312000878652,0.0
-13.661480903625485,243.31261367797853,0.0
-13.643305023511246,243.3132264773051,0.0
-13.62512914339701,243.31383927663168,0.0
-13.606953263282772,243.3144520759583,0.0
-13.588777383168534,243.3150648752849,0.0
-13.570601503054297,243.31567767461144,0.0
-13.55242562294006,243.316290473938,0.0
-13.53424974282582,243.3169032732646,0.0
-13.516073862711584,243.3175160725912,0.0
-13.497897982597348,243.3181288719177,0.0
-13.479722102483109,243.3187416712444,0.0
-13.461546222368872,243.3193544705709,0.0
-13.443370342254635,243.3199672698975,0.0
-13.425194462140396,243.3205800692241,0.0
-13.40701858202616,243.32119286855064,0.0
-13.388842701911924,243.3218056678772,0.0
-13.370666821797684,243.3224184672038,0.0
-13.352490941683447,243.3230312665304,0.0
-13.33431506156921,243.32364406585697,0.0
-13.316139181454972,243.3242568651836,0.0
-13.297963301340737,243.3248696645101,0.0
-13.279787421226498,243.3254824638367,0.0
-13.26161154111226,243.32609526316327,0.0
-13.243435660998022,243.32670806248984,0.0
-13.225259780883786,243.3273208618164,0.0
-13.207083900769549,243.32793366114305,0.0
-13.18890802065531,243.3285464604696,0.0
-13.170732140541071,243.32915925979617,0.0
-13.152556260426834,243.32977205912275,0.0
-13.134380380312598,243.3303848584493,0.0
-13.11620450019836,243.3309976577759,0.0
-13.098028620084122,243.33161045710247,0.0
-13.079852739969883,243.33222325642905,0.0
-13.061676859855648,243.33283605575565,0.0
-13.04350097974141,243.33344885508225,0.0
-13.025325099627173,243.3340616544088,0.0
-13.007149219512936,243.3346744537353,0.0
-12.988973339398695,243.33528725306195,0.0
-12.97079745928446,243.33590005238847,0.0
-12.952621579170223,243.3365128517151,0.0
-12.934445699055985,243.3371256510417,0.0
-12.916269818941748,243.33773845036828,0.0
-12.898093938827513,243.33835124969485,0.0
-12.879918058713272,243.33896404902143,0.0
-12.861742178599036,243.339576848348,0.0
-12.8435662984848,243.3401896476745,0.0
-12.82539041837056,243.34080244700115,0.0
-12.807214538256323,243.34141524632773,0.0
-12.789038658142086,243.3420280456544,0.0
-12.770862778027848,243.3426408449809,0.0
-12.75268689791361,243.34325364430748,0.0
-12.734511017799374,243.34386644363408,0.0
-12.716335137685135,243.34447924296063,0.0
-12.698159257570898,243.3450920422872,0.0
-12.67998337745666,243.34570484161367,0.0
-12.661807497342425,243.3463176409404,0.0
-12.643631617228186,243.34693044026696,0.0
-12.625455737113947,243.3475432395936,0.0
-12.60727985699971,243.3481560389201,0.0
-12.589103976885474,243.34876883824668,0.0
-12.570928096771237,243.3493816375733,0.0
-12.552752216656998,243.34999443689983,0.0
-12.53457633654276,243.3506072362264,0.0
-12.516400456428524,243.351220035553,0.0
-12.498224576314286,243.3518328348796,0.0
-12.480048696200049,243.35244563420616,0.0
-12.461872816085812,243.3530584335328,0.0
-12.443696935971571,243.3536712328593,0.0
-12.425521055857336,243.3542840321859,0.0
-12.4073451757431,243.3548968315125,0.0
-12.38916929562886,243.35550963083907,0.0
-12.370993415514624,243.35612243016564,0.0
-12.352817535400389,243.35673522949224,0.0
-12.334641655286148,243.3573480288188,0.0
-12.316465775171912,243.35796082814537,0.0
-12.298289895057676,243.358573627472,0.0
-12.280114014943436,243.3591864267985,0.0
-12.2619381348292,243.3597992261251,0.0
-12.243762254714962,243.3604120254517,0.0
-12.225586374600724,243.36102482477827,0.0
-12.207410494486489,243.36163762410484,0.0
-12.18923461437225,243.36225042343145,0.0
-12.171058734258011,243.362863222758,0.0
-12.152882854143774,243.36347602208457,0.0
-12.134706974029536,243.3640888214112,0.0
-12.1165310939153,243.3647016207377,0.0
-12.098355213801062,243.36531442006432,0.0
-12.080179333686823,243.3659272193909,0.0
-12.062003453572586,243.36654001871747,0.0
-12.04382757345835,243.36715281804405,0.0
-12.025651693344113,243.36776561737065,0.0
-12.007475813229874,243.3683784166972,0.0
-11.989299933115635,243.36899121602377,0.0
-11.9711240530014,243.3696040153504,0.0
-11.952948172887162,243.3702168146769,0.0
-11.934772292772925,243.37082961400355,0.0
-11.916596412658688,243.3714424133301,0.0
-11.89842053254445,243.37205521265668,0.0
-11.880244652430212,243.37266801198325,0.0
-11.862068772315975,243.37328081130983,0.0
-11.843892892201737,243.37389361063643,0.0
-11.8257170120875,243.374506409963,0.0
-11.807541131973265,243.3751192092896,0.0
-11.789365251859024,243.37573200861613,0.0
-11.771189371744788,243.3763448079428,0.0
-11.75301349163055,243.3769576072693,0.0
-11.734837611516312,243.37757040659588,0.0
-11.716661731402075,243.37818320592245,0.0
-11.698485851287838,243.37879600524903,0.0
-11.6803099711736,243.37940880457563,0.0
-11.662134091059364,243.3800216039022,0.0
-11.643958210945126,243.3806344032288,0.0
-11.625782330830887,243.38124720255536,0.0
-11.60760645071665,243.381860001882,0.0
-11.589430570602412,243.3824728012085,0.0
-11.571254690488177,243.3830856005351,0.0
-11.553078810373938,243.3836983998617,0.0
-11.5349029302597,243.38431119918823,0.0
-11.516727050145462,243.38492399851484,0.0
-11.498551170031226,243.3855367978414,0.0
-11.480375289916989,243.386149597168,0.0
-11.46219940980275,243.38676239649456,0.0
-11.444023529688511,243.3873751958212,0.0
-11.425847649574276,243.3879879951477,0.0
-11.407671769460038,243.3886007944743,0.0
-11.3894958893458,243.3892135938009,0.0
-11.371320009231564,243.38982639312744,0.0
-11.353144129117323,243.39043919245404,0.0
-11.334968249003088,243.3910519917806,0.0
-11.316792368888851,243.3916647911072,0.0
-11.298616488774613,243.3922775904338,0.0
-11.280440608660376,243.3928903897604,0.0
-11.26226472854614,243.3935031890869,0.0
-11.2440888484319,243.39411598841352,0.0
-11.225912968317663,243.3947287877401,0.0
-11.207737088203428,243.39534158706667,0.0
-11.189561208089188,243.39595438639324,0.0
-11.171385327974953,243.39656718571985,0.0
-11.153209447860714,243.3971799850464,0.0
-11.135033567746476,243.397792784373,0.0
-11.11685768763224,243.3984055836996,0.0
-11.098681807518002,243.3990183830261,0.0
-11.080505927403763,243.39963118235272,0.0
-11.062330047289526,243.4002439816793,0.0
-11.04415416717529,243.40085678100587,0.0
-11.02597828706105,243.40146958033247,0.0
-11.007802406946814,243.40208237965905,0.0
-10.989626526832575,243.4026951789856,0.0
-10.971450646718338,243.4033079783122,0.0
-10.9532747666041,243.4039207776388,0.0
-10.935098886489865,243.4045335769653,0.0
-10.916923006375626,243.40514637629192,0.0
-10.898747126261387,243.4057591756185,0.0
-10.880571246147152,243.4063719749451,0.0
-10.862395366032914,243.40698477427168,0.0
-10.844219485918677,243.40759757359825,0.0
-10.82604360580444,243.40821037292483,0.0
-10.8078677256902,243.4088231722514,0.0
-10.789691845575964,243.409435971578,0.0
-10.771515965461727,243.41004877090447,0.0
-10.753340085347489,243.4106615702312,0.0
-10.735164205233252,243.41127436955773,0.0
-10.716988325119017,243.4118871688843,0.0
-10.698812445004776,243.41249996821088,0.0
-10.68063656489054,243.41311276753743,0.0
-10.662460684776304,243.41372556686403,0.0
-10.644284804662064,243.4143383661906,0.0
-10.626108924547829,243.4149511655172,0.0
-10.60793304443359,243.41556396484376,0.0
-10.589757164319352,243.4161767641704,0.0
-10.571581284205116,243.41678956349693,0.0
-10.553405404090878,243.4174023628235,0.0
-10.53522952397664,243.41801516215008,0.0
-10.517053643862402,243.41862796147663,0.0
-10.498877763748164,243.41924076080323,0.0
-10.480701883633929,243.4198535601298,0.0
-10.46252600351969,243.4204663594564,0.0
-10.444350123405451,243.421079158783,0.0
-10.426174243291214,243.4216919581096,0.0
-10.407998363176976,243.4223047574361,0.0
-10.38982248306274,243.4229175567627,0.0
-10.371646602948502,243.4235303560893,0.0
-10.353470722834263,243.42414315541583,0.0
-10.335294842720028,243.4247559547425,0.0
-10.31711896260579,243.42536875406904,0.0
-10.298943082491553,243.4259815533956,0.0
-10.280767202377316,243.4265943527222,0.0
-10.262591322263075,243.4272071520488,0.0
-10.24441544214884,243.4278199513753,0.0
-10.226239562034603,243.42843275070192,0.0
-10.208063681920365,243.4290455500285,0.0
-10.189887801806128,243.4296583493551,0.0
-10.171711921691893,243.43027114868167,0.0
-10.153536041577652,243.43088394800824,0.0
-10.135360161463415,243.4314967473348,0.0
-10.11718428134918,243.4321095466614,0.0
-10.09900840123494,243.432722345988,0.0
-10.080832521120705,243.4333351453145,0.0
-10.062656641006466,243.43394794464115,0.0
-10.044480760892228,243.4345607439677,0.0
-10.02630488077799,243.4351735432943,0.0
-10.008129000663754,243.43578634262087,0.0
-9.989953120549515,243.43639914194745,0.0
-9.971777240435278,243.437011941274,0.0
-9.95360136032104,243.4376247406006,0.0
-9.935425480206804,243.4382375399272,0.0
-9.917249600092566,243.4388503392537,0.0
-9.899073719978327,243.43946313858035,0.0
-9.88089783986409,243.44007593790693,0.0
-9.862721959749852,243.4406887372335,0.0
-9.844546079635617,243.44130153656008,0.0
-9.826370199521378,243.44191433588665,0.0
-9.80819431940714,243.44252713521325,0.0
-9.790018439292904,243.44313993453983,0.0
-9.771842559178666,243.4437527338664,0.0
-9.753666679064429,243.4443655331929,0.0
-9.735490798950192,243.44497833251955,0.0
-9.717314918835951,243.44559113184613,0.0
-9.699139038721716,243.4462039311727,0.0
-9.68096315860748,243.44681673049928,0.0
-9.66278727849324,243.44742952982585,0.0
-9.644611398379004,243.44804232915249,0.0
-9.626435518264769,243.44865512847903,0.0
-9.608259638150528,243.4492679278056,0.0
-9.590083758036291,243.44988072713213,0.0
-9.571907877922056,243.4504935264588,0.0
-9.553731997807816,243.45110632578533,0.0
-9.53555611769358,243.4517191251119,0.0
-9.517380237579342,243.4523319244385,0.0
-9.499204357465103,243.45294472376509,0.0
-9.481028477350868,243.4535575230917,0.0
-9.46285259723663,243.45417032241824,0.0
-9.444676717122393,243.4547831217448,0.0
-9.426500837008154,243.45539592107136,0.0
-9.408324956893916,243.456008720398,0.0
-9.39014907677968,243.4566215197245,0.0
-9.371973196665442,243.4572343190512,0.0
-9.353797316551203,243.4578471183777,0.0
-9.335621436436966,243.4584599177043,0.0
-9.31744555632273,243.4590727170309,0.0
-9.299269676208493,243.45968551635744,0.0
-9.281093796094254,243.460298315684,0.0
-9.262917915980015,243.4609111150106,0.0
-9.24474203586578,243.4615239143372,0.0
-9.22656615575154,243.46213671366377,0.0
-9.208390275637305,243.4627495129904,0.0
-9.190214395523068,243.4633623123169,0.0
-9.172038515408827,243.4639751116435,0.0
-9.153862635294592,243.46458791097007,0.0
-9.135686755180355,243.46520071029664,0.0
-9.117510875066117,243.4658135096232,0.0
-9.09933499495188,243.46642630894985,0.0
-9.081159114837645,243.4670391082764,0.0
-9.062983234723404,243.46765190760297,0.0
-9.044807354609167,243.4682647069296,0.0
-9.02663147449493,243.4688775062561,0.0
-9.008455594380692,243.4694903055827,0.0
-8.990279714266455,243.47010310490927,0.0
-8.972103834152218,243.47071590423587,0.0
-8.95392795403798,243.47132870356245,0.0
-8.935752073923743,243.47194150288905,0.0
-8.917576193809506,243.4725543022156,0.0
-8.899400313695267,243.47316710154217,0.0
-8.88122443358103,243.47377990086875,0.0
-8.863048553466793,243.47439270019527,0.0
-8.844872673352555,243.4750054995219,0.0
-8.826696793238318,243.4756182988485,0.0
-8.808520913124081,243.47623109817508,0.0
-8.790345033009842,243.47684389750165,0.0
-8.772169152895605,243.47745669682823,0.0
-8.753993272781369,243.4780694961548,0.0
-8.73581739266713,243.4786822954813,0.0
-8.717641512552893,243.47929509480795,0.0
-8.699465632438656,243.47990789413456,0.0
-8.681289752324417,243.4805206934612,0.0
-8.66311387221018,243.4811334927877,0.0
-8.644937992095944,243.48174629211428,0.0
-8.626762111981705,243.48235909144088,0.0
-8.608586231867468,243.48297189076743,0.0
-8.590410351753231,243.483584690094,0.0
-8.572234471638993,243.48419748942047,0.0
-8.554058591524756,243.4848102887472,0.0
-8.535882711410519,243.48542308807376,0.0
-8.51770683129628,243.4860358874004,0.0
-8.499530951182043,243.4866486867269,0.0
-8.481355071067807,243.48726148605348,0.0
-8.463179190953568,243.4878742853801,0.0
-8.445003310839331,243.48848708470663,0.0
-8.426827430725094,243.48909988403324,0.0
-8.408651550610855,243.4897126833598,0.0
-8.390475670496619,243.4903254826864,0.0
-8.372299790382382,243.49093828201296,0.0
-8.354123910268143,243.4915510813396,0.0
-8.335948030153906,243.4921638806661,0.0
-8.31777215003967,243.4927766799927,0.0
-8.29959626992543,243.4933894793193,0.0
-8.281420389811194,243.4940022786459,0.0
-8.263244509696957,243.49461507797244,0.0
-8.245068629582718,243.49522787729904,0.0
-8.226892749468481,243.4958406766256,0.0
-8.208716869354244,243.49645347595217,0.0
-8.190540989240006,243.4970662752788,0.0
-8.172365109125769,243.4976790746053,0.0
-8.154189229011532,243.49829187393192,0.0
-8.136013348897293,243.4989046732585,0.0
-8.117837468783057,243.49951747258507,0.0
-8.09966158866882,243.50013027191164,0.0
-8.081485708554581,243.50074307123825,0.0
-8.063309828440344,243.5013558705648,0.0
-8.045133948326107,243.50196866989137,0.0
-8.026958068211869,243.502581469218,0.0
-8.008782188097632,243.5031942685445,0.0
-7.990606307983395,243.50380706787112,0.0
-7.972430427869156,243.5044198671977,0.0
-7.954254547754919,243.50503266652427,0.0
-7.936078667640682,243.50564546585085,0.0
-7.917902787526444,243.50625826517745,0.0
-7.899726907412207,243.506871064504,0.0
-7.88155102729797,243.50748386383057,0.0
-7.863375147183731,243.5080966631572,0.0
-7.8451992670694946,243.5087094624837,0.0
-7.827023386955258,243.50932226181035,0.0
-7.808847506841019,243.5099350611369,0.0
-7.790671626726782,243.51054786046348,0.0
-7.772495746612545,243.51116065979005,0.0
-7.754319866498307,243.51177345911665,0.0
-7.73614398638407,243.51238625844323,0.0
-7.717968106269833,243.5129990577698,0.0
-7.699792226155594,243.5136118570964,0.0
-7.681616346041357,243.51422465642293,0.0
-7.66344046592712,243.5148374557496,0.0
-7.645264585812882,243.5154502550761,0.0
-7.627088705698645,243.51606305440268,0.0
-7.608912825584408,243.51667585372925,0.0
-7.590736945470169,243.51728865305583,0.0
-7.5725610653559325,243.51790145238243,0.0
-7.554385185241696,243.518514251709,0.0
-7.536209305127457,243.5191270510356,0.0
-7.51803342501322,243.51973985036216,0.0
-7.499857544898983,243.5203526496888,0.0
-7.481681664784745,243.5209654490153,0.0
-7.463505784670508,243.5215782483419,0.0
-7.445329904556271,243.52219104766849,0.0
-7.427154024442032,243.52280384699503,0.0
-7.408978144327795,243.52341664632164,0.0
-7.3908022642135585,243.5240294456482,0.0
-7.37262638409932,243.5246422449748,0.0
-7.354450503985083,243.52525504430136,0.0
-7.336274623870846,243.525867843628,0.0
-7.318098743756607,243.5264806429545,0.0
-7.29992286364237,243.5270934422811,0.0
-7.281746983528134,243.5277062416077,0.0
-7.263571103413895,243.52831904093424,0.0
-7.245395223299658,243.52893184026084,0.0
-7.227219343185421,243.5295446395874,0.0
-7.209043463071183,243.530157438914,0.0
-7.190867582956946,243.5307702382406,0.0
-7.172691702842709,243.5313830375672,0.0
-7.15451582272847,243.5319958368937,0.0
-7.136339942614233,243.53260863622032,0.0
-7.1181640624999964,243.5332214355469,0.0
-7.099988182385758,243.53383423487347,0.0
-7.081812302271521,243.53444703420004,0.0
-7.063636422157282,243.53505983352665,0.0
-7.045460542043045,243.5356726328532,0.0
-7.0272846619288085,243.5362854321798,0.0
-7.00910878181457,243.5368982315064,0.0
-6.990932901700333,243.5375110308329,0.0
-6.972757021586096,243.53812383015952,0.0
-6.9545811414718575,243.5387366294861,0.0
-6.936405261357621,243.53934942881267,0.0
-6.918229381243384,243.53996222813927,0.0
-6.900053501129145,243.54057502746585,0.0
-6.881877621014908,243.5411878267924,0.0
-6.863701740900671,243.541800626119,0.0
-6.845525860786433,243.5424134254456,0.0
-6.827349980672196,243.5430262247721,0.0
-6.809174100557959,243.54363902409872,0.0
-6.79099822044372,243.5442518234253,0.0
-6.772822340329483,243.5448646227519,0.0
-6.754646460215247,243.54547742207848,0.0
-6.736470580101008,243.54609022140505,0.0
-6.718294699986771,243.54670302073163,0.0
-6.700118819872534,243.5473158200582,0.0
-6.681942939758296,243.5479286193848,0.0
-6.663767059644059,243.54854141871127,0.0
-6.645591179529822,243.549154218038,0.0
-6.627415299415583,243.54976701736453,0.0
-6.609239419301346,243.5503798166911,0.0
-6.591063539187109,243.55099261601768,0.0
-6.572887659072871,243.55160541534423,0.0
-6.554711778958634,243.55221821467083,0.0
-6.536535898844397,243.5528310139974,0.0
-6.518360018730158,243.553443813324,0.0
-6.500184138615921,243.55405661265056,0.0
-6.4820082585016845,243.5546694119772,0.0
-6.463832378387446,243.55528221130373,0.0
-6.445656498273209,243.5558950106303,0.0
-6.427480618158972,243.55650780995688,0.0
-6.409304738044733,243.55712060928343,0.0
-6.391128857930497,243.55773340861003,0.0
-6.37295297781626,243.55834620793664,0.0
-6.354777097702021,243.5589590072632,0.0
-6.336601217587784,243.5595718065898,0.0
-6.318425337473547,243.5601846059164,0.0
-6.300249457359309,243.5607974052429,0.0
-6.282073577245072,243.5614102045695,0.0
-6.263897697130835,243.5620230038961,0.0
-6.245721817016596,243.56263580322263,0.0
-6.227545936902359,243.5632486025493,0.0
-6.2093700567881225,243.56386140187584,0.0
-6.191194176673884,243.5644742012024,0.0
-6.173018296559647,243.565087000529,0.0
-6.15484241644541,243.5656997998556,0.0
-6.136666536331171,243.5663125991821,0.0
-6.118490656216935,243.56692539850872,0.0
-6.100314776102698,243.5675381978353,0.0
-6.082138895988459,243.5681509971619,0.0
-6.063963015874222,243.56876379648847,0.0
-6.045787135759985,243.56937659581504,0.0
-6.027611255645747,243.5699893951416,0.0
-6.00943537553151,243.5706021944682,0.0
-5.991259495417273,243.5712149937948,0.0
-5.973083615303034,243.5718277931213,0.0
-5.954907735188797,243.57244059244795,0.0
-5.9367318550745605,243.5730533917745,0.0
-5.918555974960322,243.5736661911011,0.0
-5.900380094846085,243.57427899042767,0.0
-5.882204214731848,243.57489178975425,0.0
-5.864028334617609,243.5755045890808,0.0
-5.8458524545033725,243.5761173884074,0.0
-5.827676574389136,243.576730187734,0.0
-5.809500694274897,243.5773429870605,0.0
-5.79132481416066,243.57795578638715,0.0
-5.773148934046423,243.57856858571373,0.0
-5.754973053932185,243.5791813850403,0.0
-5.736797173817948,243.57979418436688,0.0
-5.718621293703711,243.58040698369345,0.0
-5.700445413589472,243.58101978302005,0.0
-5.682269533475235,243.58163258234663,0.0
-5.664093653360999,243.5822453816732,0.0
-5.64591777324676,243.5828581809997,0.0
-5.627741893132523,243.58347098032635,0.0
-5.609566013018286,243.58408377965293,0.0
-5.591390132904047,243.5846965789795,0.0
-5.5732142527898105,243.58530937830608,0.0
-5.555038372675574,243.58592217763268,0.0
-5.536862492561335,243.58653497695929,0.0
-5.518686612447098,243.58714777628583,0.0
-5.500510732332861,243.5877605756124,0.0
-5.482334852218623,243.58837337493893,0.0
-5.464158972104386,243.5889861742656,0.0
-5.445983091990149,243.58959897359213,0.0
-5.42780721187591,243.5902117729187,0.0
-5.409631331761673,243.5908245722453,0.0
-5.3914554516474364,243.59143737157189,0.0
-5.373279571533198,243.5920501708985,0.0
-5.355103691418961,243.59266297022504,0.0
-5.336927811304724,243.5932757695516,0.0
-5.318751931190485,243.59388856887816,0.0
-5.3005760510762485,243.5945013682048,0.0
-5.282400170962012,243.59511416753136,0.0
-5.264224290847773,243.595726966858,0.0
-5.246048410733536,243.5963397661845,0.0
-5.227872530619299,243.5969525655111,0.0
-5.209696650505061,243.5975653648377,0.0
-5.191520770390824,243.59817816416424,0.0
-5.173344890276587,243.5987909634908,0.0
-5.155169010162348,243.5994037628174,0.0
-5.136993130048111,243.600016562144,0.0
-5.118817249933874,243.60062936147057,0.0
-5.100641369819636,243.6012421607972,0.0
-5.082465489705399,243.6018549601237,0.0
-5.06428960959116,243.6024677594503,0.0
-5.046113729476925,243.60308055877687,0.0
-5.027937849362687,243.60369335810344,0.0
-5.009761969248448,243.60430615743,0.0
-4.991586089134213,243.60491895675665,0.0
-4.973410209019974,243.6055317560832,0.0
-4.955234328905736,243.60614455540977,0.0
-4.9370584487915,243.6067573547364,0.0
-4.918882568677262,243.6073701540629,0.0
-4.900706688563023,243.6079829533895,0.0
-4.882530808448788,243.60859575271607,0.0
-4.864354928334549,243.60920855204267,0.0
-4.846179048220311,243.60982135136925,0.0
-4.828003168106076,243.61043415069585,0.0
-4.809827287991837,243.6110469500224,0.0
-4.791651407877598,243.61165974934897,0.0
-4.773475527763363,243.61227254867555,0.0
-4.7552996476491245,243.61288534800207,0.0
-4.737123767534886,243.6134981473287,0.0
-4.718947887420651,243.6141109466553,0.0
-4.700772007306412,243.61472374598188,0.0
-4.682596127192173,243.61533654530845,0.0
-4.664420247077938,243.61594934463503,0.0
-4.6462443669637,243.6165621439616,0.0
-4.628068486849461,243.6171749432881,0.0
-4.609892606735226,243.61778774261475,0.0
-4.591716726620987,243.61840054194136,0.0
-4.573540846506749,243.619013341268,0.0
-4.5553649663925135,243.6196261405945,0.0
-4.537189086278275,243.62023893992108,0.0
-4.519013206164036,243.62085173924768,0.0
-4.500837326049801,243.62146453857423,0.0
-4.4826614459355625,243.6220773379008,0.0
-4.464485565821324,243.62269013722727,0.0
-4.446309685707089,243.623302936554,0.0
-4.42813380559285,243.62391573588056,0.0
-4.409957925478611,243.6245285352072,0.0
-4.391782045364376,243.6251413345337,0.0
-4.373606165250138,243.62575413386028,0.0
-4.355430285135899,243.6263669331869,0.0
-4.337254405021664,243.62697973251343,0.0
-4.319078524907425,243.62759253184004,0.0
-4.300902644793187,243.6282053311666,0.0
-4.282726764678952,243.6288181304932,0.0
-4.264550884564713,243.62943092981976,0.0
-4.246375004450474,243.6300437291464,0.0
-4.228199124336239,243.6306565284729,0.0
-4.2100232442220005,243.6312693277995,0.0
-4.191847364107762,243.6318821271261,0.0
-4.173671483993527,243.6324949264527,0.0
-4.155495603879288,243.63310772577924,0.0
-4.137319723765049,243.63372052510584,0.0
-4.119143843650814,243.6343333244324,0.0
-4.100967963536576,243.63494612375897,0.0
-4.082792083422337,243.6355589230856,0.0
-4.064616203308102,243.6361717224121,0.0
-4.046440323193863,243.63678452173872,0.0
-4.028264443079625,243.6373973210653,0.0
-4.0100885629653895,243.63801012039187,0.0
-3.991912682851151,243.63862291971844,0.0
-3.973736802736912,243.63923571904505,0.0
-3.955560922622677,243.6398485183716,0.0
-3.9373850425084393,243.64046131769817,0.0
-3.9192091623942,243.6410741170248,0.0
-3.9010332822799647,243.6416869163513,0.0
-3.882857402165726,243.64229971567792,0.0
-3.864681522051488,243.6429125150045,0.0
-3.846505641937252,243.64352531433107,0.0
-3.8283297618230137,243.64413811365765,0.0
-3.810153881708775,243.64475091298425,0.0
-3.79197800159454,243.6453637123108,0.0
-3.773802121480301,243.6459765116374,0.0
-3.755626241366063,243.646589310964,0.0
-3.737450361251828,243.6472021102905,0.0
-3.719274481137589,243.64781490961715,0.0
-3.70109860102335,243.6484277089437,0.0
-3.682922720909115,243.64904050827028,0.0
-3.664746840794877,243.64965330759685,0.0
-3.646570960680638,243.65026610692345,0.0
-3.628395080566402,243.65087890625003,0.0
-3.610219200452164,243.6514917055766,0.0
-3.5920433203379254,243.6521045049032,0.0
-3.5738674402236903,243.65271730422967,0.0
-3.555691560109452,243.6533301035564,0.0
-3.537515679995213,243.6539429028829,0.0
-3.519339799880978,243.65455570220948,0.0
-3.5011639197667392,243.65516850153608,0.0
-3.4829880396525006,243.65578130086263,0.0
-3.464812159538265,243.65639410018923,0.0
-3.446636279424027,243.6570068995158,0.0
-3.428460399309788,243.6576196988424,0.0
-3.410284519195553,243.65823249816896,0.0
-3.3921086390813144,243.6588452974956,0.0
-3.373932758967076,243.6594580968221,0.0
-3.3557568788528407,243.6600708961487,0.0
-3.337580998738602,243.66068369547529,0.0
-3.3194051186243634,243.66129649480183,0.0
-3.3012292385101283,243.66190929412844,0.0
-3.2830533583958896,243.662522093455,0.0
-3.264877478281651,243.6631348927816,0.0
-3.246701598167416,243.66374769210816,0.0
-3.228525718053177,243.6643604914348,0.0
-3.2103498379389386,243.6649732907613,0.0
-3.1921739578247035,243.6655860900879,0.0
-3.173998077710465,243.6661988894145,0.0
-3.155822197596226,243.66681168874103,0.0
-3.137646317481991,243.66742448806764,0.0
-3.1194704373677524,243.6680372873942,0.0
-3.1012945572535138,243.6686500867208,0.0
-3.0831186771392787,243.6692628860474,0.0
-3.06494279702504,243.669875685374,0.0
-3.0467669169108014,243.6704884847005,0.0
-3.0285910367965663,243.67110128402712,0.0
-3.010415156682328,243.6717140833537,0.0
-2.992239276568089,243.67232688268027,0.0
-2.974063396453854,243.67293968200684,0.0
-2.955887516339615,243.67355248133345,0.0
-2.937711636225377,243.67416528066,0.0
-2.919535756111141,243.6747780799866,0.0
-2.901359875996903,243.6753908793132,0.0
-2.883183995882664,243.6760036786397,0.0
-2.865008115768429,243.67661647796632,0.0
-2.8468322356541904,243.6772292772929,0.0
-2.828656355539952,243.67784207661947,0.0
-2.8104804754257167,243.67845487594607,0.0
-2.792304595311478,243.67906767527265,0.0
-2.77412871519724,243.6796804745992,0.0
-2.7559528350830043,243.6802932739258,0.0
-2.7377769549687656,243.6809060732524,0.0
-2.719601074854527,243.6815188725789,0.0
-2.701425194740292,243.68213167190552,0.0
-2.683249314626053,243.68274447123213,0.0
-2.6650734345118146,243.6833572705587,0.0
-2.6468975543975795,243.68397006988528,0.0
-2.628721674283341,243.68458286921185,0.0
-2.610545794169102,243.68519566853843,0.0
-2.592369914054867,243.685808467865,0.0
-2.5741940339406284,243.6864212671916,0.0
-2.5560181538263897,243.68703406651807,0.0
-2.5378422737121547,243.68764686584475,0.0
-2.519666393597916,243.68825966517133,0.0
-2.5014905134836773,243.6888724644979,0.0
-2.4833146333694422,243.68948526382448,0.0
-2.465138753255204,243.69009806315103,0.0
-2.446962873140965,243.69071086247763,0.0
-2.42878699302673,243.6913236618042,0.0
-2.410611112912491,243.6919364611308,0.0
-2.3924352327982525,243.69254926045733,0.0
-2.374259352684017,243.693162059784,0.0
-2.356083472569779,243.69377485911053,0.0
-2.33790759245554,243.6943876584371,0.0
-2.319731712341305,243.69500045776368,0.0
-2.3015558322270664,243.69561325709023,0.0
-2.283379952112828,243.69622605641683,0.0
-2.2652040719985926,243.69683885574344,0.0
-2.247028191884354,243.69745165507,0.0
-2.228852311770116,243.6980644543966,0.0
-2.21067643165588,243.6986772537232,0.0
-2.1925005515416416,243.6992900530497,0.0
-2.174324671427403,243.6999028523763,0.0
-2.156148791313168,243.7005156517029,0.0
-2.137972911198929,243.70112845102943,0.0
-2.1197970310846905,243.7017412503561,0.0
-2.1016211509704554,243.70235404968264,0.0
-2.083445270856217,243.7029668490092,0.0
-2.065269390741978,243.7035796483358,0.0
-2.047093510627743,243.7041924476624,0.0
-2.0289176305135044,243.7048052469889,0.0
-2.0107417503992657,243.70541804631551,0.0
-1.9925658702850304,243.7060308456421,0.0
-1.974389990170792,243.7066436449687,0.0
-1.956214110056553,243.70725644429527,0.0
-1.9380382299423184,243.70786924362184,0.0
-1.91986234982808,243.7084820429484,0.0
-1.901686469713841,243.709094842275,0.0
-1.8835105895996056,243.7097076416016,0.0
-1.8653347094853672,243.7103204409281,0.0
-1.8471588293711283,243.71093324025475,0.0
-1.8289829492568928,243.7115460395813,0.0
-1.8108070691426548,243.7121588389079,0.0
-1.792631189028416,243.71277163823447,0.0
-1.774455308914181,243.71338443756105,0.0
-1.7562794287999424,243.7139972368876,0.0
-1.7381035486857035,243.7146100362142,0.0
-1.7199276685714686,243.7152228355408,0.0
-1.70175178845723,243.7158356348673,0.0
-1.683575908342991,243.71644843419395,0.0
-1.6654000282287562,243.71706123352047,0.0
-1.6472241481145176,243.7176740328471,0.0
-1.629048268000279,243.71828683217367,0.0
-1.6108723878860438,243.71889963150025,0.0
-1.5926965077718052,243.7195124308268,0.0
-1.5745206276575665,243.72012523015343,0.0
-1.5563447475433314,243.72073802948,0.0
-1.5381688674290928,243.7213508288065,0.0
-1.519992987314854,243.72196362813315,0.0
-1.501817107200619,243.72257642745973,0.0
-1.4836412270863804,243.7231892267863,0.0
-1.4654653469721417,243.72380202611288,0.0
-1.4472894668579066,243.72441482543948,0.0
-1.429113586743668,243.72502762476608,0.0
-1.4109377066294293,243.72564042409263,0.0
-1.3927618265151942,243.7262532234192,0.0
-1.3745859464009555,243.72686602274567,0.0
-1.356410066286717,243.7274788220724,0.0
-1.3382341861724818,243.72809162139893,0.0
-1.3200583060582431,243.7287044207255,0.0
-1.3018824259440045,243.7293172200521,0.0
-1.2837065458297694,243.72993001937868,0.0
-1.2655306657155307,243.7305428187053,0.0
-1.247354785601292,243.73115561803183,0.0
-1.229178905487057,243.7317684173584,0.0
-1.2110030253728183,243.73238121668496,0.0
-1.1928271452585797,243.7329940160116,0.0
-1.1746512651443446,243.73360681533816,0.0
-1.156475385030106,243.7342196146648,0.0
-1.1382995049158673,243.7348324139913,0.0
-1.1201236248016322,243.7354452133179,0.0
-1.1019477446873935,243.7360580126445,0.0
-1.0837718645731549,243.73667081197104,0.0
-1.0655959844589198,243.7372836112976,0.0
-1.0474201043446811,243.7378964106242,0.0
-1.0292442242304425,243.7385092099508,0.0
-1.0110683441162074,243.73912200927737,0.0
-0.9928924640019688,243.739734808604,0.0
-0.97471658388773,243.7403476079305,0.0
-0.956540703773495,243.7409604072571,0.0
-0.9383648236592564,243.74157320658367,0.0
-0.9201889435450176,243.74218600591024,0.0
-0.9020130634307826,243.74279880523684,0.0
-0.8838371833165439,243.74341160456345,0.0
-0.8656613032023053,243.74402440389,0.0
-0.8474854230880702,243.74463720321657,0.0
-0.8293095429738315,243.7452500025432,0.0
-0.8111336628595929,243.7458628018697,0.0
-0.7929577827453578,243.7464756011963,0.0
-0.7747819026311191,243.74708840052287,0.0
-0.7566060225168805,243.74770119984947,0.0
-0.7384301424026454,243.74831399917605,0.0
-0.7202542622884067,243.74892679850265,0.0
-0.7020783821741681,243.7495395978292,0.0
-0.683902502059933,243.75015239715577,0.0
-0.6657266219456943,243.75076519648235,0.0
-0.6475507418314557,243.75137799580887,0.0
-0.6293748617172206,243.75199079513555,0.0
-0.6111989816029819,243.7526035944621,0.0
-0.5930231014887433,243.75321639378868,0.0
-0.5748472213745082,243.75382919311525,0.0
-0.5566713412602695,243.75444199244183,0.0
-0.5384954611460309,243.7550547917684,0.0
-0.5203195810317958,243.7556675910949,0.0
-0.5021437009175571,243.75628039042155,0.0
-0.4839678208033184,243.75689318974813,0.0
-0.4657919406890833,243.7575059890748,0.0
-0.4476160605748447,243.7581187884013,0.0
-0.429440180460606,243.75873158772788,0.0
-0.4112643003463709,243.75934438705443,0.0
-0.3930884202321323,243.75995718638103,0.0
-0.3749125401178936,243.7605699857076,0.0
-0.3567366600036585,243.7611827850342,0.0
-0.3385607798894199,243.7617955843608,0.0
-0.3203848997751812,243.76240838368736,0.0
-0.3022090196609461,243.763021183014,0.0
-0.2840331395467075,243.7636339823405,0.0
-0.2658572594324688,243.76424678166708,0.0
-0.2476813793182337,243.7648595809937,0.0
-0.2295054992039951,243.76547238032023,0.0
-0.2113296190897564,243.76608517964684,0.0
-0.1931537389755213,243.7666979789734,0.0
-0.1749778588612827,243.7673107783,0.0
-0.156801978747044,243.76792357762656,0.0
-0.1386260986328089,243.7685363769532,0.0
-0.1204502185185703,243.7691491762797,0.0
-0.1022743384043316,243.7697619756063,0.0
-0.0840984582900965,243.7703747749329,0.0
-0.0659225781758579,243.77098757425944,0.0
-0.0477466980616192,243.77160037358604,0.0
-0.0295708179473841,243.7722131729126,0.0
-0.0113949378331454,243.7728259722392,0.0
0.0067809422810931,243.77343877156576,0.0
0.0249568223953282,243.7740515708924,0.0
0.0431327025095669,243.7746643702189,0.0
0.0613085826238055,243.77527716954552,0.0
0.0794844627380406,243.7758899688721,0.0
0.0976603428522793,243.77650276819867,0.0
0.1158362229665179,243.77711556752524,0.0
0.134012103080753,243.77772836685185,0.0
0.1521879831949917,243.7783411661784,0.0
0.1703638633092303,243.77895396550497,0.0
0.1885397434234654,243.7795667648316,0.0
0.2067156235377041,243.7801795641581,0.0
0.2248915036519427,243.78079236348472,0.0
0.2430673837661778,243.7814051628113,0.0
0.2612432638804165,243.78201796213787,0.0
0.2794191439946552,243.78263076146445,0.0
0.2975950241088902,243.78324356079105,0.0
0.3157709042231289,243.7838563601176,0.0
0.3339467843373676,243.7844691594442,0.0
0.3521226644516027,243.7850819587708,0.0
0.3702985445658413,243.7856947580973,0.0
0.38847442468008,243.78630755742392,0.0
0.4066503047943151,243.7869203567505,0.0
0.4248261849085537,243.78753315607707,0.0
0.4430020650227924,243.78814595540365,0.0
0.4611779451370275,243.78875875473025,0.0
0.4793538252512661,243.78937155405683,0.0
0.4975297053655048,243.7899843533834,0.0
0.5157055854797399,243.79059715271,0.0
0.5338814655939785,243.79120995203647,0.0
0.5520573457082172,243.7918227513632,0.0
0.5702332258224523,243.7924355506897,0.0
0.5884091059366909,243.79304835001628,0.0
0.6065849860509296,243.79366114934288,0.0
0.6247608661651647,243.79427394866943,0.0
0.6429367462794033,243.79488674799603,0.0
0.661112626393642,243.7954995473226,0.0
0.6792885065078771,243.7961123466492,0.0
0.6974643866221157,243.79672514597576,0.0
0.7156402667363544,243.7973379453024,0.0
0.7338161468505895,243.7979507446289,0.0
0.7519920269648281,243.7985635439555,0.0
0.7701679070790668,243.79917634328208,0.0
0.7883437871933019,243.79978914260863,0.0
0.8065196673075405,243.80040194193523,0.0
0.8246955474217792,243.8010147412618,0.0
0.8428714275360143,243.8016275405884,0.0
0.861047307650253,243.80224033991496,0.0
0.8792231877644916,243.8028531392416,0.0
0.8973990678787267,243.8034659385681,0.0
0.9155749479929652,243.8040787378947,0.0
0.933750828107204,243.8046915372213,0.0
0.9519267082214392,243.80530433654783,0.0
0.9701025883356778,243.80591713587444,0.0
0.9882784684499164,243.806529935201,0.0
1.0064543485641515,243.8071427345276,0.0
1.0246302286783902,243.8077555338542,0.0
1.0428061087926288,243.8083683331808,0.0
1.060981988906864,243.8089811325073,0.0
1.0791578690211026,243.80959393183392,0.0
1.0973337491353412,243.8102067311605,0.0
1.1155096292495763,243.81081953048707,0.0
1.133685509363815,243.81143232981364,0.0
1.1518613894780536,243.81204512914024,0.0
1.1700372695922887,243.8126579284668,0.0
1.1882131497065274,243.8132707277934,0.0
1.206389029820766,243.81388352712,0.0
1.2245649099350011,243.8144963264465,0.0
1.2427407900492398,243.81510912577312,0.0
1.2609166701634784,243.8157219250997,0.0
1.2790925502777135,243.81633472442627,0.0
1.2972684303919522,243.81694752375287,0.0
1.3154443105061908,243.81756032307945,0.0
1.333620190620426,243.818173122406,0.0
1.3517960707346646,243.8187859217326,0.0
1.3699719508489032,243.8193987210592,0.0
1.3881478309631383,243.8200115203857,0.0
1.406323711077377,243.82062431971232,0.0
1.4244995911916156,243.82123711903893,0.0
1.4426754713058507,243.8218499183655,0.0
1.4608513514200894,243.82246271769208,0.0
1.479027231534328,243.82307551701865,0.0
1.4972031116485631,243.82368831634523,0.0
1.5153789917628018,243.8243011156718,0.0
1.5335548718770404,243.8249139149984,0.0
1.5517307519912755,243.82552671432487,0.0
1.5699066321055142,243.82613951365155,0.0
1.5880825122197528,243.82675231297813,0.0
1.606258392333988,243.8273651123047,0.0
1.6244342724482266,243.82797791163128,0.0
1.6426101525624652,243.82859071095783,0.0
1.6607860326767003,243.82920351028443,0.0
1.678961912790939,243.829816309611,0.0
1.6971377929051776,243.8304291089376,0.0
1.7153136730194127,243.83104190826413,0.0
1.7334895531336514,243.8316547075908,0.0
1.75166543324789,243.83226750691733,0.0
1.7698413133621251,243.8328803062439,0.0
1.7880171934763638,243.83349310557048,0.0
1.8061930735906024,243.83410590489703,0.0
1.824368953704837,243.83471870422363,0.0
1.842544833819076,243.83533150355024,0.0
1.8607207139333148,243.8359443028768,0.0
1.87889659404755,243.8365571022034,0.0
1.8970724741617888,243.83716990153,0.0
1.9152483542760272,243.8377827008565,0.0
1.9334242343902623,243.8383955001831,0.0
1.951600114504501,243.8390082995097,0.0
1.96977599461874,243.8396210988363,0.0
1.9879518747329747,243.8402338981629,0.0
2.0061277548472134,243.84084669748944,0.0
2.024303634961452,243.841459496816,0.0
2.042479515075687,243.8420722961426,0.0
2.060655395189926,243.8426850954692,0.0
2.0788312753041644,243.8432978947957,0.0
2.0970071554183995,243.84391069412231,0.0
2.115183035532638,243.8445234934489,0.0
2.133358915646877,243.8451362927755,0.0
2.151534795761112,243.84574909210207,0.0
2.1697106758753506,243.84636189142864,0.0
2.1878865559895893,243.8469746907552,0.0
2.2060624361038244,243.8475874900818,0.0
2.224238316218063,243.8482002894084,0.0
2.2424141963323017,243.84881308873497,0.0
2.2605900764465368,243.84942588806155,0.0
2.2787659565607754,243.8500386873881,0.0
2.296941836675014,243.8506514867147,0.0
2.315117716789249,243.85126428604127,0.0
2.333293596903488,243.85187708536785,0.0
2.3514694770177265,243.8524898846944,0.0
2.3696453571319616,243.853102684021,0.0
2.3878212372462,243.8537154833476,0.0
2.405997117360439,243.8543282826741,0.0
2.424172997474674,243.85494108200075,0.0
2.4423488775889126,243.85555388132727,0.0
2.460524757703152,243.8561666806539,0.0
2.4787006378173864,243.85677947998047,0.0
2.496876517931625,243.85739227930705,0.0
2.515052398045864,243.85800507863365,0.0
2.5332282781600988,243.85861787796023,0.0
2.5514041582743374,243.8592306772868,0.0
2.569580038388576,243.8598434766133,0.0
2.587755918502811,243.86045627593995,0.0
2.60593179861705,243.86106907526653,0.0
2.6241076787312885,243.8616818745931,0.0
2.642283558845524,243.86229467391968,0.0
2.6604594389597622,243.86290747324628,0.0
2.678635319074001,243.86352027257288,0.0
2.696811199188236,243.86413307189943,0.0
2.714987079302474,243.864745871226,0.0
2.7331629594167133,243.86535867055247,0.0
2.7513388395309484,243.8659714698792,0.0
2.769514719645187,243.86658426920573,0.0
2.7876905997594257,243.8671970685324,0.0
2.805866479873661,243.8678098678589,0.0
2.8240423599878994,243.86842266718548,0.0
2.842218240102138,243.8690354665121,0.0
2.860394120216373,243.86964826583863,0.0
2.878570000330612,243.8702610651652,0.0
2.8967458804448505,243.87087386449176,0.0
2.9149217605590856,243.8714866638184,0.0
2.933097640673324,243.87209946314496,0.0
2.951273520787563,243.8727122624716,0.0
2.969449400901798,243.8733250617981,0.0
2.9876252810160366,243.8739378611247,0.0
3.005801161130276,243.8745506604513,0.0
3.0239770412445104,243.87516345977784,0.0
3.042152921358749,243.8757762591044,0.0
3.060328801472988,243.87638905843104,0.0
3.078504681587223,243.8770018577576,0.0
3.096680561701461,243.87761465708417,0.0
3.1148564418157,243.8782274564108,0.0
3.133032321929935,243.8788402557373,0.0
3.151208202044174,243.8794530550639,0.0
3.1693840821584125,243.88006585439047,0.0
3.187559962272648,243.88067865371704,0.0
3.2057358423868862,243.88129145304364,0.0
3.223911722501125,243.88190425237025,0.0
3.24208760261536,243.8825170516968,0.0
3.260263482729598,243.88312985102337,0.0
3.2784393628438373,243.88374265035,0.0
3.2966152429580724,243.8843554496765,0.0
3.314791123072311,243.8849682490031,0.0
3.3329670031865497,243.8855810483297,0.0
3.351142883300785,243.88619384765627,0.0
3.3693187634150235,243.88680664698285,0.0
3.387494643529262,243.88741944630945,0.0
3.405670523643497,243.888032245636,0.0
3.423846403757736,243.88864504496257,0.0
3.4420222838719745,243.88925784428915,0.0
3.4601981639862096,243.88987064361567,0.0
3.4783740441004483,243.89048344294235,0.0
3.496549924214687,243.8910962422689,0.0
3.514725804328922,243.89170904159548,0.0
3.5329016844431607,243.89232184092205,0.0
3.5510775645574,243.89293464024863,0.0
3.5692534446716344,243.8935474395752,0.0
3.587429324785873,243.8941602389017,0.0
3.605605204900112,243.8947730382284,0.0
3.623781085014347,243.89538583755493,0.0
3.6419569651285855,243.8959986368816,0.0
3.660132845242824,243.8966114362081,0.0
3.678308725357059,243.89722423553468,0.0
3.696484605471298,243.89783703486123,0.0
3.714660485585537,243.89844983418783,0.0
3.732836365699772,243.8990626335144,0.0
3.7510122458140094,243.899675432841,0.0
3.769188125928249,243.9002882321676,0.0
3.787364006042484,243.90090103149416,0.0
3.805539886156722,243.9015138308208,0.0
3.823715766270961,243.9021266301473,0.0
3.841891646385197,243.90273942947388,0.0
3.860067526499435,243.9033522288005,0.0
3.8782434066136737,243.90396502812703,0.0
3.896419286727909,243.90457782745364,0.0
3.914595166842148,243.9051906267802,0.0
3.932771046956386,243.9058034261068,0.0
3.950946927070621,243.90641622543336,0.0
3.96912280718486,243.90702902476,0.0
3.9872986872990985,243.9076418240865,0.0
4.005474567413334,243.9082546234131,0.0
4.023650447527572,243.9088674227397,0.0
4.041826327641811,243.90948022206624,0.0
4.060002207756046,243.91009302139284,0.0
4.078178087870285,243.9107058207194,0.0
4.096353967984523,243.911318620046,0.0
4.114529848098758,243.91193141937256,0.0
4.132705728212997,243.9125442186992,0.0
4.150881608327236,243.9131570180257,0.0
4.169057488441471,243.91376981735232,0.0
4.1872333685557095,243.9143826166789,0.0
4.205409248669948,243.91499541600547,0.0
4.223585128784183,243.91560821533204,0.0
4.241761008898422,243.91622101465865,0.0
4.2599368890126605,243.9168338139852,0.0
4.278112769126896,243.91744661331177,0.0
4.296288649241134,243.9180594126384,0.0
4.314464529355373,243.9186722119649,0.0
4.332640409469608,243.91928501129152,0.0
4.350816289583847,243.9198978106181,0.0
4.368992169698085,243.92051060994467,0.0
4.38716804981232,243.92112340927125,0.0
4.405343929926559,243.92173620859785,0.0
4.423519810040798,243.9223490079244,0.0
4.441695690155033,243.922961807251,0.0
4.459871570269272,243.9235746065776,0.0
4.47804745038351,243.9241874059041,0.0
4.496223330497745,243.92480020523072,0.0
4.514399210611984,243.9254130045573,0.0
4.532575090726223,243.92602580388387,0.0
4.550750970840458,243.92663860321045,0.0
4.568926850954696,243.92725140253705,0.0
4.587102731068935,243.92786420186363,0.0
4.60527861118317,243.9284770011902,0.0
4.623454491297409,243.9290898005168,0.0
4.641630371411647,243.92970259984327,0.0
4.6598062515258825,243.93031539917,0.0
4.677982131640121,243.9309281984965,0.0
4.69615801175436,243.93154099782308,0.0
4.714333891868595,243.93215379714968,0.0
4.7325097719828335,243.93276659647623,0.0
4.750685652097072,243.93337939580283,0.0
4.768861532211307,243.9339921951294,0.0
4.787037412325546,243.934604994456,0.0
4.805213292439785,243.93521779378256,0.0
4.82338917255402,243.9358305931092,0.0
4.841565052668258,243.9364433924357,0.0
4.859740932782497,243.9370561917623,0.0
4.877916812896732,243.93766899108888,0.0
4.896092693010971,243.93828179041543,0.0
4.914268573125209,243.93889458974203,0.0
4.9324444532394445,243.9395073890686,0.0
4.950620333353683,243.9401201883952,0.0
4.968796213467922,243.94073298772176,0.0
4.986972093582157,243.9413457870484,0.0
5.005147973696396,243.9419585863749,0.0
5.023323853810634,243.9425713857015,0.0
5.041499733924869,243.9431841850281,0.0
5.059675614039108,243.94379698435463,0.0
5.077851494153347,243.94440978368124,0.0
5.096027374267582,243.9450225830078,0.0
5.11420325438182,243.9456353823344,0.0
5.132379134496059,243.946248181661,0.0
5.150555014610294,243.9468609809876,0.0
5.168730894724533,243.9474737803141,0.0
5.186906774838771,243.94808657964072,0.0
5.205082654953007,243.9486993789673,0.0
5.223258535067245,243.94931217829387,0.0
5.241434415181484,243.94992497762044,0.0
5.259610295295719,243.95053777694704,0.0
5.2777861754099575,243.9511505762736,0.0
5.295962055524196,243.9517633756002,0.0
5.314137935638431,243.9523761749268,0.0
5.33231381575267,243.9529889742533,0.0
5.350489695866909,243.95360177357992,0.0
5.368665575981144,243.9542145729065,0.0
5.386841456095382,243.9548273722331,0.0
5.405017336209621,243.95544017155967,0.0
5.423193216323856,243.95605297088625,0.0
5.441369096438095,243.9566657702128,0.0
5.459544976552333,243.9572785695394,0.0
5.4777208566665685,243.957891368866,0.0
5.495896736780807,243.9585041681925,0.0
5.514072616895046,243.95911696751912,0.0
5.532248497009281,243.95972976684573,0.0
5.55042437712352,243.9603425661723,0.0
5.568600257237758,243.96095536549888,0.0
5.586776137351993,243.96156816482545,0.0
5.604952017466232,243.96218096415203,0.0
5.623127897580471,243.9627937634786,0.0
5.641303777694706,243.9634065628052,0.0
5.659479657808944,243.9640193621317,0.0
5.677655537923183,243.96463216145835,0.0
5.695831418037418,243.96524496078493,0.0
5.714007298151657,243.9658577601115,0.0
5.732183178265895,243.96647055943808,0.0
5.7503590583801305,243.96708335876465,0.0
5.768534938494369,243.96769615809123,0.0
5.786710818608608,243.9683089574178,0.0
5.804886698722843,243.9689217567444,0.0
5.823062578837082,243.96953455607093,0.0
5.84123845895132,243.9701473553976,0.0
5.859414339065555,243.97076015472413,0.0
5.877590219179794,243.9713729540507,0.0
5.895766099294033,243.97198575337728,0.0
5.913941979408268,243.97259855270383,0.0
5.932117859522506,243.9732113520305,0.0
5.950293739636745,243.97382415135704,0.0
5.96846961975098,243.9744369506836,0.0
5.986645499865219,243.9750497500102,0.0
6.004821379979457,243.9756625493368,0.0
6.0229972600936925,243.9762753486633,0.0
6.041173140207931,243.9768881479899,0.0
6.05934902032217,243.97750094731649,0.0
6.077524900436405,243.9781137466431,0.0
6.095700780550644,243.9787265459697,0.0
6.113876660664882,243.97933934529624,0.0
6.132052540779117,243.9799521446228,0.0
6.150228420893356,243.9805649439494,0.0
6.168404301007595,243.981177743276,0.0
6.18658018112183,243.9817905426025,0.0
6.204756061236068,243.9824033419292,0.0
6.222931941350307,243.9830161412557,0.0
6.241107821464542,243.9836289405823,0.0
6.259283701578781,243.98424173990887,0.0
6.277459581693019,243.98485453923544,0.0
6.295635461807255,243.985467338562,0.0
6.313811341921493,243.9860801378886,0.0
6.331987222035732,243.9866929372152,0.0
6.350163102149967,243.98730573654177,0.0
6.368338982264206,243.9879185358684,0.0
6.386514862378444,243.9885313351949,0.0
6.404690742492679,243.9891441345215,0.0
6.422866622606918,243.98975693384807,0.0
6.441042502721157,243.99036973317465,0.0
6.459218382835392,243.9909825325012,0.0
6.47739426294963,243.9915953318278,0.0
6.495570143063869,243.9922081311544,0.0
6.513746023178104,243.99282093048097,0.0
6.531921903292343,243.99343372980755,0.0
6.550097783406581,243.99404652913407,0.0
6.5682736635208165,243.9946593284607,0.0
6.586449543635055,243.99527212778727,0.0
6.604625423749294,243.99588492711385,0.0
6.622801303863529,243.99649772644045,0.0
6.640977183977768,243.99711052576703,0.0
6.659153064092006,243.9977233250936,0.0
6.677328944206241,243.9983361244201,0.0
6.69550482432048,243.99894892374675,0.0
6.713680704434719,243.99956172307333,0.0
6.731856584548954,244.0001745223999,0.0
6.750032464663192,244.00078732172648,0.0
6.768208344777431,244.00140012105308,0.0
6.786384224891666,244.00201292037968,0.0
6.804560105005905,244.00262571970623,0.0
6.822735985120144,244.0032385190328,0.0
6.8409118652343786,244.00385131835927,0.0
6.859087745348617,244.004464117686,0.0
6.877263625462856,244.00507691701253,0.0
6.895439505577095,244.0056897163392,0.0
6.91361538569133,244.0063025156657,0.0
6.931791265805568,244.00691531499228,0.0
6.949967145919807,244.0075281143189,0.0
6.968143026034042,244.00814091364543,0.0
6.986318906148281,244.008753712972,0.0
7.004494786262519,244.00936651229856,0.0
7.022670666376754,244.0099793116252,0.0
7.040846546490993,244.01059211095176,0.0
7.059022426605232,244.0112049102784,0.0
7.077198306719467,244.0118177096049,0.0
7.0953741868337055,244.0124305089315,0.0
7.113550066947944,244.0130433082581,0.0
7.131725947062179,244.01365610758464,0.0
7.149901827176418,244.0142689069112,0.0
7.1680777072906565,244.01488170623784,0.0
7.186253587404892,244.0154945055644,0.0
7.20442946751913,244.01610730489097,0.0
7.222605347633369,244.0167201042176,0.0
7.240781227747604,244.0173329035441,0.0
7.258957107861843,244.0179457028707,0.0
7.277132987976081,244.0185585021973,0.0
7.295308868090316,244.01917130152384,0.0
7.313484748204555,244.01978410085044,0.0
7.331660628318794,244.02039690017705,0.0
7.349836508433029,244.0210096995036,0.0
7.3680123885472675,244.02162249883017,0.0
7.386188268661506,244.0222352981568,0.0
7.404364148775741,244.0228480974833,0.0
7.42254002888998,244.0234608968099,0.0
7.440715909004218,244.0240736961365,0.0
7.458891789118454,244.02468649546307,0.0
7.477067669232692,244.02529929478965,0.0
7.495243549346931,244.02591209411625,0.0
7.513419429461166,244.0265248934428,0.0
7.531595309575405,244.02713769276937,0.0
7.549771189689643,244.02775049209595,0.0
7.567947069803878,244.0283632914225,0.0
7.586122949918117,244.02897609074915,0.0
7.604298830032356,244.0295888900757,0.0
7.622474710146591,244.03020168940228,0.0
7.640650590260829,244.03081448872885,0.0
7.658826470375068,244.03142728805545,0.0
7.677002350489303,244.032040087382,0.0
7.695178230603542,244.0326528867085,0.0
7.713354110717779,244.0332656860352,0.0
7.731529990832016,244.03387848536173,0.0
7.749705870946254,244.0344912846884,0.0
7.767881751060493,244.0351040840149,0.0
7.786057631174728,244.03571688334148,0.0
7.804233511288967,244.03632968266805,0.0
7.822409391403205,244.03694248199463,0.0
7.84058527151744,244.0375552813212,0.0
7.858761151631679,244.0381680806478,0.0
7.876937031745918,244.0387808799744,0.0
7.895112911860153,244.03939367930096,0.0
7.913288791974391,244.0400064786276,0.0
7.93146467208863,244.0406192779541,0.0
7.949640552202865,244.04123207728068,0.0
7.967816432317104,244.04184487660729,0.0
7.9859923124313426,244.04245767593383,0.0
8.004168192545578,244.04307047526044,0.0
8.022344072659816,244.043683274587,0.0
8.040519952774055,244.0442960739136,0.0
8.05869583288829,244.04490887324016,0.0
8.076871713002529,244.0455216725668,0.0
8.095047593116767,244.0461344718933,0.0
8.113223473231002,244.04674727121989,0.0
8.131399353345241,244.0473600705465,0.0
8.14957523345948,244.04797286987304,0.0
8.167751113573715,244.04858566919964,0.0
8.185926993687954,244.0491984685262,0.0
8.204102873802192,244.0498112678528,0.0
8.222278753916427,244.05042406717936,0.0
8.240454634030666,244.051036866506,0.0
8.258630514144905,244.0516496658325,0.0
8.27680639425914,244.05226246515912,0.0
8.294982274373378,244.0528752644857,0.0
8.313158154487617,244.05348806381227,0.0
8.331334034601852,244.05410086313884,0.0
8.34950991471609,244.05471366246545,0.0
8.36768579483033,244.055326461792,0.0
8.385861674944564,244.05593926111857,0.0
8.404037555058803,244.0565520604452,0.0
8.422213435173042,244.0571648597717,0.0
8.440389315287277,244.05777765909832,0.0
8.458565195401516,244.0583904584249,0.0
8.476741075515754,244.05900325775147,0.0
8.49491695562999,244.05961605707805,0.0
8.513092835744228,244.06022885640465,0.0
8.531268715858467,244.0608416557312,0.0
8.549444595972702,244.0614544550578,0.0
8.56762047608694,244.0620672543844,0.0
8.585796356201179,244.0626800537109,0.0
8.603972236315414,244.06329285303752,0.0
8.622148116429653,244.0639056523641,0.0
8.640323996543891,244.06451845169067,0.0
8.658499876658126,244.06513125101725,0.0
8.676675756772365,244.06574405034385,0.0
8.694851636886604,244.06635684967043,0.0
8.713027517000839,244.066969648997,0.0
8.731203397115078,244.0675824483236,0.0
8.749379277229316,244.06819524765007,0.0
8.767555157343551,244.0688080469768,0.0
8.78573103745779,244.0694208463033,0.0
8.803906917572029,244.0700336456299,0.0
8.822082797686264,244.07064644495648,0.0
8.840258677800502,244.07125924428303,0.0
8.858434557914741,244.07187204360963,0.0
8.876610438028976,244.0724848429362,0.0
8.894786318143215,244.0730976422628,0.0
8.912962198257453,244.07371044158936,0.0
8.931138078371688,244.074323240916,0.0
8.949313958485927,244.07493604024253,0.0
8.967489838600166,244.0755488395691,0.0
8.985665718714401,244.07616163889568,0.0
9.00384159882864,244.07677443822223,0.0
9.022017478942878,244.07738723754883,0.0
9.040193359057112,244.0780000368754,0.0
9.058369239171352,244.078612836202,0.0
9.07654511928559,244.0792256355286,0.0
9.094720999399826,244.0798384348552,0.0
9.112896879514064,244.0804512341817,0.0
9.131072759628305,244.0810640335083,0.0
9.149248639742538,244.0816768328349,0.0
9.167424519856777,244.08228963216143,0.0
9.185600399971015,244.08290243148804,0.0
9.20377628008525,244.0835152308146,0.0
9.22195216019949,244.0841280301412,0.0
9.240128040313728,244.0847408294678,0.0
9.258303920427965,244.0853536287944,0.0
9.276479800542202,244.0859664281209,0.0
9.29465568065644,244.08657922744752,0.0
9.312831560770675,244.0871920267741,0.0
9.331007440884914,244.0878048261007,0.0
9.349183320999153,244.08841762542727,0.0
9.367359201113388,244.08903042475384,0.0
9.385535081227626,244.0896432240804,0.0
9.403710961341863,244.090256023407,0.0
9.4218868414561,244.0908688227336,0.0
9.44006272157034,244.0914816220601,0.0
9.458238601684576,244.09209442138672,0.0
9.476414481798813,244.0927072207133,0.0
9.494590361913051,244.0933200200399,0.0
9.51276624202729,244.09393281936647,0.0
9.530942122141523,244.09454561869305,0.0
9.549118002255764,244.0951584180196,0.0
9.567293882370002,244.0957712173462,0.0
9.585469762484236,244.0963840166728,0.0
9.603645642598476,244.0969968159993,0.0
9.621821522712716,244.09760961532592,0.0
9.63999740282695,244.09822241465253,0.0
9.658173282941188,244.0988352139791,0.0
9.676349163055429,244.09944801330568,0.0
9.694525043169662,244.10006081263225,0.0
9.7127009232839,244.10067361195885,0.0
9.73087680339814,244.1012864112854,0.0
9.749052683512376,244.101899210612,0.0
9.767228563626611,244.1025120099385,0.0
9.785404443740852,244.10312480926515,0.0
9.803580323855089,244.10373760859173,0.0
9.821756203969326,244.1043504079183,0.0
9.839932084083564,244.10496320724488,0.0
9.8581079641978,244.10557600657145,0.0
9.876283844312038,244.10618880589803,0.0
9.894459724426277,244.1068016052246,0.0
9.912635604540512,244.1074144045512,0.0
9.93081148465475,244.10802720387773,0.0
9.948987364768987,244.1086400032044,0.0
9.967163244883224,244.10925280253093,0.0
9.985339124997465,244.1098656018575,0.0
10.0035150051117,244.11047840118408,0.0
10.021690885225937,244.11109120051063,0.0
10.039866765340175,244.1117039998373,0.0
10.058042645454414,244.11231679916384,0.0
10.076218525568647,244.1129295984904,0.0
10.094394405682888,244.11354239781696,0.0
10.112570285797126,244.1141551971436,0.0
10.13074616591136,244.1147679964701,0.0
10.1489220460256,244.1153807957967,0.0
10.16709792613984,244.11599359512329,0.0
10.185273806254074,244.1166063944499,0.0
10.203449686368312,244.1172191937765,0.0
10.221625566482553,244.11783199310304,0.0
10.239801446596786,244.1184447924296,0.0
10.257977326711025,244.1190575917562,0.0
10.276153206825263,244.1196703910828,0.0
10.2943290869395,244.1202831904093,0.0
10.312504967053735,244.120895989736,0.0
10.330680847167976,244.1215087890625,0.0
10.348856727282213,244.1221215883891,0.0
10.36703260739645,244.12273438771567,0.0
10.385208487510688,244.12334718704224,0.0
10.403384367624923,244.1239599863688,0.0
10.421560247739162,244.1245727856954,0.0
10.4397361278534,244.125185585022,0.0
10.457912007967636,244.12579838434857,0.0
10.476087888081874,244.1264111836752,0.0
10.494263768196111,244.1270239830017,0.0
10.512439648310348,244.1276367823283,0.0
10.530615528424589,244.12824958165487,0.0
10.548791408538824,244.12886238098145,0.0
10.56696728865306,244.129475180308,0.0
10.5851431687673,244.13008797963465,0.0
10.603319048881538,244.1307007789612,0.0
10.621494928995771,244.13131357828777,0.0
10.639670809110012,244.13192637761435,0.0
10.65784668922425,244.13253917694087,0.0
10.676022569338484,244.1331519762675,0.0
10.694198449452724,244.13376477559407,0.0
10.712374329566964,244.13437757492065,0.0
10.730550209681198,244.13499037424725,0.0
10.748726089795436,244.13560317357383,0.0
10.766901969909677,244.1362159729004,0.0
10.78507785002391,244.1368287722269,0.0
10.803253730138149,244.13744157155355,0.0
10.821429610252387,244.13805437088013,0.0
10.839605490366624,244.1386671702067,0.0
10.85778137048086,244.1392799695333,0.0
10.8759572505951,244.13989276885988,0.0
10.894133130709337,244.14050556818648,0.0
10.912309010823574,244.14111836751303,0.0
10.930484890937809,244.1417311668396,0.0
10.948660771052053,244.14234396616607,0.0
10.966836651166286,244.1429567654928,0.0
10.98501253128052,244.14356956481933,0.0
11.003188411394763,244.144182364146,0.0
11.021364291508998,244.1447951634725,0.0
11.039540171623234,244.14540796279908,0.0
11.057716051737476,244.1460207621257,0.0
11.07589193185171,244.14663356145223,0.0
11.094067811965946,244.1472463607788,0.0
11.112243692080188,244.14785916010536,0.0
11.130419572194423,244.148471959432,0.0
11.148595452308658,244.14908475875856,0.0
11.1667713324229,244.1496975580852,0.0
11.184947212537136,244.1503103574117,0.0
11.20312309265137,244.1509231567383,0.0
11.221298972765611,244.1515359560649,0.0
11.239474852879848,244.15214875539144,0.0
11.257650732994083,244.152761554718,0.0
11.275826613108324,244.15337435404464,0.0
11.29400249322256,244.1539871533712,0.0
11.312178373336796,244.15459995269777,0.0
11.330354253451038,244.1552127520244,0.0
11.348530133565273,244.1558255513509,0.0
11.366706013679508,244.1564383506775,0.0
11.38488189379375,244.1570511500041,0.0
11.403057773907983,244.15766394933067,0.0
11.42123365402222,244.15827674865724,0.0
11.439409534136464,244.15888954798385,0.0
11.457585414250698,244.1595023473104,0.0
11.475761294364933,244.16011514663697,0.0
11.493937174479177,244.1607279459636,0.0
11.51211305459341,244.1613407452901,0.0
11.530288934707643,244.1619535446167,0.0
11.548464814821887,244.1625663439433,0.0
11.566640694936122,244.16317914326987,0.0
11.584816575050358,244.16379194259645,0.0
11.6029924551646,244.16440474192305,0.0
11.621168335278837,244.1650175412496,0.0
11.63934421539307,244.16563034057617,0.0
11.657520095507312,244.16624313990275,0.0
11.675695975621547,244.1668559392293,0.0
11.693871855735782,244.16746873855595,0.0
11.712047735850025,244.1680815378825,0.0
11.73022361596426,244.16869433720908,0.0
11.748399496078497,244.16930713653565,0.0
11.766575376192735,244.16991993586225,0.0
11.784751256306972,244.1705327351888,0.0
11.802927136421207,244.1711455345153,0.0
11.82110301653545,244.171758333842,0.0
11.839278896649684,244.17237113316853,0.0
11.85745477676392,244.1729839324952,0.0
11.875630656878162,244.1735967318217,0.0
11.893806536992397,244.17420953114828,0.0
11.911982417106632,244.17482233047485,0.0
11.930158297220874,244.17543512980143,0.0
11.94833417733511,244.17604792912803,0.0
11.966510057449344,244.1766607284546,0.0
11.984685937563588,244.1772735277812,0.0
12.002861817677822,244.17788632710776,0.0
12.021037697792057,244.1784991264344,0.0
12.0392135779063,244.1791119257609,0.0
12.057389458020534,244.17972472508748,0.0
12.07556533813477,244.18033752441409,0.0
12.093741218249011,244.18095032374063,0.0
12.111917098363246,244.18156312306724,0.0
12.130092978477482,244.1821759223938,0.0
12.148268858591724,244.1827887217204,0.0
12.16644473870596,244.18340152104696,0.0
12.184620618820194,244.1840143203736,0.0
12.202796498934436,244.1846271197001,0.0
12.220972379048671,244.18523991902669,0.0
12.239148259162906,244.1858527183533,0.0
12.257324139277149,244.18646551767984,0.0
12.275500019391384,244.18707831700644,0.0
12.29367589950562,244.187691116333,0.0
12.31185177961986,244.1883039156596,0.0
12.330027659734096,244.18891671498616,0.0
12.348203539848331,244.1895295143128,0.0
12.366379419962572,244.1901423136393,0.0
12.384555300076808,244.19075511296592,0.0
12.402731180191044,244.1913679122925,0.0
12.420907060305286,244.19198071161907,0.0
12.43908294041952,244.19259351094564,0.0
12.457258820533756,244.19320631027225,0.0
12.475434700647998,244.1938191095988,0.0
12.493610580762232,244.19443190892537,0.0
12.511786460876468,244.195044708252,0.0
12.52996234099071,244.1956575075785,0.0
12.548138221104946,244.19627030690512,0.0
12.56631410121918,244.1968831062317,0.0
12.584489981333425,244.19749590555827,0.0
12.602665861447658,244.19810870488485,0.0
12.620841741561891,244.19872150421145,0.0
12.639017621676135,244.199334303538,0.0
12.65719350179037,244.1999471028646,0.0
12.675369381904606,244.2005599021912,0.0
12.693545262018848,244.2011727015177,0.0
12.711721142133085,244.20178550084432,0.0
12.729897022247318,244.2023983001709,0.0
12.74807290236156,244.20301109949747,0.0
12.766248782475795,244.20362389882405,0.0
12.78442466259003,244.20423669815065,0.0
12.802600542704273,244.20484949747723,0.0
12.820776422818508,244.2054622968038,0.0
12.838952302932745,244.2060750961304,0.0
12.857128183046983,244.20668789545687,0.0
12.87530406316122,244.2073006947836,0.0
12.893479943275455,244.2079134941101,0.0
12.911655823389696,244.2085262934367,0.0
12.929831703503933,244.20913909276328,0.0
12.948007583618168,244.20975189208983,0.0
12.96618346373241,244.21036469141643,0.0
12.984359343846643,244.210977490743,0.0
13.00253522396088,244.2115902900696,0.0
13.020711104075122,244.21220308939616,0.0
13.038886984189356,244.2128158887228,0.0
13.057062864303592,244.21342868804933,0.0
13.075238744417836,244.2140414873759,0.0
13.09341462453207,244.21465428670248,0.0
13.111590504646305,244.21526708602903,0.0
13.129766384760549,244.21587988535563,0.0
13.147942264874782,244.2164926846822,0.0
13.166118144989015,244.2171054840088,0.0
13.18429402510326,244.2177182833354,0.0
13.202469905217496,244.218331082662,0.0
13.22064578533173,244.2189438819885,0.0
13.238821665445972,244.2195566813151,0.0
13.256997545560209,244.2201694806417,0.0
13.275173425674442,244.22078227996823,0.0
13.293349305788684,244.22139507929484,0.0
13.31152518590292,244.2220078786214,0.0
13.329701066017154,244.222620677948,0.0
13.347876946131397,244.2232334772746,0.0
13.366052826245632,244.2238462766012,0.0
13.384228706359869,244.2244590759277,0.0
13.402404586474107,244.22507187525432,0.0
13.420580466588344,244.2256846745809,0.0
13.43875634670258,244.2262974739075,0.0
13.45693222681682,244.22691027323407,0.0
13.475108106931057,244.22752307256064,0.0
13.493283987045292,244.2281358718872,0.0
13.511459867159534,244.2287486712138,0.0
13.529635747273767,244.2293614705404,0.0
13.547811627388004,244.2299742698669,0.0
13.565987507502246,244.23058706919352,0.0
13.58416338761648,244.2311998685201,0.0
13.602339267730716,244.2318126678467,0.0
13.62051514784496,244.23242546717327,0.0
13.638691027959194,244.23303826649985,0.0
13.656866908073429,244.2336510658264,0.0
13.675042788187673,244.234263865153,0.0
13.693218668301906,244.2348766644796,0.0
13.71139454841614,244.2354894638061,0.0
13.729570428530383,244.23610226313275,0.0
13.74774630864462,244.23671506245933,0.0
13.765922188758854,244.2373278617859,0.0
13.784098068873096,244.23794066111248,0.0
13.802273948987333,244.23855346043905,0.0
13.820449829101566,244.2391662597656,0.0
13.838625709215808,244.2397790590922,0.0
13.856801589330043,244.2403918584188,0.0
13.874977469444278,244.2410046577453,0.0
13.89315334955852,244.24161745707195,0.0
13.911329229672756,244.24223025639853,0.0
13.92950510978699,244.2428430557251,0.0
13.947680989901231,244.24345585505168,0.0
13.965856870015468,244.24406865437825,0.0
13.984032750129703,244.24468145370483,0.0
14.002208630243944,244.24529425303143,0.0
14.02038451035818,244.245907052358,0.0
14.038560390472416,244.24651985168447,0.0
14.056736270586658,244.2471326510112,0.0
14.074912150700891,244.24774545033773,0.0
14.093088030815128,244.2483582496643,0.0
14.11126391092937,244.24897104899088,0.0
14.129439791043604,244.24958384831743,0.0
14.14761567115784,244.2501966476441,0.0
14.165791551272084,244.25080944697064,0.0
14.183967431386318,244.2514222462972,0.0
14.202143311500553,244.25203504562376,0.0
14.220319191614797,244.2526478449504,0.0
14.23849507172903,244.2532606442769,0.0
14.256670951843263,244.2538734436035,0.0
14.274846831957507,244.2544862429301,0.0
14.293022712071744,244.2550990422567,0.0
14.311198592185978,244.2557118415833,0.0
14.32937447230022,244.25632464090984,0.0
14.347550352414457,244.2569374402364,0.0
14.36572623252869,244.257550239563,0.0
14.383902112642932,244.2581630388896,0.0
14.402077992757167,244.2587758382161,0.0
14.420253872871402,244.2593886375428,0.0
14.438429752985645,244.2600014368693,0.0
14.45660563309988,244.2606142361959,0.0
14.474781513214117,244.26122703552247,0.0
14.492957393328355,244.26183983484904,0.0
14.511133273442592,244.2624526341756,0.0
14.529309153556827,244.2630654335022,0.0
14.54748503367107,244.2636782328288,0.0
14.565660913785305,244.26429103215537,0.0
14.58383679389954,244.264903831482,0.0
14.602012674013782,244.2655166308085,0.0
14.620188554128015,244.2661294301351,0.0
14.638364434242252,244.26674222946167,0.0
14.656540314356494,244.26735502878824,0.0
14.67471619447073,244.2679678281148,0.0
14.692892074584964,244.26858062744145,0.0
14.711067954699208,244.269193426768,0.0
14.729243834813442,244.26980622609457,0.0
14.747419714927675,244.27041902542115,0.0
14.76559559504192,244.27103182474767,0.0
14.783771475156154,244.2716446240743,0.0
14.80194735527039,244.27225742340087,0.0
14.820123235384631,244.27287022272748,0.0
14.838299115498868,244.27348302205405,0.0
14.856474995613102,244.27409582138063,0.0
14.874650875727344,244.2747086207072,0.0
14.89282675584158,244.2753214200337,0.0
14.911002635955814,244.27593421936035,0.0
14.929178516070056,244.27654701868693,0.0
14.947354396184291,244.2771598180135,0.0
14.965530276298528,244.2777726173401,0.0
14.983706156412769,244.27838541666668,0.0
15.001882036527004,244.27899821599323,0.0
15.02005791664124,244.27961101531983,0.0
15.03823379675548,244.2802238146464,0.0
15.056409676869716,244.28083661397287,0.0
15.074585556983951,244.28144941329955,0.0
15.092761437098194,244.28206221262616,0.0
15.110937317212429,244.2826750119528,0.0
15.129113197326664,244.2832878112793,0.0
15.147289077440906,244.28390061060588,0.0
15.16546495755514,244.2845134099325,0.0
15.183640837669376,244.28512620925903,0.0
15.201816717783618,244.2857390085856,0.0
15.219992597897852,244.28635180791213,0.0
15.238168478012089,244.2869646072388,0.0
15.25634435812633,244.28757740656536,0.0
15.274520238240566,244.288190205892,0.0
15.2926961183548,244.2888030052185,0.0
15.310871998469043,244.2894158045451,0.0
15.329047878583278,244.2900286038717,0.0
15.347223758697512,244.29064140319824,0.0
15.365399638811756,244.2912542025248,0.0
15.38357551892599,244.2918670018514,0.0
15.401751399040226,244.292479801178,0.0
15.419927279154468,244.29309260050456,0.0
15.438103159268705,244.2937053998312,0.0
15.456279039382938,244.2943181991577,0.0
15.47445491949718,244.2949309984843,0.0
15.492630799611415,244.2955437978109,0.0
15.51080667972565,244.29615659713747,0.0
15.528982559839893,244.29676939646404,0.0
15.547158439954128,244.29738219579065,0.0
15.565334320068365,244.2979949951172,0.0
15.583510200182603,244.29860779444377,0.0
15.60168608029684,244.2992205937704,0.0
15.619861960411075,244.2998333930969,0.0
15.638037840525318,244.3004461924235,0.0
15.656213720639553,244.3010589917501,0.0
15.674389600753788,244.30167179107667,0.0
15.69256548086803,244.30228459040325,0.0
15.710741360982263,244.30289738972985,0.0
15.7289172410965,244.3035101890564,0.0
15.747093121210742,244.30412298838297,0.0
15.765269001324976,244.30473578770955,0.0
15.783444881439213,244.3053485870361,0.0
15.801620761553457,244.30596138636272,0.0
15.81979664166769,244.3065741856893,0.0
15.837972521781923,244.30718698501587,0.0
15.856148401896167,244.30779978434245,0.0
15.874324282010402,244.30841258366905,0.0
15.892500162124636,244.3090253829956,0.0
15.91067604223888,244.3096381823221,0.0
15.928851922353116,244.3102509816488,0.0
15.94702780246735,244.31086378097527,0.0
15.965203682581592,244.311476580302,0.0
15.983379562695829,244.3120893796285,0.0
16.001555442810062,244.31270217895508,0.0
16.019731322924304,244.31331497828165,0.0
16.03790720303854,244.31392777760823,0.0
16.056083083152775,244.31454057693483,0.0
16.074258963267017,244.3151533762614,0.0
16.092434843381252,244.315766175588,0.0
16.110610723495487,244.31637897491456,0.0
16.12878660360973,244.3169917742412,0.0
16.146962483723964,244.3176045735677,0.0
16.1651383638382,244.31821737289428,0.0
16.18331424395244,244.31883017222088,0.0
16.201490124066677,244.31944297154743,0.0
16.21966600418091,244.32005577087403,0.0
16.237841884295154,244.3206685702006,0.0
16.25601776440939,244.3212813695272,0.0
16.274193644523624,244.32189416885376,0.0
16.292369524637866,244.3225069681804,0.0
16.3105454047521,244.3231197675069,0.0
16.328721284866337,244.3237325668335,0.0
16.34689716498058,244.3243453661601,0.0
16.365073045094814,244.32495816548663,0.0
16.38324892520905,244.32557096481324,0.0
16.40142480532329,244.3261837641398,0.0
16.419600685437526,244.3267965634664,0.0
16.43777656555176,244.32740936279296,0.0
16.455952445666004,244.3280221621196,0.0
16.47412832578024,244.3286349614461,0.0
16.492304205894474,244.32924776077272,0.0
16.510480086008716,244.3298605600993,0.0
16.52865596612295,244.33047335942587,0.0
16.546831846237186,244.33108615875244,0.0
16.56500772635143,244.33169895807904,0.0
16.583183606465663,244.3323117574056,0.0
16.6013594865799,244.3329245567322,0.0
16.61953536669414,244.3335373560588,0.0
16.637711246808376,244.3341501553853,0.0
16.65588712692261,244.33476295471192,0.0
16.674063007036853,244.3353757540385,0.0
16.69223888715109,244.33598855336507,0.0
16.710414767265323,244.33660135269164,0.0
16.728590647379566,244.33721415201825,0.0
16.7467665274938,244.3378269513448,0.0
16.764942407608036,244.3384397506714,0.0
16.783118287722278,244.339052549998,0.0
16.801294167836513,244.3396653493245,0.0
16.819470047950748,244.34027814865112,0.0
16.83764592806499,244.3408909479777,0.0
16.855821808179225,244.34150374730427,0.0
16.87399768829346,244.34211654663088,0.0
16.892173568407703,244.34272934595745,0.0
16.910349448521938,244.34334214528403,0.0
16.928525328636173,244.3439549446106,0.0
16.946701208750415,244.3445677439372,0.0
16.96487708886465,244.34518054326367,0.0
16.983052968978885,244.34579334259035,0.0
17.001228849093128,244.3464061419169,0.0
17.019404729207363,244.3470189412435,0.0
17.037580609321598,244.34763174057008,0.0
17.05575648943584,244.34824453989663,0.0
17.073932369550075,244.34885733922323,0.0
17.09210824966431,244.3494701385498,0.0
17.110284129778552,244.3500829378764,0.0
17.128460009892787,244.35069573720293,0.0
17.146635890007023,244.3513085365296,0.0
17.164811770121265,244.35192133585613,0.0
17.1829876502355,244.3525341351827,0.0
17.201163530349735,244.35314693450928,0.0
17.219339410463977,244.35375973383583,0.0
17.237515290578212,244.35437253316243,0.0
17.255691170692447,244.354985332489,0.0
17.27386705080669,244.3555981318156,0.0
17.292042930920925,244.3562109311422,0.0
17.31021881103516,244.3568237304688,0.0
17.328394691149402,244.3574365297953,0.0
17.346570571263637,244.3580493291219,0.0
17.364746451377872,244.3586621284485,0.0
17.382922331492114,244.35927492777503,0.0
17.40109821160635,244.35988772710164,0.0
17.419274091720585,244.36050052642824,0.0
17.437449971834827,244.3611133257548,0.0
17.455625851949062,244.3617261250814,0.0
17.473801732063297,244.362338924408,0.0
17.49197761217754,244.3629517237345,0.0
17.510153492291774,244.36356452306111,0.0
17.52832937240601,244.3641773223877,0.0
17.54650525252025,244.36479012171424,0.0
17.564681132634487,244.36540292104087,0.0
17.582857012748722,244.36601572036744,0.0
17.601032892862964,244.366628519694,0.0
17.6192087729772,244.3672413190206,0.0
17.637384653091434,244.3678541183472,0.0
17.655560533205676,244.3684669176737,0.0
17.67373641331991,244.36907971700032,0.0
17.691912293434147,244.3696925163269,0.0
17.71008817354839,244.3703053156535,0.0
17.728264053662624,244.37091811498007,0.0
17.74643993377686,244.37153091430665,0.0
17.7646158138911,244.3721437136332,0.0
17.782791694005336,244.3727565129598,0.0
17.80096757411957,244.3733693122864,0.0
17.819143454233814,244.3739821116129,0.0
17.83731933434805,244.37459491093955,0.0
17.855495214462284,244.37520771026607,0.0
17.873671094576526,244.3758205095927,0.0
17.89184697469076,244.37643330891927,0.0
17.910022854804996,244.37704610824585,0.0
17.92819873491924,244.3776589075724,0.0
17.946374615033474,244.378271706899,0.0
17.96455049514771,244.3788845062256,0.0
17.98272637526195,244.3794973055521,0.0
18.000902255376186,244.38011010487875,0.0
18.01907813549042,244.38072290420533,0.0
18.037254015604663,244.3813357035319,0.0
18.0554298957189,244.38194850285848,0.0
18.073605775833133,244.38256130218505,0.0
18.091781655947376,244.38317410151163,0.0
18.10995753606161,244.38378690083823,0.0
18.12813341617585,244.3843997001648,0.0
18.146309296290088,244.38501249949127,0.0
18.164485176404323,244.385625298818,0.0
18.18266105651856,244.38623809814453,0.0
18.2008369366328,244.3868508974711,0.0
18.21901281674704,244.38746369679768,0.0
18.23718869686127,244.38807649612423,0.0
18.25536457697552,244.3886892954509,0.0
18.273540457089748,244.38930209477743,0.0
18.291716337203983,244.389914894104,0.0
18.309892217318225,244.39052769343056,0.0
18.32806809743246,244.3911404927572,0.0
18.34624397754669,244.3917532920837,0.0
18.364419857660938,244.3923660914103,0.0
18.382595737775173,244.3929788907369,0.0
18.400771617889408,244.3935916900635,0.0
18.41894749800365,244.3942044893901,0.0
18.437123378117885,244.39481728871664,0.0
18.45529925823212,244.3954300880432,0.0
18.47347513834636,244.3960428873698,0.0
18.4916510184606,244.3966556866964,0.0
18.50982689857484,244.3972684860229,0.0
18.528002778689075,244.3978812853496,0.0
18.54617865880331,244.3984940846761,0.0
18.564354538917545,244.3991068840027,0.0
18.582530419031787,244.39971968332927,0.0
18.600706299146022,244.40033248265584,0.0
18.618882179260257,244.4009452819824,0.0
18.6370580593745,244.401558081309,0.0
18.65523393948873,244.4021708806356,0.0
18.67340981960297,244.40278367996217,0.0
18.69158569971721,244.4033964792888,0.0
18.709761579831447,244.4040092786153,0.0
18.72793745994568,244.4046220779419,0.0
18.746113340059924,244.40523487726847,0.0
18.76428922017416,244.40584767659504,0.0
18.782465100288395,244.4064604759216,0.0
18.80064098040264,244.40707327524825,0.0
18.818816860516872,244.4076860745748,0.0
18.836992740631107,244.40829887390137,0.0
18.85516862074535,244.40891167322795,0.0
18.873344500859584,244.40952447255447,0.0
18.89152038097382,244.4101372718811,0.0
18.90969626108806,244.41075007120767,0.0
18.927872141202297,244.41136287053428,0.0
18.94604802131653,244.41197566986085,0.0
18.96422390143077,244.41258846918743,0.0
18.98239978154501,244.413201268514,0.0
19.000575661659244,244.4138140678405,0.0
19.018751541773486,244.41442686716715,0.0
19.03692742188772,244.41503966649373,0.0
19.05510330200196,244.4156524658203,0.0
19.0732791821162,244.4162652651469,0.0
19.09145506223044,244.41687806447348,0.0
19.10963094234467,244.41749086380003,0.0
19.12780682245891,244.41810366312663,0.0
19.145982702573143,244.4187164624532,0.0
19.16415858268738,244.4193292617797,0.0
19.182334462801624,244.41994206110635,0.0
19.20051034291586,244.42055486043296,0.0
19.21868622303009,244.4211676597596,0.0
19.236862103144336,244.4217804590861,0.0
19.25503798325857,244.42239325841268,0.0
19.273213863372806,244.4230060577393,0.0
19.29138974348705,244.42361885706583,0.0
19.309565623601284,244.4242316563924,0.0
19.32774150371552,244.42484445571893,0.0
19.34591738382976,244.4254572550456,0.0
19.364093263944,244.42607005437216,0.0
19.38226914405823,244.4266828536988,0.0
19.40044502417248,244.4272956530253,0.0
19.41862090428671,244.4279084523519,0.0
19.436796784400943,244.4285212516785,0.0
19.454972664515186,244.42913405100504,0.0
19.47314854462942,244.42974685033164,0.0
19.491324424743656,244.4303596496582,0.0
19.50950030485789,244.4309724489848,0.0
19.527676184972133,244.43158524831136,0.0
19.54585206508637,244.432198047638,0.0
19.56402794520061,244.4328108469645,0.0
19.58220382531485,244.4334236462911,0.0
19.60037970542908,244.4340364456177,0.0
19.618555585543323,244.43464924494427,0.0
19.63673146565756,244.43526204427084,0.0
19.6549073457718,244.43587484359745,0.0
19.673083225886035,244.436487642924,0.0
19.69125910600027,244.43710044225057,0.0
19.709434986114506,244.4377132415772,0.0
19.727610866228748,244.4383260409037,0.0
19.745786746342983,244.43893884023032,0.0
19.76396262645721,244.4395516395569,0.0
19.78213850657146,244.44016443888347,0.0
19.80031438668569,244.44077723821005,0.0
19.81849026679993,244.44139003753665,0.0
19.836666146914173,244.4420028368632,0.0
19.854842027028408,244.44261563618977,0.0
19.873017907142643,244.44322843551635,0.0
19.891193787256885,244.4438412348429,0.0
19.90936966737112,244.44445403416952,0.0
19.927545547485355,244.4450668334961,0.0
19.9457214275996,244.44567963282267,0.0
19.963897307713832,244.44629243214925,0.0
19.982073187828068,244.44690523147585,0.0
20.00024906794231,244.4475180308024,0.0
20.018424948056545,244.448130830129,0.0
20.03660082817078,244.4487436294556,0.0
20.054776708285026,244.44935642878207,0.0
20.072952588399257,244.4499692281088,0.0
20.09112846851349,244.4505820274353,0.0
20.10930434862773,244.45119482676188,0.0
20.12748022874197,244.45180762608845,0.0
20.145656108856205,244.45242042541503,0.0
20.163831988970447,244.45303322474163,0.0
20.18200786908468,244.4536460240682,0.0
20.20018374919892,244.4542588233948,0.0
20.21835962931316,244.45487162272136,0.0
20.236535509427394,244.455484422048,0.0
20.25471138954163,244.4560972213745,0.0
20.27288726965587,244.45671002070108,0.0
20.291063149770107,244.45732282002768,0.0
20.309239029884345,244.45793561935423,0.0
20.327414909998584,244.45854841868083,0.0
20.34559079011282,244.4591612180074,0.0
20.36376667022705,244.459774017334,0.0
20.381942550341297,244.46038681666056,0.0
20.40011843045553,244.4609996159872,0.0
20.418294310569767,244.4616124153137,0.0
20.43647019068401,244.4622252146403,0.0
20.454646070798244,244.4628380139669,0.0
20.47282195091248,244.46345081329343,0.0
20.49099783102672,244.46406361262004,0.0
20.50917371114096,244.4646764119466,0.0
20.52734959125519,244.4652892112732,0.0
20.54552547136944,244.46590201059976,0.0
20.56370135148367,244.4665148099264,0.0
20.581877231597904,244.4671276092529,0.0
20.600053111712143,244.46774040857952,0.0
20.61822899182638,244.4683532079061,0.0
20.636404871940616,244.46896600723267,0.0
20.65458075205486,244.46957880655924,0.0
20.672756632169094,244.47019160588584,0.0
20.69093251228333,244.4708044052124,0.0
20.70910839239757,244.471417204539,0.0
20.72728427251181,244.4720300038656,0.0
20.74546015262604,244.4726428031921,0.0
20.763636032740283,244.47325560251872,0.0
20.78181191285452,244.4738684018453,0.0
20.79998779296876,244.47448120117187,0.0
20.818163673083,244.47509400049844,0.0
20.83633955319723,244.47570679982505,0.0
20.854515433311462,244.4763195991516,0.0
20.872691313425708,244.4769323984782,0.0
20.890867193539943,244.4775451978048,0.0
20.90904307365418,244.4781579971313,0.0
20.92721895376842,244.47877079645792,0.0
20.945394833882656,244.4793835957845,0.0
20.96357071399689,244.47999639511107,0.0
20.981746594111133,244.48060919443768,0.0
20.999922474225368,244.48122199376425,0.0
21.018098354339603,244.48183479309083,0.0
21.036274234453845,244.4824475924174,0.0
21.05445011456808,244.483060391744,0.0
21.07262599468232,244.4836731910705,0.0
21.09080187479656,244.48428599039715,0.0
21.1089777549108,244.48489878972373,0.0
21.127153635025028,244.4855115890503,0.0
21.14532951513927,244.48612438837688,0.0
21.163505395253505,244.48673718770343,0.0
21.18168127536774,244.48734998703003,0.0
21.199857155481983,244.4879627863566,0.0
21.218033035596218,244.4885755856832,0.0
21.236208915710453,244.48918838500973,0.0
21.25438479582469,244.4898011843364,0.0
21.27256067593893,244.49041398366293,0.0
21.290736556053165,244.4910267829895,0.0
21.308912436167407,244.49163958231608,0.0
21.32708831628164,244.49225238164263,0.0
21.34526419639588,244.49286518096923,0.0
21.36344007651012,244.4934779802958,0.0
21.381615956624355,244.4940907796224,0.0
21.39979183673859,244.494703578949,0.0
21.417967716852832,244.4953163782756,0.0
21.436143596967067,244.4959291776021,0.0
21.454319477081302,244.4965419769287,0.0
21.472495357195545,244.4971547762553,0.0
21.49067123730978,244.49776757558183,0.0
21.50884711742401,244.49838037490844,0.0
21.527022997538257,244.49899317423504,0.0
21.54519887765249,244.4996059735616,0.0
21.563374757766727,244.5002187728882,0.0
21.58155063788097,244.5008315722148,0.0
21.599726517995204,244.5014443715413,0.0
21.61790239810944,244.50205717086791,0.0
21.63607827822368,244.5026699701945,0.0
21.65425415833792,244.50328276952104,0.0
21.672430038452152,244.50389556884767,0.0
21.6906059185664,244.50450836817424,0.0
21.70878179868063,244.5051211675008,0.0
21.726957678794864,244.5057339668274,0.0
21.745133558909107,244.506346766154,0.0
21.76330943902334,244.5069595654805,0.0
21.781485319137577,244.50757236480712,0.0
21.79966119925182,244.5081851641337,0.0
21.81783707936605,244.5087979634603,0.0
21.83601295948029,244.50941076278687,0.0
21.85418883959453,244.51002356211345,0.0
21.872364719708767,244.51063636144,0.0
21.890540599823,244.5112491607666,0.0
21.908716479937244,244.5118619600932,0.0
21.92689236005148,244.5124747594197,0.0
21.94506824016572,244.51308755874635,0.0
21.96324412027996,244.51370035807287,0.0
21.98142000039419,244.5143131573995,0.0
21.999595880508423,244.51492595672607,0.0
22.01777176062267,244.51553875605265,0.0
22.035947640736904,244.5161515553792,0.0
22.05412352085114,244.5167643547058,0.0
22.07229940096538,244.5173771540324,0.0
22.090475281079616,244.5179899533589,0.0
22.10865116119385,244.51860275268555,0.0
22.126827041308093,244.51921555201213,0.0
22.14500292142233,244.5198283513387,0.0
22.163178801536564,244.52044115066528,0.0
22.18135468165081,244.52105394999185,0.0
22.19953056176504,244.52166674931843,0.0
22.21770644187928,244.52227954864503,0.0
22.23588232199352,244.5228923479716,0.0
22.25405820210776,244.52350514729807,0.0
22.27223408222199,244.5241179466248,0.0
22.29040996233623,244.52473074595133,0.0
22.308585842450466,244.5253435452779,0.0
22.3267617225647,244.52595634460448,0.0
22.344937602678943,244.52656914393108,0.0
22.36311348279317,244.5271819432577,0.0
22.381289362907413,244.52779474258423,0.0
22.39946524302165,244.5284075419108,0.0
22.41764112313589,244.52902034123736,0.0
22.43581700325013,244.529633140564,0.0
22.453992883364368,244.53024593989053,0.0
22.472168763478603,244.5308587392171,0.0
22.49034464359284,244.5314715385437,0.0
22.50852052370708,244.5320843378703,0.0
22.526696403821315,244.5326971371969,0.0
22.544872283935547,244.53330993652344,0.0
23.044872283935547,244.53347778320312,0.0
23.544872283935547,244.5336456298828,0.0
24.044872283935547,244.5338134765625,0.0
24.544872283935547,244.5339813232422,0.0
25.04487037658692,244.5341644287109,0.0
25.54487037658692,244.53433227539065,0.0
26.04487037658692,244.5345001220703,0.0
26.54487037658692,244.53466796875,0.0
27.04487037658692,244.5348358154297,0.0
27.54487037658692,244.53501892089844,0.0
28.04487037658692,244.53518676757807,0.0
28.54487037658692,244.5353546142578,0.0
29.04487037658692,244.5355224609375,0.0
29.54487037658692,244.5356903076172,0.0
30.04487037658692,244.53585815429688,0.0
30.54487037658692,244.5360412597656,0.0
31.04487037658692,244.5362091064453,0.0
31.54487037658692,244.536376953125,0.0
32.04486846923828,244.5365447998047,0.0
32.54486846923828,244.5367126464844,0.0
33.04486846923828,244.5368804931641,0.0
33.54486846923828,244.5370635986328,0.0
34.04486846923828,244.5372314453125,0.0
34.54486846923828,244.5373992919922,0.0
35.04486846923828,244.53756713867188,0.0
35.54486846923828,244.5377349853516,0.0
36.04486846923828,244.5379180908203,0.0
36.54486846923828,244.5380859375,0.0
37.04486846923828,244.5382537841797,0.0
37.54486846923828,244.5384216308593,0.0
38.04486846923828,244.53858947753903,0.0
38.54486846923828,244.53875732421875,0.0
39.04486846923828,244.5389404296875,0.0
39.54486846923828,244.5391082763672,0.0
40.04486846923828,244.53927612304688,0.0
40.54486846923828,244.53944396972656,0.0
41.04486846923828,244.53961181640625,0.0
41.54486846923828,244.539794921875,0.0
42.04486846923828,244.5399627685547,0.0
42.54486846923828,244.5401306152344,0.0
43.04486846923828,244.5402984619141,0.0
43.54486846923828,244.5404663085937,0.0
44.04486846923828,244.54063415527344,0.0
44.54486846923828,244.5408172607422,0.0
45.04486846923828,244.54098510742188,0.0
45.54486846923828,244.5411529541016,0.0
46.04486846923828,244.54132080078125,0.0
46.54486846923828,244.5414886474609,0.0
47.04486846923828,244.54165649414065,0.0
47.54486846923828,244.5418395996093,0.0
48.04486846923828,244.54200744628903,0.0
48.54486846923828,244.54217529296875,0.0
49.04486846923828,244.54234313964844,0.0
49.54486846923828,244.54251098632807,0.0
50.04486846923828,244.54269409179688,0.0
50.54486846923828,244.54286193847656,0.0
51.04486846923828,244.54302978515625,0.0
51.54486846923828,244.543197631836,0.0
52.04486846923828,244.5433654785156,0.0
52.54486846923828,244.5435333251953,0.0
53.04486846923828,244.5437164306641,0.0
53.54486846923828,244.5438842773437,0.0
54.04486846923828,244.54405212402344,0.0
54.54486846923828,244.54421997070312,0.0
55.04486846923828,244.5443878173828,0.0
55.54486846923828,244.5445709228516,0.0
56.04486846923828,244.54473876953125,0.0
56.54486846923828,244.5449066162109,0.0
57.04486846923828,244.54507446289065,0.0
57.54486846923828,244.5452423095703,0.0
58.04486846923828,244.54541015625,0.0
58.54486846923828,244.54559326171875,0.0
59.04486846923828,244.54576110839844,0.0
59.54486846923828,244.54592895507807,0.0
60.04486846923828,244.5460968017578,0.0
60.54486846923828,244.5462646484375,0.0
61.04486846923828,244.5464324951172,0.0
61.54486846923828,244.546615600586,0.0
62.04486846923828,244.5467834472656,0.0
62.54486846923828,244.5469512939453,0.0
63.04486846923828,244.547119140625,0.0
63.54486846923828,244.5472869873047,0.0
64.04486846923828,244.54747009277344,0.0
64.54486846923828,244.54763793945312,0.0
65.04486846923828,244.5478057861328,0.0
65.54486846923828,244.5479736328125,0.0
66.04486846923828,244.5481414794922,0.0
66.54486846923828,244.54830932617188,0.0
67.04486846923828,244.54849243164065,0.0
67.54486846923828,244.5486602783203,0.0
68.04486846923828,244.548828125,0.0
68.54486846923828,244.5489959716797,0.0
69.04486846923828,244.5491638183593,0.0
69.54486846923828,244.54934692382807,0.0
70.04486846923828,244.5495147705078,0.0
70.54486846923828,244.5496826171875,0.0
71.04486846923828,244.5498504638672,0.0
71.54486846923828,244.55001831054688,0.0
72.04486846923828,244.55018615722656,0.0
72.54486846923828,244.5503692626953,0.0
73.04486846923828,244.550537109375,0.0
73.54486846923828,244.5507049560547,0.0
74.04486846923828,244.5508728027344,0.0
74.54486846923828,244.5510406494141,0.0
75.04486846923828,244.5512237548828,0.0
75.54486846923828,244.5513916015625,0.0
76.04486846923828,244.5515594482422,0.0
76.54486846923828,244.55172729492188,0.0
77.04486846923828,244.5518951416016,0.0
77.54486846923828,244.5520782470703,0.0
78.04486846923828,244.55224609375,0.0
78.54486846923828,244.5524139404297,0.0
79.04486846923828,244.5525817871093,0.0
79.54486846923828,244.55274963378903,0.0
80.04486846923828,244.55291748046875,0.0
80.54486846923828,244.5531005859375,0.0
81.04486846923828,244.5532684326172,0.0
81.54486846923828,244.55343627929688,0.0
82.04486846923828,244.55360412597656,0.0
82.54486846923828,244.55377197265625,0.0
83.04486846923828,244.553955078125,0.0
83.54486846923828,244.5541229248047,0.0
84.04486846923828,244.5542907714844,0.0
84.54486846923828,244.5544586181641,0.0
85.04486846923828,244.5546264648437,0.0
85.54486846923828,244.55479431152344,0.0
86.04486846923828,244.5549774169922,0.0
86.54486846923828,244.55514526367188,0.0
87.04486846923828,244.5553131103516,0.0
87.54486846923828,244.55548095703125,0.0
88.04486846923828,244.5556488037109,0.0
88.54486846923828,244.55581665039065,0.0
89.04486846923828,244.5559997558593,0.0
89.54486846923828,244.55616760253903,0.0
90.04486846923828,244.55633544921875,0.0
90.54486846923828,244.55650329589844,0.0
91.04486846923828,244.55667114257807,0.0
91.54486846923828,244.55685424804688,0.0
92.04486846923828,244.55702209472656,0.0
92.54486846923828,244.55718994140625,0.0
93.04486846923828,244.557357788086,0.0
93.54486846923828,244.5575256347656,0.0
94.04486846923828,244.5576934814453,0.0
94.54486846923828,244.5578765869141,0.0
95.04486846923828,244.5580444335937,0.0
95.54486846923828,244.55821228027344,0.0
96.04486846923828,244.55838012695312,0.0
96.54486846923828,244.5585479736328,0.0
97.04486846923828,244.5587310791016,0.0
97.54486846923828,244.55889892578125,0.0
98.04486846923828,244.5590667724609,0.0
98.54486846923828,244.55923461914065,0.0
99.04486846923828,244.5594024658203,0.0
99.54486846923828,244.5595703125,0.0
100.04486846923828,244.55975341796875,0.0
100.54486846923828,244.55992126464844,0.0
101.04486846923828,244.56008911132807,0.0
101.54486846923828,244.5602569580078,0.0
102.04486846923828,244.5604248046875,0.0
102.54486846923828,244.5605926513672,0.0
103.04486846923828,244.560775756836,0.0
103.54486846923828,244.5609436035156,0.0
104.04486846923828,244.5611114501953,0.0
104.54486846923828,244.561279296875,0.0
105.04486846923828,244.5614471435547,0.0
105.54486846923828,244.56163024902344,0.0
106.04486846923828,244.56179809570312,0.0
106.54486846923828,244.5619659423828,0.0
107.04486846923828,244.5621337890625,0.0
107.54486846923828,244.5623016357422,0.0
108.04486846923828,244.56246948242188,0.0
108.54486846923828,244.56265258789065,0.0
109.04486846923828,244.5628204345703,0.0
109.54486846923828,244.56298828125,0.0
110.04486846923828,244.5631561279297,0.0
110.54486846923828,244.5633239746093,0.0
111.04486846923828,244.56350708007807,0.0
111.54486846923828,244.5636749267578,0.0
112.04486846923828,244.5638427734375,0.0
112.54486846923828,244.5640106201172,0.0
113.04486846923828,244.56417846679688,0.0
113.54486846923828,244.56434631347656,0.0
114.04486846923828,244.5645294189453,0.0
114.54486846923828,244.564697265625,0.0
115.04486846923828,244.5648651123047,0.0
115.54486846923828,244.5650329589844,0.0
116.04486846923828,244.5652008056641,0.0
116.54486846923828,244.5653686523437,0.0
117.04486846923828,244.5655517578125,0.0
117.54486846923828,244.5657196044922,0.0
118.04486846923828,244.56588745117188,0.0
118.54486846923828,244.5660552978516,0.0
119.04486846923828,244.56622314453125,0.0
119.54486846923828,244.56640625,0.0
120.04486846923828,244.5665740966797,0.0
120.54486846923828,244.5667419433593,0.0
121.04486846923828,244.56690979003903,0.0
121.54486846923828,244.56707763671875,0.0
122.04486846923828,244.56724548339844,0.0
122.54486846923828,244.5674285888672,0.0
123.04486083984376,244.56759643554688,0.0
123.54486083984376,244.56776428222656,0.0
124.04486083984376,244.56793212890625,0.0
124.54486083984376,244.568099975586,0.0
125.04486083984376,244.5682830810547,0.0
125.54486083984376,244.5684509277344,0.0
126.04486083984376,244.5686187744141,0.0
126.54486083984376,244.5687866210937,0.0
127.04486083984376,244.56895446777344,0.0
127.54486083984376,244.56912231445312,0.0
128.0448760986328,244.56930541992188,0.0
128.54486083984375,244.5694732666016,0.0
129.04486083984375,244.56964111328125,0.0
129.54486083984375,244.5698089599609,0.0
130.04486083984375,244.56997680664065,0.0
130.54486083984375,244.5701446533203,0.0
131.04486083984375,244.5703125,0.0
131.54486083984375,244.57049560546875,0.0
132.04486083984375,244.57066345214844,0.0
132.54486083984375,244.57083129882807,0.0
133.04486083984375,244.5709991455078,0.0
133.54486083984375,244.5711669921875,0.0
134.04486083984375,244.57135009765625,0.0
134.54486083984375,244.571517944336,0.0
135.04486083984375,244.5716857910156,0.0
135.54486083984375,244.5718536376953,0.0
136.04486083984375,244.572021484375,0.0
136.54486083984375,244.5721893310547,0.0
137.04486083984375,244.57237243652344,0.0
137.54486083984375,244.57254028320312,0.0
138.04486083984375,244.5727081298828,0.0
138.54486083984375,244.5728759765625,0.0
139.04486083984375,244.5730438232422,0.0
139.54486083984375,244.5732269287109,0.0
140.04486083984375,244.57339477539065,0.0
140.54486083984375,244.5735626220703,0.0
141.04486083984375,244.57373046875,0.0
141.54486083984375,244.5738983154297,0.0
142.04486083984375,244.5740661621093,0.0
142.54486083984375,244.57424926757807,0.0
143.04486083984375,244.5744171142578,0.0
143.54486083984375,244.5745849609375,0.0
144.04486083984375,244.5747528076172,0.0
144.54486083984375,244.57492065429688,0.0
145.04486083984375,244.57508850097656,0.0
145.54486083984375,244.5752716064453,0.0
146.04486083984375,244.575439453125,0.0
146.54486083984375,244.5756072998047,0.0
147.04486083984375,244.5757751464844,0.0
147.54486083984375,244.5759429931641,0.0
148.04486083984375,244.5761260986328,0.0
148.54486083984375,244.5762939453125,0.0
149.04486083984375,244.5764617919922,0.0
149.54486083984375,244.57662963867188,0.0
150.04486083984375,244.5767974853516,0.0
150.54486083984375,244.57696533203125,0.0
151.04486083984375,244.5771484375,0.0
151.54486083984375,244.5773162841797,0.0
152.04486083984375,244.5774841308593,0.0
152.54486083984375,244.57765197753903,0.0
153.04486083984375,244.57781982421875,0.0
153.54486083984375,244.5780029296875,0.0
154.04486083984375,244.5781707763672,0.0
154.54486083984375,244.57833862304688,0.0
155.04486083984375,244.57850646972656,0.0
155.54486083984375,244.57867431640625,0.0
156.04486083984375,244.578842163086,0.0
156.54486083984375,244.5790252685547,0.0
157.04486083984375,244.5791931152344,0.0
157.54486083984375,244.5793609619141,0.0
158.04486083984375,244.5795288085937,0.0
158.54486083984375,244.57969665527344,0.0
159.04486083984375,244.57986450195312,0.0
159.54486083984375,244.58004760742188,0.0
160.04486083984375,244.5802154541016,0.0
160.54486083984375,244.58038330078125,0.0
161.04486083984375,244.5805511474609,0.0
161.54486083984375,244.58071899414065,0.0
162.04486083984375,244.5809020996093,0.0
162.54486083984375,244.58106994628903,0.0
163.04486083984375,244.58123779296875,0.0
163.54486083984375,244.58140563964844,0.0
164.04486083984375,244.58157348632807,0.0
164.54486083984375,244.5817413330078,0.0
165.04486083984375,244.58192443847656,0.0
165.54486083984375,244.58209228515625,0.0
166.04486083984375,244.582260131836,0.0
166.54486083984375,244.5824279785156,0.0
167.04486083984375,244.5825958251953,0.0
167.54486083984375,244.5827789306641,0.0
168.04486083984375,244.5829467773437,0.0
168.54486083984375,244.58311462402344,0.0
169.04486083984375,244.58328247070312,0.0
169.54486083984375,244.5834503173828,0.0
170.04486083984375,244.5836181640625,0.0
170.54486083984375,244.58380126953125,0.0
171.04486083984375,244.5839691162109,0.0
171.54486083984375,244.58413696289065,0.0
172.04486083984375,244.5843048095703,0.0
172.54486083984375,244.58447265625,0.0
173.04486083984375,244.5846405029297,0.0
173.54486083984375,244.58482360839844,0.0
174.04486083984375,244.58499145507807,0.0
174.54486083984375,244.5851593017578,0.0
175.04486083984375,244.5853271484375,0.0
175.54486083984375,244.5854949951172,0.0
176.04486083984375,244.585678100586,0.0
176.54486083984375,244.5858459472656,0.0
177.04486083984375,244.5860137939453,0.0
177.54486083984375,244.586181640625,0.0
178.04486083984375,244.5863494873047,0.0
178.54486083984375,244.5865173339844,0.0
179.04486083984375,244.58670043945312,0.0
179.54486083984375,244.5868682861328,0.0
180.04486083984375,244.5870361328125,0.0
180.5448608398437,244.5872039794922,0.0
181.0448608398437,244.58737182617188,0.0
181.5448608398437,244.58755493164065,0.0
182.0448608398437,244.5877227783203,0.0
182.5448608398437,244.587890625,0.0
183.0448608398437,244.5880584716797,0.0
183.5448608398437,244.5882263183593,0.0
184.0448608398437,244.58839416503903,0.0
184.5448608398437,244.5885772705078,0.0
185.0448608398437,244.5887451171875,0.0
185.5448608398437,244.5889129638672,0.0
186.0448608398437,244.58908081054688,0.0
186.5448608398437,244.58924865722656,0.0
187.0448608398437,244.58941650390625,0.0
187.5448608398437,244.589599609375,0.0
188.0448608398437,244.5897674560547,0.0
188.5448608398437,244.5899353027344,0.0
189.0448608398437,244.5901031494141,0.0
189.5448608398437,244.5902709960937,0.0
190.0448608398437,244.5904541015625,0.0
190.5448608398437,244.5906219482422,0.0
191.0448608398437,244.59078979492188,0.0
191.5448608398437,244.5909576416016,0.0
192.0448608398437,244.59112548828125,0.0
192.5448608398437,244.5912933349609,0.0
193.0448608398437,244.5914764404297,0.0
193.5448608398437,244.5916442871093,0.0
194.0448608398437,244.59181213378903,0.0
194.5448608398437,244.59197998046875,0.0
195.0448608398437,244.59214782714844,0.0
195.5448608398437,244.5923309326172,0.0
196.0448608398437,244.59249877929688,0.0
196.5448608398437,244.59266662597656,0.0
197.0448608398437,244.59283447265625,0.0
197.5448608398437,244.593002319336,0.0
198.0448608398437,244.5931701660156,0.0
198.5448608398437,244.5933532714844,0.0
199.0448608398437,244.5935211181641,0.0
199.5448608398437,244.5936889648437,0.0
200.0448608398437,244.59385681152344,0.0
200.5448608398437,244.59402465820312,0.0
201.0448608398437,244.5941925048828,0.0
201.5448608398437,244.5943756103516,0.0
202.0448608398437,244.59454345703125,0.0
202.5448608398437,244.5947113037109,0.0
203.0448608398437,244.59487915039065,0.0
203.5448608398437,244.5950469970703,0.0
204.0448608398437,244.59523010253903,0.0
204.5448608398437,244.59539794921875,0.0
205.0448608398437,244.59556579589844,0.0
205.5448608398437,244.59573364257807,0.0
206.0448608398437,244.5959014892578,0.0
206.5448608398437,244.5960693359375,0.0
207.0448608398437,244.59625244140625,0.0
207.5448608398437,244.596420288086,0.0
208.0448608398437,244.5965881347656,0.0
208.5448608398437,244.5967559814453,0.0
209.0448608398437,244.596923828125,0.0
209.5448608398437,244.5971069335937,0.0
210.0448608398437,244.59727478027344,0.0
210.5448608398437,244.59744262695312,0.0
211.0448608398437,244.5976104736328,0.0
211.5448608398437,244.5977783203125,0.0
212.0448608398437,244.5979461669922,0.0
212.5448608398437,244.5981292724609,0.0
213.0448608398437,244.59829711914065,0.0
213.5448608398437,244.5984649658203,0.0
214.0448608398437,244.5986328125,0.0
214.5448608398437,244.5988006591797,0.0
215.0448608398437,244.5989685058593,0.0
215.5448608398437,244.59915161132807,0.0
216.0448608398437,244.5993194580078,0.0
216.5448608398437,244.5994873046875,0.0
217.0448608398437,244.5996551513672,0.0
217.5448608398437,244.59982299804688,0.0
218.0448608398437,244.6000061035156,0.0
218.5448608398437,244.6001739501953,0.0
219.0448608398437,244.600341796875,0.0
219.5448608398437,244.6005096435547,0.0
220.0448608398437,244.6006774902344,0.0
220.5448608398437,244.6008453369141,0.0
221.0448608398437,244.6010284423828,0.0
221.5448608398437,244.6011962890625,0.0
222.0448608398437,244.6013641357422,0.0
222.5448608398437,244.60153198242188,0.0
223.0448608398437,244.6016998291016,0.0
223.5448608398437,244.6018829345703,0.0
224.0448608398437,244.60205078125,0.0
224.5448608398437,244.6022186279297,0.0
225.0448608398437,244.6023864746093,0.0
225.5448608398437,244.60255432128903,0.0
226.0448608398437,244.60272216796875,0.0
226.5448608398437,244.6029052734375,0.0
227.0448608398437,244.6030731201172,0.0
227.5448608398437,244.60324096679688,0.0
228.0448608398437,244.60340881347656,0.0
228.5448608398437,244.60357666015625,0.0
229.0448608398437,244.603744506836,0.0
229.5448608398437,244.6039276123047,0.0
230.0448608398437,244.6040954589844,0.0
230.5448608398437,244.6042633056641,0.0
231.0448608398437,244.6044311523437,0.0
231.5448608398437,244.60459899902344,0.0
232.0448608398437,244.6047821044922,0.0
232.5448608398437,244.60494995117188,0.0
233.0448608398437,244.6051177978516,0.0
233.5448608398437,244.60528564453125,0.0
234.0448608398437,244.6054534912109,0.0
234.5448608398437,244.60562133789065,0.0
235.0448608398437,244.6058044433593,0.0
235.5448608398437,244.60597229003903,0.0
236.0448608398437,244.60614013671875,0.0
236.5448608398437,244.60630798339844,0.0
237.0448608398437,244.60647583007807,0.0
237.5448608398437,244.60665893554688,0.0
238.0448608398437,244.60682678222656,0.0
238.5448608398437,244.60699462890625,0.0
239.0448608398437,244.607162475586,0.0
239.5448608398437,244.6073303222656,0.0
240.0448608398437,244.6074981689453,0.0
240.5448608398437,244.6076812744141,0.0
241.0448608398437,244.6078491210937,0.0
241.5448608398437,244.60801696777344,0.0
242.0448608398437,244.60818481445312,0.0
242.5448608398437,244.6083526611328,0.0
243.0448608398437,244.6085205078125,0.0
243.5448608398437,244.60870361328125,0.0
244.0448608398437,244.6088714599609,0.0
244.5448608398437,244.60903930664065,0.0
245.0448608398437,244.6092071533203,0.0
245.5448608398437,244.609375,0.0
246.0448608398437,244.60955810546875,0.0
246.5448608398437,244.60972595214844,0.0
247.0448608398437,244.60989379882807,0.0
247.5448608398437,244.6100616455078,0.0
248.0448608398437,244.6102294921875,0.0
248.5448608398437,244.6103973388672,0.0
249.0448608398437,244.610580444336,0.0
249.5448608398437,244.6107482910156,0.0
250.0448608398437,244.6109161376953,0.0
250.5448608398437,244.611083984375,0.0
251.0448608398437,244.6112518310547,0.0
251.5448608398437,244.61143493652344,0.0
252.0448608398437,244.61160278320312,0.0
252.5448608398437,244.6117706298828,0.0
253.0448608398437,244.6119384765625,0.0
253.5448608398437,244.6121063232422,0.0
254.0448608398437,244.61227416992188,0.0
254.5448608398437,244.61245727539065,0.0
255.0448608398437,244.6126251220703,0.0
255.5448608398437,244.61279296875,0.0
256.0448608398437,244.6129608154297,0.0
256.5448608398437,244.6131286621093,0.0
257.0448608398437,244.61329650878903,0.0
257.5448608398437,244.6134796142578,0.0
258.0448608398437,244.6136474609375,0.0
258.5448608398437,244.6138153076172,0.0
259.0448608398437,244.61398315429688,0.0
259.5448608398437,244.61415100097656,0.0
260.0448608398437,244.6143341064453,0.0
260.5448608398437,244.614501953125,0.0
261.0448608398437,244.6146697998047,0.0
261.5448608398437,244.6148376464844,0.0
262.0448608398437,244.6150054931641,0.0
262.5448608398437,244.6151733398437,0.0
263.0448608398437,244.6153564453125,0.0
263.5448608398437,244.6155242919922,0.0
264.0448608398437,244.61569213867188,0.0
264.5448608398437,244.6158599853516,0.0
265.0448608398437,244.61602783203125,0.0
265.5448608398437,244.6162109375,0.0
266.0448608398437,244.6163787841797,0.0
266.5448608398437,244.6165466308593,0.0
267.0448608398437,244.61671447753903,0.0
267.5448608398437,244.61688232421875,0.0
268.0448608398437,244.61705017089844,0.0
268.5448608398437,244.6172332763672,0.0
269.0448608398437,244.61740112304688,0.0
269.5448608398437,244.61756896972656,0.0
270.0448608398437,244.61773681640625,0.0
270.5448608398437,244.617904663086,0.0
271.0448608398437,244.6180725097656,0.0
271.5448608398437,244.6182556152344,0.0
272.0448608398437,244.6184234619141,0.0
272.5448608398437,244.6185913085937,0.0
273.0448608398437,244.61875915527344,0.0
273.5448608398437,244.61892700195312,0.0
274.0448608398437,244.61911010742188,0.0
274.5448608398437,244.6192779541016,0.0
275.0448608398437,244.61944580078125,0.0
275.5448608398437,244.6196136474609,0.0
276.0448608398437,244.61978149414065,0.0
276.5448608398437,244.6199493408203,0.0
277.0448608398437,244.62013244628903,0.0
277.5448608398437,244.62030029296875,0.0
278.0448608398437,244.62046813964844,0.0
278.5448608398437,244.62063598632807,0.0
279.0448608398437,244.6208038330078,0.0
279.5448608398437,244.6209716796875,0.0
280.0448608398437,244.62115478515625,0.0
280.5448608398437,244.621322631836,0.0
281.0448608398437,244.6214904785156,0.0
281.5448608398437,244.6216583251953,0.0
282.0448608398437,244.621826171875,0.0
282.5448608398437,244.6220092773437,0.0
283.0448608398437,244.62217712402344,0.0
283.5448608398437,244.62234497070312,0.0
284.0448608398437,244.6225128173828,0.0
284.5448608398437,244.6226806640625,0.0
285.0448608398437,244.6228485107422,0.0
285.5448608398437,244.6230316162109,0.0
286.0448608398437,244.62319946289065,0.0
286.5448608398437,244.6233673095703,0.0
287.0448608398437,244.62353515625,0.0
287.5448608398437,244.6237030029297,0.0
288.0448608398437,244.62388610839844,0.0
288.5448608398437,244.62405395507807,0.0
289.0448608398437,244.6242218017578,0.0
289.5448608398437,244.6243896484375,0.0
290.0448608398437,244.6245574951172,0.0
290.5448608398437,244.62472534179688,0.0
291.0448608398437,244.6249084472656,0.0
291.5448608398437,244.6250762939453,0.0
292.0448608398437,244.625244140625,0.0
292.5448608398437,244.6254119873047,0.0
293.0448608398437,244.6255798339844,0.0
293.5448608398437,244.6257476806641,0.0
294.0448608398437,244.6259307861328,0.0
294.5448608398437,244.6260986328125,0.0
295.0448608398437,244.6262664794922,0.0
295.5448608398437,244.62643432617188,0.0
296.0448608398437,244.6266021728516,0.0
296.5448608398437,244.6267852783203,0.0
297.0448608398437,244.626953125,0.0
297.5448608398437,244.6271209716797,0.0
298.0448608398437,244.6272888183593,0.0
298.5448608398437,244.62745666503903,0.0
299.0448608398437,244.62762451171875,0.0
299.5448608398437,244.6278076171875,0.0
300.0448608398437,244.6279754638672,0.0
300.5448608398437,244.62814331054688,0.0
301.0448608398437,244.62831115722656,0.0
301.5448608398437,244.62847900390625,0.0
302.0448608398437,244.628662109375,0.0
302.5448608398437,244.6288299560547,0.0
303.0448608398437,244.6289978027344,0.0
303.5448608398437,244.6291656494141,0.0
304.0448608398437,244.6293334960937,0.0
304.5448608398437,244.62950134277344,0.0
305.0448608398437,244.6296844482422,0.0
305.5448608398437,244.62985229492188,0.0
306.0448608398437,244.6300201416016,0.0
306.5448608398437,244.63018798828125,0.0
307.0448608398437,244.6303558349609,0.0
307.5448608398437,244.63052368164065,0.0
308.0448608398437,244.6307067871093,0.0
308.5448608398437,244.63087463378903,0.0
309.0448608398437,244.63104248046875,0.0
309.5448608398437,244.63121032714844,0.0
310.0448608398437,244.63137817382807,0.0
310.5448608398437,244.63156127929688,0.0
311.0448608398437,244.63172912597656,0.0
311.5448608398437,244.63189697265625,0.0
312.0448608398437,244.632064819336,0.0
312.5448608398437,244.6322326660156,0.0
313.0448608398437,244.6324005126953,0.0
313.5448608398437,244.6325836181641,0.0
314.0448608398437,244.6327514648437,0.0
314.5448608398437,244.63291931152344,0.0
315.0448608398437,244.63308715820312,0.0
315.5448608398437,244.6332550048828,0.0
316.0448608398437,244.6334381103516,0.0
316.5448608398437,244.63360595703125,0.0
317.0448608398437,244.6337738037109,0.0
317.5448608398437,244.63394165039065,0.0
318.0448608398437,244.6341094970703,0.0
318.5448608398437,244.63427734375,0.0
319.0448608398437,244.63446044921875,0.0
319.5448608398437,244.63462829589844,0.0
320.0448608398437,244.63479614257807,0.0
320.5448608398437,244.6349639892578,0.0
321.0448608398437,244.6351318359375,0.0
321.5448608398437,244.6352996826172,0.0
322.0448608398437,244.635482788086,0.0
322.5448608398437,244.6356506347656,0.0
323.0448608398437,244.6358184814453,0.0
323.5448608398437,244.635986328125,0.0
324.0448608398437,244.6361541748047,0.0
324.5448608398437,244.63633728027344,0.0
325.0448608398437,244.63650512695312,0.0
325.5448608398437,244.6366729736328,0.0
326.0448608398437,244.6368408203125,0.0
326.5448608398437,244.6370086669922,0.0
327.0448608398437,244.63717651367188,0.0
327.5448608398437,244.63735961914065,0.0
328.0448608398437,244.6375274658203,0.0
328.5448608398437,244.6376953125,0.0
329.0448608398437,244.6378631591797,0.0
329.5448608398437,244.6380310058593,0.0
330.0448608398437,244.63821411132807,0.0
330.5448608398437,244.6383819580078,0.0
331.0448608398437,244.6385498046875,0.0
331.5448608398437,244.6387176513672,0.0
332.0448608398437,244.63888549804688,0.0
332.5448608398437,244.63905334472656,0.0
333.0448608398437,244.6392364501953,0.0
333.5448608398437,244.639404296875,0.0
334.0448608398437,244.6395721435547,0.0
334.5448608398437,244.6397399902344,0.0
335.0448608398437,244.6399078369141,0.0
335.5448608398437,244.6400756835937,0.0
336.0448608398437,244.6402587890625,0.0
336.5448608398437,244.6404266357422,0.0
337.0448608398437,244.64059448242188,0.0
337.5448608398437,244.6407623291016,0.0
338.0448608398437,244.64093017578125,0.0
338.5448608398437,244.64111328125,0.0
339.0448608398437,244.6412811279297,0.0
339.5448608398437,244.6414489746093,0.0
340.0448608398437,244.64161682128903,0.0
340.5448608398437,244.64178466796875,0.0
341.0448608398437,244.64195251464844,0.0
341.5448608398437,244.6421356201172,0.0
342.0448608398437,244.64230346679688,0.0
342.5448608398437,244.64247131347656,0.0
343.0448608398437,244.64263916015625,0.0
343.5448608398437,244.642807006836,0.0
344.0448608398437,244.6429901123047,0.0
344.5448608398437,244.6431579589844,0.0
345.0448608398437,244.6433258056641,0.0
345.5448608398437,244.6434936523437,0.0
346.0448608398437,244.64366149902344,0.0
346.5448608398437,244.64382934570312,0.0
347.0448608398437,244.64401245117188,0.0
347.5448608398437,244.6441802978516,0.0
348.0448608398437,244.64434814453125,0.0
348.5448608398437,244.6445159912109,0.0
349.0448608398437,244.64468383789065,0.0
349.5448608398437,244.6448516845703,0.0
350.0448608398437,244.64503479003903,0.0
350.5448608398437,244.64520263671875,0.0
351.0448608398437,244.64537048339844,0.0
351.5448608398437,244.64553833007807,0.0
352.0448608398437,244.6457061767578,0.0
352.5448608398437,244.64588928222656,0.0
353.0448608398437,244.64605712890625,0.0
353.5448608398437,244.646224975586,0.0
354.0448608398437,244.6463928222656,0.0
354.5448608398437,244.6465606689453,0.0
355.0448608398437,244.646728515625,0.0
355.5448608398437,244.6469116210937,0.0
356.0448608398437,244.64707946777344,0.0
356.5448608398437,244.64724731445312,0.0
357.0448608398437,244.6474151611328,0.0
357.5448608398437,244.6475830078125,0.0
358.0448608398437,244.64776611328125,0.0
358.5448608398437,244.6479339599609,0.0
359.0448608398437,244.64810180664065,0.0
359.5448608398437,244.6482696533203,0.0
360.0448608398437,244.6484375,0.0
360.54486083984375,244.6486053466797,0.0
361.04486083984375,244.64878845214844,0.0
361.54486083984375,244.64895629882807,0.0
362.04486083984375,244.6491241455078,0.0
362.54486083984375,244.6492919921875,0.0
363.04486083984375,244.6494598388672,0.0
363.54486083984375,244.64962768554688,0.0
364.04486083984375,244.6498107910156,0.0
364.54486083984375,244.6499786376953,0.0
365.04486083984375,244.650146484375,0.0
365.54486083984375,244.6503143310547,0.0
366.04486083984375,244.6504821777344,0.0
366.54486083984375,244.65066528320312,0.0
367.04486083984375,244.6508331298828,0.0
367.54486083984375,244.6510009765625,0.0
368.04486083984375,244.6511688232422,0.0
368.54486083984375,244.65133666992188,0.0
369.04486083984375,244.6515045166016,0.0
369.54486083984375,244.6516876220703,0.0
370.04486083984375,244.65185546875,0.0
370.54486083984375,244.6520233154297,0.0
371.04486083984375,244.6521911621093,0.0
371.54486083984375,244.65235900878903,0.0
372.04486083984375,244.6525421142578,0.0
372.54486083984375,244.6527099609375,0.0
373.04486083984375,244.6528778076172,0.0
373.54486083984375,244.65304565429688,0.0
374.04486083984375,244.65321350097656,0.0
374.54486083984375,244.65338134765625,0.0
375.04486083984375,244.653564453125,0.0
375.54486083984375,244.6537322998047,0.0
376.04486083984375,244.6539001464844,0.0
376.54486083984375,244.6540679931641,0.0
377.04486083984375,244.6542358398437,0.0
377.54486083984375,244.65440368652344,0.0
378.04486083984375,244.6545867919922,0.0
378.54486083984375,244.65475463867188,0.0
379.04486083984375,244.6549224853516,0.0
379.54486083984375,244.65509033203125,0.0
380.04486083984375,244.6552581787109,0.0
380.54486083984375,244.6554412841797,0.0
381.04486083984375,244.6556091308593,0.0
381.54486083984375,244.65577697753903,0.0
382.04486083984375,244.65594482421875,0.0
382.54486083984375,244.65611267089844,0.0
383.04486083984375,244.65628051757807,0.0
383.54486083984375,244.65646362304688,0.0
384.04486083984375,244.65663146972656,0.0
384.54486083984375,244.65679931640625,0.0
385.04486083984375,244.656967163086,0.0
385.54486083984375,244.6571350097656,0.0
386.04486083984375,244.6573181152344,0.0
386.54486083984375,244.6574859619141,0.0
387.04486083984375,244.6576538085937,0.0
387.54486083984375,244.65782165527344,0.0
388.04486083984375,244.65798950195312,0.0
388.54486083984375,244.6581573486328,0.0
389.04486083984375,244.6583404541016,0.0
389.54486083984375,244.65850830078125,0.0
390.04486083984375,244.6586761474609,0.0
390.54486083984375,244.65884399414065,0.0
391.04486083984375,244.6590118408203,0.0
391.54486083984375,244.6591796875,0.0
392.04486083984375,244.65936279296875,0.0
392.54486083984375,244.65953063964844,0.0
393.04486083984375,244.65969848632807,0.0
393.54486083984375,244.6598663330078,0.0
394.04486083984375,244.6600341796875,0.0
394.54486083984375,244.66021728515625,0.0
395.04486083984375,244.660385131836,0.0
395.54486083984375,244.6605529785156,0.0
396.04486083984375,244.6607208251953,0.0
396.54486083984375,244.660888671875,0.0
397.04486083984375,244.6610565185547,0.0
397.54486083984375,244.66123962402344,0.0
398.04486083984375,244.66140747070312,0.0
398.54486083984375,244.6615753173828,0.0
399.04486083984375,244.6617431640625,0.0
399.54486083984375,244.6619110107422,0.0
400.04486083984375,244.6620941162109,0.0
400.54486083984375,244.66226196289065,0.0
401.04486083984375,244.6624298095703,0.0
401.54486083984375,244.66259765625,0.0
402.04486083984375,244.6627655029297,0.0
402.54486083984375,244.6629333496093,0.0
403.04486083984375,244.66311645507807,0.0
403.54486083984375,244.6632843017578,0.0
404.04486083984375,244.6634521484375,0.0
404.54486083984375,244.6636199951172,0.0
405.04486083984375,244.66378784179688,0.0
405.54486083984375,244.66395568847656,0.0
406.04486083984375,244.6641387939453,0.0
406.54486083984375,244.664306640625,0.0
407.04486083984375,244.6644744873047,0.0
407.54486083984375,244.6646423339844,0.0
408.04486083984375,244.6648101806641,0.0
408.54486083984375,244.6649932861328,0.0
409.04486083984375,244.6651611328125,0.0
409.54486083984375,244.6653289794922,0.0
410.04486083984375,244.66549682617188,0.0
410.54486083984375,244.6656646728516,0.0
411.04486083984375,244.66583251953125,0.0
411.54486083984375,244.666015625,0.0
412.04486083984375,244.6661834716797,0.0
412.54486083984375,244.6663513183593,0.0
413.04486083984375,244.66651916503903,0.0
413.54486083984375,244.66668701171875,0.0
414.04486083984375,244.6668701171875,0.0
414.54486083984375,244.6670379638672,0.0
415.04486083984375,244.66720581054688,0.0
415.54486083984375,244.66737365722656,0.0
416.04486083984375,244.66754150390625,0.0
416.54486083984375,244.667709350586,0.0
417.04486083984375,244.6678924560547,0.0
417.54486083984375,244.6680603027344,0.0
418.04486083984375,244.6682281494141,0.0
418.54486083984375,244.6683959960937,0.0
419.04486083984375,244.66856384277344,0.0
419.54486083984375,244.66873168945312,0.0
420.04486083984375,244.66891479492188,0.0
420.54486083984375,244.6690826416016,0.0
421.04486083984375,244.66925048828125,0.0
421.54486083984375,244.6694183349609,0.0
422.04486083984375,244.66958618164065,0.0
422.54486083984375,244.6697692871093,0.0
423.04486083984375,244.66993713378903,0.0
423.54486083984375,244.67010498046875,0.0
424.04486083984375,244.67027282714844,0.0
424.54486083984375,244.67044067382807,0.0
425.04486083984375,244.6706085205078,0.0
425.54486083984375,244.67079162597656,0.0
426.04486083984375,244.67095947265625,0.0
426.54486083984375,244.671127319336,0.0
427.04486083984375,244.6712951660156,0.0
427.54486083984375,244.6714630126953,0.0
428.04486083984375,244.6716461181641,0.0
428.54486083984375,244.6718139648437,0.0
429.04486083984375,244.67198181152344,0.0
429.54486083984375,244.67214965820312,0.0
430.04486083984375,244.6723175048828,0.0
430.54486083984375,244.6724853515625,0.0
431.04486083984375,244.67266845703125,0.0
431.54486083984375,244.6728363037109,0.0
432.04486083984375,244.67300415039065,0.0
432.54486083984375,244.6731719970703,0.0
433.04486083984375,244.67333984375,0.0
433.54486083984375,244.6735076904297,0.0
434.04486083984375,244.67369079589844,0.0
434.54486083984375,244.67385864257807,0.0
435.04486083984375,244.6740264892578,0.0
435.54486083984375,244.6741943359375,0.0
436.04486083984375,244.6743621826172,0.0
436.54486083984375,244.674545288086,0.0
437.04486083984375,244.6747131347656,0.0
437.54486083984375,244.6748809814453,0.0
438.04486083984375,244.675048828125,0.0
438.54486083984375,244.6752166748047,0.0
439.04486083984375,244.6753845214844,0.0
439.54486083984375,244.67556762695312,0.0
440.04486083984375,244.6757354736328,0.0
440.54486083984375,244.6759033203125,0.0
441.04486083984375,244.6760711669922,0.0
441.54486083984375,244.67623901367188,0.0
442.04486083984375,244.67642211914065,0.0
442.54486083984375,244.6765899658203,0.0
443.04486083984375,244.6767578125,0.0
443.54486083984375,244.6769256591797,0.0
444.04486083984375,244.6770935058593,0.0
444.54486083984375,244.67726135253903,0.0
445.04486083984375,244.6774444580078,0.0
445.54486083984375,244.6776123046875,0.0
446.04486083984375,244.6777801513672,0.0
446.54486083984375,244.67794799804688,0.0
447.04486083984375,244.67811584472656,0.0
447.54486083984375,244.67828369140625,0.0
448.04486083984375,244.678466796875,0.0
448.54486083984375,244.6786346435547,0.0
449.04486083984375,244.6788024902344,0.0
449.54486083984375,244.6789703369141,0.0
450.04486083984375,244.6791381835937,0.0
450.54486083984375,244.6793212890625,0.0
451.04486083984375,244.6794891357422,0.0
451.54486083984375,244.67965698242188,0.0
452.04486083984375,244.6798248291016,0.0
452.54486083984375,244.67999267578125,0.0
453.04486083984375,244.6801605224609,0.0
453.54486083984375,244.6803436279297,0.0
454.04486083984375,244.6805114746093,0.0
454.54486083984375,244.68067932128903,0.0
455.04486083984375,244.68084716796875,0.0
455.54486083984375,244.68101501464844,0.0
456.04486083984375,244.6811981201172,0.0
456.54486083984375,244.68136596679688,0.0
457.04486083984375,244.68153381347656,0.0
457.54486083984375,244.68170166015625,0.0
458.04486083984375,244.681869506836,0.0
458.54486083984375,244.6820373535156,0.0
459.04486083984375,244.6822204589844,0.0
459.54486083984375,244.6823883056641,0.0
460.04486083984375,244.6825561523437,0.0
460.54486083984375,244.68272399902344,0.0
461.04486083984375,244.68289184570312,0.0
461.54486083984375,244.6830596923828,0.0
462.04486083984375,244.6832427978516,0.0
462.54486083984375,244.68341064453125,0.0
463.04486083984375,244.6835784912109,0.0
463.54486083984375,244.68374633789065,0.0
464.04486083984375,244.6839141845703,0.0
464.54486083984375,244.68409729003903,0.0
465.04486083984375,244.68426513671875,0.0
465.54486083984375,244.68443298339844,0.0
466.04486083984375,244.68460083007807,0.0
466.54486083984375,244.6847686767578,0.0
467.04486083984375,244.6849365234375,0.0
467.54486083984375,244.68511962890625,0.0
468.04486083984375,244.685287475586,0.0
468.54486083984375,244.6854553222656,0.0
469.04486083984375,244.6856231689453,0.0
469.54486083984375,244.685791015625,0.0
470.04486083984375,244.6859741210937,0.0
470.54486083984375,244.68614196777344,0.0
471.04486083984375,244.68630981445312,0.0
471.54486083984375,244.6864776611328,0.0
472.04486083984375,244.6866455078125,0.0
472.54486083984375,244.6868133544922,0.0
473.04486083984375,244.6869964599609,0.0
473.54486083984375,244.68716430664065,0.0
474.04486083984375,244.6873321533203,0.0
474.54486083984375,244.6875,0.0
475.04486083984375,244.6876678466797,0.0
475.54486083984375,244.6878356933593,0.0
476.04486083984375,244.68801879882807,0.0
476.54486083984375,244.6881866455078,0.0
477.04486083984375,244.6883544921875,0.0
477.54486083984375,244.6885223388672,0.0
478.04486083984375,244.68869018554688,0.0
478.54486083984375,244.6888732910156,0.0
479.04486083984375,244.6890411376953,0.0
479.54486083984375,244.689208984375,0.0
480.04486083984375,244.6893768310547,0.0
480.54486083984375,244.6895446777344,0.0
481.04486083984375,244.6897125244141,0.0
481.54486083984375,244.6898956298828,0.0
482.04486083984375,244.6900634765625,0.0
482.54486083984375,244.6902313232422,0.0
483.04486083984375,244.69039916992188,0.0
483.54486083984375,244.6905670166016,0.0
484.04486083984375,244.6907501220703,0.0
484.54486083984375,244.69091796875,0.0
485.04486083984375,244.6910858154297,0.0
485.54486083984375,244.6912536621093,0.0
486.04486083984375,244.69142150878903,0.0
486.54486083984375,244.69158935546875,0.0
487.04486083984375,244.6917724609375,0.0
487.54486083984375,244.6919403076172,0.0
488.04486083984375,244.69210815429688,0.0
488.54486083984375,244.69227600097656,0.0
489.04486083984375,244.69244384765625,0.0
489.54486083984375,244.692611694336,0.0
490.04486083984375,244.6927947998047,0.0
490.54486083984375,244.6929626464844,0.0
491.04486083984375,244.6931304931641,0.0
491.54486083984375,244.6932983398437,0.0
492.04486083984375,244.69346618652344,0.0
492.54486083984375,244.6936492919922,0.0
493.04486083984375,244.69381713867188,0.0
493.54486083984375,244.6939849853516,0.0
494.04486083984375,244.69415283203125,0.0
494.54486083984375,244.6943206787109,0.0
495.04486083984375,244.69448852539065,0.0
495.54486083984375,244.6946716308593,0.0
496.04486083984375,244.69483947753903,0.0
496.54486083984375,244.69500732421875,0.0
497.04486083984375,244.69517517089844,0.0
497.54486083984375,244.69534301757807,0.0
498.04486083984375,244.6955108642578,0.0
498.54486083984375,244.69569396972656,0.0
499.04486083984375,244.69586181640625,0.0
499.54486083984375,244.696029663086,0.0
500.04486083984375,244.6961975097656,0.0
500.54486083984375,244.6963653564453,0.0
501.04486083984375,244.6965484619141,0.0
501.54486083984375,244.6967163085937,0.0
502.04486083984375,244.69688415527344,0.0
502.54486083984375,244.69705200195312,0.0
503.04486083984375,244.6972198486328,0.0
503.54486083984375,244.6973876953125,0.0
504.04486083984375,244.69757080078125,0.0
504.54486083984375,244.6977386474609,0.0
505.04486083984375,244.69790649414065,0.0
505.54486083984375,244.6980743408203,0.0
506.04486083984375,244.6982421875,0.0
506.54486083984375,244.69842529296875,0.0
507.04486083984375,244.69859313964844,0.0
507.54486083984375,244.69876098632807,0.0
508.04486083984375,244.6989288330078,0.0
508.54486083984375,244.6990966796875,0.0
509.04486083984375,244.6992645263672,0.0
509.54486083984375,244.699447631836,0.0
510.04486083984375,244.6996154785156,0.0
510.54486083984375,244.6997833251953,0.0
511.04486083984375,244.699951171875,0.0
511.54486083984375,244.7001190185547,0.0
512.0448608398438,244.7002868652344,0.0
512.5448608398438,244.70046997070312,0.0
513.0448608398438,244.7006378173828,0.0
513.5448608398438,244.7008056640625,0.0
514.0448608398438,244.7009735107422,0.0
514.5448608398438,244.70114135742188,0.0
515.0448608398438,244.70132446289065,0.0
515.5448608398438,244.7014923095703,0.0
516.0448608398438,244.70166015625,0.0
516.5448608398438,244.7018280029297,0.0
517.0448608398438,244.7019958496093,0.0
517.5448608398438,244.70216369628903,0.0
518.0448608398438,244.7023468017578,0.0
518.5448608398438,244.7025146484375,0.0
519.0448608398438,244.7026824951172,0.0
519.5448608398438,244.70285034179688,0.0
520.0448608398438,244.70301818847656,0.0
520.5448608398438,244.7032012939453,0.0
521.0448608398438,244.703369140625,0.0
521.5448608398438,244.7035369873047,0.0
522.0448608398438,244.7037048339844,0.0
522.5448608398438,244.7038726806641,0.0
523.0448608398438,244.7040405273437,0.0
523.5448608398438,244.7042236328125,0.0
524.0448608398438,244.7043914794922,0.0
524.5448608398438,244.70455932617188,0.0
525.0448608398438,244.7047271728516,0.0
525.5448608398438,244.70489501953125,0.0
526.0448608398438,244.7050628662109,0.0
526.5448608398438,244.7052459716797,0.0
527.0448608398438,244.7054138183593,0.0
527.5448608398438,244.70558166503903,0.0
528.0448608398438,244.70574951171875,0.0
528.5448608398438,244.70591735839844,0.0
529.0448608398438,244.7061004638672,0.0
529.5448608398438,244.70626831054688,0.0
530.0448608398438,244.70643615722656,0.0
530.5448608398438,244.70660400390625,0.0
531.0448608398438,244.706771850586,0.0
531.5448608398438,244.7069396972656,0.0
532.0448608398438,244.7071228027344,0.0
532.5448608398438,244.7072906494141,0.0
533.0448608398438,244.7074584960937,0.0
533.5448608398438,244.70762634277344,0.0
534.0448608398438,244.70779418945312,0.0
534.5448608398438,244.70797729492188,0.0
535.0448608398438,244.7081451416016,0.0
535.5448608398438,244.70831298828125,0.0
536.0448608398438,244.7084808349609,0.0
536.5448608398438,244.70864868164065,0.0
537.0448608398438,244.7088165283203,0.0
537.5448608398438,244.70899963378903,0.0
538.0448608398438,244.70916748046875,0.0
538.5448608398438,244.70933532714844,0.0
539.0448608398438,244.70950317382807,0.0
539.5448608398438,244.7096710205078,0.0
540.0448608398438,244.7098388671875,0.0
540.5448608398438,244.71002197265625,0.0
541.0448608398438,244.710189819336,0.0
541.5448608398438,244.7103576660156,0.0
542.0448608398438,244.7105255126953,0.0
542.5448608398438,244.710693359375,0.0
543.0448608398438,244.7108764648437,0.0
543.5448608398438,244.71104431152344,0.0
544.0448608398438,244.71121215820312,0.0
544.5448608398438,244.7113800048828,0.0
545.0448608398438,244.7115478515625,0.0
545.5448608398438,244.7117156982422,0.0
546.0448608398438,244.7118988037109,0.0
546.5448608398438,244.71206665039065,0.0
547.0448608398438,244.7122344970703,0.0
547.5448608398438,244.71240234375,0.0
548.0448608398438,244.7125701904297,0.0
548.5448608398438,244.71275329589844,0.0
549.0448608398438,244.71292114257807,0.0
549.5448608398438,244.7130889892578,0.0
550.0448608398438,244.7132568359375,0.0
550.5448608398438,244.7134246826172,0.0
551.0448608398438,244.71359252929688,0.0
551.5448608398438,244.7137756347656,0.0
552.0448608398438,244.7139434814453,0.0
552.5448608398438,244.714111328125,0.0
553.0448608398438,244.7142791748047,0.0
553.5448608398438,244.7144470214844,0.0
554.0448608398438,244.7146148681641,0.0
554.5448608398438,244.7147979736328,0.0
555.0448608398438,244.7149658203125,0.0
555.5448608398438,244.7151336669922,0.0
556.0448608398438,244.71530151367188,0.0
556.5448608398438,244.7154693603516,0.0
557.0448608398438,244.7156524658203,0.0
557.5448608398438,244.7158203125,0.0
558.0448608398438,244.7159881591797,0.0
558.5448608398438,244.7161560058593,0.0
559.0448608398438,244.71632385253903,0.0
559.5448608398438,244.71649169921875,0.0
560.0448608398438,244.7166748046875,0.0
560.5448608398438,244.7168426513672,0.0
561.0448608398438,244.71701049804688,0.0
561.5448608398438,244.71717834472656,0.0
562.0448608398438,244.71734619140625,0.0
562.5448608398438,244.717529296875,0.0
563.0448608398438,244.7176971435547,0.0
563.5448608398438,244.7178649902344,0.0
564.0448608398438,244.7180328369141,0.0
564.5448608398438,244.7182006835937,0.0
565.0448608398438,244.71836853027344,0.0
565.5448608398438,244.7185516357422,0.0
566.0448608398438,244.71871948242188,0.0
566.5448608398438,244.7188873291016,0.0
567.0448608398438,244.71905517578125,0.0
567.5448608398438,244.7192230224609,0.0
568.0448608398438,244.71939086914065,0.0
568.5448608398438,244.7195739746093,0.0
569.0448608398438,244.71974182128903,0.0
569.5448608398438,244.71990966796875,0.0
570.0448608398438,244.72007751464844,0.0
570.5448608398438,244.72024536132807,0.0
571.0448608398438,244.72042846679688,0.0
571.5448608398438,244.72059631347656,0.0
572.0448608398438,244.72076416015625,0.0
572.5448608398438,244.720932006836,0.0
573.0448608398438,244.7210998535156,0.0
573.5448608398438,244.7212677001953,0.0
574.0448608398438,244.7214508056641,0.0
574.5448608398438,244.7216186523437,0.0
575.0448608398438,244.72178649902344,0.0
575.5448608398438,244.72195434570312,0.0
576.0448608398438,244.7221221923828,0.0
576.5448608398438,244.7223052978516,0.0
577.0448608398438,244.72247314453125,0.0
577.5448608398438,244.7226409912109,0.0
578.0448608398438,244.72280883789065,0.0
578.5448608398438,244.7229766845703,0.0
579.0448608398438,244.72314453125,0.0
579.5448608398438,244.72332763671875,0.0
580.0448608398438,244.72349548339844,0.0
580.5448608398438,244.72366333007807,0.0
581.0448608398438,244.7238311767578,0.0
581.5448608398438,244.7239990234375,0.0
582.0448608398438,244.7241668701172,0.0
582.5448608398438,244.724349975586,0.0
583.0448608398438,244.7245178222656,0.0
583.5448608398438,244.7246856689453,0.0
584.0448608398438,244.724853515625,0.0
584.5448608398438,244.7250213623047,0.0
585.0448608398438,244.72520446777344,0.0
585.5448608398438,244.72537231445312,0.0
586.0448608398438,244.7255401611328,0.0
586.5448608398438,244.7257080078125,0.0
587.0448608398438,244.7258758544922,0.0
587.5448608398438,244.72604370117188,0.0
588.0448608398438,244.72622680664065,0.0
588.5448608398438,244.7263946533203,0.0
589.0448608398438,244.7265625,0.0
589.5448608398438,244.7267303466797,0.0
590.0448608398438,244.7268981933593,0.0
590.5448608398438,244.72708129882807,0.0
591.0448608398438,244.7272491455078,0.0
591.5448608398438,244.7274169921875,0.0
592.0448608398438,244.7275848388672,0.0
592.5448608398438,244.72775268554688,0.0
593.0448608398438,244.72792053222656,0.0
593.5448608398438,244.7281036376953,0.0
594.0448608398438,244.728271484375,0.0
594.5448608398438,244.7284393310547,0.0
595.0448608398438,244.7286071777344,0.0
595.5448608398438,244.7287750244141,0.0
596.0448608398438,244.7289428710937,0.0
596.5448608398438,244.7291259765625,0.0
597.0448608398438,244.7292938232422,0.0
597.5448608398438,244.72946166992188,0.0
598.0448608398438,244.7296295166016,0.0
598.5448608398438,244.72979736328125,0.0
599.0448608398438,244.72998046875,0.0
599.5702514648438,244.72903442382807,0.0
600.098876953125,244.72520446777344,0.0
600.6273193359375,244.7185211181641,0.0
601.1558837890625,244.70895385742188,0.0
601.6842651367188,244.69650268554688,0.0
602.212646484375,244.68116760253903,0.0
602.740966796875,244.66294860839844,0.0
603.2691040039062,244.6418609619141,0.0
603.7971801757812,244.617904663086,0.0
604.3250732421875,244.5910797119141,0.0
604.852783203125,244.5613708496093,0.0
605.38037109375,244.5287933349609,0.0
605.90771484375,244.4933319091797,0.0
606.4349975585938,244.4550170898437,0.0
606.9619750976562,244.413818359375,0.0
607.4887084960938,244.3697662353516,0.0
608.0151977539062,244.3228302001953,0.0
608.5414428710938,244.27305603027344,0.0
609.0674438476562,244.22036743164065,0.0
609.5930786132812,244.16485595703125,0.0
610.118408203125,244.10647583007807,0.0
610.6434326171875,244.0452117919922,0.0
611.1680908203125,243.9811248779297,0.0
611.6924438476562,243.91416931152344,0.0
612.2163696289062,243.84434509277344,0.0
612.739990234375,243.7716827392578,0.0
613.2631225585938,243.6961669921875,0.0
613.785888671875,243.6177978515625,0.0
614.3081665039062,243.53659057617188,0.0
614.830078125,243.4525451660156,0.0
615.3515014648438,243.3656463623047,0.0
615.8723754882812,243.27590942382807,0.0
616.3927612304688,243.183349609375,0.0
616.9127197265625,243.08795166015625,0.0
617.4320678710938,242.98974609375,0.0
617.950927734375,242.888671875,0.0
618.4691772460938,242.78482055664065,0.0
618.9868774414062,242.6781005859375,0.0
619.5040283203125,242.568588256836,0.0
620.0205078125,242.4562530517578,0.0
620.5364379882812,242.34112548828125,0.0
621.0516967773438,242.22317504882807,0.0
621.5663452148438,242.10243225097656,0.0
622.0802612304688,241.97886657714844,0.0
622.5934448242188,241.8525238037109,0.0
623.1060791015625,241.723388671875,0.0
623.6179809570312,241.59146118164065,0.0
624.1290283203125,241.45672607421875,0.0
624.6394653320312,241.3192443847656,0.0
625.1490478515625,241.178955078125,0.0
625.657958984375,241.03591918945312,0.0
626.1660766601562,240.89010620117188,0.0
626.6732788085938,240.74151611328125,0.0
627.1798095703125,240.5901794433593,0.0
627.6854248046875,240.4360809326172,0.0
628.190185546875,240.2792510986328,0.0
628.694091796875,240.11964416503903,0.0
629.1971435546875,239.95730590820312,0.0
629.6993408203125,239.7922515869141,0.0
630.2005004882812,239.6244354248047,0.0
630.7008666992188,239.4539031982422,0.0
631.2001953125,239.2806701660156,0.0
631.6986083984375,239.1046905517578,0.0
632.1961059570312,238.92599487304688,0.0
632.6926879882812,238.74462890625,0.0
633.1881103515625,238.5605316162109,0.0
633.6825561523438,238.37374877929688,0.0
634.1760864257812,238.1842803955078,0.0
634.66845703125,237.9921417236328,0.0
635.1598510742188,237.7972869873047,0.0
635.650146484375,237.59979248046875,0.0
636.139404296875,237.3996124267578,0.0
636.6275634765625,237.1967620849609,0.0
637.1145629882812,236.9912872314453,0.0
637.6004638671875,236.7831420898437,0.0
638.0850830078125,236.5723571777344,0.0
638.5687255859375,236.35894775390625,0.0
639.0511474609375,236.14288330078125,0.0
639.5323486328125,235.92420959472656,0.0
640.012451171875,235.7029266357422,0.0
640.4912719726562,235.47901916503903,0.0
640.9688110351562,235.2525329589844,0.0
641.4451904296875,235.0234222412109,0.0
641.9202880859375,234.791732788086,0.0
642.4209594726562,234.5429229736328,0.0
642.9324951171875,234.27993774414065,0.0
643.4402465820312,234.00962829589844,0.0
643.944091796875,233.73208618164065,0.0
644.4439086914062,233.44732666015625,0.0
644.9395141601562,233.1554718017578,0.0
645.4310302734375,232.8565368652344,0.0
645.9180908203125,232.5505828857422,0.0
646.4006958007812,232.2376708984375,0.0
646.8788452148438,231.9179077148437,0.0
647.3523559570312,231.59130859375,0.0
647.8211059570312,231.25796508789065,0.0
648.2850952148438,230.9179229736328,0.0
648.7440795898438,230.5712738037109,0.0
649.1981811523438,230.2181091308593,0.0
649.64697265625,229.85845947265625,0.0
650.0906982421875,229.49240112304688,0.0
650.5291748046875,229.1200408935547,0.0
650.9622192382812,228.741439819336,0.0
651.3897705078125,228.356674194336,0.0
651.8118286132812,227.9658050537109,0.0
652.2281494140625,227.56895446777344,0.0
652.6388549804688,227.16616821289065,0.0
653.0436401367188,226.75753784179688,0.0
653.4425659179688,226.3431396484375,0.0
653.8355102539062,225.923080444336,0.0
654.222412109375,225.4974365234375,0.0
654.6032104492188,225.06629943847656,0.0
654.977783203125,224.62974548339844,0.0
655.3460083007812,224.1878662109375,0.0
655.7079467773438,223.7407684326172,0.0
656.0633544921875,223.2885131835937,0.0
656.4122314453125,222.83120727539065,0.0
656.754638671875,222.3689727783203,0.0
657.0902709960938,221.90187072753903,0.0
657.4192504882812,221.42999267578125,0.0
657.7413940429688,220.9534606933593,0.0
658.0567626953125,220.47238159179688,0.0
658.3651733398438,219.98683166503903,0.0
658.66650390625,219.49688720703125,0.0
658.9608764648438,219.0027008056641,0.0
659.248046875,218.5043487548828,0.0
659.5281372070312,218.0019073486328,0.0
659.8009643554688,217.4955139160156,0.0
660.0665283203125,216.9852752685547,0.0
660.32470703125,216.4712829589844,0.0
660.5755615234375,215.95362854003903,0.0
660.8189697265625,215.4324493408203,0.0
661.0548095703125,214.9078369140625,0.0
661.283203125,214.37989807128903,0.0
661.5039672851562,213.84873962402344,0.0
661.7171020507812,213.31446838378903,0.0
661.9225463867188,212.77720642089844,0.0
662.1202392578125,212.23703002929688,0.0
662.310302734375,211.69412231445312,0.0
662.4924926757812,211.1485137939453,0.0
662.666748046875,210.6003570556641,0.0
662.833251953125,210.04977416992188,0.0
662.9918823242188,209.4968414306641,0.0
663.1425170898438,208.94171142578125,0.0
663.28515625,208.3844757080078,0.0
663.4197998046875,207.82525634765625,0.0
663.5464477539062,207.2641448974609,0.0
663.6650390625,206.7012939453125,0.0
663.7755126953125,206.1367950439453,0.0
663.8780517578125,205.57077026367188,0.0
663.9722900390625,205.0033569335937,0.0
664.0584106445312,204.43463134765625,0.0
664.1364135742188,203.86474609375,0.0
664.206298828125,203.2937774658203,0.0
664.2678833007812,202.72186279296875,0.0
664.3213500976562,202.14913940429688,0.0
664.3665161132812,201.5757293701172,0.0
664.403564453125,201.001708984375,0.0
664.432373046875,200.42721557617188,0.0
664.4529418945312,199.8523712158203,0.0
664.4652099609375,199.2772979736328,0.0
664.4711303710938,198.7594757080078,0.0
664.4765625,198.259506225586,0.0
664.48193359375,197.7595367431641,0.0
664.4873657226562,197.2595672607422,0.0
664.4927978515625,196.7595977783203,0.0
664.4982299804688,196.25962829589844,0.0
664.503662109375,195.75965881347656,0.0
664.5090942382812,195.2596893310547,0.0
664.5145263671875,194.7597198486328,0.0
664.5198974609375,194.2597503662109,0.0
664.5253295898438,193.75978088378903,0.0
664.53076171875,193.2598114013672,0.0
664.5361938476562,192.7598419189453,0.0
664.5416259765625,192.25987243652344,0.0
664.5470581054688,191.7598876953125,0.0
664.5524291992188,191.25991821289065,0.0
664.557861328125,190.75994873046875,0.0
664.5632934570312,190.25997924804688,0.0
664.5687255859375,189.760009765625,0.0
664.5741577148438,189.26004028320312,0.0
664.57958984375,188.76007080078125,0.0
664.5850219726562,188.2601013183593,0.0
664.5903930664062,187.7601318359375,0.0
664.5958251953125,187.2601623535156,0.0
664.6012573242188,186.7601928710937,0.0
664.606689453125,186.26022338867188,0.0
664.6121215820312,185.76025390625,0.0
664.6175537109375,185.26028442382807,0.0
664.6229248046875,184.7602996826172,0.0
664.6283569335938,184.2603302001953,0.0
664.6337890625,183.76036071777344,0.0
664.6392211914062,183.2603912353516,0.0
664.6446533203125,182.7604217529297,0.0
664.6500854492188,182.2604522705078,0.0
664.6554565429688,181.760482788086,0.0
664.660888671875,181.2605133056641,0.0
664.6663208007812,180.7605438232422,0.0
664.6717529296875,180.2605743408203,0.0
664.6771850585938,179.76060485839844,0.0
664.6826171875,179.26063537597656,0.0
664.6880493164062,178.7606658935547,0.0
664.6934814453125,178.26022338867188,0.0
664.6988525390625,177.76025390625,0.0
664.7042846679688,177.26028442382812,0.0
664.709716796875,176.7602996826172,0.0
664.7151489257812,176.2603302001953,0.0
664.7205810546875,175.76036071777344,0.0
664.7260131835938,175.26039123535156,0.0
664.7313842773438,174.7604217529297,0.0
664.73681640625,174.2604522705078,0.0
664.7422485351562,173.76048278808594,0.0
664.7476806640625,173.26051330566406,0.0
664.7531127929688,172.7605438232422,0.0
664.758544921875,172.2605743408203,0.0
664.7639770507812,171.76060485839844,0.0
664.7693481445312,171.26063537597656,0.0
664.7747802734375,170.7606658935547,0.0
664.7802124023438,170.26068115234375,0.0
664.78564453125,169.76071166992188,0.0
664.7910766601562,169.2607421875,0.0
664.7965087890625,168.76077270507812,0.0
664.8018798828125,168.26080322265625,0.0
664.8073120117188,167.76083374023438,0.0
664.812744140625,167.2608642578125,0.0
664.8181762695312,166.76089477539062,0.0
664.8236083984375,166.26092529296875,0.0
664.8290405273438,165.76095581054688,0.0
664.83447265625,165.260986328125,0.0
664.83984375,164.76101684570312,0.0
664.8452758789062,164.26104736328125,0.0
664.8507080078125,163.76107788085938,0.0
664.8561401367188,163.2611083984375,0.0
664.861572265625,162.76113891601562,0.0
664.8670043945312,162.26116943359375,0.0
664.8723754882812,161.76119995117188,0.0
664.8778076171875,161.26123046875,0.0
664.8832397460938,160.76126098632812,0.0
664.888671875,160.26129150390625,0.0
664.8941040039062,159.7613067626953,0.0
664.8995361328125,159.26133728027344,0.0
664.9049682617188,158.76136779785156,0.0
664.9103393554688,158.2613983154297,0.0
664.915771484375,157.7614288330078,0.0
664.9212036132812,157.26145935058594,0.0
664.9266357421875,156.76148986816406,0.0
664.9320678710938,156.2615203857422,0.0
664.9375,155.7615509033203,0.0
664.94287109375,155.26158142089844,0.0
664.9483032226562,154.7615966796875,0.0
664.9537353515625,154.26162719726562,0.0
664.9591674804688,153.76165771484375,0.0
664.964599609375,153.26168823242188,0.0
664.9700317382812,152.76171875,0.0
664.9754638671875,152.26174926757812,0.0
664.9808349609375,151.76177978515625,0.0
664.9862670898438,151.26181030273438,0.0
664.99169921875,150.7618408203125,0.0
664.9971313476562,150.26187133789062,0.0
665.0025634765625,149.76190185546875,0.0
665.0079956054688,149.26193237304688,0.0
665.0133666992188,148.761962890625,0.0
665.018798828125,148.26199340820312,0.0
665.0242309570312,147.76202392578125,0.0
665.0296630859375,147.26205444335938,0.0
665.0350952148438,146.76206970214844,0.0
665.04052734375,146.26210021972656,0.0
665.0459594726562,145.7621307373047,0.0
665.0513305664062,145.2621612548828,0.0
665.0567626953125,144.76219177246094,0.0
665.0621948242188,144.26222229003906,0.0
665.067626953125,143.7622528076172,0.0
665.0730590820312,143.2622833251953,0.0
665.0784912109375,142.76231384277344,0.0
665.0838623046875,142.26234436035156,0.0
665.0892944335938,141.7623748779297,0.0
665.0947265625,141.2624053955078,0.0
665.1001586914062,140.76242065429688,0.0
665.1055908203125,140.262451171875,0.0
665.1110229492188,139.76248168945312,0.0
665.1163940429688,139.26251220703125,0.0
665.121826171875,138.76254272460938,0.0
665.1272583007812,138.2625732421875,0.0
665.1326904296875,137.76260375976562,0.0
665.1381225585938,137.26263427734375,0.0
665.1435546875,136.76266479492188,0.0
665.1489868164062,136.2626953125,0.0
665.1543579101562,135.76272583007812,0.0
665.1597900390625,135.26275634765625,0.0
665.1652221679688,134.76278686523438,0.0
665.170654296875,134.2628173828125,0.0
665.1760864257812,133.76284790039062,0.0
665.1815185546875,133.2628631591797,0.0
665.1868896484375,132.7628936767578,0.0
665.1923217773438,132.26292419433594,0.0
665.19775390625,131.76295471191406,0.0
665.2031860351562,131.2629852294922,0.0
665.2086181640625,130.7630157470703,0.0
665.2140502929688,130.26304626464844,0.0
665.219482421875,129.76307678222656,0.0
665.224853515625,129.2631072998047,0.0
665.2302856445312,128.7631378173828,0.0
665.2357177734375,128.26316833496094,0.0
665.2411499023438,127.76318359375,0.0
665.24658203125,127.26321411132812,0.0
665.2520141601562,126.76324462890624,0.0
665.2573852539062,126.26327514648438,0.0
665.2628173828125,125.7633056640625,0.0
665.2682495117188,125.26333618164062,0.0
665.273681640625,124.76335906982422,0.0
665.2791137695312,124.26338958740234,0.0
665.2845458984375,123.76342010498048,0.0
665.2899780273438,123.2634506225586,0.0
665.2953491210938,122.76348114013672,0.0
665.30078125,122.26351165771484,0.0
665.3062133789062,121.76354217529295,0.0
665.3116455078125,121.26356506347656,0.0
665.3170776367188,120.76359558105467,0.0
665.3224487304688,120.2636260986328,0.0
665.327880859375,119.76365661621094,0.0
665.3333129882812,119.26368713378906,0.0
665.3387451171875,118.76371002197266,0.0
665.3441772460938,118.26374053955078,0.0
665.3495483398438,117.7637710571289,0.0
665.35498046875,117.26380157470705,0.0
665.3604125976562,116.76383209228516,0.0
665.3658447265625,116.26386260986328,0.0
665.3712768554688,115.7638931274414,0.0
665.376708984375,115.26392364501952,0.0
665.3821411132812,114.76395416259766,0.0
665.3875122070312,114.26398468017578,0.0
665.3929443359375,113.76400756835938,0.0
665.3983764648438,113.2640380859375,0.0
665.40380859375,112.76406860351562,0.0
665.4092407226562,112.26409912109376,0.0
665.4146728515625,111.76412200927734,0.0
665.4200439453125,111.26415252685548,0.0
665.4254760742188,110.7641830444336,0.0
665.430908203125,110.26421356201172,0.0
665.4363403320312,109.76424407958984,0.0
665.4417724609375,109.26427459716795,0.0
665.4472045898438,108.7643051147461,0.0
665.45263671875,108.26433563232422,0.0
665.4580078125,107.76436614990234,0.0
665.4634399414062,107.26439666748048,0.0
665.4688720703125,106.76441955566406,0.0
665.4743041992188,106.2644500732422,0.0
665.479736328125,105.76448059082033,0.0
665.4851684570312,105.2645034790039,0.0
665.4905395507812,104.76453399658205,0.0
665.4959716796875,104.26456451416016,0.0
665.5014038085938,103.76459503173828,0.0
665.5068359375,103.2646255493164,0.0
665.5122680664062,102.76465606689452,0.0
665.5177001953125,102.26468658447266,0.0
665.5231323242188,101.76471710205078,0.0
665.5285034179688,101.2647476196289,0.0
665.533935546875,100.76477813720705,0.0
665.5393676757812,100.26480865478516,0.0
665.5447998046875,99.76483154296876,0.0
665.5502319335938,99.26486206054688,0.0
665.5556640625,98.764892578125,0.0
665.56103515625,98.26492309570312,0.0
665.5664672851562,97.76494598388672,0.0
665.5718994140625,97.26497650146484,0.0
665.5773315429688,96.76500701904295,0.0
665.582763671875,96.2650375366211,0.0
665.5881958007812,95.76506805419922,0.0
665.5935668945312,95.26509857177734,0.0
665.5989990234375,94.76512908935548,0.0
665.6044311523438,94.2651596069336,0.0
665.60986328125,93.7651824951172,0.0
665.6152954101562,93.26521301269533,0.0
665.6207275390625,92.76524353027344,0.0
665.6261596679688,92.26527404785156,0.0
665.6315307617188,91.76530456542967,0.0
665.636962890625,91.2653350830078,0.0
665.6423950195312,90.7653579711914,0.0
665.6478271484375,90.26538848876952,0.0
665.6532592773438,89.76541900634766,0.0
665.65869140625,89.26544952392578,0.0
665.6640625,88.7654800415039,0.0
665.6694946289062,88.26551055908203,0.0
665.6749267578125,87.76554107666016,0.0
665.6803588867188,87.26557159423828,0.0
665.685791015625,86.76559448242188,0.0
665.6912231445312,86.265625,0.0
665.6966552734375,85.76565551757812,0.0
665.7020263671875,85.26568603515625,0.0
665.7074584960938,84.76571655273438,0.0
665.712890625,84.26573944091797,0.0
665.7183227539062,83.7657699584961,0.0
665.7237548828125,83.26580047607422,0.0
665.7291870117188,82.76583099365234,0.0
665.7345581054688,82.26586151123047,0.0
665.739990234375,81.7658920288086,0.0
665.7454223632812,81.26592254638672,0.0
665.7508544921875,80.76595306396484,0.0
665.7562866210938,80.26597595214844,0.0
665.76171875,79.76600646972656,0.0
665.7671508789062,79.26603698730469,0.0
665.7725219726562,78.76606750488281,0.0
665.7779541015625,78.26609802246094,0.0
665.7833862304688,77.76612854003906,0.0
665.788818359375,77.26615142822266,0.0
665.7942504882812,76.76618194580078,0.0
665.7996826171875,76.2662124633789,0.0
665.8050537109375,75.76624298095703,0.0
665.8104858398438,75.26627349853516,0.0
665.81591796875,74.76630401611328,0.0
665.8213500976562,74.2663345336914,0.0
665.8267822265625,73.76636505126953,0.0
665.8322143554688,73.26638793945312,0.0
665.837646484375,72.76641845703125,0.0
665.843017578125,72.26644897460938,0.0
665.8484497070312,71.7664794921875,0.0
665.8538818359375,71.26651000976562,0.0
665.8593139648438,70.76654052734375,0.0
665.86474609375,70.26656341552734,0.0
665.8701782226562,69.76659393310547,0.0
665.8755493164062,69.2666244506836,0.0
665.8809814453125,68.76665496826172,0.0
665.8864135742188,68.26668548583984,0.0
665.8917846679688,67.75745391845703,0.0
665.8955688476562,67.23918914794922,0.0
665.8975219726562,66.72090148925781,0.0
665.8978271484375,66.20262145996094,0.0
665.8961791992188,65.6843490600586,0.0
665.8927001953125,65.16606903076172,0.0
665.8875122070312,64.64781188964844,0.0
665.8804931640625,64.12957763671875,0.0
665.8716430664062,63.61137390136719,0.0
665.8610229492188,63.09320068359375,0.0
665.8485717773438,62.57506561279297,0.0
665.8343505859375,62.05698013305664,0.0
665.8182983398438,61.538944244384766,0.0
665.8004150390625,61.02096939086914,0.0
665.78076171875,60.5030632019043,0.0
665.7593383789062,59.98522186279297,0.0
665.736083984375,59.46746444702149,0.0
665.7109985351562,58.94978713989258,0.0
665.68408203125,58.43219757080078,0.0
665.6554565429688,57.91471099853516,0.0
665.625,57.3973274230957,0.0
665.5927734375,56.88004684448242,0.0
665.5586547851562,56.36288833618164,0.0
665.5228271484375,55.84584426879883,0.0
665.485107421875,55.32893371582031,0.0
665.4456176757812,54.812156677246094,0.0
665.4043579101562,54.2955207824707,0.0
665.3612670898438,53.77903366088867,0.0
665.31640625,53.2626953125,0.0
665.2697143554688,52.74651718139648,0.0
665.2212524414062,52.230506896972656,0.0
665.1710205078125,51.71467208862305,0.0
665.1189575195312,51.19900894165039,0.0
665.0651245117188,50.68352890014648,0.0
665.0093994140625,50.168243408203125,0.0
664.9520263671875,49.65315246582031,0.0
664.8927612304688,49.13826751708984,0.0
664.831787109375,48.62359237670898,0.0
664.7688598632812,48.10912704467773,0.0
664.7042846679688,47.59488677978516,0.0
664.637939453125,47.08087921142578,0.0
664.5697631835938,46.56710052490234,0.0
664.499755859375,46.05356597900391,0.0
664.4279174804688,45.54027938842773,0.0
664.3544311523438,45.02723693847656,0.0
664.279052734375,44.51446533203125,0.0
664.2019653320312,44.001949310302734,0.0
664.123046875,43.489707946777344,0.0
664.0423583984375,42.97774887084961,0.0
663.9598388671875,42.4660758972168,0.0
663.8755493164062,41.95468521118164,0.0
663.7896118164062,41.4435920715332,0.0
663.7017211914062,40.93280792236328,0.0
663.612060546875,40.42232131958008,0.0
663.520751953125,39.91216278076172,0.0
663.4276733398438,39.40231323242188,0.0
663.3327026367188,38.89280319213867,0.0
663.2359619140625,38.38361740112305,0.0
663.1375122070312,37.87477493286133,0.0
663.0372924804688,37.36628341674805,0.0
662.935302734375,36.85813522338867,0.0
662.8314819335938,36.35034942626953,0.0
662.7259521484375,35.84293746948242,0.0
662.6185913085938,35.335880279541016,0.0
662.509521484375,34.82920837402344,0.0
662.398681640625,34.32291793823242,0.0
662.2860717773438,33.817012786865234,0.0
662.1716918945312,33.31150817871094,0.0
662.0556640625,32.80640411376953,0.0
661.9376831054688,32.30170440673828,0.0
661.8180541992188,31.797422409057617,0.0
661.6966552734375,31.29355812072754,0.0
661.5735473632812,30.79011917114257,0.0
661.4486083984375,30.28711700439453,0.0
661.3219604492188,29.784547805786133,0.0
661.193603515625,29.282421112060547,0.0
661.0634155273438,28.780746459960938,0.0
660.9314575195312,28.279529571533203,0.0
660.7978515625,27.77877426147461,0.0
660.6625366210938,27.278488159179688,0.0
660.5253295898438,26.778675079345703,0.0
660.3864135742188,26.27934455871582,0.0
660.245849609375,25.78049659729004,0.0
660.103515625,25.28214263916016,0.0
659.95947265625,24.784290313720703,0.0
659.8136596679688,24.286941528320312,0.0
659.6660766601562,23.790102005004883,0.0
659.516845703125,23.29378128051757,0.0
659.3658447265625,22.79798126220703,0.0
659.2130737304688,22.30271339416504,0.0
659.0586547851562,21.80797576904297,0.0
658.9024658203125,21.31378173828125,0.0
658.74462890625,20.82013893127441,0.0
658.5850219726562,20.327043533325195,0.0
658.4236450195312,19.83450698852539,0.0
658.2606201171875,19.3425350189209,0.0
658.0958862304688,18.851137161254883,0.0
657.9293823242188,18.36031150817871,0.0
657.76123046875,17.870071411132812,0.0
657.5914306640625,17.380416870117188,0.0
657.4197998046875,16.891359329223633,0.0
657.2465209960938,16.402904510498047,0.0
657.071533203125,15.915051460266112,0.0
656.8948364257812,15.427812576293944,0.0
656.7164306640625,14.941195487976074,0.0
656.5364379882812,14.455198287963867,0.0
656.3546752929688,13.969833374023438,0.0
656.171142578125,13.485103607177734,0.0
655.986083984375,13.001015663146973,0.0
655.7991943359375,12.517573356628418,0.0
655.591796875,11.993021965026855,0.0
655.3779296875,11.470840454101562,0.0
655.1575927734375,10.951318740844728,0.0
654.930908203125,10.434534072875977,0.0
654.6979370117188,9.920564651489258,0.0
654.458740234375,9.409488677978516,0.0
654.2132568359375,8.90138053894043,0.0
653.9614868164062,8.396316528320312,0.0
653.7036743164062,7.894375801086426,0.0
653.4396362304688,7.395629405975342,0.0
653.1695556640625,6.900156021118164,0.0
652.8934326171875,6.408029079437256,0.0
652.6112670898438,5.919318675994873,0.0
652.3231201171875,5.434102535247803,0.0
652.0291137695312,4.952452182769775,0.0
651.7291870117188,4.4744391441345215,0.0
651.4234619140625,4.000135898590088,0.0
651.1119995117188,3.529611587524414,0.0
650.794677734375,3.062940120697021,0.0
650.4716796875,2.600191116333008,0.0
650.1431274414062,2.141431331634521,0.0
649.8089599609375,1.6867303848266602,0.0
649.4691772460938,1.236158847808838,0.0
649.1239624023438,0.7897810935974121,0.0
648.7732543945312,0.3476672172546386,0.0
648.4171752929688,-0.0901174545288086,0.0
648.0557861328125,-0.5235080718994141,0.0
647.6890258789062,-0.9524412155151368,0.0
647.317138671875,-1.3768486976623535,0.0
646.9400634765625,-1.7966694831848145,0.0
646.5579223632812,-2.2118382453918457,0.0
646.1705932617188,-2.62229585647583,0.0
645.7783813476562,-3.0279786586761475,0.0
645.3812255859375,-3.4288272857666016,0.0
644.9790649414062,-3.824779272079468,0.0
644.5722045898438,-4.215775489807129,0.0
644.1605834960938,-4.601759910583496,0.0
643.7442016601562,-4.982671737670898,0.0
643.3232421875,-5.358456611633301,0.0
642.8976440429688,-5.7290544509887695,0.0
642.4675903320312,-6.094413757324219,0.0
642.0330810546875,-6.454476833343506,0.0
641.5941772460938,-6.809189796447754,0.0
641.1510009765625,-7.158501625061035,0.0
640.7035522460938,-7.502357006072998,0.0
640.2520141601562,-7.840705394744873,0.0
639.7962036132812,-8.17349910736084,0.0
639.33642578125,-8.500683784484863,0.0
638.8726806640625,-8.822211265563965,0.0
638.405029296875,-9.138033866882324,0.0
637.9335327148438,-9.448105812072754,0.0
637.4583129882812,-9.75238037109375,0.0
636.9793701171875,-10.050809860229492,0.0
636.496826171875,-10.34334945678711,0.0
636.0106811523438,-10.629956245422363,0.0
635.5211181640625,-10.910587310791016,0.0
635.0281982421875,-11.185198783874512,0.0
634.5318603515625,-11.453753471374512,0.0
634.0322875976562,-11.71620750427246,0.0
633.529541015625,-11.972521781921388,0.0
633.023681640625,-12.222658157348633,0.0
632.5148315429688,-12.466581344604492,0.0
632.0030517578125,-12.704254150390623,0.0
631.4883422851562,-12.935640335083008,0.0
630.9708862304688,-13.160701751708984,0.0
630.45068359375,-13.379409790039062,0.0
629.9277954101562,-13.59172821044922,0.0
629.4024047851562,-13.797625541687012,0.0
628.87451171875,-13.997072219848633,0.0
628.34423828125,-14.19003677368164,0.0
627.8116455078125,-14.37649154663086,0.0
627.2767333984375,-14.556407928466797,0.0
626.73974609375,-14.72976303100586,0.0
626.2006225585938,-14.896522521972656,0.0
625.6595458984375,-15.056668281555176,0.0
625.1165161132812,-15.210174560546877,0.0
624.5716552734375,-15.357013702392578,0.0
624.0250244140625,-15.497169494628906,0.0
623.4767456054688,-15.630621910095217,0.0
622.9268798828125,-15.757346153259276,0.0
622.3754272460938,-15.87732219696045,0.0
621.8225708007812,-15.99053955078125,0.0
621.2684326171875,-16.09697723388672,0.0
620.712890625,-16.19661521911621,0.0
620.1563720703125,-16.289443969726562,0.0
619.5986328125,-16.375446319580078,0.0
619.0399169921875,-16.454608917236328,0.0
618.4802856445312,-16.526926040649414,0.0
617.9197998046875,-16.59238052368164,0.0
617.3585205078125,-16.650962829589844,0.0
616.7965698242188,-16.702667236328125,0.0
616.2340698242188,-16.74748420715332,0.0
615.6710205078125,-16.7854061126709,0.0
615.1076049804688,-16.816429138183594,0.0
614.5437622070312,-16.84054946899414,0.0
613.979736328125,-16.85776138305664,0.0
613.41552734375,-16.868064880371094,0.0
612.8902587890625,-16.872440338134766,0.0
612.3902587890625,-16.876100540161133,0.0
611.8902587890625,-16.8797607421875,0.0
611.3902587890625,-16.883420944213867,0.0
610.8903198242188,-16.887081146240234,0.0
610.3903198242188,-16.8907413482666,0.0
609.8903198242188,-16.89440155029297,0.0
609.3903198242188,-16.898061752319336,0.0
608.890380859375,-16.901721954345703,0.0
608.390380859375,-16.90538215637207,0.0
607.890380859375,-16.909042358398438,0.0
607.390380859375,-16.912702560424805,0.0
606.890380859375,-16.916362762451172,0.0
606.3904418945312,-16.920021057128906,0.0
605.8904418945312,-16.923681259155273,0.0
605.3904418945312,-16.92734146118164,0.0
604.8904418945312,-16.931001663208008,0.0
604.3905029296875,-16.934661865234375,0.0
603.8905029296875,-16.938322067260742,0.0
603.3905029296875,-16.94198226928711,0.0
602.8905029296875,-16.945642471313477,0.0
602.3905029296875,-16.949302673339844,0.0
601.8905639648438,-16.95296287536621,0.0
601.3905639648438,-16.956623077392578,0.0
600.8905639648438,-16.960283279418945,0.0
600.3905639648438,-16.963943481445312,0.0
599.890625,-16.96760368347168,0.0
599.390625,-16.971263885498047,0.0
598.890625,-16.974924087524414,0.0
598.390625,-16.97858238220215,0.0
597.890625,-16.982242584228516,0.0
597.3906860351562,-16.985902786254883,0.0
596.8906860351562,-16.98956298828125,0.0
596.3906860351562,-16.993223190307617,0.0
595.8906860351562,-16.996883392333984,0.0
595.3907470703125,-17.00054359436035,0.0
594.8907470703125,-17.00420379638672,0.0
594.3907470703125,-17.007863998413086,0.0
593.8907470703125,-17.011524200439453,0.0
593.3907470703125,-17.01518440246582,0.0
592.8908081054688,-17.018844604492188,0.0
592.3908081054688,-17.022504806518555,0.0
591.8908081054688,-17.026165008544922,0.0
591.3908081054688,-17.02982521057129,0.0
590.8908081054688,-17.033485412597656,0.0
590.390869140625,-17.03714370727539,0.0
589.890869140625,-17.040803909301758,0.0
589.390869140625,-17.044464111328125,0.0
588.890869140625,-17.048124313354492,0.0
588.3909301757812,-17.05178451538086,0.0
587.8909301757812,-17.055444717407227,0.0
587.3909301757812,-17.059104919433594,0.0
586.8909301757812,-17.06276512145996,0.0
586.3909301757812,-17.066425323486328,0.0
585.8909912109375,-17.070085525512695,0.0
585.3909912109375,-17.073745727539062,0.0
584.8909912109375,-17.07740592956543,0.0
584.3909912109375,-17.081066131591797,0.0
583.8910522460938,-17.084726333618164,0.0
583.3910522460938,-17.08838653564453,0.0
582.8910522460938,-17.0920467376709,0.0
582.3910522460938,-17.095705032348633,0.0
581.8910522460938,-17.099365234375,0.0
581.39111328125,-17.103025436401367,0.0
580.89111328125,-17.106685638427734,0.0
580.39111328125,-17.1103458404541,0.0
579.89111328125,-17.11400604248047,0.0
579.3911743164062,-17.117666244506836,0.0
578.8911743164062,-17.121326446533203,0.0
578.3911743164062,-17.12498664855957,0.0
577.8911743164062,-17.128646850585938,0.0
577.3911743164062,-17.132307052612305,0.0
576.8912353515625,-17.135967254638672,0.0
576.3912353515625,-17.13962745666504,0.0
575.8912353515625,-17.143287658691406,0.0
575.3912353515625,-17.146947860717773,0.0
574.8912353515625,-17.15060806274414,0.0
574.3912963867188,-17.154266357421875,0.0
573.8912963867188,-17.157926559448242,0.0
573.3912963867188,-17.16158676147461,0.0
572.8912963867188,-17.165246963500977,0.0
572.391357421875,-17.168907165527344,0.0
571.891357421875,-17.17256736755371,0.0
571.391357421875,-17.176227569580078,0.0
570.891357421875,-17.179887771606445,0.0
570.391357421875,-17.183547973632812,0.0
569.8914184570312,-17.18720817565918,0.0
569.3914184570312,-17.190868377685547,0.0
568.8914184570312,-17.194528579711914,0.0
568.3914184570312,-17.19818878173828,0.0
567.8914794921875,-17.20184898376465,0.0
567.3914794921875,-17.205509185791016,0.0
566.8914794921875,-17.20916748046875,0.0
566.3914794921875,-17.212827682495117,0.0
565.8914794921875,-17.216487884521484,0.0
565.3915405273438,-17.22014808654785,0.0
564.8915405273438,-17.22380828857422,0.0
564.3915405273438,-17.227468490600586,0.0
563.8915405273438,-17.231128692626953,0.0
563.3916015625,-17.23478889465332,0.0
562.8916015625,-17.238449096679688,0.0
562.3916015625,-17.242109298706055,0.0
561.8916015625,-17.245769500732422,0.0
561.3916015625,-17.24942970275879,0.0
560.8916625976562,-17.253089904785156,0.0
560.3916625976562,-17.256750106811523,0.0
559.8916625976562,-17.26041030883789,0.0
559.3916625976562,-17.264070510864258,0.0
558.8917236328125,-17.267728805541992,0.0
558.3917236328125,-17.27138900756836,0.0
557.8917236328125,-17.275049209594727,0.0
557.3917236328125,-17.278709411621094,0.0
556.8917236328125,-17.28236961364746,0.0
556.3917846679688,-17.286029815673828,0.0
555.8917846679688,-17.289690017700195,0.0
555.3917846679688,-17.293350219726562,0.0
554.8917846679688,-17.29701042175293,0.0
554.391845703125,-17.300670623779297,0.0
553.891845703125,-17.304330825805664,0.0
553.391845703125,-17.30799102783203,0.0
552.891845703125,-17.3116512298584,0.0
552.391845703125,-17.315311431884766,0.0
551.8919067382812,-17.318971633911133,0.0
551.3919067382812,-17.3226318359375,0.0
550.8919067382812,-17.326290130615234,0.0
550.3919067382812,-17.3299503326416,0.0
549.887451171875,-17.33344841003418,0.0
549.3821411132812,-17.336469650268555,0.0
548.8768920898438,-17.33896827697754,0.0
548.3716430664062,-17.340972900390625,0.0
547.8663940429688,-17.342453002929688,0.0
547.364990234375,-17.343582153320312,0.0
546.864990234375,-17.34467315673828,0.0
546.364990234375,-17.345766067504883,0.0
545.864990234375,-17.34685707092285,0.0
545.364990234375,-17.347949981689453,0.0
544.864990234375,-17.349040985107422,0.0
544.364990234375,-17.35013198852539,0.0
543.864990234375,-17.351224899291992,0.0
543.364990234375,-17.35231590270996,0.0
542.864990234375,-17.35340690612793,0.0
542.364990234375,-17.35449981689453,0.0
541.864990234375,-17.3555908203125,0.0
541.364990234375,-17.3566837310791,0.0
540.864990234375,-17.35777473449707,0.0
540.364990234375,-17.35886573791504,0.0
539.864990234375,-17.35995864868164,0.0
539.364990234375,-17.36104965209961,0.0
538.864990234375,-17.36214256286621,0.0
538.364990234375,-17.36323356628418,0.0
537.864990234375,-17.36432456970215,0.0
537.364990234375,-17.36541748046875,0.0
536.864990234375,-17.36650848388672,0.0
536.364990234375,-17.36760139465332,0.0
535.864990234375,-17.36869239807129,0.0
535.364990234375,-17.369783401489258,0.0
534.864990234375,-17.37087631225586,0.0
534.364990234375,-17.371967315673828,0.0
533.864990234375,-17.373058319091797,0.0
533.364990234375,-17.3741512298584,0.0
532.864990234375,-17.375242233276367,0.0
532.3650512695312,-17.37633514404297,0.0
531.8650512695312,-17.377426147460938,0.0
531.3650512695312,-17.378517150878906,0.0
530.8650512695312,-17.379610061645508,0.0
530.3650512695312,-17.380701065063477,0.0
529.8650512695312,-17.381793975830078,0.0
529.3650512695312,-17.382884979248047,0.0
528.8650512695312,-17.383975982666016,0.0
528.3650512695312,-17.385068893432617,0.0
527.8650512695312,-17.386159896850586,0.0
527.3650512695312,-17.387250900268555,0.0
526.8650512695312,-17.388343811035156,0.0
526.3650512695312,-17.389434814453125,0.0
525.8650512695312,-17.390525817871094,0.0
525.3650512695312,-17.391618728637695,0.0
524.8650512695312,-17.392709732055664,0.0
524.3650512695312,-17.393800735473633,0.0
523.8650512695312,-17.394893646240234,0.0
523.3650512695312,-17.395984649658203,0.0
522.8650512695312,-17.397077560424805,0.0
522.3650512695312,-17.398168563842773,0.0
521.8650512695312,-17.399259567260742,0.0
521.3650512695312,-17.400352478027344,0.0
520.8650512695312,-17.401443481445312,0.0
520.3650512695312,-17.402536392211914,0.0
519.8650512695312,-17.403627395629883,0.0
519.3650512695312,-17.40471839904785,0.0
518.8650512695312,-17.405811309814453,0.0
518.3650512695312,-17.406902313232422,0.0
517.8650512695312,-17.407995223999023,0.0
517.3650512695312,-17.409086227416992,0.0
516.8650512695312,-17.41017723083496,0.0
516.3650512695312,-17.411270141601562,0.0
515.8650512695312,-17.41236114501953,0.0
515.3650512695312,-17.4134521484375,0.0
514.8650512695312,-17.4145450592041,0.0
514.3650512695312,-17.41563606262207,0.0
513.8650512695312,-17.416728973388672,0.0
513.3650512695312,-17.41781997680664,0.0
512.8650512695312,-17.41891098022461,0.0
512.3650512695312,-17.42000389099121,0.0
511.8650207519531,-17.42109489440918,0.0
511.3650512695313,-17.42218780517578,0.0
510.8650512695313,-17.42327880859375,0.0
510.3650512695313,-17.42436981201172,0.0
509.8650512695313,-17.42546272277832,0.0
509.3650512695313,-17.42655372619629,0.0
508.8650512695313,-17.427644729614258,0.0
508.3650512695313,-17.42873764038086,0.0
507.8650512695313,-17.429828643798828,0.0
507.3650512695313,-17.43092155456543,0.0
506.8650512695313,-17.4320125579834,0.0
506.3650512695313,-17.433103561401367,0.0
505.8650512695313,-17.43419647216797,0.0
505.3650512695313,-17.435287475585938,0.0
504.8650512695313,-17.43638038635254,0.0
504.3650512695313,-17.437471389770508,0.0
503.8650512695313,-17.438562393188477,0.0
503.3650512695313,-17.439655303955078,0.0
502.8650512695313,-17.440746307373047,0.0
502.3650512695313,-17.44183921813965,0.0
501.8650512695313,-17.442930221557617,0.0
501.3650512695313,-17.444021224975586,0.0
500.8650512695313,-17.445114135742188,0.0
500.3650512695313,-17.446205139160156,0.0
499.8650512695313,-17.447296142578125,0.0
499.3650817871094,-17.448389053344727,0.0
498.8650817871094,-17.449480056762695,0.0
498.3650817871094,-17.450572967529297,0.0
497.8650817871094,-17.451663970947266,0.0
497.3650817871094,-17.452754974365234,0.0
496.8650817871094,-17.453847885131836,0.0
496.3650817871094,-17.454938888549805,0.0
495.8650817871094,-17.456031799316406,0.0
495.3650817871094,-17.457122802734375,0.0
494.8650817871094,-17.458213806152344,0.0
494.3650817871094,-17.459306716918945,0.0
493.8650817871094,-17.460397720336914,0.0
493.3650817871094,-17.461488723754883,0.0
492.8650817871094,-17.462581634521484,0.0
492.3650817871094,-17.463672637939453,0.0
491.8650817871094,-17.464765548706055,0.0
491.3650817871094,-17.465856552124023,0.0
490.8650817871094,-17.466947555541992,0.0
490.3650817871094,-17.468040466308594,0.0
489.8650817871094,-17.469131469726562,0.0
489.3650817871094,-17.470224380493164,0.0
488.8651123046875,-17.471315383911133,0.0
488.3651123046875,-17.4724063873291,0.0
487.8651123046875,-17.473499298095703,0.0
487.3651123046875,-17.474590301513672,0.0
486.8651123046875,-17.47568130493164,0.0
486.3651123046875,-17.476774215698242,0.0
485.8651123046875,-17.47786521911621,0.0
485.3651123046875,-17.478958129882812,0.0
484.8651123046875,-17.48004913330078,0.0
484.3651123046875,-17.48114013671875,0.0
483.8651123046875,-17.48223304748535,0.0
483.3651123046875,-17.48332405090332,0.0
482.8651123046875,-17.484416961669922,0.0
482.3651123046875,-17.48550796508789,0.0
481.8651123046875,-17.48659896850586,0.0
481.3651123046875,-17.48769187927246,0.0
480.8651123046875,-17.48878288269043,0.0
480.3651123046875,-17.48987579345703,0.0
479.8651123046875,-17.490966796875,0.0
479.3651123046875,-17.49205780029297,0.0
478.8651123046875,-17.49315071105957,0.0
478.3651123046875,-17.49424171447754,0.0
477.8651123046875,-17.495332717895508,0.0
477.3651123046875,-17.49642562866211,0.0
476.8651123046875,-17.497516632080078,0.0
476.3651428222656,-17.49860954284668,0.0
475.8651428222656,-17.49970054626465,0.0
475.3651428222656,-17.500791549682617,0.0
474.8651428222656,-17.50188446044922,0.0
474.3651428222656,-17.502975463867188,0.0
473.8651428222656,-17.50406837463379,0.0
473.3651428222656,-17.505159378051758,0.0
472.8651428222656,-17.506250381469727,0.0
472.3651428222656,-17.507343292236328,0.0
471.8651428222656,-17.508434295654297,0.0
471.3651428222656,-17.509525299072266,0.0
470.8651428222656,-17.510618209838867,0.0
470.3651428222656,-17.511709213256836,0.0
469.8651428222656,-17.512802124023438,0.0
469.3651428222656,-17.513893127441406,0.0
468.8651428222656,-17.514984130859375,0.0
468.3651428222656,-17.516077041625977,0.0
467.8651428222656,-17.517168045043945,0.0
467.3651428222656,-17.518260955810547,0.0
466.8651428222656,-17.519351959228516,0.0
466.3651428222656,-17.520442962646484,0.0
465.8651428222656,-17.521535873413086,0.0
465.3651428222656,-17.522626876831055,0.0
464.8651428222656,-17.523719787597656,0.0
464.3651428222656,-17.524810791015625,0.0
463.8651428222656,-17.525901794433594,0.0
463.3651428222656,-17.526994705200195,0.0
462.86517333984375,-17.528085708618164,0.0
462.36517333984375,-17.529176712036133,0.0
461.86517333984375,-17.530269622802734,0.0
461.36517333984375,-17.531360626220703,0.0
460.86517333984375,-17.532453536987305,0.0
460.36517333984375,-17.533544540405273,0.0
459.86517333984375,-17.534635543823242,0.0
459.36517333984375,-17.535728454589844,0.0
458.86517333984375,-17.536819458007812,0.0
458.36517333984375,-17.537912368774414,0.0
457.86517333984375,-17.539003372192383,0.0
457.36517333984375,-17.54009437561035,0.0
456.86517333984375,-17.541187286376953,0.0
456.36517333984375,-17.542278289794922,0.0
455.86517333984375,-17.54336929321289,0.0
455.36517333984375,-17.544462203979492,0.0
454.86517333984375,-17.54555320739746,0.0
454.36517333984375,-17.546646118164062,0.0
453.86517333984375,-17.54773712158203,0.0
453.36517333984375,-17.548828125,0.0
452.86517333984375,-17.5499210357666,0.0
452.36517333984375,-17.55101203918457,0.0
451.86517333984375,-17.552104949951172,0.0
451.3652038574219,-17.55319595336914,0.0
450.8652038574219,-17.55428695678711,0.0
450.3652038574219,-17.55537986755371,0.0
449.8652038574219,-17.55647087097168,0.0
449.3652038574219,-17.55756378173828,0.0
448.8652038574219,-17.55865478515625,0.0
448.3652038574219,-17.55974578857422,0.0
447.8629150390625,-17.56078338623047,0.0
447.357666015625,-17.561429977416992,0.0
446.8523864746094,-17.5615234375,0.0
446.3471374511719,-17.561153411865234,0.0
445.8418884277344,-17.560258865356445,0.0
445.3366394042969,-17.55887222290039,0.0
444.8345947265625,-17.557085037231445,0.0
444.3346252441406,-17.55526351928711,0.0
443.8346252441406,-17.553443908691406,0.0
443.3346252441406,-17.551620483398438,0.0
442.8346252441406,-17.549800872802734,0.0
442.3346252441406,-17.5479793548584,0.0
441.8346252441406,-17.546157836914062,0.0
441.3346252441406,-17.54433822631836,0.0
440.8346252441406,-17.54251480102539,0.0
440.3346252441406,-17.540695190429688,0.0
439.8346557617188,-17.53887367248535,0.0
439.3346557617188,-17.537052154541016,0.0
438.8346557617188,-17.535232543945312,0.0
438.3346557617188,-17.533409118652344,0.0
437.8346557617188,-17.53158950805664,0.0
437.3346557617188,-17.529767990112305,0.0
436.8346557617188,-17.52794647216797,0.0
436.3346557617188,-17.526126861572266,0.0
435.8346557617188,-17.524303436279297,0.0
435.3346862792969,-17.522483825683594,0.0
434.8346862792969,-17.520662307739258,0.0
434.3346862792969,-17.518840789794922,0.0
433.8346862792969,-17.51702117919922,0.0
433.3346862792969,-17.51519775390625,0.0
432.8346862792969,-17.513378143310547,0.0
432.3346862792969,-17.51155662536621,0.0
431.8346862792969,-17.509735107421875,0.0
431.3346862792969,-17.507915496826172,0.0
430.834716796875,-17.506093978881836,0.0
430.334716796875,-17.5042724609375,0.0
429.834716796875,-17.502450942993164,0.0
429.334716796875,-17.500629425048828,0.0
428.834716796875,-17.498809814453125,0.0
428.334716796875,-17.49698829650879,0.0
427.834716796875,-17.495166778564453,0.0
427.334716796875,-17.493345260620117,0.0
426.834716796875,-17.49152374267578,0.0
426.3347473144531,-17.489704132080078,0.0
425.8347473144531,-17.487882614135742,0.0
425.3347473144531,-17.486061096191406,0.0
424.8347473144531,-17.484241485595703,0.0
424.3347473144531,-17.482418060302734,0.0
423.8347473144531,-17.48059844970703,0.0
423.3347473144531,-17.478776931762695,0.0
422.8347473144531,-17.47695541381836,0.0
422.3347473144531,-17.475135803222656,0.0
421.8347473144531,-17.473312377929688,0.0
421.3347778320313,-17.471492767333984,0.0
420.8347778320313,-17.46967124938965,0.0
420.3347778320313,-17.467849731445312,0.0
419.8347778320313,-17.46603012084961,0.0
419.3347778320313,-17.46420669555664,0.0
418.8347778320313,-17.462387084960938,0.0
418.3347778320313,-17.4605655670166,0.0
417.8347778320313,-17.458744049072266,0.0
417.3347778320313,-17.456924438476562,0.0
416.8348083496094,-17.455101013183594,0.0
416.3348083496094,-17.45328140258789,0.0
415.8348083496094,-17.451459884643555,0.0
415.3348083496094,-17.44963836669922,0.0
414.8348083496094,-17.447818756103516,0.0
414.3348083496094,-17.445995330810547,0.0
413.8348083496094,-17.444175720214844,0.0
413.3348083496094,-17.442354202270508,0.0
412.8348083496094,-17.440532684326172,0.0
412.3348083496094,-17.43871307373047,0.0
411.8348388671875,-17.436891555786133,0.0
411.3348388671875,-17.435070037841797,0.0
410.8348388671875,-17.43324851989746,0.0
410.3348388671875,-17.431427001953125,0.0
409.8348388671875,-17.429607391357422,0.0
409.3348388671875,-17.427785873413086,0.0
408.8348388671875,-17.42596435546875,0.0
408.3348388671875,-17.424142837524414,0.0
407.8348693847656,-17.422321319580078,0.0
407.3348693847656,-17.420501708984375,0.0
406.8348693847656,-17.41868019104004,0.0
406.3348693847656,-17.416858673095703,0.0
405.8348693847656,-17.4150390625,0.0
405.3348693847656,-17.41321563720703,0.0
404.8348693847656,-17.411396026611328,0.0
404.3348693847656,-17.409574508666992,0.0
403.8348693847656,-17.407752990722656,0.0
403.3348693847656,-17.405933380126953,0.0
402.83489990234375,-17.404109954833984,0.0
402.33489990234375,-17.40229034423828,0.0
401.83489990234375,-17.400468826293945,0.0
401.33489990234375,-17.39864730834961,0.0
400.83489990234375,-17.396827697753906,0.0
400.33489990234375,-17.395004272460938,0.0
399.83489990234375,-17.393184661865234,0.0
399.33489990234375,-17.3913631439209,0.0
398.8349304199219,-17.389541625976562,0.0
398.3349304199219,-17.38772201538086,0.0
397.8349304199219,-17.38589859008789,0.0
397.3349304199219,-17.384078979492188,0.0
396.8349304199219,-17.38225746154785,0.0
396.3349304199219,-17.380435943603516,0.0
395.8349304199219,-17.378616333007812,0.0
395.3349304199219,-17.376792907714844,0.0
394.8349304199219,-17.37497329711914,0.0
394.3349304199219,-17.373151779174805,0.0
393.8349609375,-17.37133026123047,0.0
393.3349609375,-17.369510650634766,0.0
392.8349609375,-17.36768913269043,0.0
392.3349609375,-17.365867614746094,0.0
391.8349609375,-17.364046096801758,0.0
391.3349609375,-17.362224578857422,0.0
390.8349609375,-17.36040496826172,0.0
390.3349609375,-17.358583450317383,0.0
389.8349914550781,-17.356761932373047,0.0
389.3349914550781,-17.354942321777344,0.0
388.8349914550781,-17.353118896484375,0.0
388.3349914550781,-17.351299285888672,0.0
387.8349914550781,-17.349477767944336,0.0
387.3349914550781,-17.34765625,0.0
386.8349914550781,-17.345836639404297,0.0
386.3349914550781,-17.344013214111328,0.0
385.8349914550781,-17.342193603515625,0.0
385.3349914550781,-17.34037208557129,0.0
384.8349914550781,-17.338550567626953,0.0
384.33502197265625,-17.33673095703125,0.0
383.83502197265625,-17.33490753173828,0.0
383.33502197265625,-17.333087921142578,0.0
382.83502197265625,-17.331266403198242,0.0
382.33502197265625,-17.329444885253906,0.0
381.83502197265625,-17.327625274658203,0.0
381.33502197265625,-17.325801849365234,0.0
380.8350524902344,-17.32398223876953,0.0
380.3350524902344,-17.322160720825195,0.0
379.8350524902344,-17.32033920288086,0.0
379.3350524902344,-17.318519592285156,0.0
378.8350524902344,-17.316696166992188,0.0
378.3350524902344,-17.314876556396484,0.0
377.8350524902344,-17.31305503845215,0.0
377.3350524902344,-17.311233520507812,0.0
376.8350524902344,-17.30941390991211,0.0
376.3350524902344,-17.30759048461914,0.0
375.8350524902344,-17.305770874023438,0.0
375.3350524902344,-17.3039493560791,0.0
374.8350830078125,-17.302127838134766,0.0
374.3350830078125,-17.300308227539062,0.0
373.8350830078125,-17.298486709594727,0.0
373.3350830078125,-17.29666519165039,0.0
372.8350830078125,-17.294843673706055,0.0
372.3350830078125,-17.29302215576172,0.0
371.8350830078125,-17.291202545166016,0.0
371.3351135253906,-17.28938102722168,0.0
370.8351135253906,-17.287559509277344,0.0
370.3351135253906,-17.28573989868164,0.0
369.8351135253906,-17.283916473388672,0.0
369.3351135253906,-17.28209686279297,0.0
368.8351135253906,-17.280275344848633,0.0
368.3351135253906,-17.278453826904297,0.0
367.8351135253906,-17.276634216308594,0.0
367.3351135253906,-17.274810791015625,0.0
366.8351135253906,-17.272991180419922,0.0
366.3351135253906,-17.271169662475586,0.0
365.8351440429688,-17.26934814453125,0.0
365.3351440429688,-17.267528533935547,0.0
364.8351440429688,-17.265705108642578,0.0
364.3351440429688,-17.263885498046875,0.0
363.8351440429688,-17.26206398010254,0.0
363.3351440429688,-17.260242462158203,0.0
362.8351440429688,-17.2584228515625,0.0
362.3351745605469,-17.25659942626953,0.0
361.8351745605469,-17.254779815673828,0.0
361.3351745605469,-17.252958297729492,0.0
360.8351745605469,-17.251136779785156,0.0
360.3351745605469,-17.249317169189453,0.0
359.8351745605469,-17.247493743896484,0.0
359.3351745605469,-17.24567413330078,0.0
358.8351745605469,-17.243852615356445,0.0
358.3351745605469,-17.24203109741211,0.0
357.8351745605469,-17.240211486816406,0.0
357.3351745605469,-17.238388061523438,0.0
356.8351745605469,-17.236568450927734,0.0
356.335205078125,-17.2347469329834,0.0
355.835205078125,-17.232925415039062,0.0
355.335205078125,-17.23110580444336,0.0
354.835205078125,-17.229284286499023,0.0
354.335205078125,-17.227462768554688,0.0
353.835205078125,-17.22564125061035,0.0
353.335205078125,-17.223819732666016,0.0
352.8352355957031,-17.222000122070312,0.0
352.3352355957031,-17.220178604125977,0.0
351.8352355957031,-17.21835708618164,0.0
351.3352355957031,-17.216537475585938,0.0
350.8352355957031,-17.21471405029297,0.0
350.33526611328125,-17.212894439697266,0.0
349.8352355957031,-17.21107292175293,0.0
349.3352355957031,-17.209251403808594,0.0
348.83526611328125,-17.20743179321289,0.0
348.3352355957031,-17.205610275268555,0.0
347.8352355957031,-17.20378875732422,0.0
347.33526611328125,-17.201967239379883,0.0
346.8352966308594,-17.200145721435547,0.0
346.3352966308594,-17.198326110839844,0.0
345.8352966308594,-17.196502685546875,0.0
345.3352966308594,-17.194683074951172,0.0
344.83526611328125,-17.19286346435547,0.0
344.3352966308594,-17.1910400390625,0.0
343.8353271484375,-17.189220428466797,0.0
343.3353271484375,-17.187397003173828,0.0
342.8352966308594,-17.185577392578125,0.0
342.3353271484375,-17.18375587463379,0.0
341.8352966308594,-17.181934356689453,0.0
341.3352966308594,-17.18011474609375,0.0
340.8352966308594,-17.17829132080078,0.0
340.3353271484375,-17.176471710205078,0.0
339.8352966308594,-17.174650192260742,0.0
339.3353271484375,-17.17283058166504,0.0
338.8352966308594,-17.171009063720703,0.0
338.3353271484375,-17.169187545776367,0.0
337.8353271484375,-17.16736602783203,0.0
337.3353271484375,-17.165544509887695,0.0
336.8353271484375,-17.163724899291992,0.0
336.3353576660156,-17.161903381347656,0.0
335.8353271484375,-17.16008186340332,0.0
335.3353576660156,-17.158260345458984,0.0
334.8353576660156,-17.15644073486328,0.0
334.3353576660156,-17.154617309570312,0.0
333.8353576660156,-17.15279769897461,0.0
333.3353881835937,-17.150976181030273,0.0
332.8353881835937,-17.149154663085938,0.0
332.3353881835937,-17.147335052490234,0.0
331.8353881835937,-17.145511627197266,0.0
331.3353881835937,-17.143692016601562,0.0
330.8353576660156,-17.14187240600586,0.0
330.3353576660156,-17.14004898071289,0.0
329.8353576660156,-17.138229370117188,0.0
329.3353576660156,-17.136409759521484,0.0
328.8353881835937,-17.134586334228516,0.0
328.3354187011719,-17.13276481628418,0.0
327.8354187011719,-17.130945205688477,0.0
327.3354187011719,-17.12912368774414,0.0
326.8353881835937,-17.127300262451172,0.0
326.3353881835937,-17.12548065185547,0.0
325.8353881835937,-17.123661041259766,0.0
325.33544921875,-17.121837615966797,0.0
324.83544921875,-17.120018005371094,0.0
324.33544921875,-17.118196487426758,0.0
323.8354187011719,-17.116374969482422,0.0
323.3354187011719,-17.11455535888672,0.0
322.83544921875,-17.112733840942383,0.0
322.3354187011719,-17.110912322998047,0.0
321.8354187011719,-17.109088897705078,0.0
321.33544921875,-17.107269287109375,0.0
320.83544921875,-17.10544776916504,0.0
320.33544921875,-17.103628158569336,0.0
319.8354797363281,-17.101806640625,0.0
319.33544921875,-17.099985122680664,0.0
318.83544921875,-17.098163604736328,0.0
318.3354797363281,-17.096342086791992,0.0
317.8354797363281,-17.094520568847656,0.0
317.3354797363281,-17.092700958251953,0.0
316.83551025390625,-17.09088134765625,0.0
316.33551025390625,-17.08905792236328,0.0
315.8354797363281,-17.087238311767578,0.0
315.3354797363281,-17.085416793823242,0.0
314.83551025390625,-17.083595275878906,0.0
314.33551025390625,-17.081775665283203,0.0
313.8354797363281,-17.079952239990234,0.0
313.33551025390625,-17.07813262939453,0.0
312.8354797363281,-17.076309204101562,0.0
312.3354797363281,-17.07448959350586,0.0
311.83551025390625,-17.072669982910156,0.0
311.3354797363281,-17.070846557617188,0.0
310.8354797363281,-17.069026947021484,0.0
310.3354797363281,-17.06720542907715,0.0
309.83551025390625,-17.065383911132812,0.0
309.33551025390625,-17.063562393188477,0.0
308.8355407714844,-17.06174087524414,0.0
308.33551025390625,-17.059921264648438,0.0
307.8355712890625,-17.0580997467041,0.0
307.3355407714844,-17.056278228759766,0.0
306.8355407714844,-17.05445671081543,0.0
306.3355407714844,-17.052637100219727,0.0
305.8355407714844,-17.05081558227539,0.0
305.3355407714844,-17.048994064331055,0.0
304.8355407714844,-17.04717254638672,0.0
304.3355712890625,-17.045351028442383,0.0
303.8355712890625,-17.04353141784668,0.0
303.3355712890625,-17.041709899902344,0.0
302.8355712890625,-17.039888381958008,0.0
302.3355712890625,-17.038066864013672,0.0
301.8355712890625,-17.036245346069336,0.0
301.3355712890625,-17.034425735473633,0.0
300.8355712890625,-17.032604217529297,0.0
300.3355712890625,-17.03078269958496,0.0
299.8356018066406,-17.028961181640625,0.0
299.3356018066406,-17.027141571044922,0.0
298.8356018066406,-17.025320053100586,0.0
298.3356018066406,-17.02349853515625,0.0
297.8356018066406,-17.021677017211914,0.0
297.3356018066406,-17.019855499267578,0.0
296.8356018066406,-17.018035888671875,0.0
296.3356018066406,-17.01621437072754,0.0
295.8356018066406,-17.014392852783203,0.0
295.3356018066406,-17.012571334838867,0.0
294.83563232421875,-17.01074981689453,0.0
294.33563232421875,-17.008930206298828,0.0
293.83563232421875,-17.007108688354492,0.0
293.33563232421875,-17.005287170410156,0.0
292.83563232421875,-17.00346565246582,0.0
292.33563232421875,-17.001644134521484,0.0
291.83563232421875,-16.99982452392578,0.0
291.33563232421875,-16.998003005981445,0.0
290.83563232421875,-16.99618148803711,0.0
290.3356628417969,-16.994359970092773,0.0
289.8356628417969,-16.99254035949707,0.0
289.3356628417969,-16.990718841552734,0.0
288.8356628417969,-16.9888973236084,0.0
288.3356628417969,-16.987075805664062,0.0
287.8356628417969,-16.985254287719727,0.0
287.3356628417969,-16.983434677124023,0.0
286.8356628417969,-16.981613159179688,0.0
286.3356628417969,-16.97979164123535,0.0
285.835693359375,-16.977970123291016,0.0
285.335693359375,-16.97614860534668,0.0
284.835693359375,-16.974328994750977,0.0
284.335693359375,-16.97250747680664,0.0
283.835693359375,-16.970685958862305,0.0
283.335693359375,-16.96886444091797,0.0
282.835693359375,-16.967042922973633,0.0
282.335693359375,-16.96522331237793,0.0
281.835693359375,-16.963401794433594,0.0
281.3357238769531,-16.961580276489258,0.0
280.8357238769531,-16.959758758544922,0.0
280.3357238769531,-16.95793914794922,0.0
279.8357238769531,-16.956117630004883,0.0
279.3357238769531,-16.954296112060547,0.0
278.8357238769531,-16.95247459411621,0.0
278.3357238769531,-16.950653076171875,0.0
277.8357238769531,-16.948833465576172,0.0
277.3357238769531,-16.947011947631836,0.0
276.8357238769531,-16.9451904296875,0.0
276.33575439453125,-16.943368911743164,0.0
275.83575439453125,-16.941547393798828,0.0
275.33575439453125,-16.939727783203125,0.0
274.83575439453125,-16.93790626525879,0.0
274.33575439453125,-16.936084747314453,0.0
273.83575439453125,-16.934263229370117,0.0
273.33575439453125,-16.93244171142578,0.0
272.83575439453125,-16.930622100830078,0.0
272.3357849121094,-16.928800582885742,0.0
271.8357849121094,-16.926979064941406,0.0
271.3357849121094,-16.92515754699707,0.0
270.8357849121094,-16.923337936401367,0.0
270.3357849121094,-16.92151641845703,0.0
269.8357849121094,-16.919694900512695,0.0
269.3357849121094,-16.91787338256836,0.0
268.8357849121094,-16.916051864624023,0.0
268.3357849121094,-16.91423225402832,0.0
267.8357849121094,-16.912410736083984,0.0
267.3358154296875,-16.91058921813965,0.0
266.8358154296875,-16.908767700195312,0.0
266.3358154296875,-16.906946182250977,0.0
265.8358154296875,-16.905126571655273,0.0
265.3358154296875,-16.903305053710938,0.0
264.8358154296875,-16.9014835357666,0.0
264.3358154296875,-16.899662017822266,0.0
263.8358154296875,-16.89784049987793,0.0
263.3358154296875,-16.896020889282227,0.0
262.8358459472656,-16.89419937133789,0.0
262.3358459472656,-16.892377853393555,0.0
261.8358459472656,-16.89055633544922,0.0
261.3358459472656,-16.888736724853516,0.0
260.8358459472656,-16.88691520690918,0.0
260.3358459472656,-16.885093688964844,0.0
259.8358459472656,-16.883272171020508,0.0
259.3358459472656,-16.881450653076172,0.0
258.8358459472656,-16.87963104248047,0.0
258.3358459472656,-16.877809524536133,0.0
257.8358764648437,-16.875988006591797,0.0
257.3358764648437,-16.87416648864746,0.0
256.8358764648437,-16.872344970703125,0.0
256.3358764648437,-16.870525360107422,0.0
255.8358917236328,-16.868703842163086,0.0
255.3358917236328,-16.86688232421875,0.0
254.8358917236328,-16.865060806274414,0.0
254.33590698242188,-16.86324119567871,0.0
253.83590698242188,-16.861419677734375,0.0
253.33590698242188,-16.85959815979004,0.0
252.8359222412109,-16.857776641845703,0.0
252.3359222412109,-16.855955123901367,0.0
251.8359222412109,-16.854135513305664,0.0
251.3359222412109,-16.852313995361328,0.0
250.8359222412109,-16.850492477416992,0.0
250.3359222412109,-16.848670959472656,0.0
249.8359375,-16.84684944152832,0.0
249.3359375,-16.845029830932617,0.0
248.8359375,-16.84320831298828,0.0
248.33595275878903,-16.841386795043945,0.0
247.83595275878903,-16.83956527709961,0.0
247.33595275878903,-16.837743759155273,0.0
246.83595275878903,-16.83592414855957,0.0
246.33595275878903,-16.834102630615234,0.0
245.83595275878903,-16.8322811126709,0.0
245.33596801757807,-16.830459594726562,0.0
244.83596801757807,-16.82863998413086,0.0
244.33596801757807,-16.826818466186523,0.0
243.83596801757807,-16.824996948242188,0.0
243.3359832763672,-16.82317543029785,0.0
242.8359832763672,-16.821353912353516,0.0
242.3359832763672,-16.819534301757812,0.0
241.8359832763672,-16.817712783813477,0.0
241.3359832763672,-16.81589126586914,0.0
240.8359832763672,-16.814069747924805,0.0
240.33599853515625,-16.81224822998047,0.0
239.83599853515625,-16.810428619384766,0.0
239.3360137939453,-16.80860710144043,0.0
238.8360137939453,-16.806785583496094,0.0
238.3360137939453,-16.804964065551758,0.0
237.8360137939453,-16.803142547607422,0.0
237.3360137939453,-16.80132293701172,0.0
236.8360137939453,-16.799501419067383,0.0
236.3360137939453,-16.797679901123047,0.0
235.8360290527344,-16.79585838317871,0.0
235.3360290527344,-16.794038772583008,0.0
234.83604431152344,-16.792217254638672,0.0
234.33604431152344,-16.790395736694336,0.0
233.83604431152344,-16.78857421875,0.0
233.33604431152344,-16.786752700805664,0.0
232.83604431152344,-16.78493309020996,0.0
232.33604431152344,-16.783111572265625,0.0
231.83604431152344,-16.78129005432129,0.0
231.3360595703125,-16.779468536376953,0.0
230.8360595703125,-16.777647018432617,0.0
230.3360595703125,-16.775827407836914,0.0
229.8360748291016,-16.774005889892578,0.0
229.3360748291016,-16.772184371948242,0.0
228.8360748291016,-16.770362854003906,0.0
228.3360748291016,-16.76854133605957,0.0
227.8360748291016,-16.766721725463867,0.0
227.3360748291016,-16.76490020751953,0.0
226.8360748291016,-16.763078689575195,0.0
226.33609008789065,-16.76125717163086,0.0
225.83609008789065,-16.759437561035156,0.0
225.3361053466797,-16.75761604309082,0.0
224.8361053466797,-16.755794525146484,0.0
224.3361053466797,-16.75397300720215,0.0
223.8361053466797,-16.752151489257812,0.0
223.3361053466797,-16.75033187866211,0.0
222.8361053466797,-16.748510360717773,0.0
222.3361053466797,-16.746688842773438,0.0
221.83612060546875,-16.7448673248291,0.0
221.33612060546875,-16.743045806884766,0.0
220.8361358642578,-16.741226196289062,0.0
220.3361358642578,-16.739404678344727,0.0
219.8361358642578,-16.73758316040039,0.0
219.3361358642578,-16.735761642456055,0.0
218.8361358642578,-16.73394012451172,0.0
218.3361358642578,-16.732120513916016,0.0
217.8361358642578,-16.73029899597168,0.0
217.33615112304688,-16.728477478027344,0.0
216.83615112304688,-16.726655960083008,0.0
216.336166381836,-16.724836349487305,0.0
215.836166381836,-16.72301483154297,0.0
215.336166381836,-16.721193313598633,0.0
214.836166381836,-16.719371795654297,0.0
214.336166381836,-16.71755027770996,0.0
213.836166381836,-16.715730667114258,0.0
213.336166381836,-16.713909149169922,0.0
212.836181640625,-16.712087631225586,0.0
212.336181640625,-16.71026611328125,0.0
211.8361968994141,-16.708444595336914,0.0
211.3361968994141,-16.70662498474121,0.0
210.8361968994141,-16.704803466796875,0.0
210.3361968994141,-16.70298194885254,0.0
209.8361968994141,-16.701160430908203,0.0
209.3361968994141,-16.699338912963867,0.0
208.8361968994141,-16.697519302368164,0.0
208.33621215820312,-16.695697784423828,0.0
207.83621215820312,-16.693876266479492,0.0
207.33621215820312,-16.692054748535156,0.0
206.8362274169922,-16.690235137939453,0.0
206.3362274169922,-16.688413619995117,0.0
205.8362274169922,-16.68659210205078,0.0
205.3362274169922,-16.684770584106445,0.0
204.8362274169922,-16.68294906616211,0.0
204.3362274169922,-16.681129455566406,0.0
203.8362274169922,-16.67930793762207,0.0
203.33624267578125,-16.677486419677734,0.0
202.83624267578125,-16.6756649017334,0.0
202.3362579345703,-16.673843383789062,0.0
201.8362579345703,-16.67202377319336,0.0
201.3362579345703,-16.670202255249023,0.0
200.8362579345703,-16.668380737304688,0.0
200.3362579345703,-16.66655921936035,0.0
199.8362579345703,-16.664737701416016,0.0
199.3362579345703,-16.662918090820312,0.0
198.8362731933593,-16.661096572875977,0.0
198.3362731933593,-16.65927505493164,0.0
197.83628845214844,-16.657453536987305,0.0
197.33628845214844,-16.6556339263916,0.0
196.83628845214844,-16.653812408447266,0.0
196.33628845214844,-16.65199089050293,0.0
195.83628845214844,-16.650169372558594,0.0
195.33628845214844,-16.648347854614258,0.0
194.83628845214844,-16.646528244018555,0.0
194.3363037109375,-16.64470672607422,0.0
193.8363037109375,-16.642885208129883,0.0
193.33631896972656,-16.641063690185547,0.0
192.83631896972656,-16.63924217224121,0.0
192.33631896972656,-16.637422561645508,0.0
191.83631896972656,-16.635601043701172,0.0
191.33631896972656,-16.633779525756836,0.0
190.83631896972656,-16.6319580078125,0.0
190.33631896972656,-16.630136489868164,0.0
189.8363342285156,-16.62831687927246,0.0
189.3363342285156,-16.626495361328125,0.0
188.8363494873047,-16.62467384338379,0.0
188.3363494873047,-16.622852325439453,0.0
187.8363494873047,-16.62103271484375,0.0
187.3363494873047,-16.619211196899414,0.0
186.8363494873047,-16.617389678955078,0.0
186.3363494873047,-16.615568161010742,0.0
185.8363494873047,-16.613746643066406,0.0
185.3363647460937,-16.611927032470703,0.0
184.8363647460937,-16.610105514526367,0.0
184.3363647460937,-16.60828399658203,0.0
183.8363800048828,-16.606462478637695,0.0
183.3363800048828,-16.60464096069336,0.0
182.8363800048828,-16.602821350097656,0.0
182.3363800048828,-16.60099983215332,0.0
181.8363800048828,-16.599178314208984,0.0
181.3363800048828,-16.59735679626465,0.0
180.8363800048828,-16.595535278320312,0.0
180.33639526367188,-16.59371566772461,0.0
179.83639526367188,-16.591894149780273,0.0
179.33639526367188,-16.590072631835938,0.0
178.83641052246094,-16.5882511138916,0.0
178.33641052246094,-16.5864315032959,0.0
177.83641052246094,-16.584609985351562,0.0
177.33641052246094,-16.582788467407227,0.0
176.83641052246094,-16.58096694946289,0.0
176.33642578125,-16.579145431518555,0.0
175.83642578125,-16.57732582092285,0.0
175.33642578125,-16.575504302978516,0.0
174.83642578125,-16.57368278503418,0.0
174.33644104003906,-16.571861267089844,0.0
173.83644104003906,-16.570039749145508,0.0
173.33644104003906,-16.568220138549805,0.0
172.83644104003906,-16.56639862060547,0.0
172.33644104003906,-16.564577102661133,0.0
171.83645629882812,-16.562755584716797,0.0
171.33645629882812,-16.56093406677246,0.0
170.83645629882812,-16.559114456176758,0.0
170.33645629882812,-16.557292938232422,0.0
169.8364715576172,-16.555471420288086,0.0
169.3364715576172,-16.55364990234375,0.0
168.8364715576172,-16.551830291748047,0.0
168.3364715576172,-16.55000877380371,0.0
167.8364715576172,-16.548187255859375,0.0
167.33648681640625,-16.54636573791504,0.0
166.83648681640625,-16.544544219970703,0.0
166.33648681640625,-16.542724609375,0.0
165.83648681640625,-16.540903091430664,0.0
165.33648681640625,-16.539081573486328,0.0
164.8365020751953,-16.537260055541992,0.0
164.3365020751953,-16.535438537597656,0.0
163.8365020751953,-16.533618927001953,0.0
163.3365020751953,-16.531797409057617,0.0
162.83651733398438,-16.52997589111328,0.0
162.33651733398438,-16.528154373168945,0.0
161.83651733398438,-16.526334762573242,0.0
161.33651733398438,-16.524513244628906,0.0
160.83651733398438,-16.52269172668457,0.0
160.33653259277344,-16.520870208740234,0.0
159.83653259277344,-16.5190486907959,0.0
159.33653259277344,-16.517229080200195,0.0
158.83653259277344,-16.51540756225586,0.0
158.3365478515625,-16.513586044311523,0.0
157.8365478515625,-16.511764526367188,0.0
157.3365478515625,-16.50994300842285,0.0
156.8365478515625,-16.50812339782715,0.0
156.3365478515625,-16.506301879882812,0.0
155.83656311035156,-16.504480361938477,0.0
155.33656311035156,-16.50265884399414,0.0
154.83656311035156,-16.500837326049805,0.0
154.33656311035156,-16.49901580810547,0.0
153.83656311035156,-16.497194290161133,0.0
153.33656311035156,-16.49537467956543,0.0
152.83656311035156,-16.493553161621094,0.0
152.33656311035156,-16.491731643676758,0.0
151.83657836914062,-16.489910125732422,0.0
151.33657836914062,-16.48809051513672,0.0
150.83657836914062,-16.486268997192383,0.0
150.33657836914062,-16.484447479248047,0.0
149.8365936279297,-16.48262596130371,0.0
149.3365936279297,-16.480804443359375,0.0
148.8365936279297,-16.478984832763672,0.0
148.3365936279297,-16.477163314819336,0.0
147.8365936279297,-16.475341796875,0.0
147.33660888671875,-16.473520278930664,0.0
146.83660888671875,-16.471698760986328,0.0
146.33660888671875,-16.469879150390625,0.0
145.83660888671875,-16.46805763244629,0.0
145.33660888671875,-16.466236114501953,0.0
144.8366241455078,-16.464414596557617,0.0
144.3366241455078,-16.462594985961914,0.0
143.8366241455078,-16.460773468017578,0.0
143.3366241455078,-16.458951950073242,0.0
142.83663940429688,-16.457130432128906,0.0
142.33663940429688,-16.45530891418457,0.0
141.83663940429688,-16.453489303588867,0.0
141.33663940429688,-16.45166778564453,0.0
140.83663940429688,-16.449846267700195,0.0
140.33665466308594,-16.44802474975586,0.0
139.83665466308594,-16.446203231811523,0.0
139.33665466308594,-16.44438362121582,0.0
138.83665466308594,-16.442562103271484,0.0
138.33665466308594,-16.44074058532715,0.0
137.836669921875,-16.438919067382812,0.0
137.336669921875,-16.437097549438477,0.0
136.836669921875,-16.435277938842773,0.0
136.336669921875,-16.433456420898438,0.0
135.83668518066406,-16.4316349029541,0.0
135.33668518066406,-16.429813385009766,0.0
134.83668518066406,-16.427993774414062,0.0
134.33668518066406,-16.426172256469727,0.0
133.83668518066406,-16.42435073852539,0.0
133.33670043945312,-16.422529220581055,0.0
132.83670043945312,-16.42070770263672,0.0
132.33670043945312,-16.418888092041016,0.0
131.83670043945312,-16.41706657409668,0.0
131.3367156982422,-16.415245056152344,0.0
130.8367156982422,-16.413423538208008,0.0
130.3367156982422,-16.411602020263672,0.0
129.8367156982422,-16.40978240966797,0.0
129.3367156982422,-16.407960891723633,0.0
128.83673095703125,-16.406139373779297,0.0
128.33673095703125,-16.40431785583496,0.0
127.83673095703124,-16.402496337890625,0.0
127.33673095703124,-16.400676727294922,0.0
126.83673858642578,-16.398855209350586,0.0
126.33674621582033,-16.39703369140625,0.0
125.83674621582033,-16.395212173461914,0.0
125.33674621582033,-16.39339256286621,0.0
124.83675384521484,-16.391571044921875,0.0
124.33675384521484,-16.38974952697754,0.0
123.83676147460938,-16.387928009033203,0.0
123.33676147460938,-16.386106491088867,0.0
122.8367691040039,-16.384286880493164,0.0
122.3367691040039,-16.382465362548828,0.0
121.8367691040039,-16.380643844604492,0.0
121.33677673339844,-16.378822326660156,0.0
120.83677673339844,-16.37700080871582,0.0
120.33678436279295,-16.375181198120117,0.0
119.83678436279295,-16.37335968017578,0.0
119.3367919921875,-16.371538162231445,0.0
118.8367919921875,-16.36971664428711,0.0
118.3367919921875,-16.367895126342773,0.0
117.83679962158205,-16.36607551574707,0.0
117.33679962158205,-16.364253997802734,0.0
116.83680725097656,-16.3624324798584,0.0
116.33680725097656,-16.360610961914062,0.0
115.8368148803711,-16.358789443969727,0.0
115.3368148803711,-16.356969833374023,0.0
114.83682250976562,-16.355148315429688,0.0
114.33682250976562,-16.35332679748535,0.0
113.83682250976562,-16.351505279541016,0.0
113.33683013916016,-16.349685668945312,0.0
112.83683013916016,-16.347864151000977,0.0
112.33683776855467,-16.34604263305664,0.0
111.83683776855467,-16.344221115112305,0.0
111.33684539794922,-16.34239959716797,0.0
110.83684539794922,-16.340579986572266,0.0
110.33685302734376,-16.33875846862793,0.0
109.83685302734376,-16.336936950683594,0.0
109.33685302734376,-16.335115432739258,0.0
108.83686065673828,-16.333293914794922,0.0
108.33686065673828,-16.33147430419922,0.0
107.8368682861328,-16.329652786254883,0.0
107.3368682861328,-16.327831268310547,0.0
106.8368682861328,-16.32600975036621,0.0
106.33687591552734,-16.324190139770508,0.0
105.83688354492188,-16.322368621826172,0.0
105.33688354492188,-16.320547103881836,0.0
104.83688354492188,-16.3187255859375,0.0
104.3368911743164,-16.316904067993164,0.0
103.8368911743164,-16.31508445739746,0.0
103.33689880371094,-16.313262939453125,0.0
102.83689880371094,-16.31144142150879,0.0
102.33689880371094,-16.309619903564453,0.0
101.83690643310548,-16.307798385620117,0.0
101.33690643310548,-16.305978775024414,0.0
100.8369140625,-16.304157257080078,0.0
100.3369140625,-16.302335739135742,0.0
99.8369140625,-16.300514221191406,0.0
99.33692169189452,-16.29869270324707,0.0
98.83692932128906,-16.296873092651367,0.0
98.33692932128906,-16.29505157470703,0.0
97.83692932128906,-16.293230056762695,0.0
97.3369369506836,-16.29140853881836,0.0
96.8369369506836,-16.289588928222656,0.0
96.33694458007812,-16.28776741027832,0.0
95.83694458007812,-16.285945892333984,0.0
95.33694458007812,-16.28412437438965,0.0
94.83695220947266,-16.282302856445312,0.0
94.3369598388672,-16.28048324584961,0.0
93.8369598388672,-16.278661727905273,0.0
93.3369598388672,-16.276840209960938,0.0
92.8369598388672,-16.2750186920166,0.0
92.33696746826172,-16.273197174072266,0.0
91.83697509765624,-16.271377563476562,0.0
91.33697509765624,-16.269556045532227,0.0
90.83697509765624,-16.26773452758789,0.0
90.33698272705078,-16.265913009643555,0.0
89.83699035644531,-16.26409149169922,0.0
89.33699035644531,-16.262271881103516,0.0
88.83699035644531,-16.26045036315918,0.0
88.33699035644531,-16.258628845214844,0.0
87.83699798583984,-16.256807327270508,0.0
87.33700561523438,-16.254987716674805,0.0
86.83700561523438,-16.25316619873047,0.0
86.33700561523438,-16.251344680786133,0.0
85.8370132446289,-16.249523162841797,0.0
85.3370132446289,-16.24770164489746,0.0
84.83702087402344,-16.245882034301758,0.0
84.33702087402344,-16.244060516357422,0.0
83.83702087402344,-16.242238998413086,0.0
83.33702850341797,-16.24041748046875,0.0
82.8370361328125,-16.238595962524414,0.0
82.3370361328125,-16.23677635192871,0.0
81.8370361328125,-16.234954833984375,0.0
81.3370361328125,-16.23313331604004,0.0
80.83704376220703,-16.231311798095703,0.0
80.33705139160156,-16.229490280151367,0.0
79.83705139160156,-16.227670669555664,0.0
79.33705139160156,-16.225849151611328,0.0
78.8370590209961,-16.224027633666992,0.0
78.33706665039062,-16.222206115722656,0.0
77.83706665039062,-16.220386505126953,0.0
77.33706665039062,-16.218564987182617,0.0
76.83706665039062,-16.21674346923828,0.0
76.33707427978516,-16.214921951293945,0.0
75.83708190917969,-16.21310043334961,0.0
75.33708190917969,-16.211280822753906,0.0
74.83708190917969,-16.20945930480957,0.0
74.33708953857422,-16.207637786865234,0.0
73.83708953857422,-16.2058162689209,0.0
73.33709716796875,-16.203994750976562,0.0
72.83709716796875,-16.20217514038086,0.0
72.33709716796875,-16.200353622436523,0.0
71.83710479736328,-16.198532104492188,0.0
71.33711242675781,-16.19671058654785,0.0
70.83711242675781,-16.194889068603516,0.0
70.33711242675781,-16.193069458007812,0.0
69.83711242675781,-16.191247940063477,0.0
69.33712005615234,-16.18942642211914,0.0
68.83712768554688,-16.187604904174805,0.0
68.33712768554688,-16.1857852935791,0.0
67.83712768554688,-16.183963775634766,0.0
67.3371353149414,-16.18214225769043,0.0
66.83714294433594,-16.180320739746094,0.0
66.33714294433594,-16.178499221801758,0.0
65.83714294433594,-16.176679611206055,0.0
65.33714294433594,-16.17485809326172,0.0
64.83715057373047,-16.173036575317383,0.0
64.337158203125,-16.171215057373047,0.0
63.837158203125,-16.16939353942871,0.0
63.337162017822266,-16.167573928833008,0.0
62.83716583251953,-16.165752410888672,0.0
62.33716583251953,-16.163930892944336,0.0
61.8371696472168,-16.162109375,0.0
61.33717346191406,-16.160287857055664,0.0
60.837181091308594,-16.15846824645996,0.0
60.337181091308594,-16.156646728515625,0.0
59.837181091308594,-16.15482521057129,0.0
59.337188720703125,-16.153003692626953,0.0
58.837188720703125,-16.15118408203125,0.0
58.337196350097656,-16.149362564086914,0.0
57.837196350097656,-16.147541046142578,0.0
57.33720397949219,-16.145719528198242,0.0
56.83720397949219,-16.143898010253906,0.0
56.33720397949219,-16.142078399658203,0.0
55.83721160888672,-16.140256881713867,0.0
55.33721160888672,-16.13843536376953,0.0
54.83721923828125,-16.136613845825195,0.0
54.33721923828125,-16.13479232788086,0.0
53.83722686767578,-16.132972717285156,0.0
53.33722686767578,-16.13115119934082,0.0
52.83722686767578,-16.129329681396484,0.0
52.33723449707031,-16.12750816345215,0.0
51.83723449707031,-16.125686645507812,0.0
51.33724212646485,-16.12386703491211,0.0
50.83724212646485,-16.122045516967773,0.0
50.337249755859375,-16.120223999023438,0.0
49.837249755859375,-16.1184024810791,0.0
49.33725738525391,-16.1165828704834,0.0
48.83725738525391,-16.114761352539062,0.0
48.33725738525391,-16.112939834594727,0.0
47.83726501464844,-16.11111831665039,0.0
47.33726501464844,-16.109296798706055,0.0
46.83727264404297,-16.10747718811035,0.0
46.33727264404297,-16.105655670166016,0.0
45.8372802734375,-16.10383415222168,0.0
45.3372802734375,-16.102012634277344,0.0
44.8372802734375,-16.100191116333008,0.0
44.33728790283203,-16.098371505737305,0.0
43.83728790283203,-16.09654998779297,0.0
43.33729553222656,-16.094728469848633,0.0
42.83729553222656,-16.092906951904297,0.0
42.33730316162109,-16.09108543395996,0.0
41.83730316162109,-16.089265823364258,0.0
41.33730316162109,-16.087444305419922,0.0
40.837310791015625,-16.085622787475586,0.0
40.337310791015625,-16.08380126953125,0.0
39.83731842041016,-16.081981658935547,0.0
39.33731842041016,-16.08016014099121,0.0
38.83732604980469,-16.078338623046875,0.0
38.33732604980469,-16.07651710510254,0.0
37.83733367919922,-16.074695587158203,0.0
37.33733367919922,-16.0728759765625,0.0
36.83733367919922,-16.071054458618164,0.0
36.33734130859375,-16.069232940673828,0.0
35.83734130859375,-16.067411422729492,0.0
