x,y,z
33.202253426285274,-19.557838102862828,0.0
32.702253329006915,-19.5560165845641,0.0
32.2022610070408,-19.554195066796964,0.0
31.702257192343545,-19.55237354885263,0.0
31.202271448737037,-19.550552055044506,0.0
30.702271448737037,-19.5487324444488,0.0
30.20227240249324,-19.54691090219105,0.0
29.702272499771595,-19.54508938460111,0.0
29.20227907813156,-19.543267890615795,0.0
28.70228670752609,-19.54144828002009,0.0
28.202280031887767,-19.539626737762344,0.0
27.7022876612823,-19.537805219818008,0.0
27.2022876612823,-19.535983701873672,0.0
26.702301966315154,-19.534162208242748,0.0
26.202301966315154,-19.532342597647045,0.0
25.70230292007136,-19.530521055389297,0.0
25.20230296871073,-19.52869953762216,0.0
24.702306734768623,-19.526878019500625,0.0
24.202317225104213,-19.5250565258697,0.0
23.702321064108475,-19.523236915362503,0.0
23.202316295831523,-19.521415373104848,0.0
22.702320086209056,-19.519593855071918,0.0
22.202330576544643,-19.51777236144099,0.0
21.702334415548908,-19.515952750933792,0.0
21.202329647271952,-19.514131208676137,0.0
20.70233343764948,-19.512309690643203,0.0
20.202337276666483,-19.510488172787465,0.0
19.702345859640708,-19.50866667915645,0.0
19.20234965003097,-19.50684706847224,0.0
18.70234678908992,-19.50502552621449,0.0
18.20235060378718,-19.50320400827016,0.0
17.702354442804182,-19.501382490414414,0.0
17.202363025778396,-19.4995609967834,0.0
16.70236681616866,-19.497741386099197,0.0
16.202363967387488,-19.495919843885744,0.0
15.70236684057029,-19.494098325985707,0.0
15.20237636506534,-19.49227683231044,0.0
14.702380179762605,-19.49045722171473,0.0
14.202376365153595,-19.488635679457037,0.0
13.70238017985086,-19.486814161512697,0.0
13.202383040873816,-19.48499264356836,0.0
12.70239353120304,-19.483171149937387,0.0
12.20239639222599,-19.481351539341688,0.0
11.702393531291298,-19.479529997083983,0.0
11.202396392314244,-19.47770847913965,0.0
10.702400207011516,-19.475886961195314,0.0
10.20240974366642,-19.474065467564344,0.0
9.70241355836368,-19.47224585696864,0.0
9.202409743754671,-19.47042431471094,0.0
8.702413558451942,-19.468602796766604,0.0
8.202416437714662,-19.46678127888872,0.0
7.70242548536938,-19.46495978521342,0.0
7.20242928183639,-19.46314017455134,0.0
6.702426420895337,-19.461318632293597,0.0
6.202430259912331,-19.459497114437852,0.0
5.7024388428865445,-19.45767562080684,0.0
5.202442633276814,-19.455856010122627,0.0
4.702439796655502,-19.45403446795348,0.0
4.202441697924206,-19.452212949987,0.0
3.702445965138877,-19.45039143195406,0.0
3.2024497919960364,-19.448569914054023,0.0
2.702459811568025,-19.446748420445203,0.0
2.202463152466506,-19.444928809860563,0.0
1.702459577797662,-19.44310726760841,0.0
1.2024627911285346,-19.4412857496447,0.0
0.7024663062825929,-19.43946423169482,0.0
0.2024763250930012,-19.43764273808322,0.0
-0.2975205754654765,-19.43582312748752,0.0
-0.7975239155156975,-19.434001585221523,0.0
-1.297520637260235,-19.432180067277187,0.0
-1.797510627566542,-19.430358573632383,0.0
-2.297507051287855,-19.42853896303668,0.0
-2.797510386021325,-19.42671742079004,0.0
-3.2975070481612176,-19.424895902845705,0.0
-3.7975037011812174,-19.423074384934598,0.0
-4.297494409026414,-19.421252891281465,0.0
-4.797490597367523,-19.419433280674696,0.0
-5.297494399816673,-19.417611738461293,0.0
-5.797484875321618,-19.415790244786024,0.0
-6.297481060624353,-19.41397063419032,0.0
-6.797484875233361,-19.412149091932623,0.0
-7.297481060536096,-19.410327573988287,0.0
-7.797471529957952,-19.408506080335187,0.0
-8.297467238423529,-19.406686469739483,0.0
-8.797471046955772,-19.40486492750391,0.0
-9.297467232258509,-19.40304340955957,0.0
-9.797464371235558,-19.40122189161524,0.0
-10.297453880906346,-19.399400397984262,0.0
-10.797451007729912,-19.39758078743281,0.0
-11.297454834492394,-19.39575924513086,0.0
-11.797451031955005,-19.393937727142227,0.0
-12.297447205097862,-19.39211620924219,0.0
-12.797437656289471,-19.390294715655468,0.0
-13.297434807420004,-19.38847510501552,0.0
-13.797437668354698,-19.38665356275781,0.0
-14.29743480733175,-19.38483204481348,0.0
-14.797430992634482,-19.383010526869143,0.0
-15.297421455979585,-19.38118903323817,0.0
-15.797417653435827,-19.379369422598216,0.0
-16.29742051437688,-19.37754788034047,0.0
-16.797416675359884,-19.37572636248473,0.0
-17.297408092385666,-19.373904868853717,0.0
-17.7974042776884,-19.37208525825801,0.0
-18.29740904596536,-19.370263716000355,0.0
-18.79740525558782,-19.368442197967425,0.0
-19.297401440890557,-19.36662068002309,0.0
-19.797390950554966,-19.36479918639216,0.0
-20.297387135857708,-19.36297957579646,0.0
-20.797389972479024,-19.36115803362731,0.0
-21.297388065130388,-19.359336515682973,0.0
-21.797384274752854,-19.35751499765004,0.0
-22.297380411416224,-19.355693479882905,0.0
-22.797380411416224,-19.35387196193857,0.0
-23.29736996972001,-19.352050468130443,0.0
-23.797366130715734,-19.350230857623245,0.0
-24.297370898992693,-19.348409315365597,0.0
-24.79736710861517,-19.34658779733266,0.0
-25.297356618279583,-19.34476630370173,0.0
-25.79735277927532,-19.34294669319453,0.0
-26.297357547552267,-19.34112515093688,0.0
-26.797353757174733,-19.339303632903945,0.0
-27.297349942477467,-19.33748211495961,0.0
-27.79733942783489,-19.33566062141719,0.0
-28.29733752048625,-19.333841010821487,0.0
-28.797340405734303,-19.332019468475234,0.0
-29.297329939705808,-19.3301979747558,0.0
-29.79732419335281,-19.328378364248607,0.0
-30.297328937322767,-19.326556822079457,0.0
-30.797321809126096,-19.32473531620482,0.0
-31.29731799442883,-19.3229147519348,0.0
-31.797314204045016,-19.321093233901912,0.0
-32.2973084333723,-19.319272669809,0.0
-32.79730845768567,-19.317451151776112,0.0
-33.29730077966451,-19.315630587683195,0.0
-33.79730454573551,-19.31380906991596,0.0
-34.29730087691814,-19.31198850511463,0.0
-34.79729658535548,-19.310166975011903,0.0
-35.29728933557271,-19.308345469580168,0.0
-35.79729272201848,-19.306524892974743,0.0
-36.297281754804814,-19.30470243351439,0.0
-36.797278319758206,-19.302882835427816,0.0
-37.297288430443054,-19.301061280654576,0.0
-37.797277511869154,-19.299238821020204,0.0
-38.29726692427994,-19.2974182814178,0.0
-38.79726692427994,-19.295597717147785,0.0
-39.29726649601575,-19.29377714054564,0.0
-39.79726272994549,-19.2919556224242,0.0
-40.2972583897431,-19.29013504617299,0.0
-40.79726167891011,-19.288312562570148,0.0
-41.2972478507936,-19.286491081100426,0.0
-41.79724789940751,-19.28467147032771,0.0
-42.297246945651295,-19.28284992806996,0.0
-42.79724355920552,-19.281028422461027,0.0
-43.29723650392998,-19.279207869992003,0.0
-43.7972355015595,-19.277387281585582,0.0
-44.2972355015595,-19.275564809966934,0.0
-44.79722448571919,-19.27374425803232,0.0
-45.29723158958387,-19.27192272810697,0.0
-45.79722124514092,-19.27010123394464,0.0
-46.29721356713212,-19.26828162352595,0.0
-46.79722019413107,-19.2664600814454,0.0
-47.297213041627394,-19.26463857565927,0.0
-47.797213090254026,-19.262818011212143,0.0
-48.29720546085949,-19.260996493267807,0.0
-48.79720546085949,-19.25917592899779,0.0
-49.29719788009197,-19.25735441087635,0.0
-49.79719396814107,-19.25553384696054,0.0
-50.29719730594748,-19.253712316858,0.0
-50.79719025069744,-19.251890810717654,0.0
-51.29718262130291,-19.25007024644764,0.0
-51.79717866072574,-19.24824872903461,0.0
-52.29718252404927,-19.24642816458749,0.0
-52.79717494328137,-19.24460664646605,0.0
-53.297174894654745,-19.242786082373136,0.0
-53.79717780422235,-19.24096453993192,0.0
-54.29716736251384,-19.23914209245594,0.0
-54.79715973311932,-19.237322481860232,0.0
-55.29715577254214,-19.23550001077289,0.0
-55.79715634667313,-19.2336804119781,0.0
-56.297151578219655,-19.23185886972035,0.0
-56.79715529563856,-19.23003735213041,0.0
-57.2971482404005,-19.228215845989972,0.0
-57.79714108788407,-19.226395293875072,0.0
-58.29714061100599,-19.224574717449936,0.0
-58.79714008548849,-19.222753187524503,0.0
-59.29714013412786,-19.22093166940297,0.0
-59.79712921554119,-19.219110163439822,0.0
-60.29712201439774,-19.217289611502025,0.0
-60.79712148889302,-19.215469035254,0.0
-61.2971248753388,-19.213647504974254,0.0
-61.797117294584,-19.211825986852723,0.0
-62.29710670699478,-19.210004493576008,0.0
-62.797106706994775,-19.2081848829803,0.0
-63.29710961654974,-19.206363340545547,0.0
-63.79710251266033,-19.2045418345824,0.0
-64.29709817245792,-19.20272125833119,0.0
-64.7970979779027,-19.200898787421316,0.0
-65.29710246403333,-19.19907823460081,0.0
-65.7970873997545,-19.197256715948047,0.0
-66.29707957584974,-19.195436152386463,0.0
-66.79708281639051,-19.19361462263822,0.0
-67.29707947859684,-19.191793116852,0.0
-67.79707957584974,-19.18997255222777,0.0
-68.29707204370958,-19.18815103392922,0.0
-68.79706431706067,-19.186330470013413,0.0
-69.29706755760145,-19.18450894026517,0.0
-69.79706431706067,-19.18268743412474,0.0
-70.29705678492051,-19.18086686950051,0.0
-70.79704905827161,-19.179045351910386,0.0
-71.29704896101872,-19.17722478799457,0.0
-71.79704896101872,-19.17540327005024,0.0
-72.29704905827161,-19.17358270542601,0.0
-72.79704486397605,-19.171761174968974,0.0
-73.29703379948253,-19.16993966953734,0.0
-73.79703370222964,-19.168119105621525,0.0
-74.29703379948255,-19.166297587322983,0.0
-74.79702626734239,-19.16447702269875,0.0
-75.29701854069347,-19.16265550510863,0.0
-75.79701844344059,-19.160834941192817,0.0
-76.29702178123426,-19.15901341109037,0.0
-76.79701854069349,-19.157191904949936,0.0
-77.29701100855333,-19.155371340325704,0.0
-77.79700328190442,-19.15354982273558,0.0
-78.29700318465153,-19.151729258819767,0.0
-78.7970065224452,-19.14990772871732,0.0
-79.29700328190442,-19.14808622257689,0.0
-79.79699574976426,-19.146265657952657,0.0
-80.29698802311536,-19.14444414036253,0.0
-80.79698792586247,-19.14262357644672,0.0
-81.29698802311535,-19.14080205814818,0.0
-81.7969804909752,-19.138981493523943,0.0
-82.29697610214544,-19.137159963775527,0.0
-82.7969726670734,-19.135338458343693,0.0
-83.2969726670734,-19.133517894073677,0.0
-83.79697276432628,-19.13169637577513,0.0
-84.29696523218614,-19.129875811150903,0.0
-84.79695750553724,-19.12805429356078,0.0
-85.29695740828434,-19.12623372964496,0.0
-85.79696084335637,-19.124412199188125,0.0
-86.29694997339708,-19.122590693047872,0.0
-86.79694224674817,-19.120770129132065,0.0
-87.29694214949528,-19.11894861154193,0.0
-87.79694214949528,-19.117128047271915,0.0
-88.29694558456731,-19.11530651681508,0.0
-88.79693471460801,-19.113485010674825,0.0
-89.29692698795911,-19.11166444675902,0.0
-89.7969268907062,-19.109842929168888,0.0
-90.29692689070622,-19.10802236489887,0.0
-90.79692698795913,-19.106200846600327,0.0
-91.29691945581897,-19.10438028197609,0.0
-91.7969150669892,-19.10255875222768,0.0
-92.29691163191714,-19.10073724679584,0.0
-92.79691172917003,-19.09891668217162,0.0
-93.29690419702987,-19.09709516387307,0.0
-93.796896470381,-19.09527459995726,0.0
-94.29689637312808,-19.09345308236713,0.0
-94.79689637312808,-19.09163251809711,0.0
-95.29689990547996,-19.08981098728588,0.0
-95.79688130884628,-19.08798948150002,0.0
-96.29688111433902,-19.08616891793842,0.0
-96.79688111433902,-19.084347399994083,0.0
-97.29688111433902,-19.082526835724064,0.0
-97.79688130884628,-19.08070531707131,0.0
-98.29686605005725,-19.07888475280129,0.0
-98.79686919334364,-19.07706322340726,0.0
-99.29686585554998,-19.07524171762104,0.0
-99.79686585554998,-19.073421153351017,0.0
-100.29686605005725,-19.071599634698263,0.0
-100.79685079126816,-19.069779070428247,0.0
-101.29685393455456,-19.067957541034215,0.0
-101.79685059676088,-19.06613603524799,0.0
-102.29685079126816,-19.064315470269552,0.0
-102.79683553247912,-19.062493952325216,0.0
-103.29683533797184,-19.06067338876361,0.0
-103.79683533797184,-19.05885187081928,0.0
-104.29683533797184,-19.05703130654926,0.0
-104.79683887032373,-19.055209775738025,0.0
-105.29682027369005,-19.05338826995217,0.0
-105.79682007918278,-19.051567706390568,0.0
-106.29682007918278,-19.049746188446232,0.0
-106.79682027369005,-19.047925623467798,0.0
-107.29680501490098,-19.046104105523455,0.0
-107.79680482039372,-19.044283541961857,0.0
-108.2968081581874,-19.04246201185941,0.0
-108.7968048203937,-19.040640506073185,0.0
-109.29680501490098,-19.03881994109475,0.0
-109.79678975611192,-19.03699842315041,0.0
-110.29678956160464,-19.035177859588813,0.0
-110.79679289939833,-19.033356329486363,0.0
-111.29678956160464,-19.031534823700134,0.0
-111.79678975611192,-19.0297142587217,0.0
-112.29677449732286,-19.027892740777364,0.0
-112.7967743028156,-19.026072177215763,0.0
-113.2967743028156,-19.024250659271427,0.0
-113.79677449732286,-19.02243009429299,0.0
-114.2967625763784,-19.020608564190173,0.0
-114.79675904402654,-19.018787059112736,0.0
-115.29675904402654,-19.01696649484272,0.0
-115.79675904402652,-19.01514497689838,0.0
-116.2967592385338,-19.013324411919942,0.0
-116.79674397974472,-19.011502893975607,0.0
-117.29674378523744,-19.009682330414005,0.0
-117.79674712303112,-19.00786080031156,0.0
-118.29674397974472,-19.00603929381692,0.0
-118.79672872095568,-19.0042187295469,0.0
-119.29672852644842,-19.00239721231098,0.0
-119.79672852644842,-19.00057664804096,0.0
-120.29673186424208,-18.99875511793851,0.0
-120.79672872095568,-18.99693361144387,0.0
-121.2967134621666,-18.99511304717385,0.0
-121.79671326765934,-18.99329152993793,0.0
-122.29671326765934,-18.99147096566791,0.0
-122.79671326765934,-18.989649447723576,0.0
-123.2967134621666,-18.987828882745134,0.0
-123.79670154122216,-18.98600735264232,0.0
-124.29669800887028,-18.984185847564884,0.0
-124.79669800887028,-18.982365283294865,0.0
-125.29669820337756,-18.98054376464211,0.0
-125.79668294458848,-18.97872320037209,0.0
-126.2966827500812,-18.976901683136173,0.0
-126.7966827500812,-18.97508111886616,0.0
-127.29668608787487,-18.97325958876371,0.0
-127.79668255557988,-18.971438083685868,0.0
-128.2966980088703,-18.969617518707462,0.0
-128.7966862824331,-18.967795987896228,0.0
-129.2966827500812,-18.96597448281879,0.0
-129.7966827500812,-18.96415391854877,0.0
-130.2966829445885,-18.962332399896017,0.0
-130.79666768579943,-18.960511835626,0.0
-131.29666749129214,-18.95869031839008,0.0
-131.79666749129214,-18.95686975412006,0.0
-132.29667082908583,-18.95504822401761,0.0
-132.7966676857994,-18.95322671752297,0.0
-133.29665242701037,-18.95140615325295,0.0
-133.79665223250308,-18.949584636017036,0.0
-134.29665223250308,-18.947764071747013,0.0
-134.79665223250308,-18.94594255380268,0.0
-135.29665242701034,-18.944121988824243,0.0
-135.7966405060659,-18.942300458721427,0.0
-136.29663697371402,-18.94047895364399,0.0
-136.79663697371402,-18.93865838937397,0.0
-137.2966371682213,-18.93683687072121,0.0
-137.79662190943225,-18.935016306451192,0.0
-138.29662171492495,-18.933194789215275,0.0
-138.7966185715876,-18.931374236392134,0.0
-139.29660665064318,-18.929553659966817,0.0
-139.79660998848777,-18.927732129864,0.0
-140.2965947296987,-18.92591061191966,0.0
-140.7965878595531,-18.924089118997152,0.0
-141.2965878595531,-18.92226950840145,0.0
-141.7965947296987,-18.92044796543529,0.0
-142.29657947090965,-18.918626447490954,0.0
-142.79657927635145,-18.91680493025541,0.0
-143.29657260076405,-18.91498343662411,0.0
-143.79657260076405,-18.91316382602841,0.0
-144.29657947090965,-18.911342283062243,0.0
-144.7965642121206,-18.909520765117907,0.0
-145.2965640175624,-18.90769924788236,0.0
-145.796557341975,-18.905877754251065,0.0
-146.29655753643135,-18.904058142947317,0.0
-146.79654895333152,-18.9022366006892,0.0
-147.29654875877333,-18.900415083453648,0.0
-147.79654208318595,-18.89859358982235,0.0
-148.29654208318595,-18.896773979226644,0.0
-148.79654895333152,-18.89495243626048,0.0
-149.29653369454246,-18.89313091831615,0.0
-149.79653349998426,-18.8913094010806,0.0
-150.29652682439686,-18.889487907449304,0.0
-150.79652682439686,-18.8876682968536,0.0
-151.29653369454246,-18.88584675388744,0.0
-151.7965184357534,-18.884025235943103,0.0
-152.2965182411952,-18.88220371870756,0.0
-152.79651156560783,-18.880382225076257,0.0
-153.2965115656078,-18.878562614480558,0.0
-153.7965184357534,-18.87674107151439,0.0
-154.29650317696434,-18.874919553570056,0.0
-154.79650298240614,-18.873098036334508,0.0
-155.29650298240614,-18.87127651839017,0.0
-155.7964965012751,-18.86945502405083,0.0
-156.29648124248604,-18.86763541345513,0.0
-156.79648772361708,-18.8658138719058,0.0
-157.29648772361708,-18.86399235396146,0.0
-157.79648791817527,-18.862170835308337,0.0
-158.29646598369698,-18.86034934167778,0.0
-158.7964657892406,-18.858529731790124,0.0
-159.296472464828,-18.85670818953275,0.0
-159.796472464828,-18.85488667158841,0.0
-160.2964726593862,-18.85306515293529,0.0
-160.79645072490788,-18.851243659304732,0.0
-161.29645053045155,-18.84942404941708,0.0
-161.79645720603895,-18.847602507159703,0.0
-162.29645720603895,-18.84578098921537,0.0
-162.7964507249079,-18.843959494876025,0.0
-163.29643546611885,-18.84213988428032,0.0
-163.7964419472499,-18.840318342730992,0.0
-164.2964419472499,-18.838496824786656,0.0
-164.7964421418081,-18.83667530613353,0.0
-165.2964202073298,-18.834853812502978,0.0
-165.79642001287343,-18.83303420261532,0.0
-166.29642668846083,-18.83121266035794,0.0
-166.79642668846083,-18.82939114241361,0.0
-167.29642688301902,-18.82756962376048,0.0
-167.7964049485407,-18.82574813012993,0.0
-168.29640475408436,-18.823928520242276,0.0
-168.79641142967176,-18.822106977984895,0.0
-169.29641162422996,-18.82028545933177,0.0
-169.7963963654409,-18.81846394138744,0.0
-170.2963894952953,-18.81664244846493,0.0
-170.7963894952953,-18.814822837869222,0.0
-171.2963961708827,-18.81300129561185,0.0
-171.7963963654409,-18.811179776958728,0.0
-172.2963744309626,-18.809358283328173,0.0
-172.79637423650624,-18.807538673440515,0.0
-173.29638091209364,-18.80571713118314,0.0
-173.79638110665184,-18.803895612530017,0.0
-174.29636584786277,-18.80207409458568,0.0
-174.79635897771718,-18.80025260166317,0.0
-175.29635897771718,-18.798432991067468,0.0
-175.79636565330458,-18.796611448810093,0.0
-176.29636584786277,-18.79478993015697,0.0
-176.7963505890737,-18.792968412212637,0.0
-177.2963437189281,-18.791146919290124,0.0
-177.7963437189281,-18.789327308694425,0.0
-178.2963505890737,-18.787505765728262,0.0
-178.79633533028465,-18.785684247783927,0.0
-179.29632846013908,-18.783862754861417,0.0
-179.79632846013908,-18.78204314426571,0.0
-180.29633513572645,-18.780221602008336,0.0
-180.79633513572645,-18.778400084064,0.0
-181.29633533028465,-18.77657856541088,0.0
-181.79631339580635,-18.77475707178032,0.0
-182.29631320135,-18.772937461892663,0.0
-182.7963198769374,-18.771115919635285,0.0
-183.2963200714956,-18.76929440098216,0.0
-183.79630481270647,-18.767472883037826,0.0
-184.29629794256093,-18.76565139011532,0.0
-184.79629794256093,-18.763831779519617,0.0
-185.29630461814835,-18.76201023726224,0.0
-185.79630481270647,-18.76018871860912,0.0
-186.29628955391735,-18.758367200664782,0.0
-186.79628268377175,-18.756545707742276,0.0
-187.29628268377175,-18.75472609714657,0.0
-187.79628955391735,-18.752904554180407,0.0
-188.2962742951284,-18.75108303623607,0.0
-188.7962674249828,-18.74926154331356,0.0
-189.2962674249828,-18.74744193271786,0.0
-189.7962741005702,-18.745620390460484,0.0
-190.2962742951284,-18.74379887180736,0.0
-190.7962590363393,-18.741977353863025,0.0
-191.29625216619377,-18.740155860940515,0.0
-191.7962521661937,-18.73833625034481,0.0
-192.2962590363393,-18.73651470737865,0.0
-192.79624377755027,-18.73469318943431,0.0
-193.29624358299208,-18.732871672198765,0.0
-193.79623690740468,-18.731050178567468,0.0
-194.29623690740468,-18.729230567971765,0.0
-194.79624358299208,-18.72740902571439,0.0
-195.29624377755027,-18.72558750706127,0.0
-195.7962285187612,-18.72376598911693,0.0
-196.2962216486156,-18.721944496194425,0.0
-196.796221843072,-18.720124884890676,0.0
-197.29621325997215,-18.71830334263256,0.0
-197.796213065414,-18.716481825397008,0.0
-198.29620638982655,-18.71466033176571,0.0
-198.79620638982655,-18.712840721170007,0.0
-199.296213065414,-18.711019178912636,0.0
-199.796213065414,-18.709197660968297,0.0
-200.29621325997215,-18.707376142315173,0.0
-200.7961980011831,-18.70555462437084,0.0
-201.2961978066249,-18.703733107135285,0.0
-201.7961911310375,-18.701911613503988,0.0
-202.29619132549385,-18.700092002200243,0.0
-202.79618274239408,-18.69827045994213,0.0
-203.29618254783588,-18.696448942706574,0.0
-203.79617587224848,-18.69462744907528,0.0
-204.29617587224848,-18.69280783847958,0.0
-204.79618274239408,-18.69098629551342,0.0
-205.29616748360496,-18.689164777569083,0.0
-205.7961672890468,-18.68734326033353,0.0
-206.29616061345936,-18.685521766702237,0.0
-206.79616061345936,-18.68370215610653,0.0
-207.29571373217897,-18.68188223678484,0.0
-207.7973809694984,-18.68018382023733,0.0
-208.2991665671619,-18.678958140842457,0.0
-208.80088775373787,-18.67825361462517,0.0
-209.302627589284,-18.67803953611528,0.0
-209.8044425615192,-18.678345590209812,0.0
-210.3061822511635,-18.67911157257077,0.0
-210.80787593405896,-18.68042808961762,0.0
-211.3097564638712,-18.68220620107701,0.0
-211.8092373740728,-18.68412113385552,0.0
-212.30921543960903,-18.686039900967632,0.0
-212.80922232012963,-18.68795872009047,0.0
-213.3092223201297,-18.689875605466447,0.0
-213.80922211528372,-18.691794397405324,0.0
-214.30920685649468,-18.6937112827813,0.0
-214.80920706134057,-18.695630076291643,0.0
-215.3092070613406,-18.69754696166762,0.0
-215.80920018082,-18.699465727994003,0.0
-216.3091915977056,-18.701384546331106,0.0
-216.80919180255157,-18.70330143249281,0.0
-217.30919180255157,-18.705220225217424,0.0
-217.8091915977056,-18.707137109807668,0.0
-218.30957391377163,-18.7090574049434,0.0
-218.807879658455,-18.71085374820888,0.0
-219.3061516402977,-18.71216188617999,0.0
-219.8044277273613,-18.712952408528903,0.0
-220.3026885722805,-18.71325682126676,0.0
-220.8008719318504,-18.713043750335626,0.0
-221.2991327091491,-18.71237509902185,0.0
-221.79742398387543,-18.71115834941338,0.0
-222.29557676786504,-18.709486427981005,0.0
-222.7939761775744,-18.707296084745717,0.0
-223.292113664725,-18.704590172912443,0.0
-223.79029686929707,-18.701427929985943,0.0
-224.288650954682,-18.69774756828808,0.0
-224.7863246518678,-18.69355555525745,0.0
-225.2865910626469,-18.68902271198905,0.0
-225.78654781558723,-18.68450254894345,0.0
-226.2865172980091,-18.679980225335047,0.0
-226.78649488120277,-18.675459873799014,0.0
-227.286486780431,-18.67093939281552,0.0
-227.78645626285288,-18.66641706920712,0.0
-228.2864338460465,-18.661896717671084,0.0
-228.7864257452748,-18.657376236687583,0.0
-229.2863955391588,-18.65285391026257,0.0
-229.7867855952164,-18.64832973963984,0.0
-230.2867614386342,-18.64380926586239,0.0
-230.78674569693305,-18.63928694662101,0.0
-231.2867242458489,-18.634766586352782,0.0
-231.78670040347788,-18.63024610973446,0.0
-232.28668466177683,-18.62572379049308,0.0
-232.78666321069264,-18.621203430224856,0.0
-233.28663936832163,-18.61668295360653,0.0
-233.78662362662055,-18.612160634365143,0.0
-234.2866088507435,-18.607640213738367,0.0
-234.78657833316535,-18.60311789012997,0.0
-235.2865559163589,-18.598597538593932,0.0
-235.78654781558723,-18.59407705761044,0.0
-236.2865172980091,-18.58955473400204,0.0
-236.78649488120277,-18.58503438246601,0.0
-237.286486780431,-18.58051390148251,0.0
-237.78645626285288,-18.57599157787411,0.0
-238.28644052115175,-18.57147116598136,0.0
-238.7864257452748,-18.566948838005946,0.0
-239.2863885524895,-18.56242848210474,0.0
-239.78637948599547,-18.557908009853428,0.0
-240.2863647101185,-18.553385681878016,0.0
-240.7863275173333,-18.54886532597681,0.0
-241.2863184508393,-18.544344853725494,0.0
-241.78630367496228,-18.53982252575009,0.0
-242.2862731573842,-18.535302109490324,0.0
-242.78625741568305,-18.530779790248936,0.0
-243.2862359645989,-18.52625942998072,0.0
-243.78621212222788,-18.52173895336239,0.0
-244.28619638052683,-18.51721663412101,0.0
-244.78617492944267,-18.512696273852782,0.0
-245.28615108707163,-18.50817579723446,0.0
-245.78613534537055,-18.50365347799308,0.0
-246.2861138942864,-18.499133117724856,0.0
-246.78609005191535,-18.49461264110653,0.0
-247.28607431021425,-18.490090321865143,0.0
-247.78605953433723,-18.485569901238367,0.0
-248.2860290167591,-18.48104757762997,0.0
-248.78600659995277,-18.476527226093932,0.0
-249.285998499181,-18.47200674511044,0.0
-249.78596798160288,-18.46748442150204,0.0
-250.2859455647965,-18.46296406996601,0.0
-250.7859374640248,-18.45844358898251,0.0
-251.28590694644663,-18.45392126537411,0.0
-251.78589120474547,-18.44940085348136,0.0
-252.28587642886853,-18.444878525505946,0.0
-252.7858392360833,-18.44035816960474,0.0
-253.2858301695893,-18.435837697353428,0.0
-253.78581539371228,-18.431315369378016,0.0
-254.28577820092707,-18.42679501347681,0.0
-254.78576961734507,-18.422274536858485,0.0
-255.28573909976691,-18.41775221325009,0.0
-255.78572335806587,-18.413231801357338,0.0
-256.2857076163795,-18.408709482115757,0.0
-256.7857014241715,-18.40418912184589,0.0
-257.2867202330431,-18.399659061194196,0.0
-257.7824991421823,-18.39487133944573,0.0
-258.2753642588761,-18.388445785729846,0.0
-258.7687662952379,-18.380178519398125,0.0
-259.26214685324607,-18.370073462298897,0.0
-259.755433020273,-18.35813176561943,0.0
-260.24877025683645,-18.344350887530776,0.0
-260.7420221541399,-18.328718533860016,0.0
-261.2351371675041,-18.311267371856825,0.0
-261.7282690115089,-18.29197346827013,0.0
-262.22131366797095,-18.270828665893266,0.0
-262.71417340453627,-18.247864393285084,0.0
-263.2070762757112,-18.223060212979213,0.0
-263.69988390183875,-18.196402643334107,0.0
-264.19248088438457,-18.1679268406382,0.0
-264.68502916588733,-18.13761081235839,0.0
-265.17745142426463,-18.105459095068404,0.0
-265.6698235259554,-18.071466831129204,0.0
-266.161970048484,-18.035641658553534,0.0
-266.6539798338522,-17.99799327878868,0.0
-267.14589740599945,-17.958505160190573,0.0
-267.63764662917106,-17.917178351276885,0.0
-268.12926260643275,-17.874018170124184,0.0
-268.62063744017604,-17.8290361221654,0.0
-269.1119055798917,-17.782216720330272,0.0
-269.6029841887826,-17.73357328934479,0.0
-270.09387923805923,-17.68309186075696,0.0
-270.5845392534831,-17.630789915637422,0.0
-271.07507605064984,-17.57664819710344,0.0
-271.56532613415993,-17.52069053770289,0.0
-272.0554399029497,-17.462904743965606,0.0
-272.54536050433427,-17.40327726262105,0.0
-273.03493255152506,-17.341839912740298,0.0
-273.5242922841152,-17.27859120042384,0.0
-274.0134604248869,-17.213502451715886,0.0
-274.50243779500187,-17.146590814490875,0.0
-274.9911084987546,-17.077854466986647,0.0
-275.4795590503529,-17.00729790090034,0.0
-275.9676661214683,-16.934922068346935,0.0
-276.45555312949807,-16.86073488606568,0.0
-276.9431373341763,-16.78471371801671,0.0
-277.43039864657965,-16.70690289166491,0.0
-277.9174007398039,-16.627254402177524,0.0
-278.4041437017697,-16.54580757750675,0.0
-278.8905166996973,-16.46252610804001,0.0
-279.3765825180216,-16.377462114340364,0.0
-279.86238912152885,-16.290559531457173,0.0
-280.3478412895378,-16.20185871463437,0.0
-280.8329324253642,-16.111348916581903,0.0
-281.31768895156443,-16.019033771461817,0.0
-281.8020896352847,-15.924914554018912,0.0
-282.2861919283612,-15.828986001188834,0.0
-282.7699618382162,-15.731243308553344,0.0
-283.25318692977083,-15.63171158959619,0.0
-283.73616704503735,-15.530396386439056,0.0
-284.2187842174277,-15.42724304137984,0.0
-284.7009495283568,-15.322328429598125,0.0
-285.18275728427705,-15.21559597523354,0.0
-285.6641621687692,-15.107077597577549,0.0
-286.1451534502136,-14.996761012557595,0.0
-286.6256911883842,-14.884663459520716,0.0
-287.10589715309527,-14.770761746110058,0.0
-287.58562902216534,-14.655070536715607,0.0
-288.06490711861306,-14.53760575979338,0.0
-288.5437952240949,-14.41833536887174,0.0
-289.0221593260116,-14.297294861820632,0.0
-289.5000603226977,-14.17449209155059,0.0
-289.97757690938727,-14.049881885872765,0.0
-290.4545951649783,-13.92350206162505,0.0
-290.93117098763673,-13.795337811001882,0.0
-291.4072492228412,-13.665395571713187,0.0
-291.8828338210532,-13.533681758695236,0.0
-292.3578546018919,-13.400215447905843,0.0
-292.83243745585565,-13.26497191039724,0.0
-293.30652532326286,-13.127955381746384,0.0
-293.7801027250274,-12.989170930824123,0.0
-294.2531299499979,-12.848623085488398,0.0
-294.7256516865253,-12.706320145570482,0.0
-295.1976123975439,-12.562249279027256,0.0
-295.66905652095414,-12.41643510470549,0.0
-296.1399890458036,-12.268841618491711,0.0
-296.6103380573824,-12.11950075012264,0.0
-297.08009266856794,-11.96842167941916,0.0
-297.54931967038306,-11.815577720159045,0.0
-298.01789801387883,-11.66101160307182,0.0
-298.48603378147374,-11.50466857301844,0.0
-298.95348701916726,-11.346586642148878,0.0
-299.420312585615,-11.186798341708933,0.0
-299.88666065500183,-11.02522978855527,0.0
-300.35231480893594,-10.861941462593895,0.0
-300.81736821970406,-10.696927050955994,0.0
-301.28184341041305,-10.53016301967055,0.0
-301.7456999985849,-10.361663986004617,0.0
-302.2088434730585,-10.19146160173561,0.0
-302.67136699385867,-10.01954265421357,0.0
-303.1333253056161,-9.845872726448098,0.0
-303.5946030063354,-9.670479497617157,0.0
-304.05517862360927,-9.493393968225542,0.0
-304.5151560181827,-9.314567516208484,0.0
-304.9744203124517,-9.134034136384704,0.0
-305.4329026649256,-8.951840033398899,0.0
-305.8909125748002,-8.767882718991213,0.0
-306.34813897483696,-8.582215319169762,0.0
-306.8046725126733,-8.394873907275871,0.0
-307.2604985267632,-8.205812154814971,0.0
-307.7156175018192,-8.015068812431979,0.0
-308.1700458921555,-7.822612829620674,0.0
-308.62369086861133,-7.628488350747043,0.0
-309.07664110564656,-7.432673314429549,0.0
-309.5289414748124,-7.235133206895648,0.0
-309.9803542628492,-7.035953298311432,0.0
-310.4310663601277,-6.8351054819672346,0.0
-310.88118017147184,-6.632502104889527,0.0
-311.3303964666933,-6.428257722615418,0.0
-311.77882691145226,-6.222370387823066,0.0
-312.2264548083052,-6.01482125840176,0.0
-312.6733766095677,-5.805599180278113,0.0
-313.11960875525426,-5.594655973814232,0.0
-313.5649251490904,-5.382096454608643,0.0
-314.0094861943206,-5.167881055909163,0.0
-314.45326840353044,-4.95198464065753,0.0
-314.8962440318316,-4.734434357847363,0.0
-315.3383766780693,-4.515241610387317,0.0
-315.77960673077087,-4.29444261253701,0.0
-316.2200682929117,-4.071994610460209,0.0
-316.6597993501105,-3.8478476242855537,0.0
-317.0985940554327,-3.6220963554332255,0.0
-317.5364804850945,-3.394758359311956,0.0
-317.9736627028288,-3.1657285097315357,0.0
-318.40994002048086,-2.935070797644105,0.0
-318.8452839436511,-2.7028407843415687,0.0
-319.2798718565421,-2.468934276582703,0.0
-319.7135059902587,-2.233434558046304,0.0
-320.14627678580945,-1.9963323052374804,0.0
-320.5782332124925,-1.7575662025279186,0.0
-321.0091442265346,-1.5172647499910754,0.0
-321.4392532607529,-1.2753416859083675,0.0
-321.8684984166611,-1.0317651332676423,0.0
-322.29681781002944,-0.7866085441508961,0.0
-322.7241285233491,-0.5398872882062928,0.0
-323.1505863651741,-0.2915698561121762,0.0
-323.5760541474451,-0.0416679929099967,0.0
-324.00067333733966,0.2098257654440529,0.0
-324.42433883604133,0.4629373233251601,0.0
-324.84695648511894,0.7175393188537589,0.0
-325.2687328824217,0.9737752642505888,0.0
-325.68954698164305,1.2315905120135189,0.0
-326.1093697035984,1.490952382638226,0.0
-326.5282433066722,1.7518941578705394,0.0
-326.9460336050169,2.014332984982978,0.0
-327.3629640399439,2.278365016731033,0.0
-327.77898577509694,2.5440365658373,0.0
-328.19389544724066,2.8111898194901537,0.0
-328.6076786462376,3.0797993528272785,0.0
-329.02064301840306,3.3500309681094653,0.0
-329.43260756112846,3.6218504567017575,0.0
-329.84342781603306,3.895103981927965,0.0
-330.2533304532779,4.169944254181768,0.0
-330.6621144928397,4.446268634508427,0.0
-331.0699105889268,4.724111101170164,0.0
-331.47675927131667,5.003548664459849,0.0
-331.8825385031945,5.284497012344021,0.0
-332.2862622870648,5.566264949915672,0.0
-332.6938061011307,5.852532312627444,0.0
-333.10323236107524,6.140272201991003,0.0
-333.5123707435953,6.427809804993731,0.0
-333.9214283607829,6.715312093812157,0.0
-334.3305164955485,7.002814382630522,0.0
-334.7395696442034,7.290313530905223,0.0
-335.14865777896904,7.577813912374949,0.0
-335.55771986468915,7.865319341736961,0.0
-335.9667577517003,8.152786316370886,0.0
-336.3758961342204,8.440323919373682,0.0
-336.7849537514079,8.727826208192042,0.0
-337.1940227343346,9.01531503691882,0.0
-337.607857910068,9.306173346361822,0.0
-338.00088912589683,9.58454653135333,0.0
-338.39664687064334,9.869117333324372,0.0
-338.79040558767514,10.156507493141657,0.0
-339.1821076718822,10.446727026805126,0.0
-339.57180737102146,10.73977880790213,0.0
-339.9592720468675,11.035550597045436,0.0
-340.34464442815965,11.334050932153367,0.0
-340.72790789365774,11.635354648019716,0.0
-341.10902259889843,11.93937571442484,0.0
-341.4879538190109,12.246132952671465,0.0
-341.86464938299224,12.555551557214466,0.0
-342.23910472932675,12.867638270564418,0.0
-342.61131594148964,13.182368029746014,0.0
-342.98138782422654,13.499841633600834,0.0
-343.34914927654864,13.81995538378759,0.0
-343.7146100832151,14.142677668809798,0.0
-344.0776559279884,14.46793885020556,0.0
-344.43833584698706,14.795713864117772,0.0
-344.79673139458737,15.126105261215075,0.0
-345.15289981790283,15.459171397007896,0.0
-345.50659615695776,15.79474396537672,0.0
-345.8577892269922,16.13271522284885,0.0
-346.20662884879954,16.473242181099895,0.0
-346.5530697400536,16.81629926973439,0.0
-346.8969804300055,17.16176345085952,0.0
-347.23849244443136,17.50973033281376,0.0
-347.57746361613505,17.86011882610873,0.0
-347.91383613878594,18.21280146855672,0.0
-348.24786108536074,18.568042041035085,0.0
-348.57922980527434,18.92560639118663,0.0
-348.908023935584,19.285456326625763,0.0
-349.2343276352524,19.647773935975547,0.0
-349.55791118143424,20.01228120884098,0.0
-349.87891687645885,20.379089755764006,0.0
-350.1973948238493,20.748304413623323,0.0
-350.51315220025305,21.119725106234696,0.0
-350.8262734570156,21.49339496194696,0.0
-351.13668870447856,21.86928809392232,0.0
-351.44432154766304,22.247247137600784,0.0
-351.7494543603003,22.62760919235747,0.0
-352.0517923756299,23.01013886990831,0.0
-352.3513235169195,23.394688862199857,0.0
-352.6480909573585,23.781371025430413,0.0
-352.94217549512683,24.17023337046045,0.0
-353.2334902871307,24.561262549782757,0.0
-353.52190520141727,24.95422640625504,0.0
-353.8074687270501,25.34916723142656,0.0
-354.09034744149693,25.74629637092435,0.0
-354.3703938996333,26.14552379667621,0.0
-354.64742678079244,26.54652361341339,0.0
-354.92157462595674,26.949417598225573,0.0
-355.1930255183677,27.354500340293047,0.0
-355.4614798138741,27.761456100313648,0.0
-355.72701680211213,28.170238257027066,0.0
-355.98966107468874,28.58100513302404,0.0
-356.2493877579825,28.993657643898143,0.0
-356.50612558190045,29.40815712362008,0.0
-356.75976937501963,29.824254545034783,0.0
-357.01054949966715,30.242269299618364,0.0
-357.25835430253585,30.662141864860548,0.0
-357.50312837659664,31.083702185498613,0.0
-357.7448968818605,31.50703002398527,0.0
-357.98365564347483,31.932100393495503,0.0
-358.2193702875854,32.358888518838725,0.0
-358.4519890709132,32.78727651008804,0.0
-358.6815673428665,33.217342286441536,0.0
-358.90806783091057,33.64905917116347,0.0
-359.1314495809165,34.08231754055029,0.0
-359.3517104647098,34.51710238157166,0.0
-359.56898613087293,34.953650888516975,0.0
-359.783003307422,35.39158787745399,0.0
-359.9939735103905,35.831062290519405,0.0
-360.2017984376621,36.27217662058252,0.0
-360.4064280499357,36.71461479363557,0.0
-360.607880579679,37.15851748499657,0.0
-360.80619857447584,37.60388226260638,0.0
-361.0012757333765,38.05059937041339,0.0
-361.19321336759896,38.4987259783671,0.0
-361.3819645705052,38.94836017634268,0.0
-361.56739368417055,39.39907617327241,0.0
-361.7496509772623,39.85114305229312,0.0
-361.9287160645649,40.30463263169223,0.0
-362.1044378381365,40.75914751457115,0.0
-362.2770640205699,41.215147439905,0.0
-362.4464394552932,41.67261471494408,0.0
-362.6123639876066,42.1308178336988,0.0
-362.7751250115634,42.590344742157214,0.0
-362.93456211380345,43.05107895862422,0.0
-363.0906948767727,43.51278226989517,0.0
-363.2435674259472,43.97574654799677,0.0
-363.3931100299729,44.43973768310524,0.0
-363.5393576539317,44.90484538023875,0.0
-363.6822120816277,45.37082772815947,0.0
-363.8218338456919,45.83798286705755,0.0
-363.95809749127056,46.30629742124452,0.0
-364.0909078237486,46.775199696990086,0.0
-364.22039355737047,47.244992708319565,0.0
-364.3465810138275,47.71587279798726,0.0
-364.46940846936894,48.18770309956464,0.0
-364.5888754392317,48.66047246914209,0.0
-364.70489564092526,49.13392980800243,0.0
-364.81756034522766,49.60816682973704,0.0
-364.9268319205667,50.08326432377609,0.0
-365.0327175586553,50.55908804882677,0.0
-365.1352107137616,51.03574026933492,0.0
-365.2343079933943,51.51317854511976,0.0
-365.3299141741291,51.99106234890664,0.0
-365.42220862703925,52.46980790378164,0.0
-365.5109943335628,52.94916292265354,0.0
-365.596405517662,53.4289986924755,0.0
-365.678398054856,53.90973678092087,0.0
-365.7569061876823,54.39079722877391,0.0
-365.8320169144123,54.87248794539658,0.0
-365.90366836353473,55.35479299042992,0.0
-365.9718414179516,55.83735114411926,0.0
-366.03663067670766,56.32057728871767,0.0
-366.09789978921714,56.804119773912674,0.0
-366.15579909324487,57.28818674307973,0.0
-366.2101863207404,57.77285331414722,0.0
-366.2610913382757,58.257539998273614,0.0
-366.3085642863978,58.74267406258316,0.0
-366.3525629326948,59.22811381396547,0.0
-366.3931273748879,59.71395974077845,0.0
-366.4301941562289,60.20018195276055,0.0
-366.46377677095455,60.68652647333656,0.0
-366.4938846256967,61.1730888274561,0.0
-366.5205120506028,61.65972700903897,0.0
-366.5437074079549,62.14676669667567,0.0
-366.56336593600975,62.63394789774875,0.0
-366.57957590987,63.12113983489452,0.0
-366.5922186767499,63.6056881270958,0.0
-366.6025607007836,64.10420736327083,0.0
-366.61279369489256,64.60457633003251,0.0
-366.6230170835644,65.10446951850888,0.0
-366.6332404722364,65.60437033638017,0.0
-366.6434638497445,66.1042629789824,0.0
-366.6536872384164,66.60415616745877,0.0
-366.66391063825193,67.10404990180986,0.0
-366.6741340269238,67.60395071968095,0.0
-366.684357404432,68.10384336228299,0.0
-366.6945808042676,68.60373709663408,0.0
-366.7048041929394,69.10363791450517,0.0
-366.7150275704476,69.6035305571072,0.0
-366.7252509591195,70.10342374558377,0.0
-366.7354743589551,70.60331747993486,0.0
-366.7456977476269,71.10321829780575,0.0
-366.75592113629887,71.60311148628251,0.0
-366.7661467068248,72.10311907079561,0.0
-366.77633956678807,72.60301171421096,0.0
-366.7865607735727,73.1027981352322,0.0
-366.7967841622445,73.60269132370897,0.0
-366.80700756208006,74.10258505805986,0.0
-366.81723095075193,74.60248587593095,0.0
-366.8274543394238,75.10237906440751,0.0
-366.8376777280957,75.60227988227861,0.0
-366.8479011056039,76.10217252488064,0.0
-366.8581244942757,76.6020657133572,0.0
-366.8683478941113,77.1019594477083,0.0
-366.8785712827832,77.60186026557939,0.0
-366.88879466029135,78.10175290818142,0.0
-366.8990180601269,78.60164664253232,0.0
-366.90924144879887,79.10154746040361,0.0
-366.919464826307,79.60144010300584,0.0
-366.92968821497885,80.1013332914822,0.0
-366.9399116148144,80.6012270258331,0.0
-366.9501350034864,81.10112784370439,0.0
-366.9603583921582,81.60102103218115,0.0
-366.97058178083006,82.10092185005205,0.0
-366.9808073402256,82.6009212601096,0.0
-366.9910002113193,83.10081444858616,0.0
-367.0012214292676,83.60060141548173,0.0
-367.0114448179394,84.10050223335283,0.0
-367.0216681954476,84.60039487595486,0.0
-367.0318915952832,85.10028861030595,0.0
-367.0421149839551,85.60018942817705,0.0
-367.0523383614632,86.10008207077888,0.0
-367.0625617501352,86.59997525925564,0.0
-367.0727851499707,87.09986899360693,0.0
-367.08300853864256,87.59976981147783,0.0
-367.0932319161507,88.09966245407966,0.0
-367.1034553159864,88.59955618843095,0.0
-367.1136787046582,89.09945700630225,0.0
-367.1239020821664,89.59934964890408,0.0
-367.1341303914332,90.09948384578158,0.0
-367.14426745984167,90.59854388484052,0.0
-367.1539439294538,91.09647179848396,0.0
-367.1631324092786,91.594585782965,0.0
-367.1718291891322,92.09272222176554,0.0
-367.1800359942517,92.59095858553776,0.0
-367.1877220099672,93.08931985729068,0.0
-367.1948808586415,93.58737901743332,0.0
-367.2016078444837,94.08532160035114,0.0
-367.2078500431442,94.58380433315617,0.0
-367.2135071707175,95.08218045156288,0.0
-367.2186984058032,95.58015498929068,0.0
-367.2234308166287,96.07833697735214,0.0
-367.2276410222618,96.57652690214492,0.0
-367.2313915585233,97.07493254683162,0.0
-367.2345584138259,97.57333843060172,0.0
-367.237262074354,98.07142826076644,0.0
-367.2394742523113,98.5695253423926,0.0
-367.24122611392966,99.0678232264758,0.0
-367.2424250339227,99.5661365064209,0.0
-367.243162462839,100.06434170310943,0.0
-367.2433776838823,100.5625469104083,0.0
-367.2431315057808,101.06096040457136,0.0
-367.2423020981487,101.55916551443497,0.0
-367.24107255274566,102.05737837321584,0.0
-367.2392593258892,102.5556840480109,0.0
-367.2370163201034,103.05377362922484,0.0
-367.234250017104,103.55207920639648,0.0
-367.2309925665341,104.0502693930968,0.0
-367.22724256264246,104.54855927344816,0.0
-367.2229701339676,105.04686451480572,0.0
-367.2182068783956,105.54504728104683,0.0
-367.2129507403228,106.04333010933686,0.0
-367.20717348425904,106.54149704196811,0.0
-367.200935060478,107.0396635525053,0.0
-367.1941746751988,107.5378125184419,0.0
-367.18696818314027,108.03530134906605,0.0
-367.1794776643934,108.5361634440026,0.0
-367.1719703401746,109.03611003824106,0.0
-367.164493533534,109.5360490030846,0.0
-367.1569862153106,110.03599519724968,0.0
-367.1495094026746,110.53594219156098,0.0
-367.1420020784559,111.03588115640493,0.0
-367.1345268764628,111.53572056353772,0.0
-367.1270484651746,112.03577434488128,0.0
-367.1195411409559,112.53571330972522,0.0
-367.1120643403106,113.03565950389049,0.0
-367.10455701009647,113.5356064982016,0.0
-367.0970802034559,114.03554546304557,0.0
-367.0895728852325,114.5354916572108,0.0
-367.08209767127306,115.03533186367518,0.0
-367.0746192659559,115.53537761636586,0.0
-367.0671119477325,116.03532381053112,0.0
-367.05963513509647,116.53527080484244,0.0
-367.0521278108777,117.03520976968618,0.0
-367.0446510042371,117.53515636392449,0.0
-367.0371436800184,118.0350953287682,0.0
-367.0296668793731,118.53504152293328,0.0
-367.02215954915897,119.03498851724476,0.0
-367.0146843411949,119.53482069424176,0.0
-367.0072059418731,120.03487367625355,0.0
-366.99969861165897,120.53482067056508,0.0
-366.9922218050184,121.03475963540885,0.0
-366.984714486795,121.5347058295739,0.0
-366.97723767415897,122.0346528238854,0.0
-366.9697303499402,122.53459178872914,0.0
-366.9622551479472,123.03443119586171,0.0
-366.95477673665897,123.53448497720572,0.0
-366.9472694124402,124.03442394204949,0.0
-366.939792611795,124.53437013621452,0.0
-366.9322852815809,125.03431713052603,0.0
-366.9248084749402,125.53425609536976,0.0
-366.9173011507215,126.03420268960804,0.0
-366.90982594275744,126.53403486660504,0.0
-366.9023475434356,127.03408784861684,0.0
-366.89484021921686,127.53403444285514,0.0
-366.8873634065809,128.03398143716666,0.0
-366.87985607636654,128.53392080208974,0.0
-366.8723792697259,129.0338597669335,0.0
-366.8648719574981,129.53379793162466,0.0
-366.85739676145135,130.03364456972537,0.0
-366.84991834421686,130.5337063788903,0.0
-366.8424110080072,131.0336461438866,0.0
-366.83493420136654,131.53358510873016,0.0
-366.82742687714784,132.0335240735741,0.0
-366.8199500824981,132.53346223826549,0.0
-366.8124427702698,133.03341566176977,0.0
-366.804967550291,133.53326389849846,0.0
-366.7974891330072,134.03331045052744,0.0
-366.7899818087884,134.5332494153708,0.0
-366.78250500214784,135.03318838021474,0.0
-366.77499768992,135.5331265449061,0.0
-366.76752088327936,136.03308076853872,0.0
-366.7600135590606,136.53301973338247,0.0
-366.75253675242,137.0329739570151,0.0
-366.7450294162104,137.5329137220116,0.0
-366.7375542082706,138.03274589819455,0.0
-366.73007581492,138.53279085154634,0.0
-366.7225684907013,139.03274507517935,0.0
-366.7150916840606,139.5326840400233,0.0
-366.70758435984186,140.0326382636557,0.0
-366.7001075412104,140.53257802865224,0.0
-366.69260021699154,141.0325169934962,0.0
-366.68512502099406,141.5323483711545,0.0
-366.6776466157013,142.03240938181995,0.0
-366.6701392914825,142.53234834666392,0.0
-366.66266248484186,143.03230257029654,0.0
-366.65515514863216,143.53224233529286,0.0
-366.64767834199154,144.0321813001366,0.0
-366.6401710297637,144.5321194648278,0.0
-366.6326958217753,145.03196690142815,0.0
-366.62521740449154,145.53201345345693,0.0
-366.6177100922637,146.0319516181481,0.0
-366.6102332856231,146.5319058417809,0.0
-366.6027259494134,147.03184560677724,0.0
-366.5952491547637,147.5317837714684,0.0
-366.587741830545,148.03173799510122,0.0
-366.5802666106144,148.53157097143654,0.0
-366.5727882172637,149.03161592478872,0.0
-366.565280893045,149.53157014842154,0.0
-366.5578040744134,150.03150991341786,0.0
-366.55029675019466,150.5314488782616,0.0
-366.542819955545,151.0313870429526,0.0
-366.5353126313263,151.5313412665856,0.0
-366.5278374233378,152.0311734443971,0.0
-366.520359018045,152.53123445506196,0.0
-366.51285168183534,153.0311742200585,0.0
-366.50537487519466,153.53111318490244,0.0
-366.49786756296686,154.0310513495932,0.0
-366.4903907563263,154.53100557322622,0.0
-366.4828834321075,155.03094453807017,0.0
-366.47540662546686,155.5308987617028,0.0
-366.4678992892572,156.0308385266991,0.0
-366.4604240813175,156.53067070288185,0.0
-366.45294568796686,157.03071565623404,0.0
-366.4454383637481,157.53066987986685,0.0
-366.4379615571075,158.0306088447104,0.0
-366.4304542328888,158.5305630683434,0.0
-366.4229774142572,159.03050283333994,0.0
-366.4154700900384,159.5304417981833,0.0
-366.407994894041,160.0302731758422,0.0
-366.4005164887481,160.53033418650767,0.0
-366.3930091525384,161.0302739515036,0.0
-366.3855323578888,161.53021211619495,0.0
-366.37802503367,162.030166339828,0.0
-366.3705482150384,162.5301061048241,0.0
-366.3630409028106,163.0300442695153,0.0
-366.3555656948222,163.52989170611565,0.0
-366.3480872775384,164.02993825814443,0.0
-366.3405799653106,164.5298764228356,0.0
-366.33310315867,165.0298306464682,0.0
-366.32559582246034,165.52977041146474,0.0
-366.31811901581966,166.0297093763087,0.0
-366.3106117035919,166.52964754099946,0.0
-366.3031364956035,167.02949497760002,0.0
-366.2956580903106,167.52954072947642,0.0
-366.2881507660919,168.02949495310884,0.0
-366.28067394746034,168.52943471810536,0.0
-366.2731666232416,169.0293736829493,0.0
-366.2656898285919,169.5293118476403,0.0
-366.2581825043731,170.0292660712731,0.0
-366.2507072963847,170.5290982490844,0.0
-366.2432288910919,171.02915925974966,0.0
-366.23572155488216,171.529099024746,0.0
-366.2282447482416,172.02903798958974,0.0
-366.22073743601374,172.5289761542809,0.0
-366.2132606293731,173.02893037791372,0.0
-366.2057533051544,173.52886934275747,0.0
-366.19827649851374,174.0288235663903,0.0
-366.190769162304,174.5287633313866,0.0
-366.1832939543644,175.02859550756935,0.0
-366.17581556101374,175.52864046092154,0.0
-366.168308236795,176.02859468455435,0.0
-366.1608314181634,176.52853444955068,0.0
-366.1533241059356,177.02847261424185,0.0
-366.145847299295,177.52842683787466,0.0
-366.1383399630853,178.028366602871,0.0
-366.1308647670878,178.5281979805297,0.0
-366.123386361795,179.02825899119495,0.0
-366.1158790255853,179.5281987561913,0.0
-366.1084022309356,180.02813692088247,0.0
-366.10089490671686,180.5280911445153,0.0
-366.0934180880853,181.0280309095116,0.0
-366.0859107758575,181.52796907420276,0.0
-366.07843556786906,182.02781651080315,0.0
-366.0709571505853,182.52786306283195,0.0
-366.0634498383575,183.02780122752316,0.0
-366.05597303171686,183.5277554511559,0.0
-366.0484656955072,184.02769521615227,0.0
-366.04098888886654,184.52763418099585,0.0
-366.0334815766388,185.0275723456871,0.0
-366.0260063686503,185.5274197822877,0.0
-366.0185279633575,186.02746553416355,0.0
-366.0110206391388,186.5274197577965,0.0
-366.0035438205072,187.02735952279303,0.0
-365.9960364962884,187.5272984876364,0.0
-365.9885597016388,188.0272366523278,0.0
-365.98105237742,188.52719087596083,0.0
-365.9735755587884,189.02713064095693,0.0
-365.9660682465606,189.52706880564807,0.0
-365.9585930385722,190.0269162422485,0.0
-365.9511146212884,190.5269627942772,0.0
-365.9436073090606,191.02690095896835,0.0
-365.93613050242,191.52685518260105,0.0
-365.9286231662104,192.0267949475976,0.0
-365.9211463715606,192.52673311228887,0.0
-365.91363904734186,193.0266873359213,0.0
-365.9061638274113,193.52652031225685,0.0
-365.8986854340606,194.02656526560924,0.0
-365.89117810984186,194.52651948924165,0.0
-365.8837012912104,195.02645925423815,0.0
-365.8761939789825,195.52639741892955,0.0
-365.86871717234186,196.02635164256216,0.0
-365.86120983613216,196.5262914075585,0.0
-365.8537346401347,197.02612278521724,0.0
-365.84625623484186,197.52618379588247,0.0
-365.83874889863216,198.0261235608788,0.0
-365.8312721039825,198.52606172556995,0.0
-365.8237647797637,199.02601594920276,0.0
-365.81628796113216,199.5259557141991,0.0
-365.8087806489044,200.0258938788903,0.0
-365.801305440916,200.52574131549068,0.0
-365.79382702363216,201.02578786751943,0.0
-365.7863197114044,201.52572603221063,0.0
-365.7788412170309,202.0257927578061,0.0
-365.7712374107029,202.5284181014169,0.0
-365.7604228174458,203.00202410724975,0.0
-365.7440367032623,203.4814597209654,0.0
-365.7221118701139,203.96095506863855,0.0
-365.6946623141553,204.44005164595012,0.0
-365.66173033867454,204.9186214876994,0.0
-365.6233220625209,205.39690832498272,0.0
-365.579373362487,205.8748695426102,0.0
-365.5299457472004,206.3521300858734,0.0
-365.4750344020736,206.82892699393787,0.0
-365.4145896051973,207.3051303383946,0.0
-365.3487364028404,207.78019458120835,0.0
-365.2774392573774,208.2547833102268,0.0
-365.2006035523019,208.7285915900003,0.0
-365.1183997468893,209.20127212055803,0.0
-365.0306986271955,209.67321642180568,0.0
-364.9376164205887,210.14384607852728,0.0
-364.8391742615133,210.61337210682973,0.0
-364.7352659998277,211.0820225293068,0.0
-364.62596435873206,211.5493180761043,0.0
-364.511355632032,212.0152098190426,0.0
-364.3913635929505,212.47983918002464,0.0
-364.2660392894516,212.94307430319444,0.0
-364.1354144874835,213.40472794288172,0.0
-363.9995008792598,213.86493000116675,0.0
-363.8582145075395,214.32371294755728,0.0
-363.71168233149695,214.78075069380745,0.0
-363.5599609068916,215.2358532284301,0.0
-363.403073049988,215.68917815296413,0.0
-363.2408657663582,216.1409459506816,0.0
-363.0734894566344,216.5907213424192,0.0
-362.9009689115088,217.03851128868,0.0
-362.7233016010125,217.4842953255208,0.0
-362.54055683780206,217.92790382687545,0.0
-362.3527444653382,218.36940568551407,0.0
-362.159801223701,218.8088501436904,0.0
-361.96182558206425,219.24599356092816,0.0
-361.7588008460054,219.6809294161924,0.0
-361.5507977942268,220.1133795880453,0.0
-361.3379379014281,220.5432932146727,0.0
-361.1200755507567,220.97087303051535,0.0
-360.8972607257109,221.39600910559025,0.0
-360.6695963803349,221.8184433282784,0.0
-360.43717151841344,222.2381327260818,0.0
-360.1999000697733,222.6551978255181,0.0
-359.9577794850975,223.06962060961823,0.0
-359.71092914613166,223.48115606431705,0.0
-359.4594058653119,223.8897845830189,0.0
-359.20315952602425,224.2955417287919,0.0
-358.9422472216004,224.6983538003048,0.0
-358.6767329529218,225.09807630152096,0.0
-358.4067781250729,225.49456689666025,0.0
-358.1321180247326,225.88819475379984,0.0
-357.85296489198225,226.2785299483283,0.0
-357.5694184907818,226.66560453399276,0.0
-357.2812944048268,227.04951108319216,0.0
-356.98894759337657,227.42987225576772,0.0
-356.69222059188894,227.80692495801875,0.0
-356.39105096920554,228.18066367535508,0.0
-356.0857332334701,228.5507464676304,0.0
-355.7760696602224,228.9174654377126,0.0
-355.4622374717657,229.28048634407688,0.0
-355.1443713592748,229.6398149811164,0.0
-354.8221909541584,229.995650135474,0.0
-354.49605326048646,230.34762049431808,0.0
-354.1659513873569,230.69577420504336,0.0
-353.83174030694926,231.0402461520211,0.0
-353.4936315612557,231.3807717205653,0.0
-353.15165477097344,231.7174002511148,0.0
-352.80571907529804,232.0501416209697,0.0
-352.45609831274487,232.3787633636693,0.0
-352.1027934303844,232.7033082907537,0.0
-351.745687419058,233.02385410339417,0.0
-351.384955503887,233.34023616969844,0.0
-351.02057156778403,233.65249996360447,0.0
-350.6525597502657,233.9605764701602,0.0
-350.2809866494049,234.264438090993,0.0
-349.9060153193136,234.56389795916468,0.0
-349.5278422830663,234.8589140224591,0.0
-349.1460079513728,235.1498031473662,0.0
-348.7609196528374,235.4361575774091,0.0
-348.3726692115721,235.71805866468708,0.0
-347.9810335936301,235.995550194627,0.0
-347.58645719522144,236.26836479624163,0.0
-347.18858140478005,236.5367998851841,0.0
-346.7876364766727,236.80057366836823,0.0
-346.38391868658044,237.05962682389,0.0
-345.9770026150033,237.3141616911473,0.0
-345.5672305376962,237.56395651252916,0.0
-345.1546315252728,237.8090140560068,0.0
-344.73919735164947,238.049331829286,0.0
-344.3211173473299,238.2847861691302,0.0
-343.9004681687605,238.5153915362717,0.0
-343.47705163194746,238.74122447266743,0.0
-343.0509534693689,238.9622200921973,0.0
-342.62242717085184,239.178233177952,0.0
-342.19154318392555,239.38927770250072,0.0
-341.7582275764251,239.5953605782963,0.0
-341.3224725475835,239.79651148700165,0.0
-340.8844619364665,239.99258381483685,0.0
-340.44429756665335,240.183615171883,0.0
-340.00194265950535,240.36953909759745,0.0
-339.5578940797346,240.55040238548983,0.0
-339.0892136885964,240.7394799606572,0.0
-338.6255450183202,240.92653418541985,0.0
-338.1618520657679,241.11361051799472,0.0
-337.6947822562601,241.30203187247628,0.0
-337.18990647296965,241.5045105613935,0.0
-336.6660897536582,241.7103732348055,0.0
-336.14034956029656,241.9126024410676,0.0
-335.6131443881968,242.11106242773727,0.0
-335.08443021098657,242.30569208274937,0.0
-334.5543796861157,242.49649924695024,0.0
-334.0229118585213,242.68344525695156,0.0
-333.4901944212428,242.86653444129908,0.0
-332.9560630642894,243.04578212714333,0.0
-332.4207425246602,243.22112818391187,0.0
-331.8841004691971,243.39262139597645,0.0
-331.3461636133903,243.56023134033305,0.0
-330.80714452358103,243.72389615926383,0.0
-330.2670249796261,243.8836540601723,0.0
-329.72567883261735,244.03953825144177,0.0
-329.1831598299078,244.1914900928102,0.0
-328.639691312792,244.33949072940604,0.0
-328.0950206157876,244.4835918673577,0.0
-327.5493476029728,244.62371742062297,0.0
-327.0026907120511,244.75990174910436,0.0
-326.4550843386282,244.89209111027364,0.0
-325.90654610374105,245.0203498910081,0.0
-325.3570386045096,245.14461678169232,0.0
-324.8066781318374,245.2649108889472,0.0
-324.25552569345393,245.38118736827585,0.0
-323.70354310261354,245.4935005108385,0.0
-323.1506090604278,245.60182784448,0.0
-322.5969697037593,245.70612678946057,0.0
-322.0426898132095,245.80640955611145,0.0
-321.4880090652616,245.90262582011584,0.0
-320.93967193138,245.9937690292031,0.0
-320.39814764399256,246.08061070502623,0.0
-319.8565289410672,246.16439676728555,0.0
-319.31467524565414,246.2451833807749,0.0
-318.772265874776,246.32304486891996,0.0
-318.2293934775703,246.39790577287675,0.0
-317.6862038473064,246.46980053042483,0.0
-317.1425549866817,246.53871349534512,0.0
-316.59856411232767,246.6046488363901,0.0
-316.05421675807384,246.6676004309662,0.0
-315.50951081299263,246.7275645770223,0.0
-314.96448014578687,246.7845376388752,0.0
-314.4192439296574,246.8385143858367,0.0
-313.87364305728994,246.88952859590623,0.0
-313.3277369021284,246.937522399031,0.0
-312.781617110239,246.98254171578253,0.0
-312.235222735894,247.0245409064387,0.0
-311.68870257765946,247.0635619535398,0.0
-311.141861069271,247.09958582864192,0.0
-310.5948986403895,247.13260107642424,0.0
-310.04780709014113,247.16262769517945,0.0
-309.5004673169177,247.1896531124189,0.0
-308.95306040609154,247.21366889073795,0.0
-308.40549834304227,247.23471502382225,0.0
-307.8577350555533,247.2527294611407,0.0
-307.3100286870462,247.2677346040484,0.0
-306.76222964685456,247.2797510715505,0.0
-306.21429332267775,247.28876423601315,0.0
-305.6663576552518,247.29477299221531,0.0
-305.1186385599659,247.29777668554425,0.0
-304.5821527790817,247.29785038646096,0.0
-304.0787504282437,247.2969456202285,0.0
-303.5787506205669,247.29604535202012,0.0
-303.0787506205665,247.29514508346548,0.0
-302.5787506205665,247.29424481491077,0.0
-302.07875062056667,247.29334454635605,0.0
-301.57875062056667,247.29244427780137,0.0
-301.07875062056667,247.29154400924668,0.0
-300.57875100517754,247.29064374138449,0.0
-300.0786899700213,247.2897434728298,0.0
-299.5786895854104,247.28884320358264,0.0
-299.07868958541025,247.28794293502796,0.0
-298.5786895854103,247.2870426664732,0.0
-298.0786895854107,247.28614239791847,0.0
-297.57868958541053,247.2852421293639,0.0
-297.0786895854103,247.2843418608092,0.0
-296.5786895854104,247.2834415922545,0.0
-296.0786895854103,247.2825413236998,0.0
-295.5786895854103,247.2816410551451,0.0
-295.07874299091475,247.28074088234155,0.0
-294.57874299091486,247.27985587257595,0.0
-294.07868958541064,247.27895550827012,0.0
-293.5786895854103,247.27805523971548,0.0
-293.07868958541025,247.27715497116077,0.0
-292.5786895854104,247.27625470260605,0.0
-292.0786895854104,247.27535443405137,0.0
-291.5786895854104,247.27445416549668,0.0
-291.0786895854104,247.273553896942,0.0
-290.5786895854104,247.2726536283873,0.0
-290.0786895854104,247.27175335983264,0.0
-289.57868958541025,247.27085309127796,0.0
-289.0786893930873,247.2699528223769,0.0
-288.5787199106658,247.26905255382223,0.0
-288.07872010298865,247.2681522856139,0.0
-287.5787201029884,247.2672520170592,0.0
-287.07872010298854,247.2663517485045,0.0
-286.5787201029884,247.2654514799498,0.0
-286.0787201029884,247.2645512113951,0.0
-285.57872010298865,247.2636509428404,0.0
-285.0787201029888,247.2627506742857,0.0
-284.57872010298854,247.26185040573108,0.0
-284.07877350849265,247.2609502329275,0.0
-283.5787735084928,247.2600652231619,0.0
-283.07872010298854,247.25916485885605,0.0
-282.57872010298854,247.25826459030137,0.0
-282.07872010298854,247.25736432174668,0.0
-281.57872010298854,247.256464053192,0.0
-281.07872010298854,247.2555637846373,0.0
-280.57872010298854,247.25466351608264,0.0
-280.0787201029884,247.25376324752796,0.0
-279.5787201029884,247.2528629789732,0.0
-279.0787201029888,247.25196271041847,0.0
-278.57872010298865,247.2510624418639,0.0
-278.0787201029884,247.2501621733092,0.0
-277.57872010298854,247.2492619047545,0.0
-277.0787201029884,247.2483616361998,0.0
-276.5787201029884,247.2474613676451,0.0
-276.07872010298865,247.2465610990904,0.0
-275.5787201029888,247.2456608305357,0.0
-275.07872010298854,247.24476056198108,0.0
-274.5787201029884,247.2438602934264,0.0
-274.07872010298854,247.24296002487168,0.0
-273.5787735084928,247.2420598520681,0.0
-273.0787735084928,247.2411748423025,0.0
-272.57872010298854,247.24027447799668,0.0
-272.07872010298854,247.239374209442,0.0
-271.57872010298854,247.2384739408873,0.0
-271.0787199106655,247.23757367198635,0.0
-270.57875042824344,247.23667340343164,0.0
-270.0787506205665,247.2357731352232,0.0
-269.5787506205669,247.23487286666847,0.0
-269.0787506205668,247.2339725981139,0.0
-268.5787506205665,247.2330723295592,0.0
-268.07875062056667,247.2321720610045,0.0
-267.5787506205665,247.2312717924498,0.0
-267.0787506205665,247.2303715238951,0.0
-266.5787506205668,247.2294712553404,0.0
-266.0787506205669,247.2285709867857,0.0
-265.57875062056667,247.22767071823108,0.0
-265.0787506205665,247.2267704496764,0.0
-264.57875062056667,247.22587018112168,0.0
-264.07875062056667,247.224969912567,0.0
-263.5787506205665,247.2240696440123,0.0
-263.07875062056667,247.2231693754576,0.0
-262.5788040260711,247.22226920265408,0.0
-262.0788040260709,247.22138419288845,0.0
-261.57875062056667,247.22048382858264,0.0
-261.0787506205665,247.21958356002796,0.0
-260.5787506205665,247.2186832914732,0.0
-260.0787506205669,247.21778302291847,0.0
-259.5787506205668,247.2168827543639,0.0
-259.0787506205665,247.2159824858092,0.0
-258.57875062056667,247.2150822172545,0.0
-258.0787506205665,247.2141819486998,0.0
-257.5787506205665,247.2132816801451,0.0
-257.0787506205668,247.2123814115904,0.0
-256.5787506205669,247.2114811430357,0.0
-256.0787507167238,247.21058087465423,0.0
-255.57873536177752,247.2096806059264,0.0
-255.07875052440664,247.20878033719853,0.0
-254.5787506205667,247.207880068817,0.0
-254.0787506205665,247.2069798002623,0.0
-253.5787506205667,247.2060795317076,0.0
-253.0787506205669,247.20517926315293,0.0
-252.5787506205668,247.20427899459824,0.0
-252.0787506205664,247.2033787260436,0.0
-251.57880402607063,247.20247855323996,0.0
-251.0788040260711,247.20159354347436,0.0
-250.578750620567,247.20069317916847,0.0
-250.0787506205668,247.1997929106139,0.0
-249.5787506205666,247.1988926420592,0.0
-249.0787506205667,247.1979923735045,0.0
-248.5787506205666,247.1970921049498,0.0
-248.07875052440656,247.19619183622197,0.0
-247.5787657831958,247.19529156766723,0.0
-247.07876587935596,247.1943912992857,0.0
-246.57876587935573,247.19349103073108,0.0
-246.07876587935564,247.1925907621764,0.0
-245.57876587935573,247.19169049362168,0.0
-245.07876587935573,247.190790225067,0.0
-244.57876587935556,247.1898899565123,0.0
-244.07876587935573,247.1889896879576,0.0
-243.57876587935596,247.18808941940293,0.0
-243.07876587935584,247.18718915084824,0.0
-242.57876587935544,247.1862888822936,0.0
-242.07876587935564,247.1853886137388,0.0
-241.57876587935604,247.18448834518415,0.0
-241.07876578319568,247.18358807645637,0.0
-240.57878104198485,247.1826878079017,0.0
-240.078781138145,247.18178753952012,0.0
-239.5787811381447,247.18088727096548,0.0
-239.0787811381446,247.17998700241077,0.0
-238.5787811381448,247.17908673385605,0.0
-238.0787811381448,247.17818646530137,0.0
-237.5787811381448,247.17728619674668,0.0
-237.0787811381448,247.176385928192,0.0
-236.5787811381448,247.1754856596373,0.0
-236.0787811381448,247.17458539108264,0.0
-235.578834543649,247.17368521827908,0.0
-235.0788345436488,247.17280020851345,0.0
-234.5787811381448,247.1718998442076,0.0
-234.078781138145,247.17099957565293,0.0
-233.5787811381449,247.17009930709824,0.0
-233.0787811381445,247.1691990385436,0.0
-232.5787811381447,247.1682987699888,0.0
-232.07878104198505,247.16739850126103,0.0
-231.57879630077383,247.16649823270637,0.0
-231.078796396934,247.1655979643248,0.0
-230.57879639693408,247.16469769577012,0.0
-230.0787963969338,247.16379742721548,0.0
-229.57879639693368,247.16289715866077,0.0
-229.07879639693388,247.16199689010605,0.0
-228.57879639693388,247.16109662155137,0.0
-228.07879639693388,247.16019635299668,0.0
-227.57879639693388,247.159296084442,0.0
-227.07879639693388,247.1583958158873,0.0
-226.57879639693388,247.15749554733264,0.0
-226.07879639693368,247.15659527877796,0.0
-225.5787963969338,247.1556950102232,0.0
-225.0787963969342,247.15479474166847,0.0
-224.5788498024382,247.15389456886504,0.0
-224.0788498024381,247.1530095590994,0.0
-223.5787963969336,247.1521091947936,0.0
-223.0787963969338,247.1512089262388,0.0
-222.5787963969342,247.15030865768415,0.0
-222.07879639693388,247.1494083891295,0.0
-221.57879630077397,247.1485081204017,0.0
-221.0788115595631,247.147607851847,0.0
-220.5788116557229,247.14670758346548,0.0
-220.07881165572277,247.14580731491077,0.0
-219.57881165572292,247.14490704635605,0.0
-219.07881165572292,247.14400677780137,0.0
-218.57881165572292,247.14310650924668,0.0
-218.07881165572292,247.142206240692,0.0
-217.57881165572292,247.1413059721373,0.0
-217.07881165572292,247.14040570358264,0.0
-216.57881165572277,247.13950543502796,0.0
-216.0788116557229,247.1386051664732,0.0
-215.57881165572329,247.13770489791847,0.0
-215.07881165572303,247.1368046293639,0.0
-214.57875825022325,247.13590426424315,0.0
-214.07881165572292,247.13498883346548,0.0
-213.5788649658817,247.13410391928076,0.0
-213.07882681835184,247.13320355497197,0.0
-212.5788269145121,247.1323032865904,0.0
-212.07882691451215,247.1314030180357,0.0
-211.578826914512,247.13050274948108,0.0
-211.0788269145119,247.1296024809264,0.0
-210.578826914512,247.12870221237168,0.0
-210.078826914512,247.127801943817,0.0
-209.57882691451175,247.1269016752623,0.0
-209.078826914512,247.1260014067076,0.0
-208.57882691451215,247.12510113815293,0.0
-208.0788269145121,247.12420086959824,0.0
-207.5788269145117,247.1233006010436,0.0
-207.0788269145119,247.1224003324888,0.0
-206.5788269145123,247.12150006393415,0.0
-206.078826914512,247.1205997953795,0.0
-205.5788269145121,247.1196995268248,0.0
-205.07882691451215,247.11879925827012,0.0
-204.57882681835184,247.11789898954237,0.0
-204.0788954834598,247.11699881674167,0.0
-203.5788955788052,247.11611380714623,0.0
-203.07884217330115,247.1152134428404,0.0
-202.57884217330124,247.1143131742857,0.0
-202.07884217330104,247.11341290573108,0.0
-201.57884217330096,247.1125126371764,0.0
-201.07884217330104,247.11161236862168,0.0
-200.57884217330104,247.110712100067,0.0
-200.07884217330084,247.1098118315123,0.0
-199.57884217330104,247.1089115629576,0.0
-199.07884217330124,247.10801129440293,0.0
-198.57884217330115,247.10711102584824,0.0
-198.0788421733008,247.1062107572936,0.0
-197.57884217330096,247.1053104887388,0.0
-197.07884217330133,247.10441022018415,0.0
-196.57884217330104,247.1035099516295,0.0
-196.07884217330115,247.1026096830748,0.0
-195.5788420771412,247.101709414347,0.0
-195.07885733593,247.10080914579237,0.0
-194.5788574320899,247.09990887741077,0.0
-194.0788574320901,247.09900860885605,0.0
-193.5788574320901,247.09810834030137,0.0
-193.07891083759444,247.09720816749785,0.0
-192.57891083759432,247.09632315773223,0.0
-192.07885743209,247.0954227934264,0.0
-191.5788574320901,247.09452252487168,0.0
-191.0788574320901,247.093622256317,0.0
-190.5788574320899,247.0927219877623,0.0
-190.0788574320901,247.0918217192076,0.0
-189.5788574320903,247.09092145065293,0.0
-189.07885743209025,247.09002118209824,0.0
-188.57885743208985,247.0891209135436,0.0
-188.07885743209,247.0882206449888,0.0
-187.5788574320904,247.08732037643415,0.0
-187.0788574320901,247.0864201078795,0.0
-186.57885743209025,247.0855198393248,0.0
-186.0788574320903,247.08461957077012,0.0
-185.57885743209,247.08371930221548,0.0
-185.07885733592985,247.0828190334876,0.0
-184.57887259471912,247.0819187649329,0.0
-184.0788726908792,247.08101849655137,0.0
-183.5788726908792,247.08011822799668,0.0
-183.0788726908792,247.079217959442,0.0
-182.5788726908792,247.0783176908873,0.0
-182.07892609638336,247.07741751808376,0.0
-181.57892609638336,247.0765325083181,0.0
-181.07887269087897,247.0756321440123,0.0
-180.5788726908792,247.0747318754576,0.0
-180.07887269087936,247.07383160690293,0.0
-179.57887269087928,247.07293133834824,0.0
-179.07887269087888,247.0720310697936,0.0
-178.57887269087908,247.0711308012388,0.0
-178.07887269087948,247.07023053268415,0.0
-177.57887269087917,247.0693302641295,0.0
-177.07887259471923,247.0684299954017,0.0
-176.57888785350838,247.067529726847,0.0
-176.07888794966814,247.06662945846548,0.0
-175.57888794966803,247.06572918991077,0.0
-175.07888794966823,247.06482892135605,0.0
-174.57888794966823,247.06392865280137,0.0
-174.07888794966823,247.06302838424668,0.0
-173.57888794966823,247.062128115692,0.0
-173.07888794966823,247.0612278471373,0.0
-172.57888794966823,247.06032757858264,0.0
-172.07888794966803,247.05942731002796,0.0
-171.57894135517225,247.05852713722436,0.0
-171.07894135517265,247.0576421274587,0.0
-170.57888794966843,247.05674176315293,0.0
-170.07888794966834,247.05584149459824,0.0
-169.57888794966794,247.0549412260436,0.0
-169.07888794966814,247.0540409574888,0.0
-168.57888794966854,247.05314068893415,0.0
-168.07888794966823,247.0522404203795,0.0
-167.57888794966834,247.0513401518248,0.0
-167.07888794966843,247.05043988327012,0.0
-166.57888794966814,247.04953961471548,0.0
-166.07888794966803,247.04863934616077,0.0
-165.57888785350818,247.0477390774329,0.0
-165.07890311229724,247.04683880887825,0.0
-164.5789032084573,247.04593854049668,0.0
-164.0789032084573,247.045038271942,0.0
-163.5789032084573,247.0441380033873,0.0
-163.0789032084573,247.04323773483264,0.0
-162.5789032084571,247.04233746627796,0.0
-162.0789032084572,247.0414371977232,0.0
-161.5789032084576,247.04053692916847,0.0
-161.0789032084574,247.0396366606139,0.0
-160.5789566139615,247.03873648781035,0.0
-160.07895661396122,247.03785147804476,0.0
-159.5789032084572,247.0369511137388,0.0
-159.0789032084576,247.03605084518415,0.0
-158.57890311229724,247.03515057645637,0.0
-158.07891837108642,247.0342503079017,0.0
-157.57891846724655,247.03335003952012,0.0
-157.07891846724627,247.03244977096548,0.0
-156.57892106245885,247.03154950708256,0.0
-156.0775329621079,247.0306473456093,0.0
-155.56965545419368,247.0294507092688,0.0
-155.0645589951714,247.0277813777548,0.0
-154.56425464863213,247.0260408301953,0.0
-154.06426990742128,247.02430132824216,0.0
-153.5642700932194,247.02256182693543,0.0
-153.0642700932196,247.02082232498225,0.0
-152.5642700932199,247.0190828230292,0.0
-152.06437671865208,247.0173436904022,0.0
-151.56439197744135,247.0156347060272,0.0
-151.06428535200885,247.013894834748,0.0
-150.56428535200865,247.01215533279483,0.0
-150.06428535200857,247.0104158308417,0.0
-149.56428516621034,247.00867632824216,0.0
-149.0643004249992,247.00693682628904,0.0
-148.56430061079772,247.00519732498225,0.0
-148.06440742039928,247.00345819299045,0.0
-147.56440742039877,247.00174920861545,0.0
-147.0643004249994,247.00000933605463,0.0
-146.56431568378866,246.9982698341016,0.0
-146.06431586958678,246.99653033279483,0.0
-145.5643158695867,246.9947908308417,0.0
-145.06431586958678,246.99305132888853,0.0
-144.5643156837883,246.99131182628904,0.0
-144.06433094257753,246.98957232433585,0.0
-143.5644379379774,246.98783319299045,0.0
-143.0644379379769,246.98612420861545,0.0
-142.56433112837584,246.98438433670103,0.0
-142.06433094257773,246.9826448341016,0.0
-141.5643462013666,246.98090533214844,0.0
-141.06434638716482,246.9791658308417,0.0
-140.5643463871649,246.97742632888853,0.0
-140.0643463871647,246.97568682693543,0.0
-139.56445301259768,246.9739476943084,0.0
-139.06446827138694,246.9722387099335,0.0
-138.56436164595368,246.9704988386542,0.0
-138.06436164595397,246.96875933670103,0.0
-137.56436164595416,246.967019834748,0.0
-137.06436164595397,246.96528033279483,0.0
-136.56436146015557,246.9635408301953,0.0
-136.06437671894471,246.96180132824216,0.0
-135.56437690474283,246.96006182693543,0.0
-135.0644837143444,246.9583226949435,0.0
-134.564483530176,246.9566137099335,0.0
-134.0643919777335,246.9548738380078,0.0
-133.5643921635321,246.95313433670103,0.0
-133.0643921635323,246.951394834748,0.0
-132.5643921635321,246.94965533279483,0.0
-132.064392163532,246.9479158308417,0.0
-131.56439197773378,246.94617632824216,0.0
-131.06451404775393,246.9444371962616,0.0
-130.56451423192252,246.9427282125217,0.0
-130.06440742232115,246.94098834060736,0.0
-129.56440723652256,246.9392488380078,0.0
-129.0644224953119,246.93750933605463,0.0
-128.5644226811104,246.935769834748,0.0
-128.06442277400726,246.934030333118,0.0
-127.56441514461262,246.9322908311649,0.0
-127.06441495881724,246.93055132856537,0.0
-126.56452930654302,246.9288121962616,0.0
-126.06453702802251,246.92710321220412,0.0
-125.56443031050476,246.92536334060736,0.0
-125.06443031050446,246.9236238386542,0.0
-124.56443021760631,246.92188433637784,0.0
-124.06443784700105,246.9201448344248,0.0
-123.56443784700085,246.91840533247165,0.0
-123.06444547639528,246.91666583051853,0.0
-122.5645522868116,246.91492669853224,0.0
-122.06455991620612,246.9132177141573,0.0
-121.56445310578992,246.91147784223728,0.0
-121.06446073518444,246.90973834028415,0.0
-120.56446073518414,246.90799883833105,0.0
-120.06446836457896,246.90625933637784,0.0
-119.56446845747762,246.904519834748,0.0
-119.06457517499508,246.9027807024385,0.0
-118.56458280438945,246.90107171806352,0.0
-118.06447608687206,246.89933184646665,0.0
-117.56447599397372,246.89759234419043,0.0
-117.06448362336803,246.89585284223728,0.0
-116.56448362336803,246.89411334028415,0.0
-116.06449125276224,246.89237383833105,0.0
-115.564491345661,246.89063433670103,0.0
-115.06459806317886,246.88889520439164,0.0
-114.5646056925732,246.88718622001664,0.0
-114.0644988821569,246.88544634809665,0.0
-113.56450651155173,246.88370684614347,0.0
-113.06450660445029,246.8819673445136,0.0
-112.56450651155164,246.88022784223728,0.0
-112.06451414094616,246.87848834028415,0.0
-111.5645676386409,246.87674902404223,0.0
-111.0645676386411,246.8750247808782,0.0
-110.564567638641,246.8732852789251,0.0
-110.06456754614987,246.87156103544064,0.0
-109.56452177034048,246.86982134809665,0.0
-109.0645217703408,246.86808184614347,0.0
-108.56458280493923,246.8663425295813,0.0
-108.06458289742996,246.8646182867376,0.0
-107.56452939973524,246.8628785990732,0.0
-107.06453702912977,246.8611390971201,0.0
-106.56459043433355,246.85939978055785,0.0
-106.06459806372808,246.85767553739376,0.0
-105.56454475142272,246.85593585037296,0.0
-105.06454465852408,246.85419634809665,0.0
-104.56460569312264,246.85245703153436,0.0
-104.06460569312284,246.85073278837032,0.0
-103.56455991731336,246.84899310102637,0.0
-103.0645600102118,246.8472535993964,0.0
-102.56455991731336,246.8455140971201,0.0
-102.06462095191168,246.84377478055785,0.0
-101.56462095191168,246.84205053739376,0.0
-101.0645751761024,246.84031085004975,0.0
-100.56457526900066,246.83857134841983,0.0
-100.06462858130622,246.83683203153436,0.0
-99.56463621070095,246.83510778837032,0.0
-99.06458280549694,246.83336810102637,0.0
-98.56459043489149,246.8316285990732,0.0
-98.0646439325863,246.8298892828313,0.0
-97.56464384009529,246.82816503934689,0.0
-97.064598064286,246.8264253520029,0.0
-96.564598064286,246.82468585004975,0.0
-96.06465909888436,246.8229465334875,0.0
-95.56465919137536,246.82122229064385,0.0
-95.06460569368052,246.81948260297943,0.0
-94.56461332307508,246.81774310102637,0.0
-94.06461332307508,246.8160035990732,0.0
-93.5646743576734,246.81426428251092,0.0
-93.06467445016445,246.81254003966723,0.0
-92.5646209524696,246.8108003520029,0.0
-92.06462858186411,246.80906085004975,0.0
-91.56468198706794,246.8073215334875,0.0
-91.06468961646247,246.80559729032345,0.0
-90.5646363041571,246.80385760330265,0.0
-90.0646363041571,246.80211810134952,0.0
-89.56468961646218,246.80037878446407,0.0
-89.06469715336458,246.7986545409796,0.0
-88.56465147004802,246.79691485395605,0.0
-88.06465156294617,246.79517535232608,0.0
-87.56470496774276,246.793436035761,0.0
-87.06470487525154,246.79171179227663,0.0
-86.56465900654219,246.78997210460935,0.0
-86.06466672883678,246.78823260297943,0.0
-85.56466682173523,246.78649310134952,0.0
-85.06472022653132,246.78475378478444,0.0
-84.5647201340406,246.78302954129992,0.0
-84.06467426533175,246.7812898536328,0.0
-83.56468198762585,246.7795503520029,0.0
-83.06473548532088,246.777811035761,0.0
-82.56473548532068,246.776086792597,0.0
-82.06468198762565,246.7743471049326,0.0
-81.56468952412051,246.77260760265625,0.0
-81.06475065161872,246.7708682864172,0.0
-80.56475074410945,246.7691440435735,0.0
-80.06469724641491,246.76740435590904,0.0
-79.56475828101355,246.76566503934689,0.0
-79.06475837350418,246.7639407965032,0.0
-78.56470487580964,246.7622011088388,0.0
-78.06471250520407,246.76046160688577,0.0
-77.56476591040759,246.75872229032345,0.0
-77.06477353980222,246.75699804715936,0.0
-76.56472022749695,246.75525836013853,0.0
-76.0647201345983,246.75351885786228,0.0
-75.56472776399303,246.75177935590904,0.0
-75.06478116919715,246.75004003934689,0.0
-74.56478879859128,246.7483157961828,0.0
-74.06473548628621,246.746576109162,0.0
-73.56473539338766,246.74483660688577,0.0
-73.06479642798571,246.74309729032345,0.0
-72.56479642798581,246.74137304715936,0.0
-72.06475065217663,246.73963335981537,0.0
-71.56475074507487,246.73789385818543,0.0
-71.06480405738044,246.73615454129992,0.0
-70.56481168677527,246.73443029813595,0.0
-70.0647583744695,246.73269061111515,0.0
-69.56475828157136,246.7309511088388,0.0
-69.0648193161696,246.72921179227663,0.0
-68.5648193161693,246.7274875491125,0.0
-68.06477354036012,246.72574786176853,0.0
-67.56477363325867,246.72400836013853,0.0
-67.06477354036002,246.72226885786228,0.0
-66.56483457495857,246.72052954129992,0.0
-66.06483457495887,246.71880529813595,0.0
-65.56478879914918,246.717065610792,0.0
-65.06478889204793,246.715326109162,0.0
-64.5648422043532,246.71358679227663,0.0
-64.064849741255,246.7118625487921,0.0
-63.56480396503838,246.7101228614453,0.0
-63.06481168733288,246.70838335981537,0.0
-62.56486513878249,246.7066440434133,0.0
-62.06486890723396,246.70491980008907,0.0
-61.56481936317681,246.7031801129067,0.0
-61.0648193167273,246.701440610792,0.0
-60.56482694612214,246.6997011088388,0.0
-60.06488039757155,246.6979617924368,0.0
-59.56488416602282,246.6962375491125,0.0
-59.06483462196577,246.6944978619301,0.0
-58.564834575516464,246.69275835981537,0.0
-58.06489561011492,246.69101904325316,0.0
-57.564895656360505,246.6892948002493,0.0
-57.06484601960827,246.6875551127451,0.0
-56.56484988075484,246.68581561095357,0.0
-56.06490328575504,246.68407629438985,0.0
-55.56490705420672,246.68235205106564,0.0
-55.06485746370006,246.68061236372165,0.0
-54.56486127839722,246.67887286176853,0.0
-54.0649185445442,246.6771335453664,0.0
-53.5649185445442,246.6754093022024,0.0
-53.06486890779176,246.6736696146982,0.0
-52.56487272248911,246.6719301127451,0.0
-52.06487653718629,246.670190610792,0.0
-51.56493380333316,246.66845129438985,0.0
-51.06493380333326,246.66672705122585,0.0
-50.56488416658092,246.66498736372165,0.0
-50.0648880277275,246.6632478619301,0.0
-49.56494138648211,246.66150854520623,0.0
-49.06494901587664,246.65978430204223,0.0
-48.56489565712202,246.6580446148598,0.0
-48.06489942536998,246.6563051127451,0.0
-47.56495664527087,246.6545657961828,0.0
-47.064960506214014,246.6528415531789,0.0
-46.56490710121411,246.65110186583635,0.0
-46.06491086946178,246.64936236372165,0.0
-45.564968089362864,246.64762304715936,0.0
-45.06497190406023,246.6458988039953,0.0
-44.56492236000298,246.64415911681292,0.0
-44.06492236000288,246.6424196148598,0.0
-43.56492612825084,246.6406801127451,0.0
-43.06498334815173,246.6389407961828,0.0
-42.56498716284919,246.6372165530187,0.0
-42.06493761879224,246.63547686583635,0.0
-41.56493761879205,246.63373736388323,0.0
-41.06499479224373,246.63199804715936,0.0
-40.56499860694109,246.6302738039953,0.0
-40.06494901643443,246.62853411665137,0.0
-39.56495287758101,246.6267946148598,0.0
-39.06500628258121,246.62505529829613,0.0
-38.56501005103259,246.62333105497189,0.0
-38.06496046052623,246.62159136762784,0.0
-37.5649643216731,246.61985186583635,0.0
-37.065017726673005,246.6181125492727,0.0
-36.56502149512458,246.61638830594845,0.0
-36.064971904618126,246.6146486186045,0.0
-35.56497571931529,246.61290911665137,0.0
-35.064979580461866,246.6111696148598,0.0
-34.56503298546207,246.60943029829613,0.0
-34.065036753913446,246.60770605497189,0.0
-33.56498716340709,246.60596636762784,0.0
-33.064990978104554,246.6042268656748,0.0
-32.56504824425113,246.6024875492727,0.0
-32.06504824425113,246.60076330610863,0.0
-31.56499860749899,246.5990236186045,0.0
-31.065002422196155,246.59728411665137,0.0
-30.565059642097243,246.59554480008907,0.0
-30.065063503040196,246.5938205570852,0.0
-29.56501009803979,246.5920808697426,0.0
-29.06501386628795,246.59034136762784,0.0
-28.56507108618914,246.58860205106564,0.0
-28.06507494713199,246.58687780806173,0.0
-27.565021542131984,246.5851381207192,0.0
-27.06502531037985,246.5833986186045,0.0
-26.56502912507701,246.58165911665137,0.0
-26.065086344978106,246.57991980008907,0.0
-25.565090205921056,246.5781955570852,0.0
-25.06503680092065,246.5764558697426,0.0
-24.56504056916881,246.57471636762784,0.0
-24.06509778907,246.57297705106564,0.0
-23.565101603767165,246.57125280790157,0.0
-23.0650520597101,246.5695131207192,0.0
-22.5650520597101,246.56777361876604,0.0
-22.065109233161696,246.56603430204223,0.0
-21.56511304785896,246.5643100588781,0.0
-21.069629680582125,246.56258327889415,0.0
-21.17699950981476,246.56121682223576,0.0
-21.15882362970872,246.5618296215621,0.0
-21.140647749594464,246.56244242088871,0.0
-21.122471869474776,246.5630552202156,0.0
-21.104295989352345,246.56366801954235,0.0
-21.086120109246288,246.56428081886867,0.0
-21.067944229129356,246.56489361819536,0.0
-21.04976834901237,246.565506417522,0.0
-21.031592468889905,246.56611921684885,0.0
-21.013416588792087,246.56673201617477,0.0
-20.99524070868602,246.56734481550123,0.0
-20.97706482856086,246.56795761482812,0.0
-20.95888894844392,246.5685704141549,0.0
-20.940713068324207,246.56918321348155,0.0
-20.92253718821815,246.56979601280787,0.0
-20.904361308101198,246.57040881213456,0.0
-20.886185427984227,246.5710216114612,0.0
-20.86800954787544,246.5716344107876,0.0
-20.849833667761214,246.5722472101142,0.0
-20.831657787644247,246.5728600094409,0.0
-20.813481907535447,246.57347280876724,0.0
-20.79530602741577,246.57408560809407,0.0
-20.77713014729608,246.57469840742075,0.0
-20.75895426719004,246.57531120674707,0.0
-20.740778387073064,246.57592400607376,0.0
-20.7226025069588,246.5765368054003,0.0
-20.704426626850037,246.5771496047267,0.0
-20.686250746730355,246.57776240405352,0.0
-20.66807486661338,246.57837520338012,0.0
-20.64989898650731,246.57898800270644,0.0
-20.6317231063849,246.57960080203333,0.0
-20.61354722626792,246.58021360135996,0.0
-20.595371346164605,246.58082640068616,0.0
-20.577195466047662,246.58143920001288,0.0
-20.559019585930685,246.58205199933957,0.0
-20.540843705819164,246.58266479866603,0.0
-20.522667825702207,246.58327759799272,0.0
-20.50449194558524,246.58389039731932,0.0
-20.486316065479183,246.58450319664564,0.0
-20.468140185356773,246.58511599597256,0.0
-20.449964305242545,246.58572879529905,0.0
-20.431788425136464,246.5863415946254,0.0
-20.41361254501677,246.58695439395217,0.0
-20.395436664902547,246.58756719327877,0.0
-20.377260784791027,246.58817999260523,0.0
-20.35908490467407,246.58879279193192,0.0
-20.340909024557103,246.58940559125853,0.0
-20.32273314445104,246.59001839058485,0.0
-20.30455726432589,246.59063118991185,0.0
-20.2863813842226,246.59124398923797,0.0
-20.26820550411108,246.5918567885646,0.0
-20.250029623980453,246.59246958789169,0.0
-20.2318537438744,246.59308238721795,0.0
-20.21367786376016,246.5936951865445,0.0
-20.195501983645933,246.5943079858711,0.0
-20.17732610353444,246.5949207851976,0.0
-20.159150223422927,246.59553358452408,0.0
-20.140974343300467,246.59614638385096,0.0
-20.1227984631917,246.5967591831773,0.0
-20.10462258307748,246.597371982504,0.0
-20.086446702955044,246.59798478183075,0.0
-20.06827082284354,246.59859758115724,0.0
-20.05009494273201,246.5992103804837,0.0
-20.031919062623256,246.5998231798101,0.0
-20.013743182506303,246.6004359791368,0.0
-19.99556730239204,246.6010487784634,0.0
-19.977391422275083,246.60166157779008,0.0
-19.95921554216357,246.60227437711652,0.0
-19.94103966204659,246.6028871764433,0.0
-19.92286378192692,246.60349997576995,0.0
-19.90468790182089,246.60411277509627,0.0
-19.88651202170389,246.60472557442296,0.0
-19.868336141589637,246.6053383737495,0.0
-19.850160261478155,246.605951173076,0.0
-19.83198438136117,246.60656397240268,0.0
-19.813808501246942,246.60717677172929,0.0
-19.79563262113817,246.60778957105563,0.0
-19.777456741018455,246.6084023703825,0.0
-19.75928086090149,246.60901516970907,0.0
-19.741104980792727,246.6096279690355,0.0
-19.722929100673003,246.61024076836225,0.0
-19.704753220561518,246.6108535676887,0.0
-19.686577340447307,246.6114663670153,0.0
-19.668401460333037,246.61207916634183,0.0
-19.65022558022154,246.6126919656684,0.0
-19.63204970011004,246.61330476499484,0.0
-19.613873819987614,246.61391756432172,0.0
-19.595697939873386,246.61453036364824,0.0
-19.577522059767304,246.6151431629746,0.0
-19.5593461796476,246.61575596230136,0.0
-19.541170299533395,246.61636876162797,0.0
-19.522994419421885,246.61698156095443,0.0
-19.504818539304885,246.61759436028112,0.0
-19.48664265919067,246.6182071596077,0.0
-19.468466779081886,246.61881995893407,0.0
-19.45029089895672,246.61943275826104,0.0
-19.43211501884524,246.62004555758745,0.0
-19.4139391387392,246.6206583569138,0.0
-19.395763258619475,246.62127115624057,0.0
-19.377587378505236,246.62188395556717,0.0
-19.359411498393744,246.62249675489363,0.0
-19.34123561827676,246.62310955422032,0.0
-19.323059738162545,246.62372235354687,0.0
-19.304883858053778,246.62433515287327,0.0
-19.28670797792857,246.62494795220024,0.0
-19.26853209781708,246.62556075152665,0.0
-19.25035621771105,246.626173550853,0.0
-19.23218033759133,246.62678635017977,0.0
-19.21400445747984,246.62739914950623,0.0
-19.195828577365607,246.6280119488329,0.0
-19.17765269724861,246.62862474815952,0.0
-19.159476817134397,246.6292375474861,0.0
-19.141300937022905,246.6298503468126,0.0
-19.12312505689772,246.6304631461396,0.0
-19.10494917679713,246.63107594546557,0.0
-19.08677329668837,246.6316887447921,0.0
-19.068597416557747,246.6323015441192,0.0
-19.050421536448997,246.6329143434456,0.0
-19.03224565633201,246.63352714277224,0.0
-19.014069776220477,246.6341399420987,0.0
-18.995893896109,246.6347527414252,0.0
-18.977718015994743,246.6353655407518,0.0
-18.95954213587777,246.63597834007848,0.0
-18.94136625576628,246.6365911394049,0.0
-18.923190375649316,246.6372039387317,0.0
-18.90501449553232,246.63781673805823,0.0
-18.886838615423564,246.6384295373847,0.0
-18.868662735303857,246.63904233671144,0.0
-18.85048685519234,246.6396551360379,0.0
-18.83231097508088,246.6402679353644,0.0
-18.81413509496662,246.640880734691,0.0
-18.795959214852367,246.6414935340176,0.0
-18.777783334738142,246.64210633334417,0.0
-18.759607454618465,246.64271913267092,0.0
-18.7414315745042,246.6433319319975,0.0
-18.723255694395405,246.6439447313239,0.0
-18.70507981427573,246.64455753065064,0.0
-18.6869039341642,246.6451703299771,0.0
-18.66872805405545,246.6457831293035,0.0
-18.65055217393576,246.6463959286303,0.0
-18.632376293821498,246.6470087279569,0.0
-18.614200413712723,246.6476215272833,0.0
-18.596024533590302,246.64823432661012,0.0
-18.577848653476067,246.64884712593667,0.0
-18.559672773367293,246.6494599252631,0.0
-18.541496893253058,246.65007272458968,0.0
-18.523321013138805,246.65068552391628,0.0
-18.50514513302185,246.6512983232429,0.0
-18.48696925290488,246.6519111225696,0.0
-18.468793372793385,246.6525239218961,0.0
-18.450617492684614,246.65313672122247,0.0
-18.432441612559412,246.65374952054944,0.0
-18.414265732447905,246.65436231987584,0.0
-18.39608985233916,246.6549751192023,0.0
-18.37791397222492,246.65558791852885,0.0
-18.3597380921134,246.65620071785537,0.0
-18.34156221199371,246.65681351718212,0.0
-18.323386331876733,246.6574263165088,0.0
-18.3052104517652,246.6580391158353,0.0
-18.287034571656463,246.65865191516167,0.0
-18.26885869153132,246.65926471448864,0.0
-18.25068281142251,246.65987751381496,0.0
-18.23250693131648,246.6604903131413,0.0
-18.21433105119405,246.6611031124682,0.0
-18.1961551710798,246.6617159117948,0.0
-18.177979290965585,246.66232871112132,0.0
-18.159803410851357,246.66294151044792,0.0
-18.14162753073708,246.6635543097745,0.0
-18.12345165062558,246.664167109101,0.0
-18.10527577050043,246.664779908428,0.0
-18.087099890394374,246.6653927077541,0.0
-18.068924010291077,246.66600550708048,0.0
-18.050748130165918,246.6666183064074,0.0
-18.03257225005166,246.667231105734,0.0
-18.014396369934705,246.66784390506064,0.0
-17.996220489828666,246.6684567043869,0.0
-17.978044609714413,246.6690695037136,0.0
-17.959868729591992,246.6696823030404,0.0
-17.941692849475025,246.67029510236705,0.0
-17.92351696936897,246.6709079016933,0.0
-17.905341089257476,246.67152070101983,0.0
-17.887165209135045,246.6721335003467,0.0
-17.868989329023524,246.6727462996732,0.0
-17.85081344891203,246.67335909899967,0.0
-17.83263756880053,246.67397189832616,0.0
-17.81446168868081,246.67458469765296,0.0
-17.796285808563855,246.6751974969796,0.0
-17.778109928452352,246.67581029630608,0.0
-17.75993404834083,246.67642309563257,0.0
-17.741758168221143,246.67703589495932,0.0
-17.723582288115104,246.6776486942856,0.0
-17.70540640799812,246.6782614936124,0.0
-17.6872305278757,246.67887429293916,0.0
-17.66905464777239,246.67948709226536,0.0
-17.650878767652674,246.68009989159216,0.0
-17.632702887532986,246.68071269091888,0.0
-17.614527007424215,246.68132549024529,0.0
-17.596351127315426,246.6819382895717,0.0
-17.57817524719847,246.6825510888984,0.0
-17.559999367086967,246.68316388822484,0.0
-17.54182348696452,246.68377668755176,0.0
-17.52364760684756,246.68438948687836,0.0
-17.505471726741522,246.68500228620468,0.0
-17.487295846624537,246.6856150855313,0.0
-17.46911996650758,246.686227884858,0.0
-17.45094408640154,246.68684068418423,0.0
-17.43276820628729,246.6874534835109,0.0
-17.41459232616487,246.68806628283772,0.0
-17.396416446053365,246.68867908216424,0.0
-17.378240565936384,246.6892918814909,0.0
-17.360064685824888,246.68990468081736,0.0
-17.341888805713385,246.69051748014388,0.0
-17.3237129255964,246.6911302794705,0.0
-17.305537045484908,246.69174307879703,0.0
-17.287361165373405,246.69235587812352,0.0
-17.269185285253688,246.69296867745032,0.0
-17.251009405128535,246.69358147677724,0.0
-17.232833525025228,246.69419427610336,0.0
-17.214657644913707,246.69480707542996,0.0
-17.19648176479675,246.6954198747565,0.0
-17.17830588469071,246.6960326740829,0.0
-17.160130004570995,246.6966454734097,0.0
-17.14195412445404,246.69725827273635,0.0
-17.123778244339803,246.69787107206287,0.0
-17.10560236422555,246.6984838713895,0.0
-17.08742648410313,246.6990966707164,0.0
-17.06925060399709,246.69970947004256,0.0
-17.051074723891034,246.7003222693689,0.0
-17.03289884377681,246.70093506869551,0.0
-17.01472296365711,246.7015478680224,0.0
-16.996547083534665,246.70216066734915,0.0
-16.978371203428633,246.70277346667547,0.0
-16.960195323311666,246.70338626600216,0.0
-16.942019443194685,246.7039990653288,0.0
-16.92384356307226,246.70461186465565,0.0
-16.905667682974418,246.70522466398157,0.0
-16.88749180286836,246.70583746330803,0.0
-16.86931592274321,246.70645026263492,0.0
-16.85114004262624,246.7070630619617,0.0
-16.832964162506528,246.70767586128835,0.0
-16.814788282400496,246.70828866061467,0.0
-16.79661240228353,246.70890145994136,0.0
-16.778436522166547,246.709514259268,0.0
-16.760260642057784,246.7101270585944,0.0
-16.74208476194355,246.710739857921,0.0
-16.723908881826564,246.7113526572477,0.0
-16.705733001717803,246.71196545657403,0.0
-16.687557121598104,246.7125782559009,0.0
-16.66938124147839,246.71319105522755,0.0
-16.65120536137236,246.71380385455387,0.0
-16.63302948125539,246.71441665388056,0.0
-16.61485360114114,246.7150294532071,0.0
-16.59667772103238,246.7156422525335,0.0
-16.57850184091268,246.71625505186032,0.0
-16.560325960795698,246.71686785118692,0.0
-16.542150080689666,246.71748065051324,0.0
-16.523974200567235,246.71809344984013,0.0
-16.505798320450253,246.71870624916676,0.0
-16.487622440346954,246.71931904849296,0.0
-16.469446560229986,246.71993184781968,0.0
-16.451270680113,246.72054464714637,0.0
-16.43309480000151,246.72115744647283,0.0
-16.414918919884542,246.72177024579952,0.0
-16.39674303976756,246.72238304512612,0.0
-16.37856715966153,246.72299584445244,0.0
-16.360391279539098,246.72360864377936,0.0
-16.34221539942485,246.72422144310585,0.0
-16.324039519318816,246.7248342424322,0.0
-16.305863639199117,246.72544704175897,0.0
-16.287687759084864,246.72605984108557,0.0
-16.269511878973372,246.72667264041203,0.0
-16.251335998856405,246.72728543973872,0.0
-16.233160118739423,246.72789823906533,0.0
-16.21498423863339,246.72851103839164,0.0
-16.19680835850823,246.72912383771865,0.0
-16.17863247839944,246.7297366370449,0.0
-16.16045659829341,246.7303494363713,0.0
-16.142280718168248,246.73096223569823,0.0
-16.124104838056727,246.73157503502475,0.0
-16.105928957942503,246.7321878343513,0.0
-16.087753077828268,246.7328006336779,0.0
-16.069577197716754,246.7334134330044,0.0
-16.051401317605247,246.73402623233088,0.0
-16.03322543748281,246.73463903165776,0.0
-16.015049557374045,246.7352518309841,0.0
-15.99687367725981,246.7358646303108,0.0
-15.97869779713737,246.73647742963755,0.0
-15.960521917025863,246.73709022896404,0.0
-15.942346036914351,246.7377030282905,0.0
-15.92417015680559,246.7383158276169,0.0
-15.905994276688622,246.7389286269436,0.0
-15.887818396574373,246.7395414262702,0.0
-15.869642516457413,246.74015422559688,0.0
-15.851466636345904,246.74076702492331,0.0
-15.833290756228932,246.7413798242501,0.0
-15.815114876109243,246.74199262357675,0.0
-15.796938996003188,246.74260542290307,0.0
-15.77876311588622,246.74321822222976,0.0
-15.760587235771997,246.7438310215563,0.0
-15.74241135566048,246.7444438208828,0.0
-15.724235475543509,246.74505662020948,0.0
-15.706059595429284,246.74566941953609,0.0
-15.6878837153205,246.74628221886243,0.0
-15.669707835200793,246.7468950181893,0.0
-15.651531955083836,246.74750781751587,0.0
-15.633356074975056,246.7481206168423,0.0
-15.615180194855352,246.74873341616905,0.0
-15.597004314743852,246.7493462154955,0.0
-15.57882843462961,246.7499590148221,0.0
-15.560652554515372,246.75057181414863,0.0
-15.542476674403872,246.7511846134752,0.0
-15.524300794292367,246.75179741280164,0.0
-15.506124914169929,246.75241021212852,0.0
-15.48794903405569,246.75302301145504,0.0
-15.46977315394965,246.7536358107814,0.0
-15.451597273829949,246.75424861010816,0.0
-15.433421393715715,246.75486140943477,0.0
-15.415245513604203,246.75547420876123,0.0
-15.397069633487227,246.75608700808792,0.0
-15.378893753373,246.7566998074145,0.0
-15.36071787326423,246.75731260674087,0.0
-15.342541993139058,246.75792540606784,0.0
-15.32436611302756,246.75853820539425,0.0
-15.306190232921509,246.7591510047206,0.0
-15.288014352801808,246.75976380404737,0.0
-15.269838472687583,246.76037660337397,0.0
-15.251662592576062,246.76098940270043,0.0
-15.233486712459095,246.76160220202712,0.0
-15.215310832344873,246.76221500135367,0.0
-15.197134952236087,246.76282780068007,0.0
-15.17895907211092,246.76344060000704,0.0
-15.160783191999428,246.76405339933345,0.0
-15.142607311893377,246.7646661986598,0.0
-15.1244314317764,246.76527899798648,0.0
-15.106255551662173,246.7658917973131,0.0
-15.0880796715452,246.76650459663972,0.0
-15.069903791430963,246.76711739596632,0.0
-15.05172791131673,246.7677301952929,0.0
-15.033552031205213,246.7683429946194,0.0
-15.015376151080051,246.7689557939464,0.0
-14.99720027097948,246.76956859327237,0.0
-14.979024390870707,246.7701813925989,0.0
-14.960848510740073,246.770794191926,0.0
-14.942672630631291,246.7714069912524,0.0
-14.924496750514336,246.77201979057904,0.0
-14.90632087040283,246.7726325899055,0.0
-14.888144990291318,246.773245389232,0.0
-14.86996911017708,246.7738581885586,0.0
-14.851793230060103,246.77447098788528,0.0
-14.833617349948607,246.7750837872117,0.0
-14.815441469831642,246.7756965865385,0.0
-14.797265589714666,246.77630938586503,0.0
-14.779089709605898,246.7769221851915,0.0
-14.760913829486192,246.77753498451824,0.0
-14.742737949374686,246.7781477838447,0.0
-14.724562069263186,246.7787605831712,0.0
-14.706386189148938,246.7793733824978,0.0
-14.688210309034703,246.7799861818244,0.0
-14.67003442892048,246.78059898115097,0.0
-14.651858548800767,246.78121178047772,0.0
-14.633682668686529,246.7818245798043,0.0
-14.61550678857776,246.7824373791307,0.0
-14.597330908458057,246.78305017845744,0.0
-14.57915502834928,246.78366297778385,0.0
-14.56097914823778,246.78427577711037,0.0
-14.542803268115344,246.7848885764372,0.0
-14.52462738800384,246.7855013757637,0.0
-14.50645150789507,246.7861141750901,0.0
-14.488275627772625,246.78672697441692,0.0
-14.470099747658391,246.78733977374347,0.0
-14.451923867549624,246.7879525730699,0.0
-14.433747987435387,246.78856537239648,0.0
-14.415572107321143,246.78917817172308,0.0
-14.397396227204167,246.7897909710497,0.0
-14.37922034708721,246.7904037703764,0.0
-14.361044466975706,246.7910165697029,0.0
-14.342868586866926,246.79162936902927,0.0
-14.32469270674176,246.79224216835624,0.0
-14.30651682663298,246.79285496768256,0.0
-14.288340946521483,246.79346776700916,0.0
-14.270165066404518,246.7940805663357,0.0
-14.251989186295738,246.79469336566217,0.0
-14.233813306176042,246.79530616498892,0.0
-14.215637426059065,246.7959189643156,0.0
-14.19746154594756,246.7965317636421,0.0
-14.1792856658388,246.79714456296847,0.0
-14.161109785713618,246.79775736229544,0.0
-14.142933905604847,246.79837016162176,0.0
-14.12475802549882,246.7989829609481,0.0
-14.106582145376375,246.799595760275,0.0
-14.088406265262137,246.8002085596016,0.0
-14.070230385147912,246.80082135892812,0.0
-14.052054505033665,246.80143415825472,0.0
-14.033878624922153,246.8020469575812,0.0
-14.015702744807925,246.8026597569078,0.0
-13.997526864682756,246.8032725562348,0.0
-13.979350984576715,246.80388535556096,0.0
-13.961175104470678,246.8044981548873,0.0
-13.942999224348233,246.8051109542142,0.0
-13.924823344234,246.8057237535408,0.0
-13.906647464117038,246.80633655286744,0.0
-13.88847158401099,246.8069493521937,0.0
-13.870295703896751,246.8075621515204,0.0
-13.852119823774318,246.8081749508472,0.0
-13.833943943657347,246.80878775017385,0.0
-13.815768063551312,246.8094005495001,0.0
-13.797592183439807,246.81001334882663,0.0
-13.779416303317369,246.8106261481535,0.0
-13.761240423205862,246.81123894748,0.0
-13.743064543094365,246.81185174680647,0.0
-13.724888662982853,246.81246454613296,0.0
-13.70671278286315,246.81307734545976,0.0
-13.688536902746188,246.8136901447864,0.0
-13.67036102263467,246.81430294411288,0.0
-13.652185142523168,246.81491574343937,0.0
-13.63400926240348,246.81552854276612,0.0
-13.615833382297428,246.8161413420924,0.0
-13.597657502180455,246.8167541414192,0.0
-13.579481622058031,246.81736694074596,0.0
-13.561305741954715,246.81797974007216,0.0
-13.543129861835013,246.81859253939896,0.0
-13.524953981715324,246.81920533872568,0.0
-13.50677810160654,246.81981813805209,0.0
-13.48860222149776,246.8204309373785,0.0
-13.4704263413808,246.8210437367052,0.0
-13.45225046126929,246.82165653603164,0.0
-13.434074581146865,246.82226933535856,0.0
-13.415898701029896,246.82288213468516,0.0
-13.39772282092384,246.82349493401148,0.0
-13.379546940806875,246.8241077333381,0.0
-13.361371060689914,246.8247205326648,0.0
-13.343195180583873,246.82533333199103,0.0
-13.325019300469627,246.8259461313177,0.0
-13.306843420347189,246.82655893064452,0.0
-13.288667540235688,246.82717172997104,0.0
-13.270491660118726,246.8277845292977,0.0
-13.25231578000722,246.82839732862416,0.0
-13.234139899895707,246.82901012795068,0.0
-13.215964019778731,246.8296229272773,0.0
-13.197788139667235,246.83023572660383,0.0
-13.179612259555734,246.83084852593032,0.0
-13.161436379436026,246.83146132525712,0.0
-13.143260499310868,246.83207412458404,0.0
-13.125084619207549,246.83268692391016,0.0
-13.106908739096044,246.83329972323676,0.0
-13.088732858979087,246.8339125225633,0.0
-13.070556978873036,246.83452532188969,0.0
-13.052381098753331,246.8351381212165,0.0
-13.034205218636377,246.83575092054315,0.0
-13.016029338522127,246.83636371986967,0.0
-12.997853458407883,246.8369765191963,0.0
-12.979677578285468,246.8375893185232,0.0
-12.961501698179417,246.83820211784936,0.0
-12.943325818073369,246.8388149171757,0.0
-12.92514993795914,246.8394277165023,0.0
-12.906974057839436,246.8400405158292,0.0
-12.888798177717,246.84065331515595,0.0
-12.870622297610964,246.84126611448227,0.0
-12.85244641749399,246.84187891380896,0.0
-12.83427053737702,246.8424917131356,0.0
-12.816094657254588,246.84310451246245,0.0
-12.797918777156744,246.84371731178837,0.0
-12.779742897050706,246.84433011111483,0.0
-12.761567016925529,246.84494291044172,0.0
-12.743391136808564,246.8455557097685,0.0
-12.72521525668887,246.84616850909515,0.0
-12.707039376582827,246.84678130842147,0.0
-12.688863496465853,246.84739410774816,0.0
-12.670687616348877,246.8480069070748,0.0
-12.652511736240111,246.8486197064012,0.0
-12.634335856125878,246.8492325057278,0.0
-12.616159976008902,246.8498453050545,0.0
-12.597984095900134,246.85045810438083,0.0
-12.579808215780425,246.8510709037077,0.0
-12.561632335660724,246.85168370303435,0.0
-12.543456455554695,246.85229650236067,0.0
-12.525280575440448,246.85290930168728,0.0
-12.507104695323475,246.85352210101397,0.0
-12.488928815211985,246.85413490034043,0.0
-12.470752935095003,246.85474769966712,0.0
-12.452577054978027,246.85536049899372,0.0
-12.434401174872002,246.85597329832004,0.0
-12.41622529474956,246.85658609764693,0.0
-12.398049414632585,246.85719889697356,0.0
-12.379873534529285,246.85781169629976,0.0
-12.36169765441231,246.85842449562648,0.0
-12.343521774295343,246.85903729495317,0.0
-12.325345894183842,246.85965009427963,0.0
-12.30717001406686,246.86026289360632,0.0
-12.288994133949895,246.86087569293292,0.0
-12.270818253843856,246.86148849225924,0.0
-12.252642373721429,246.86210129158616,0.0
-12.234466493607192,246.86271409091265,0.0
-12.216290613501137,246.863326890239,0.0
-12.19811473338144,246.86393968956577,0.0
-12.179938853267208,246.86455248889237,0.0
-12.161762973155705,246.86516528821883,0.0
-12.143587093038729,246.86577808754552,0.0
-12.125411212921753,246.86639088687213,0.0
-12.10723533281572,246.86700368619844,0.0
-12.089059452693292,246.86761648552536,0.0
-12.070883572581778,246.86822928485176,0.0
-12.05270769247301,246.86884208417823,0.0
-12.034531812350572,246.86945488350503,0.0
-12.016355932239064,246.87006768283155,0.0
-11.998180052124834,246.8706804821581,0.0
-11.980004172013324,246.8712932814846,0.0
-11.961828291899083,246.8719060808112,0.0
-11.94365241178486,246.8725188801378,0.0
-11.925476531665147,246.87313167946456,0.0
-11.907300651556367,246.8737444787909,0.0
-11.88912477144214,246.8743572781176,0.0
-11.870948891319705,246.87497007744437,0.0
-11.852773011210928,246.87558287677075,0.0
-11.834597131096697,246.87619567609727,0.0
-11.816421250985186,246.8768084754238,0.0
-11.798245370870951,246.8774212747504,0.0
-11.780069490756718,246.878034074077,0.0
-11.761893610639737,246.87864687340368,0.0
-11.743717730528235,246.87925967273011,0.0
-11.725541850411268,246.8798724720569,0.0
-11.707365970294305,246.88048527138344,0.0
-11.68919009018553,246.8810980707099,0.0
-11.671014210065817,246.88171087003664,0.0
-11.652838329954315,246.8823236693631,0.0
-11.634662449842816,246.8829364686896,0.0
-11.616486569725849,246.88354926801628,0.0
-11.598310689611605,246.88416206734288,0.0
-11.580134809502823,246.88477486666923,0.0
-11.561958929383133,246.8853876659961,0.0
-11.543783049266167,246.88600046532267,0.0
-11.525607169157386,246.8866132646491,0.0
-11.507431289037692,246.88722606397585,0.0
-11.489255408926176,246.8878388633023,0.0
-11.471079528814672,246.8884516626288,0.0
-11.452903648697715,246.88906446195548,0.0
-11.4347277685862,246.889677261282,0.0
-11.416551888474691,246.8902900606085,0.0
-11.398376008352272,246.89090285993532,0.0
-11.380200128238023,246.89151565926187,0.0
-11.362024248129243,246.8921284585883,0.0
-11.343848368012292,246.89274125791496,0.0
-11.325672487898045,246.89335405724157,0.0
-11.307496607786536,246.89396685656803,0.0
-11.289320727669574,246.89457965589472,0.0
-11.271144847555323,246.8951924552213,0.0
-11.25296896744656,246.89580525454767,0.0
-11.2347930873214,246.89641805387464,0.0
-11.21661720720988,246.89703085320104,0.0
-11.198441327103843,246.8976436525274,0.0
-11.180265446984148,246.89825645185417,0.0
-11.162089566872638,246.89886925118063,0.0
-11.1439136867584,246.8994820505073,0.0
-11.125737806638698,246.900094849834,0.0
-11.107561926527191,246.90070764916047,0.0
-11.08938604641842,246.90132044848687,0.0
-11.07121016629326,246.90193324781384,0.0
-11.053034286181756,246.90254604714025,0.0
-11.0348584060757,246.9031588464666,0.0
-11.01668252595874,246.90377164579328,0.0
-10.998506645844506,246.9043844451199,0.0
-10.98033076572753,246.90499724444652,0.0
-10.962154885613298,246.90561004377312,0.0
-10.94397900549905,246.9062228430997,0.0
-10.925803125387548,246.9068356424262,0.0
-10.907627245262397,246.9074484417532,0.0
-10.889451365161808,246.90806124107917,0.0
-10.871275485053031,246.9086740404057,0.0
-10.853099604922416,246.9092868397328,0.0
-10.834923724813631,246.9098996390592,0.0
-10.816747844696655,246.91051243838584,0.0
-10.798571964585168,246.9111252377123,0.0
-10.780396084473653,246.9117380370388,0.0
-10.762220204359412,246.9123508363654,0.0
-10.74404432424245,246.91296363569208,0.0
-10.725868444130931,246.9135764350185,0.0
-10.707692564016703,246.9141892343452,0.0
-10.689516683897008,246.9148020336719,0.0
-10.671340803785489,246.9154148329984,0.0
-10.653164923668523,246.91602763232504,0.0
-10.634989043557018,246.9166404316515,0.0
-10.616813163445515,246.917253230978,0.0
-10.598637283331282,246.9178660303046,0.0
-10.580461403217033,246.9184788296312,0.0
-10.5622855231028,246.91909162895777,0.0
-10.544109642983098,246.91970442828452,0.0
-10.525933762868869,246.92031722761104,0.0
-10.507757882760094,246.9209300269375,0.0
-10.48958200264038,246.92154282626424,0.0
-10.471406122534349,246.9221556255905,0.0
-10.453230242420114,246.9227684249172,0.0
-10.435054362294942,246.92338122424408,0.0
-10.416878482186174,246.9239940235705,0.0
-10.39870260207739,246.9246068228969,0.0
-10.38052672195496,246.92521962222372,0.0
-10.362350841840737,246.92583242155027,0.0
-10.344174961731952,246.9264452208767,0.0
-10.325999081617711,246.92705802020328,0.0
-10.307823201503489,246.92767081952988,0.0
-10.289647321386507,246.9282836188565,0.0
-10.271471441269531,246.9288964181832,0.0
-10.253295561158044,246.9295092175097,0.0
-10.23511968104926,246.9301220168361,0.0
-10.216943800924092,246.93073481616304,0.0
-10.198767920815326,246.93134761548936,0.0
-10.18059204070654,246.93196041481585,0.0
-10.162416160586844,246.93257321414256,0.0
-10.144240280475344,246.93318601346908,0.0
-10.12606440035837,246.93379881279571,0.0
-10.1078885202414,246.9344116121224,0.0
-10.089712640129894,246.9350244114489,0.0
-10.071536760021123,246.93563721077527,0.0
-10.053360879895964,246.93625001010224,0.0
-10.035184999787177,246.93686280942856,0.0
-10.01700911968114,246.9374756087549,0.0
-9.998833239558708,246.9380884080818,0.0
-9.980657359444471,246.9387012074084,0.0
-9.962481479330238,246.93931400673492,0.0
-9.94430559921872,246.93992680606144,0.0
-9.926129719104493,246.94053960538804,0.0
-9.907953838987526,246.9411524047147,0.0
-9.889777958865087,246.9417652040416,0.0
-9.87160207875905,246.94237800336776,0.0
-9.853426198653,246.9429908026941,0.0
-9.835250318530568,246.943603602021,0.0
-9.817074438416345,246.9442164013476,0.0
-9.798898558302096,246.94482920067412,0.0
-9.78072267819332,246.94544200000053,0.0
-9.762546798076364,246.94605479932727,0.0
-9.744370917956651,246.946667598654,0.0
-9.726195037839677,246.94728039798065,0.0
-9.708019157736382,246.9478931973068,0.0
-9.689843277622137,246.9485059966335,0.0
-9.671667397496968,246.9491187959604,0.0
-9.653491517390934,246.9497315952867,0.0
-9.635315637276683,246.9503443946133,0.0
-9.617139757162455,246.95095719393987,0.0
-9.59896387704549,246.95156999326656,0.0
-9.580787996928514,246.9521827925932,0.0
-9.562612116814275,246.95279559191977,0.0
-9.544436236705495,246.9534083912461,0.0
-9.526260356588535,246.9540211905729,0.0
-9.508084476479766,246.9546339898992,0.0
-9.489908596365517,246.95524678922587,0.0
-9.471732716240355,246.9558595885528,0.0
-9.45355683613432,246.95647238787907,0.0
-9.435380956017353,246.95708518720576,0.0
-9.417205075900377,246.9576979865324,0.0
-9.399029195788865,246.95831078585888,0.0
-9.380853315677369,246.95892358518535,0.0
-9.362677435563128,246.959536384512,0.0
-9.34450155545162,246.96014918383844,0.0
-9.3263256753292,246.96076198316536,0.0
-9.308149795212216,246.96137478249196,0.0
-9.289973915106176,246.96198758181828,0.0
-9.27179803498922,246.9626003811449,0.0
-9.25362215487224,246.9632131804716,0.0
-9.235446274766195,246.96382597979783,0.0
-9.21727039465197,246.9644387791245,0.0
-9.199094514529529,246.96505157845132,0.0
-9.18091863442348,246.96566437777764,0.0
-9.16274275430106,246.96627717710456,0.0
-9.144566874184084,246.96688997643116,0.0
-9.12639099407804,246.96750277575748,0.0
-9.108215113963809,246.96811557508408,0.0
-9.090039233849566,246.96872837441063,0.0
-9.071863353735328,246.96934117373723,0.0
-9.053687473618364,246.96995397306392,0.0
-9.03551159350139,246.97056677239053,0.0
-9.017335713389883,246.97117957171704,0.0
-8.99915983327019,246.9717923710438,0.0
-8.98098395316141,246.9724051703701,0.0
-8.962808073055367,246.97301796969649,0.0
-8.944632192935671,246.9736307690233,0.0
-8.926456312818697,246.97424356834995,0.0
-8.908280432704458,246.97485636767647,0.0
-8.890104552590227,246.9754691670031,0.0
-8.87192867246779,246.97608196633,0.0
-8.853752792361746,246.97669476565616,0.0
-8.835576912258443,246.97730756498245,0.0
-8.817401032141468,246.97792036430917,0.0
-8.799225152019034,246.9785331636361,0.0
-8.78104927189934,246.97914596296275,0.0
-8.762873391793292,246.97975876228907,0.0
-8.744697511676321,246.98037156161573,0.0
-8.72652163155936,246.9809843609424,0.0
-8.708345751436921,246.98159716026925,0.0
-8.690169871339073,246.98220995959517,0.0
-8.671993991233037,246.98282275892163,0.0
-8.653818111107867,246.98343555824852,0.0
-8.635642230990896,246.9840483575753,0.0
-8.617466350871203,246.98466115690195,0.0
-8.599290470765155,246.98527395622827,0.0
-8.581114590648184,246.98588675555496,0.0
-8.562938710533953,246.9864995548815,0.0
-8.544762830422442,246.987112354208,0.0
-8.526586950305472,246.98772515353468,0.0
-8.50841107019124,246.9883379528613,0.0
-8.490235190082462,246.98895075218763,0.0
-8.47205930996276,246.9895635515145,0.0
-8.453883429843065,246.99017635084115,0.0
-8.435707549737018,246.99078915016747,0.0
-8.417531669625511,246.991401949494,0.0
-8.399355789505815,246.9920147488208,0.0
-8.381179909391573,246.9926275481473,0.0
-8.363004029277334,246.99324034747391,0.0
-8.344828149160373,246.99385314680052,0.0
-8.326652269054325,246.99446594612684,0.0
-8.30847638893189,246.99507874545372,0.0
-8.29030050881766,246.99569154478024,0.0
-8.272124628711612,246.9963043441066,0.0
-8.25394874859191,246.99691714343336,0.0
-8.235772868477678,246.99752994275997,0.0
-8.217596988366168,246.99814274208643,0.0
-8.199421108249197,246.99875554141312,0.0
-8.181245228132235,246.99936834073972,0.0
-8.163069348026188,246.99998114006604,0.0
-8.144893467903753,247.00059393939296,0.0
-8.126717587789523,247.00120673871945,0.0
-8.108541707683475,247.0018195380458,0.0
-8.090365827563772,247.00243233737257,0.0
-8.072189947449539,247.00304513669917,0.0
-8.05401406733803,247.00365793602563,0.0
-8.035838187221064,247.00427073535232,0.0
-8.017662307104098,247.00488353467892,0.0
-7.99948642699805,247.00549633400524,0.0
-7.981310546875616,247.00610913333216,0.0
-7.963134666764117,247.00672193265856,0.0
-7.944958786655338,247.00733473198505,0.0
-7.926782906532904,247.00794753131183,0.0
-7.908607026421405,247.00856033063835,0.0
-7.890431146309893,247.00917312996484,0.0
-7.872255266195655,247.00978592929144,0.0
-7.854079386078692,247.0103987286181,0.0
-7.835903505967181,247.0110115279446,0.0
-7.817727625847479,247.01162432727136,0.0
-7.79955174574144,247.0122371265976,0.0
-7.781375865624468,247.0128499259244,0.0
-7.7631999854993055,247.0134627252513,0.0
-7.745024105393267,247.01407552457755,0.0
-7.726848225279024,247.01468832390407,0.0
-7.708672345167518,247.0153011232306,0.0
-7.690496465053287,247.0159139225572,0.0
-7.672320584939044,247.0165267218838,0.0
-7.654144704822073,247.01713952121048,0.0
-7.635968824710575,247.0177523205369,0.0
-7.617792944593599,247.0183651198637,0.0
-7.59961706447663,247.01897791919023,0.0
-7.581441184367862,247.0195907185167,0.0
-7.563265304248156,247.02020351784344,0.0
-7.545089424136648,247.0208163171699,0.0
-7.52691354402515,247.0214291164964,0.0
-7.508737663910907,247.022041915823,0.0
-7.490561783793936,247.02265471514968,0.0
-7.472385903682437,247.02326751447612,0.0
-7.454210023565462,247.0238803138029,0.0
-7.436034143448489,247.02449311312947,0.0
-7.417858263339724,247.0251059124559,0.0
-7.399682383220021,247.02571871178264,0.0
-7.381506503108511,247.0263315111091,0.0
-7.363330622997013,247.0269443104356,0.0
-7.345154742880037,247.02755710976228,0.0
-7.326978862768531,247.0281699090888,0.0
-7.308802982657031,247.0287827084153,0.0
-7.290627102534594,247.02939550774212,0.0
-7.272451222420355,247.03000830706867,0.0
-7.254275342311588,247.0306211063951,0.0
-7.236099462194613,247.03123390572176,0.0
-7.217923582080374,247.03184670504837,0.0
-7.199747701968869,247.03245950437483,0.0
-7.1815718218518985,247.03307230370152,0.0
-7.163395941737668,247.0336851030281,0.0
-7.145220061628889,247.03429790235447,0.0
-7.127044181503723,247.03491070168144,0.0
-7.108868301392223,247.03552350100784,0.0
-7.090692421286176,247.0361363003342,0.0
-7.072516541166474,247.03674909966097,0.0
-7.054340661054975,247.03736189898743,0.0
-7.036164780940732,247.0379746983141,0.0
-7.01798890082103,247.0385874976408,0.0
-6.999813020709531,247.03920029696727,0.0
-6.981637140600752,247.03981309629367,0.0
-6.963461260475586,247.04042589562064,0.0
-6.945285380364086,247.04103869494705,0.0
-6.927109500258039,247.0416514942734,0.0
-6.9089336201410685,247.04226429360008,0.0
-6.8907577400268405,247.0428770929267,0.0
-6.872581859909864,247.04348989225332,0.0
-6.854405979795621,247.04410269157992,0.0
-6.836230099681393,247.0447154909065,0.0
-6.818054219569885,247.045328290233,0.0
-6.799878339444717,247.04594108956,0.0
-6.7817024593441415,247.04655388888597,0.0
-6.763526579235365,247.0471666882125,0.0
-6.745350699104736,247.0477794875396,0.0
-6.727174818995969,247.048392286866,0.0
-6.708998938878994,247.04900508619264,0.0
-6.690823058767487,247.0496178855191,0.0
-6.672647178655988,247.0502306848456,0.0
-6.654471298541745,247.0508434841722,0.0
-6.636295418424774,247.05145628349888,0.0
-6.618119538313276,247.0520690828253,0.0
-6.599943658199033,247.052681882152,0.0
-6.581767778079331,247.0532946814787,0.0
-6.563591897967831,247.0539074808052,0.0
-6.545416017850857,247.05452028013184,0.0
-6.52724013773935,247.0551330794583,0.0
-6.509064257630582,247.0557458787847,0.0
-6.490888377513608,247.05635867811145,0.0
-6.472712497396637,247.05697147743808,0.0
-6.454536617285139,247.05758427676457,0.0
-6.436360737165432,247.05819707609132,0.0
-6.418184857051194,247.05880987541784,0.0
-6.400008976942426,247.0594226747443,0.0
-6.38183309682272,247.06003547407104,0.0
-6.3636572167166765,247.0606482733973,0.0
-6.345481336602445,247.061261072724,0.0
-6.327305456477276,247.06187387205088,0.0
-6.3091295763685,247.0624866713773,0.0
-6.2909536962597326,247.0630994707037,0.0
-6.272777816137295,247.06371227003052,0.0
-6.254601936023059,247.06432506935707,0.0
-6.23642605591429,247.0649378686835,0.0
-6.218250175800043,247.06555066801008,0.0
-6.200074295685807,247.06616346733668,0.0
-6.181898415568845,247.0667762666633,0.0
-6.16372253545187,247.06738906599,0.0
-6.145546655340363,247.0680018653165,0.0
-6.127370775231595,247.0686146646429,0.0
-6.109194895106426,247.06922746396984,0.0
-6.09101901499765,247.06984026329616,0.0
-6.072843134888883,247.07045306262265,0.0
-6.054667254769177,247.07106586194936,0.0
-6.03649137465767,247.07167866127588,0.0
-6.018315494540707,247.07229146060251,0.0
-6.000139614423733,247.0729042599292,0.0
-5.981963734312226,247.0735170592557,0.0
-5.963787854203458,247.07412985858207,0.0
-5.945611974078289,247.07474265790904,0.0
-5.927436093969513,247.07535545723536,0.0
-5.909260213863478,247.0759682565617,0.0
-5.89108433374104,247.0765810558886,0.0
-5.872908453626801,247.0771938552152,0.0
-5.85473257351257,247.07780665454172,0.0
-5.836556693401059,247.07841945386824,0.0
-5.81838081328682,247.07903225319484,0.0
-5.80020493316986,247.0796450525215,0.0
-5.78202905304742,247.0802578518484,0.0
-5.763853172941373,247.08087065117456,0.0
-5.745677292835341,247.0814834505009,0.0
-5.727501412712902,247.0820962498278,0.0
-5.709325532598664,247.0827090491544,0.0
-5.691149652487165,247.0833218484809,0.0
-5.672973772375654,247.08393464780733,0.0
-5.654797892255951,247.08454744713416,0.0
-5.6366220121389885,247.0851602464608,0.0
-5.618446132022014,247.08577304578745,0.0
-5.600270251918703,247.0863858451136,0.0
-5.582094371804471,247.08699864444029,0.0
-5.563918491679302,247.0876114437672,0.0
-5.545742611573258,247.0882242430935,0.0
-5.527566731459028,247.0888370424201,0.0
-5.509390851344785,247.08944984174667,0.0
-5.491214971227814,247.09006264107336,0.0
-5.473039091110851,247.0906754404,0.0
-5.454863210996609,247.09128823972657,0.0
-5.436687330887834,247.0919010390529,0.0
-5.418511450776334,247.09251383837943,0.0
-5.400335570662092,247.09312663770604,0.0
-5.382159690542389,247.09373943703287,0.0
-5.363983810422695,247.09435223635955,0.0
-5.345807930316648,247.09496503568587,0.0
-5.327632050199677,247.09557783501256,0.0
-5.309456170082714,247.0961906343392,0.0
-5.291280289971203,247.09680343366568,0.0
-5.273104409859696,247.09741623299217,0.0
-5.254928529745466,247.0980290323188,0.0
-5.236752649633955,247.09864183164524,0.0
-5.218576769511521,247.09925463097213,0.0
-5.200400889394552,247.09986743029876,0.0
-5.182225009288515,247.10048022962508,0.0
-5.16404912917155,247.1010930289517,0.0
-5.145873249054566,247.1017058282784,0.0
-5.127697368948531,247.10231862760463,0.0
-5.109521488834298,247.1029314269313,0.0
-5.091345608711856,247.10354422625812,0.0
-5.073169728605822,247.10415702558444,0.0
-5.054993848483388,247.10476982491136,0.0
-5.0368179683664085,247.10538262423796,0.0
-5.0186420882603775,247.10599542356428,0.0
-5.000466208146142,247.10660822289088,0.0
-4.982290328031892,247.10722102221743,0.0
-4.964114447917668,247.10783382154403,0.0
-4.945938567800699,247.10844662087072,0.0
-4.927762687683713,247.10905942019733,0.0
-4.909586807572221,247.10967221952384,0.0
-4.8914109274525215,247.1102850188506,0.0
-4.873235047343735,247.1108978181769,0.0
-4.855059167237704,247.11151061750328,0.0
-4.836883287118005,247.1121234168301,0.0
-4.818707407001023,247.11273621615675,0.0
-4.800531526886796,247.1133490154833,0.0
-4.782355646772561,247.1139618148099,0.0
-4.764179766650115,247.1145746141368,0.0
-4.7460038865440834,247.11518741346296,0.0
-4.727828006440776,247.11580021278925,0.0
-4.709652126323793,247.11641301211597,0.0
-4.691476246201371,247.1170258114429,0.0
-4.673300366081672,247.11763861076955,0.0
-4.655124485975618,247.1182514100959,0.0
-4.636948605858659,247.11886420942253,0.0
-4.618772725741692,247.1194770087492,0.0
-4.600596845619246,247.12008980807605,0.0
-4.582420965521409,247.12070260740197,0.0
-4.56424508541537,247.12131540672843,0.0
-4.546069205290193,247.12192820605532,0.0
-4.527893325173234,247.1225410053821,0.0
-4.509717445053535,247.12315380470875,0.0
-4.491541564947481,247.12376660403507,0.0
-4.473365684830521,247.12437940336176,0.0
-4.455189804716286,247.1249922026883,0.0
-4.437013924604768,247.1256050020148,0.0
-4.418838044487812,247.12621780134148,0.0
-4.400662164373575,247.1268306006681,0.0
-4.382486284264784,247.12744339999443,0.0
-4.364310404145097,247.1280561993213,0.0
-4.3461345240253975,247.12866899864795,0.0
-4.327958643919343,247.12928179797427,0.0
-4.309782763807847,247.1298945973008,0.0
-4.291606883688149,247.1305073966276,0.0
-4.273431003573899,247.1311201959541,0.0
-4.255255123459672,247.13173299528071,0.0
-4.237079243342705,247.13234579460732,0.0
-4.21890336323665,247.13295859393364,0.0
-4.200727483114227,247.13357139326052,0.0
-4.182551602999992,247.13418419258704,0.0
-4.164375722893937,247.1347969919134,0.0
-4.146199842774247,247.13540979124016,0.0
-4.128023962660012,247.13602259056677,0.0
-4.109848082548494,247.13663538989323,0.0
-4.091672202431535,247.13724818921992,0.0
-4.07349632231457,247.13786098854652,0.0
-4.055320442208513,247.13847378787284,0.0
-4.037144562086088,247.13908658719976,0.0
-4.018968681971855,247.13969938652625,0.0
-4.000792801865802,247.1403121858526,0.0
-3.982616921746109,247.14092498517937,0.0
-3.964441041631873,247.14153778450597,0.0
-3.946265161520358,247.14215058383243,0.0
-3.928089281403397,247.14276338315912,0.0
-3.909913401289161,247.14337618248567,0.0
-3.8917375211803766,247.14398898181207,0.0
-3.873561641055225,247.14460178113904,0.0
-3.855385760946449,247.14521458046536,0.0
-3.837209880837662,247.14582737979185,0.0
-3.819034000715241,247.14644017911863,0.0
-3.800858120603739,247.14705297844517,0.0
-3.7826822404922193,247.14766577777164,0.0
-3.764506360377988,247.14827857709824,0.0
-3.746330480261024,247.1488913764249,0.0
-3.7281546001495096,247.1495041757514,0.0
-3.709978720024352,247.1501169750784,0.0
-3.6918028399237777,247.15072977440437,0.0
-3.673626959812258,247.151342573731,0.0
-3.6554510796816384,247.1519553730581,0.0
-3.637275199578332,247.15256817238424,0.0
-3.61909931946135,247.15318097171092,0.0
-3.600923439347121,247.1537937710375,0.0
-3.582747559235619,247.154406570364,0.0
-3.564571679121371,247.1550193696906,0.0
-3.5463957990044106,247.15563216901728,0.0
-3.528219918892907,247.1562449683437,0.0
-3.5100440387759253,247.1568577676705,0.0
-3.491868158658966,247.15747056699703,0.0
-3.4736922785501947,247.1580833663235,0.0
-3.455516398430481,247.15869616565024,0.0
-3.437340518318986,247.1593089649767,0.0
-3.4191646382074823,247.1599217643032,0.0
-3.400988758093232,247.1605345636298,0.0
-3.3828128779762734,247.16114736295648,0.0
-3.364636997864769,247.16176016228292,0.0
-3.346461117747788,247.1623729616097,0.0
-3.3282852376308303,247.16298576093627,0.0
-3.310109357522057,247.1635985602627,0.0
-3.291933477402344,247.16421135958944,0.0
-3.2737575972908486,247.1648241589159,0.0
-3.255581717179345,247.1654369582424,0.0
-3.2374058370623637,247.16604975756908,0.0
-3.219229956950868,247.1666625568956,0.0
-3.2010540768393647,247.1672753562221,0.0
-3.182878196716919,247.16788815554892,0.0
-3.164702316602692,247.16850095487547,0.0
-3.1465264364939216,247.1691137542019,0.0
-3.128350556376939,247.16972655352856,0.0
-3.1101746762627096,247.17033935285517,0.0
-3.091998796151208,247.17095215218163,0.0
-3.0738229160342274,247.17156495150832,0.0
-3.055647035919998,247.1721777508349,0.0
-3.0374711558112257,247.17279055016127,0.0
-3.0192952756860514,247.17340334948824,0.0
-3.0011193955745545,247.17401614881464,0.0
-2.982943515468515,247.174628948141,0.0
-2.9647676353488026,247.17524174746777,0.0
-2.946591755237306,247.17585454679423,0.0
-2.9284158751230693,247.1764673461209,0.0
-2.9102399950033586,247.1770801454476,0.0
-2.892064114891862,247.1776929447741,0.0
-2.873888234783089,247.17830574410047,0.0
-2.855712354657913,247.17891854342744,0.0
-2.8375364745464173,247.17953134275385,0.0
-2.819360594443109,247.1801441420801,0.0
-2.801184714323396,247.1807569414069,0.0
-2.783008834206437,247.1813697407336,0.0
-2.764832954092202,247.18198254006012,0.0
-2.746657073977952,247.18259533938672,0.0
-2.728481193863725,247.1832081387133,0.0
-2.710305313752221,247.1838209380398,0.0
-2.692129433627044,247.1844337373668,0.0
-2.673953553521012,247.1850465366929,0.0
-2.6557776734177043,247.18565933601928,0.0
-2.637601793292527,247.1862721353462,0.0
-2.6194259131783,247.1868849346728,0.0
-2.601250033061334,247.18749773399944,0.0
-2.583074152949815,247.1881105333259,0.0
-2.5648982728383176,247.1887233326524,0.0
-2.546722392724084,247.189336131979,0.0
-2.52854651260437,247.18994893130576,0.0
-2.510370632495605,247.1905617306321,0.0
-2.492194752384103,247.19117452995863,0.0
-2.4740188722616594,247.1917873292855,0.0
-2.4558429921501626,247.192400128612,0.0
-2.4376671120331954,247.19301292793864,0.0
-2.4194912319216786,247.1936257272651,0.0
-2.4013153518129142,247.1942385265915,0.0
-2.3831394716959453,247.19485132591825,0.0
-2.364963591578966,247.19546412524488,0.0
-2.3467877114674685,247.19607692457137,0.0
-2.328611831347769,247.19668972389812,0.0
-2.310435951233522,247.19730252322464,0.0
-2.292260071124757,247.1979153225511,0.0
-2.274084191005058,247.19852812187784,0.0
-2.255908310899004,247.1991409212041,0.0
-2.237732430784777,247.1997537205308,0.0
-2.219556550659614,247.20036651985768,0.0
-2.201380670550828,247.20097931918409,0.0
-2.183204790442064,247.2015921185105,0.0
-2.1650289103196334,247.20220491783732,0.0
-2.146853030205383,247.20281771716387,0.0
-2.1286771500966197,247.2034305164903,0.0
-2.1105012699823846,247.20404331581688,0.0
-2.0923253898681344,247.20465611514348,0.0
-2.074149509751176,247.2052689144701,0.0
-2.0559736296342117,247.2058817137968,0.0
-2.03779774952269,247.2064945131233,0.0
-2.0196218694139247,247.2071073124497,0.0
-2.001445989288764,247.20772011177664,0.0
-1.983270109179978,247.20833291110296,0.0
-1.965094229071212,247.20894571042945,0.0
-1.946918348951516,247.20955850975616,0.0
-1.9287424688399988,247.21017130908268,0.0
-1.910566588723038,247.2107841084093,0.0
-1.8923907086060725,247.211396907736,0.0
-1.8742148284945523,247.2120097070625,0.0
-1.856038948385789,247.21262250638887,0.0
-1.837863068260628,247.21323530571584,0.0
-1.81968718815184,247.21384810504216,0.0
-1.801511308040345,247.21446090436876,0.0
-1.7833354279233793,247.2150737036953,0.0
-1.765159547814592,247.21568650302177,0.0
-1.746983667694901,247.21629930234852,0.0
-1.7288077875779342,247.2169121016752,0.0
-1.7106319074691478,247.2175249010016,0.0
-1.6924560273576523,247.2181377003281,0.0
-1.6742801472297582,247.2187504996552,0.0
-1.6561042671237036,247.21936329898136,0.0
-1.637928387017672,247.2199760983077,0.0
-1.6197525068952414,247.2205888976346,0.0
-1.6015766267809912,247.2212016969612,0.0
-1.5834007466694957,247.2218144962877,0.0
-1.5652248665579926,247.22242729561412,0.0
-1.5470489864382788,247.22304009494096,0.0
-1.5288731063213197,247.2236528942676,0.0
-1.5106972261988891,247.22426569359445,0.0
-1.49252134610103,247.22487849292037,0.0
-1.4743454659922666,247.2254912922469,0.0
-1.4561695858616404,247.226104091574,0.0
-1.4379937057555858,247.2267168909003,0.0
-1.4198178256413585,247.2273296902269,0.0
-1.4016419455271234,247.22794248955347,0.0
-1.3834660654101416,247.22855528888016,0.0
-1.3652901852931825,247.2291680882068,0.0
-1.3471143051789474,247.22978088753337,0.0
-1.328938425070161,247.2303936868597,0.0
-1.3107625449586655,247.23100648618623,0.0
-1.2925866648444306,247.23161928551283,0.0
-1.2744107847247168,247.2322320848397,0.0
-1.2562349046050258,247.23284488416635,0.0
-1.2380590244989862,247.23345768349267,0.0
-1.2198831443820044,247.23407048281936,0.0
-1.2017072642650453,247.234683282146,0.0
-1.1835313841535422,247.23529608147248,0.0
-1.1653555040420238,247.23590888079897,0.0
-1.1471796239277965,247.2365216801256,0.0
-1.1290037438162936,247.23713447945204,0.0
-1.1108278636938471,247.23774727877893,0.0
-1.0926519835768882,247.23836007810556,0.0
-1.07447610347085,247.23897287743188,0.0
-1.056300223353867,247.2395856767585,0.0
-1.0381243432423712,247.24019847608503,0.0
-1.0199484631308688,247.24081127541152,0.0
-1.0017725830111548,247.24142407473832,0.0
-0.9835967028941958,247.24203687406492,0.0
-0.965420822788156,247.24264967339124,0.0
-0.9472449426657104,247.24326247271816,0.0
-0.9290690625487515,247.24387527204476,0.0
-0.910893182442712,247.24448807137108,0.0
-0.8927173023284617,247.24510087069768,0.0
-0.8745414222142346,247.24571367002423,0.0
-0.8563655420999995,247.24632646935083,0.0
-0.8381896619830175,247.24693926867752,0.0
-0.8200137818660586,247.24755206800413,0.0
-0.8018379017545553,247.24816486733064,0.0
-0.7836620216348414,247.2487776666574,0.0
-0.7654861415315416,247.24939046598357,0.0
-0.7473102614200383,247.2500032653101,0.0
-0.7291343812948609,247.25061606463703,0.0
-0.7109585011833656,247.25122886396355,0.0
-0.6927826210691305,247.2518416632901,0.0
-0.6746067409548803,247.2524544626167,0.0
-0.6564308608324577,247.2530672619436,0.0
-0.6382549807264181,247.25368006126976,0.0
-0.6200791006203632,247.2542928605961,0.0
-0.601903220506136,247.2549056599227,0.0
-0.5837273403864376,247.2555184592496,0.0
-0.5655514602639918,247.25613125857635,0.0
-0.5473755801524963,247.25674405790284,0.0
-0.5291997000409934,247.2573568572293,0.0
-0.5110238199294749,247.25796965655584,0.0
-0.4928479398152475,247.2585824558824,0.0
-0.4746720597037446,247.25919525520888,0.0
-0.4564961795840306,247.25980805453568,0.0
-0.4383202994725351,247.26042085386212,0.0
-0.4201444193555685,247.2610336531889,0.0
-0.4019685392358546,247.26164645251555,0.0
-0.3837926591298227,247.26225925184187,0.0
-0.3656167790128561,247.26287205116856,0.0
-0.3474408988986058,247.2634848504951,0.0
-0.3292650187871103,247.2640976498216,0.0
-0.3110891386701437,247.26471044914828,0.0
-0.2929132585558934,247.26532324847489,0.0
-0.2747373784471297,247.26593604780123,0.0
-0.2565614983274313,247.2665488471281,0.0
-0.2383856182077174,247.26716164645475,0.0
-0.2202097381016856,247.26777444578107,0.0
-0.2020338579847189,247.26838724510776,0.0
-0.1838579778704686,247.2690000444343,0.0
-0.1656820977562413,247.2696128437609,0.0
-0.1475062176420062,247.27022564308743,0.0
-0.1293303375304883,247.270838442414,0.0
-0.1111544574189933,247.27145124174044,0.0
-0.0929785772965621,247.27206404106732,0.0
-0.074802697182312,247.27267684039384,0.0
-0.0566268170762805,247.2732896397202,0.0
-0.0384509369565815,247.27390243904696,0.0
-0.0202750568423315,247.27451523837357,0.0
-0.0020991767308363,247.27512803770003,0.0
0.0160767033861308,247.27574083702672,0.0
0.0342525835031127,247.27635363635332,0.0
0.0524284636091442,247.27696643567964,0.0
0.070604343731575,247.27757923500656,0.0
0.088780223845825,247.27819203433305,0.0
0.1069561039518566,247.2788048336594,0.0
0.1251319840715558,247.27941763298617,0.0
0.1433078641858059,247.28003043231277,0.0
0.1614837442973009,247.28064323163923,0.0
0.1796596244142679,247.28125603096592,0.0
0.1978355045285183,247.28186883029247,0.0
0.2160113846372816,247.28248162961887,0.0
0.234187264762444,247.28309442894584,0.0
0.2523631448739624,247.28370722827225,0.0
0.270539024979994,247.2843200275986,0.0
0.2887149050996926,247.28493282692537,0.0
0.3068907852139428,247.28554562625197,0.0
0.3250666653254385,247.28615842557844,0.0
0.3432425454396732,247.28677122490504,0.0
0.3614184255566552,247.2873840242317,0.0
0.3795943056681509,247.2879968235582,0.0
0.397770185793313,247.2886096228852,0.0
0.4159460658939041,247.28922242221117,0.0
0.4341219460053994,247.2898352215378,0.0
0.4522978261360254,247.2904480208649,0.0
0.4704737062393483,247.29106082019103,0.0
0.4886495863563073,247.29167361951772,0.0
0.5068254664705424,247.2922864188443,0.0
0.5250013465820608,247.2928992181708,0.0
0.5431772266962879,247.2935120174974,0.0
0.5613531068132548,247.29412481682408,0.0
0.5795289869247732,247.2947376161505,0.0
0.5977048670417321,247.2953504154773,0.0
0.615880747158699,247.29596321480383,0.0
0.6340566272674856,247.2965760141303,0.0
0.6522325073871763,247.29718881345704,0.0
0.6704083874986796,247.2978016127835,0.0
0.688584267610198,247.29841441211,0.0
0.7067601477244251,247.2990272114366,0.0
0.724936027841392,247.29964001076328,0.0
0.7431119079529104,247.30025281008972,0.0
0.7612877880698693,247.3008656094165,0.0
0.7794636681868359,247.3014784087431,0.0
0.7976395482956227,247.3020912080695,0.0
0.8158154284153143,247.30270400739624,0.0
0.8339913085268169,247.3033168067227,0.0
0.8521671886383348,247.3039296060492,0.0
0.8703430687552941,247.30454240537588,0.0
0.8885189488667974,247.3051552047024,0.0
0.9066948289783158,247.3057680040289,0.0
0.9248707091007384,247.30638080335572,0.0
0.9430465892149734,247.30699360268227,0.0
0.96122246932376,247.3076064020087,0.0
0.9793983494407188,247.30821920133536,0.0
0.997574229554954,247.30883200066197,0.0
1.0157501096664725,247.30944479998843,0.0
1.0339259897834312,247.31005759931512,0.0
1.0521018698976663,247.3106703986417,0.0
1.0702777500064529,247.31128319796807,0.0
1.0884536301316077,247.31189599729504,0.0
1.1066295102431107,247.31250879662144,0.0
1.1248053903491653,247.3131215959478,0.0
1.142981270468856,247.31373439527457,0.0
1.1611571505803595,247.31434719460103,0.0
1.1793330306946097,247.3149599939277,0.0
1.1975089108143004,247.3155727932544,0.0
1.2156847909258035,247.3161855925809,0.0
1.23386067103459,247.31679839190727,0.0
1.2520365511597449,247.31741119123424,0.0
1.270212431271248,247.31802399056065,0.0
1.2883883113745709,247.3186367898869,0.0
1.3065641914942616,247.3192495892137,0.0
1.3247400716112283,247.3198623885404,0.0
1.3429159517254785,247.32047518786692,0.0
1.3610918318397056,247.32108798719352,0.0
1.3792677119539407,247.3217007865201,0.0
1.397443592065459,247.3223135858466,0.0
1.4156194721906137,247.3229263851736,0.0
1.4337953522966531,247.3235391844997,0.0
1.451971232399976,247.32415198382608,0.0
1.4701471125251304,247.324764783153,0.0
1.4883229926393655,247.3253775824796,0.0
1.5064988727563475,247.32599038180624,0.0
1.5246747528678428,247.3266031811327,0.0
1.5428506329793463,247.3272159804592,0.0
1.5610265130935963,247.3278287797858,0.0
1.5792023932132873,247.32844157911256,0.0
1.5973782733220587,247.3290543784389,0.0
1.615554153433577,247.32966717776543,0.0
1.6337300335559997,247.3302799770923,0.0
1.6519059136675027,247.3308927764188,0.0
1.6700817937844847,247.33150557574544,0.0
1.6882576738959787,247.3321183750719,0.0
1.7064335540047504,247.3327311743983,0.0
1.7246094341217348,247.33334397372505,0.0
1.742785314238693,247.33395677305168,0.0
1.7609611943501966,247.33456957237817,0.0
1.7791370744699098,247.33518237170492,0.0
1.797312954584136,247.33579517103144,0.0
1.8154888346929083,247.3364079703579,0.0
1.83366471480716,247.33702076968447,0.0
1.851840594918654,247.33763356901096,0.0
1.870016475038351,247.33824636833776,0.0
1.8881923551580664,247.33885916766448,0.0
1.9063682352668296,247.33947196699089,0.0
1.924544115375601,247.3400847663173,0.0
1.9427199954980467,247.34069756564412,0.0
1.960895875612274,247.34131036497067,0.0
1.979071755721045,247.3419231642971,0.0
1.9972476358352955,247.34253596362367,0.0
2.015423515949523,247.34314876295028,0.0
2.033599396066489,247.3437615622769,0.0
2.051775276183472,247.3443743616036,0.0
2.069951156294967,247.3449871609301,0.0
2.0881270364037383,247.3455999602565,0.0
2.1063029165207205,247.3462127595832,0.0
2.1244787966376792,247.34682555890984,0.0
2.1426546767546464,247.3474383582365,0.0
2.1608305568661645,247.34805115756296,0.0
2.17900643697766,247.34866395688948,0.0
2.1971823170946267,247.3492767562161,0.0
2.215358197211609,247.3498895555428,0.0
2.233534077323104,247.3505023548693,0.0
2.2517099574318755,247.35111515419567,0.0
2.269885837557053,247.35172795352264,0.0
2.2880617176658165,247.35234075284896,0.0
2.30623759777732,247.35295355217556,0.0
2.324413477894305,247.3535663515021,0.0
2.342589358003066,247.35417915082857,0.0
2.3607652381227613,247.35479195015532,0.0
2.378941118234284,247.35540474948183,0.0
2.39711699834851,247.35601754880844,0.0
2.415292878465475,247.3566303481351,0.0
2.433468758587922,247.357243147462,0.0
2.4516446386939537,247.35785594678816,0.0
2.469820518799993,247.3584687461145,0.0
2.487996398922439,247.3590815454414,0.0
2.506172279036668,247.359694344768,0.0
2.52434815914817,247.3603071440945,0.0
2.5425240392596864,247.36091994342092,0.0
2.5606999193793785,247.36153274274776,0.0
2.5788757994963443,247.3621455420744,0.0
2.5970516796187906,247.36275834140125,0.0
2.615227559716629,247.36337114072717,0.0
2.6334034398253987,247.3639839400537,0.0
2.651579319947845,247.3645967393805,0.0
2.669755200062072,247.3652095387072,0.0
2.687931080184502,247.36582233803395,0.0
2.706106960290557,247.36643513736027,0.0
2.724282840407516,247.36704793668696,0.0
2.742458720524483,247.3676607360136,0.0
2.760634600638733,247.36827353534017,0.0
2.7788104807474965,247.3688863346665,0.0
2.796986360858998,247.36949913399303,0.0
2.8151622409732493,247.37011193331963,0.0
2.8333381210929423,247.3707247326465,0.0
2.851514001212639,247.37133753197315,0.0
2.869689881318697,247.37195033129947,0.0
2.8878657614356538,247.37256313062616,0.0
2.906041641552617,247.3731759299528,0.0
2.924217521658676,247.37378872927908,0.0
2.942393401775634,247.37440152860583,0.0
2.9605692818953293,247.37501432793252,0.0
2.9787451620013865,247.37562712725884,0.0
2.996921042123811,247.37623992658573,0.0
3.0150969222407764,247.37685272591236,0.0
3.0332728023468314,247.37746552523868,0.0
3.051448682463792,247.3780783245653,0.0
3.069624562575294,247.37869112389183,0.0
3.0878004426868104,247.37930392321832,0.0
3.1059763228065025,247.37991672254512,0.0
3.1241522029234683,247.38052952187172,0.0
3.142328083029524,247.38114232119804,0.0
3.1605039631519483,247.38175512052496,0.0
3.1786798432689136,247.38236791985156,0.0
3.196855723372237,247.38298071917777,0.0
3.215031603489196,247.38359351850448,0.0
3.2332074836061624,247.38420631783117,0.0
3.251383363717681,247.38481911715763,0.0
3.26955924383464,247.38543191648432,0.0
3.287735123951607,247.38604471581093,0.0
3.305911004063125,247.38665751513744,0.0
3.324086884182816,247.3872703144642,0.0
3.342262764286124,247.38788311379037,0.0
3.360438644397642,247.3884959131169,0.0
3.3786145245227965,247.38910871244383,0.0
3.3967904046343,247.38972151177035,0.0
3.414966284748553,247.3903343110969,0.0
3.433142164862778,247.3909471104235,0.0
3.451318044985205,247.3915599097504,0.0
3.4694939250858,247.3921727090764,0.0
3.4876698051972945,247.392785508403,0.0
3.5058456853169915,247.3933983077297,0.0
3.524021565431243,247.3940111070564,0.0
3.5421974455536653,247.39462390638317,0.0
3.560373325665169,247.39523670570964,0.0
3.5785492057766883,247.3958495050361,0.0
3.5967250858881843,247.3964623043626,0.0
3.6149009660024136,247.3970751036892,0.0
3.6330768461139336,247.39768790301568,0.0
3.6512527262336296,247.39830070234248,0.0
3.669428606345127,247.39891350166891,0.0
3.6876044864621096,247.3995263009957,0.0
3.705780366581807,247.40013910032235,0.0
3.723956246687844,247.40075189964867,0.0
3.742132126804823,247.40136469897536,0.0
3.7603080069190513,247.4019774983019,0.0
3.778483887030556,247.4025902976284,0.0
3.796659767147537,247.40320309695508,0.0
3.814835647261761,247.40381589628169,0.0
3.833011527370535,247.40442869560803,0.0
3.8511874074902495,247.4050414949349,0.0
3.86936328760994,247.40565429426155,0.0
3.88753916771598,247.40626709358787,0.0
3.9057150478329614,247.40687989291456,0.0
3.923890927947189,247.4074926922411,0.0
3.942066808061424,247.4081054915677,0.0
3.960242688175674,247.40871829089423,0.0
3.978418568287169,247.4093310902208,0.0
3.996594448398672,247.40994388954724,0.0
4.014770328521118,247.41055668887412,0.0
4.032946208635345,247.41116948820064,0.0
4.051122088741385,247.411782287527,0.0
4.069297968861099,247.41239508685376,0.0
4.087473848975326,247.41300788618037,0.0
4.105649729086829,247.41362068550683,0.0
4.123825609203811,247.41423348483352,0.0
4.14200148932077,247.41484628416012,0.0
4.16017736942681,247.41545908348644,0.0
4.178353249549256,247.41607188281336,0.0
4.196529129663483,247.41668468213985,0.0
4.214705009769522,247.4172974814662,0.0
4.232880889889236,247.41791028079297,0.0
4.25105677000346,247.41852308011957,0.0
4.269232650114965,247.41913587944603,0.0
4.287408530231951,247.41974867877272,0.0
4.305584410346175,247.42036147809927,0.0
4.32376029045495,247.42097427742567,0.0
4.341936170580126,247.42158707675264,0.0
4.360112050691617,247.42219987607905,0.0
4.37828793079766,247.4228126754054,0.0
4.396463810917376,247.42342547473217,0.0
4.414639691031601,247.42403827405877,0.0
4.4328155711431005,247.42465107338523,0.0
4.450991451257353,247.42526387271184,0.0
4.4691673313743125,247.4258766720385,0.0
4.487343211485816,247.426489471365,0.0
4.505519091610993,247.427102270692,0.0
4.523694971711562,247.42771507001797,0.0
4.541870851823065,247.4283278693446,0.0
4.5600467319537055,247.4289406686717,0.0
4.578222612057005,247.42955346799783,0.0
4.5963984921739724,247.43016626732452,0.0
4.614574372288223,247.4307790666511,0.0
4.632750252399718,247.4313918659776,0.0
4.650926132513953,247.4320046653042,0.0
4.669102012630935,247.43261746463088,0.0
4.68727789274243,247.4332302639573,0.0
4.705453772859397,247.4338430632841,0.0
4.72362965297638,247.43445586261063,0.0
4.741805533085143,247.4350686619371,0.0
4.759981413204842,247.43568146126384,0.0
4.77815729331636,247.4362942605903,0.0
4.796333173427855,247.4369070599168,0.0
4.81450905354209,247.4375198592434,0.0
4.832684933659072,247.43813265857008,0.0
4.850860813770567,247.43874545789652,0.0
4.869036693887537,247.4393582572233,0.0
4.887212574004518,247.4399710565499,0.0
4.905388454113277,247.4405838558763,0.0
4.923564334232979,247.44119665520304,0.0
4.941740214344497,247.4418094545295,0.0
4.959916094455992,247.442422253856,0.0
4.978091974572959,247.44303505318268,0.0
4.996267854684477,247.4436478525092,0.0
5.014443734795973,247.4442606518357,0.0
5.032619614918404,247.44487345116252,0.0
5.050795495032654,247.44548625048907,0.0
5.0689713751414205,247.4460990498155,0.0
5.087147255258385,247.44671184914216,0.0
5.105323135372632,247.44732464846876,0.0
5.123499015484129,247.44793744779523,0.0
5.1416748956010965,247.44855024712191,0.0
5.159850775715347,247.4491630464485,0.0
5.178026655824111,247.44977584577487,0.0
5.196202535949273,247.45038864510184,0.0
5.214378416060791,247.45100144442824,0.0
5.232554296166823,247.4516142437546,0.0
5.250730176283789,247.45222704308128,0.0
5.268906056398039,247.45283984240788,0.0
5.287081936514999,247.45345264173451,0.0
5.305257816631966,247.4540654410612,0.0
5.323433696743484,247.4546782403877,0.0
5.341609576852248,247.45529103971407,0.0
5.35978545697741,247.45590383904104,0.0
5.377961337088928,247.45651663836745,0.0
5.396137217192228,247.4571294376937,0.0
5.41431309731193,247.4577422370205,0.0
5.43248897742891,247.4583550363472,0.0
5.450664857543133,247.45896783567372,0.0
5.468840737657371,247.45958063500032,0.0
5.487016617771621,247.4601934343269,0.0
5.505192497883116,247.4608062336534,0.0
5.523368378005547,247.46141903298025,0.0
5.5415442581143335,247.46203183230656,0.0
5.559720138220365,247.4626446316329,0.0
5.577896018342796,247.4632574309598,0.0
5.596071898457046,247.4638702302864,0.0
5.614247778571273,247.46448302961292,0.0
5.632423658685508,247.46509582893952,0.0
5.650599538799758,247.4657086282661,0.0
5.668775418911253,247.4663214275926,0.0
5.6869512990309525,247.46693422691936,0.0
5.705127179139739,247.4675470262457,0.0
5.723303059251235,247.46815982557223,0.0
5.741478939373665,247.4687726248991,0.0
5.759654819485183,247.4693854242256,0.0
5.777830699602142,247.46999822355224,0.0
5.796006579708182,247.4706110228785,0.0
5.814182459822432,247.4712238222052,0.0
5.832358339944855,247.471836621532,0.0
5.850534220056358,247.47244942085848,0.0
5.868710100167876,247.47306222018497,0.0
5.886885980287567,247.47367501951172,0.0
5.905061860401802,247.47428781883823,0.0
5.923237740510588,247.4749006181647,0.0
5.941413620624815,247.47551341749127,0.0
5.959589500736319,247.47612621681776,0.0
5.977765380856033,247.47673901614456,0.0
5.995941260972992,247.4773518154712,0.0
6.014117141084495,247.47796461479768,0.0
6.032293021196013,247.47857741412415,0.0
6.050468901315704,247.47919021345092,0.0
6.068644781421744,247.4798030127772,0.0
6.0868206615387255,247.480415812104,0.0
6.104996541661149,247.48102861143076,0.0
6.123172421767188,247.48164141075708,0.0
6.14134830188417,247.4822542100837,0.0
6.159524182001132,247.4828670094104,0.0
6.177700062112633,247.4834798087369,0.0
6.195875942221416,247.4840926080633,0.0
6.214051822338377,247.48470540739,0.0
6.232227702449881,247.48531820671644,0.0
6.250403582572327,247.48593100604336,0.0
6.268579462689286,247.48654380536996,0.0
6.286755342795325,247.48715660469628,0.0
6.304931222912307,247.4877694040229,0.0
6.323107103029266,247.4883822033496,0.0
6.341282983140769,247.4889950026761,0.0
6.359458863249556,247.48960780200247,0.0
6.377634743366515,247.4902206013292,0.0
6.395810623483482,247.49083340065584,0.0
6.413986503603196,247.4914461999826,0.0
6.432162383711959,247.4920589993089,0.0
6.450338263820731,247.49267179863537,0.0
6.468514143940444,247.49328459796212,0.0
6.486690024051939,247.49389739728863,0.0
6.504865904166175,247.49451019661524,0.0
6.523041784283157,247.4951229959419,0.0
6.541217664405579,247.4957357952688,0.0
6.559393544511619,247.49634859459496,0.0
6.577569424617674,247.4969613939213,0.0
6.595745304740096,247.4975741932482,0.0
6.613921184854331,247.4981869925748,0.0
6.6320970649658495,247.4987997919013,0.0
6.6502729450773455,247.49941259122772,0.0
6.668448825197044,247.50002539055453,0.0
6.686624705314029,247.5006381898812,0.0
6.704800585436449,247.50125098920805,0.0
6.722976465534289,247.50186378853397,0.0
6.741152345643079,247.5024765878605,0.0
6.7593282257655165,247.5030893871873,0.0
6.777504105879741,247.503702186514,0.0
6.795679986002168,247.50431498584075,0.0
6.813855866108225,247.50492778516707,0.0
6.8320317462251845,247.50554058449376,0.0
6.850207626342152,247.5061533838204,0.0
6.868383506456402,247.50676618314696,0.0
6.886559386565165,247.5073789824733,0.0
6.904735266676669,247.50799178179983,0.0
6.922911146790919,247.50860458112643,0.0
6.941087026910609,247.5092173804533,0.0
6.9592629070303085,247.50983017977995,0.0
6.977438787136363,247.51044297910627,0.0
6.995614667253322,247.51105577843296,0.0
7.013790547370289,247.5116685777596,0.0
7.031966427476344,247.51228137708588,0.0
7.050142307593302,247.51289417641263,0.0
7.068318187713001,247.51350697573932,0.0
7.086494067819056,247.51411977506564,0.0
7.104669947941479,247.51473257439253,0.0
7.122845828058446,247.51534537371916,0.0
7.141021708161769,247.51595817304536,0.0
7.159197588281459,247.51657097237216,0.0
7.177373468395694,247.5171837716987,0.0
7.195549348504481,247.51779657102512,0.0
7.213725228624171,247.51840937035192,0.0
7.231901108741138,247.51902216967852,0.0
7.250076988847193,247.51963496900484,0.0
7.268252868969616,247.52024776833176,0.0
7.286428749086583,247.52086056765836,0.0
7.304604629189902,247.52147336698457,0.0
7.322780509306863,247.52208616631128,0.0
7.340956389423834,247.52269896563797,0.0
7.359132269535349,247.52331176496443,0.0
7.377308149652308,247.52392456429112,0.0
7.395484029769276,247.52453736361772,0.0
7.413659909880794,247.52515016294424,0.0
7.431835789997753,247.5257629622709,0.0
7.450011670103793,247.5263757615972,0.0
7.468187550218043,247.52698856092383,0.0
7.486363430340465,247.52760136025063,0.0
7.504539310451966,247.52821415957715,0.0
7.522715190563486,247.52882695890364,0.0
7.540891070680448,247.52943975823032,0.0
7.559066950805608,247.53005255755724,0.0
7.577242830903462,247.5306653568832,0.0
7.595418711014961,247.5312781562098,0.0
7.613594591134667,247.5318909555365,0.0
7.631770471248911,247.5325037548632,0.0
7.649946351371335,247.53311655418997,0.0
7.668122231480106,247.53372935351635,0.0
7.686298111594356,247.53434215284287,0.0
7.70447399170858,247.5349549521695,0.0
7.722649871820085,247.535567751496,0.0
7.740825751931608,247.53618055082248,0.0
7.759001632051295,247.53679335014928,0.0
7.777177512162796,247.53740614947571,0.0
7.79535339227978,247.5380189488025,0.0
7.813529272399474,247.53863174812915,0.0
7.831705152505511,247.53924454745547,0.0
7.849881032622493,247.53985734678216,0.0
7.86805691273672,247.5404701461087,0.0
7.886232792848223,247.5410829454352,0.0
7.904408672962473,247.5416957447618,0.0
7.922584553079432,247.54230854408848,0.0
7.940760433190936,247.54292134341492,0.0
7.958936313307918,247.5435341427417,0.0
7.977112193427609,247.54414694206835,0.0
7.995288073533648,247.54475974139467,0.0
8.01346395365063,247.54537254072136,0.0
8.031639833764858,247.5459853400479,0.0
8.049815713876361,247.5465981393744,0.0
8.067991593993343,247.54721093870108,0.0
8.08616747410757,247.5478237380277,0.0
8.104343354216342,247.54843653735404,0.0
8.122519234336055,247.54904933668087,0.0
8.140695114453013,247.54966213600747,0.0
8.158870994561786,247.5502749353339,0.0
8.177046874678767,247.55088773466056,0.0
8.195222754792995,247.55150053398717,0.0
8.213398634904499,247.55211333331363,0.0
8.23157451502148,247.55272613264032,0.0
8.249750395138438,247.55333893196692,0.0
8.267926275244479,247.55395173129324,0.0
8.286102155366924,247.55456453062013,0.0
8.30427803548115,247.55517732994664,0.0
8.322453915587191,247.555790129273,0.0
8.340629795706905,247.55640292859977,0.0
8.358805675821133,247.55701572792637,0.0
8.376981555932636,247.55762852725283,0.0
8.395157436049617,247.55824132657952,0.0
8.413333316163845,247.55885412590607,0.0
8.431509196272616,247.55946692523247,0.0
8.449685076397794,247.56007972455944,0.0
8.467860956509288,247.56069252388585,0.0
8.486036836615328,247.5613053232122,0.0
8.504212716735042,247.56191812253897,0.0
8.52238859684927,247.56253092186557,0.0
8.540564476960773,247.56314372119203,0.0
8.558740357075022,247.56375652051864,0.0
8.576916237191982,247.5643693198453,0.0
8.595092117303485,247.5649821191718,0.0
8.613267997428663,247.5655949184988,0.0
8.63144387752923,247.56620771782477,0.0
8.649619757640734,247.5668205171514,0.0
8.667795637768643,247.56743331647837,0.0
8.685971517874675,247.5680461158047,0.0
8.704147397994372,247.56865891513144,0.0
8.722323278105891,247.5692717144579,0.0
8.740499158217387,247.5698845137844,0.0
8.758675038331623,247.570497313111,0.0
8.776850918448604,247.57111011243768,0.0
8.7950267985601,247.5717229117641,0.0
8.813202678674335,247.5723357110908,0.0
8.831378558794048,247.5729485104175,0.0
8.849554438905544,247.573561309744,0.0
8.86773031902251,247.57417410907064,0.0
8.885906199134029,247.5747869083971,0.0
8.904082079245518,247.5753997077236,0.0
8.922257959359758,247.5760125070502,0.0
8.940433839474014,247.5766253063768,0.0
8.958609719588237,247.57723810570337,0.0
8.976785599707934,247.57785090503012,0.0
8.99496147982219,247.57846370435664,0.0
9.013137359930951,247.5790765036831,0.0
9.031313240050642,247.57968930300984,0.0
9.049489120162166,247.5803021023363,0.0
9.067665000273662,247.5809149016628,0.0
9.085840880390627,247.58152770098948,0.0
9.104016760502146,247.582140500316,0.0
9.122192640613648,247.5827532996425,0.0
9.140368520736072,247.58336609896932,0.0
9.158544400850316,247.58397889829587,0.0
9.176720280959088,247.5845916976223,0.0
9.194896161073322,247.58520449694888,0.0
9.213072041187573,247.58581729627548,0.0
9.231247921304533,247.5864300956021,0.0
9.249423801421496,247.5870428949288,0.0
9.26759968153301,247.5876556942553,0.0
9.285775561641778,247.5882684935817,0.0
9.303951441766952,247.58888129290864,0.0
9.322127321878456,247.58949409223504,0.0
9.340303201984485,247.5901068915614,0.0
9.358479082101464,247.59071969088808,0.0
9.376654962215708,247.59133249021468,0.0
9.39483084233266,247.59194528954131,0.0
9.413006722449632,247.592558088868,0.0
9.431182602561158,247.5931708881945,0.0
9.449358482669911,247.59378368752087,0.0
9.467534362795076,247.59439648684784,0.0
9.485710242906608,247.59500928617425,0.0
9.5038861230099,247.5956220855005,0.0
9.522062003129587,247.5962348848273,0.0
9.540237883246585,247.596847684154,0.0
9.558413763360807,247.59746048348052,0.0
9.5765896434723,247.59807328280704,0.0
9.59476552358929,247.59868608213367,0.0
9.612941403703523,247.59929888146027,0.0
9.631117283823212,247.59991168078705,0.0
9.649293163931995,247.60052448011336,0.0
9.667469044038045,247.6011372794397,0.0
9.685644924160467,247.6017500787666,0.0
9.70382080427471,247.6023628780932,0.0
9.721996684388944,247.60297567741972,0.0
9.740172564503178,247.60358847674632,0.0
9.758348444617427,247.6042012760729,0.0
9.776524324728925,247.6048140753994,0.0
9.79470020484862,247.60542687472616,0.0
9.81287608495467,247.6060396740524,0.0
9.831051965068902,247.60665247337909,0.0
9.849227845194076,247.607265272706,0.0
9.867403725302848,247.6078780720324,0.0
9.885579605419805,247.60849087135904,0.0
9.903755485525856,247.6091036706853,0.0
9.9219313656401,247.609716470012,0.0
9.940107245762515,247.6103292693388,0.0
9.958283125876756,247.61094206866537,0.0
9.97645900598555,247.6115548679917,0.0
9.994634886102498,247.6121676673185,0.0
10.012810766219468,247.61278046664503,0.0
10.03098664632827,247.6133932659715,0.0
10.049162526442489,247.61400606529807,0.0
10.067338406553985,247.61461886462456,0.0
10.085514286673709,247.61523166395136,0.0
10.103690166790662,247.615844463278,0.0
10.121866046902158,247.61645726260448,0.0
10.140041927013682,247.61707006193097,0.0
10.15821780713338,247.61768286125772,0.0
10.17639368723941,247.618295660584,0.0
10.194569567356387,247.6189084599108,0.0
10.212745447478827,247.61952125923756,0.0
10.23092132758486,247.62013405856388,0.0
10.249097207701832,247.6207468578905,0.0
10.267273087818795,247.6213596572172,0.0
10.285448967930302,247.6219724565437,0.0
10.303624848039089,247.6225852558701,0.0
10.321800728156049,247.6231980551968,0.0
10.33997660826755,247.62381085452324,0.0
10.35815248838999,247.62442365385016,0.0
10.376328368506952,247.62503645317676,0.0
10.394504248613003,247.62564925250308,0.0
10.412680128729972,247.6262620518297,0.0
10.430856008846929,247.6268748511564,0.0
10.44903188895298,247.62748765048264,0.0
10.467207769067224,247.62810044980927,0.0
10.48538364918964,247.62871324913613,0.0
10.50355952930115,247.62932604846264,0.0
10.52173540942087,247.6299388477894,0.0
10.539911289529622,247.6305516471157,0.0
10.558087169638398,247.63116444644217,0.0
10.576263049758126,247.63177724576892,0.0
10.59443892986961,247.63239004509543,0.0
10.612614809983835,247.63300284442204,0.0
10.63079069010083,247.6336156437487,0.0
10.64896657022325,247.6342284430756,0.0
10.667142450329282,247.63484124240176,0.0
10.685318330435342,247.6354540417281,0.0
10.703494210557771,247.636066841055,0.0
10.721670090669264,247.6366796403815,0.0
10.739845970783511,247.6372924397081,0.0
10.758021850897755,247.6379052390347,0.0
10.776197731014715,247.63851803836133,0.0
10.794373611131675,247.639130837688,0.0
10.812549491254131,247.63974363701485,0.0
10.830725371351978,247.64035643634077,0.0
10.848901251460711,247.6409692356673,0.0
10.867077131583176,247.6415820349941,0.0
10.885253011697426,247.6421948343208,0.0
10.903428891819829,247.64280763364755,0.0
10.92160477192589,247.64342043297387,0.0
10.939780652042865,247.64403323230056,0.0
10.957956532159807,247.6446460316272,0.0
10.976132412274069,247.64525883095376,0.0
10.994308292382843,247.6458716302801,0.0
11.012484172494323,247.64648442960663,0.0
11.030660052608583,247.64709722893323,0.0
11.04883593272829,247.6477100282601,0.0
11.067011812847966,247.64832282758675,0.0
11.085187692954024,247.64893562691307,0.0
11.103363573071,247.64954842623976,0.0
11.121539453187951,247.6501612255664,0.0
11.139715333294005,247.65077402489268,0.0
11.15789121341098,247.65138682421943,0.0
11.176067093530664,247.65199962354612,0.0
11.19424297363672,247.65261242287244,0.0
11.21241885375916,247.65322522219932,0.0
11.230594733876105,247.65383802152596,0.0
11.248770613979431,247.65445082085216,0.0
11.266946494096402,247.65506362017888,0.0
11.28512237421335,247.65567641950557,0.0
11.30329825432489,247.65628921883203,0.0
11.321474134441852,247.65690201815872,0.0
11.33965001455879,247.65751481748532,0.0
11.357825894664863,247.65812761681164,0.0
11.376001774787298,247.65874041613856,0.0
11.394177654904228,247.65935321546516,0.0
11.412353535007568,247.65996601479137,0.0
11.43052941512455,247.66057881411808,0.0
11.448705295241488,247.66119161344477,0.0
11.466881175353016,247.66180441277123,0.0
11.485057055469994,247.66241721209792,0.0
11.503232935586936,247.66303001142452,0.0
11.521408815698454,247.66364281075104,0.0
11.539584695815432,247.6642556100777,0.0
11.55776057592145,247.664868409404,0.0
11.575936456035707,247.66548120873065,0.0
11.594112336158146,247.66609400805743,0.0
11.612288216269633,247.66670680738395,0.0
11.630464096381148,247.66731960671044,0.0
11.64863997649812,247.66793240603712,0.0
11.666815856623272,247.66854520536404,0.0
11.684991736721132,247.66915800469,0.0
11.703167616832642,247.6697708040166,0.0
11.721343496949586,247.6703836033432,0.0
11.739519377066577,247.67099640267,0.0
11.757695257191749,247.6716092019969,0.0
11.775871137297765,247.67222200132315,0.0
11.79404701741202,247.67283480064967,0.0
11.812222897523531,247.6734475999762,0.0
11.830398777637743,247.6740603993028,0.0
11.848574657752009,247.6746731986294,0.0
11.866750537868976,247.67528599795608,0.0
11.88492641798045,247.6758987972825,0.0
11.903102298097451,247.6765115966093,0.0
11.921278178217154,247.67712439593595,0.0
11.939454058323165,247.67773719526227,0.0
11.957629938440158,247.67834999458896,0.0
11.9758058185544,247.6789627939155,0.0
11.99398169866588,247.679575593242,0.0
12.01215757878014,247.6801883925686,0.0
12.030333458897118,247.68080119189528,0.0
12.048509339008596,247.68141399122172,0.0
12.066685219125578,247.6820267905485,0.0
12.08486109924529,247.68263958987515,0.0
12.103036979351304,247.68325238920147,0.0
12.121212859468296,247.68386518852816,0.0
12.139388739582538,247.6844779878547,0.0
12.157564619694025,247.6850907871812,0.0
12.175740499811004,247.68570358650788,0.0
12.193916379925245,247.6863163858345,0.0
12.212092260034003,247.68692918516084,0.0
12.230268140153717,247.68754198448767,0.0
12.248444020270693,247.68815478381427,0.0
12.266619900379448,247.6887675831407,0.0
12.284795780496433,247.68938038246736,0.0
12.30297166061067,247.68999318179397,0.0
12.321147540722151,247.69060598112043,0.0
12.33932342083915,247.69121878044712,0.0
12.357499300956114,247.69183157977372,0.0
12.375675181062132,247.69244437910004,0.0
12.393851061184597,247.69305717842693,0.0
12.412026941298832,247.69366997775344,0.0
12.430202821404848,247.6942827770798,0.0
12.448378701524575,247.69489557640657,0.0
12.466554581638814,247.69550837573317,0.0
12.48473046175028,247.69612117505963,0.0
12.50290634186728,247.69673397438632,0.0
12.52108222198153,247.69734677371287,0.0
12.539258102090272,247.69795957303927,0.0
12.55743398221546,247.69857237236624,0.0
12.575609862326974,247.69918517169265,0.0
12.593785742432988,247.699797971019,0.0
12.611961622552702,247.70041077034577,0.0
12.63013750266695,247.70102356967237,0.0
12.64831338277843,247.70163636899883,0.0
12.666489262892688,247.70224916832544,0.0
12.684665143009662,247.7028619676521,0.0
12.702841023121149,247.7034747669786,0.0
12.721016903246325,247.7040875663056,0.0
12.739192783346905,247.70470036563157,0.0
12.757368663458395,247.7053131649582,0.0
12.775544543586305,247.70592596428517,0.0
12.793720423692353,247.7065387636115,0.0
12.811896303812036,247.70715156293824,0.0
12.830072183923557,247.7077643622647,0.0
12.848248064035062,247.7083771615912,0.0
12.866423944149275,247.7089899609178,0.0
12.884599824266274,247.70960276024448,0.0
12.902775704377774,247.7102155595709,0.0
12.92095158449199,247.7108283588976,0.0
12.939127464611724,247.7114411582243,0.0
12.957303344723226,247.7120539575508,0.0
12.975479224840162,247.71266675687744,0.0
12.9936551049517,247.7132795562039,0.0
13.011830985063206,247.7138923555304,0.0
13.030006865177404,247.714505154857,0.0
13.048182745291673,247.7151179541836,0.0
13.066358625405927,247.71573075351017,0.0
13.084534505525594,247.71634355283692,0.0
13.102710385639844,247.71695635216344,0.0
13.120886265748634,247.7175691514899,0.0
13.139062145868309,247.71818195081664,0.0
13.157238025979826,247.7187947501431,0.0
13.17541390609134,247.7194075494696,0.0
13.193589786208284,247.72002034879628,0.0
13.211765666319812,247.7206331481228,0.0
13.229941546431322,247.7212459474493,0.0
13.248117426553735,247.72185874677612,0.0
13.266293306667984,247.72247154610267,0.0
13.28446918677676,247.7230843454291,0.0
13.302645066890983,247.72369714475568,0.0
13.320820947005233,247.72430994408228,0.0
13.338996827122209,247.7249227434089,0.0
13.35717270723916,247.7255355427356,0.0
13.37534858735068,247.7261483420621,0.0
13.393524467459454,247.7267611413885,0.0
13.411700347584596,247.72737394071544,0.0
13.42987622769613,247.72798674004184,0.0
13.448052107802166,247.7285995393682,0.0
13.466227987919114,247.72921233869488,0.0
13.484403868033386,247.72982513802148,0.0
13.50257974815035,247.7304379373481,0.0
13.520755628267286,247.7310507366748,0.0
13.538931508378823,247.7316635360013,0.0
13.557107388487598,247.73227633532767,0.0
13.575283268612724,247.73288913465464,0.0
13.593459148721529,247.73350193398096,0.0
13.611635028827587,247.7341147333073,0.0
13.629810908949986,247.7347275326342,0.0
13.647986789064236,247.7353403319608,0.0
13.66616266917849,247.73595313128732,0.0
13.68433854929543,247.736565930614,0.0
13.70251442940695,247.73717872994047,0.0
13.720690309515732,247.73779152926687,0.0
13.738866189640872,247.73840432859384,0.0
13.757042069749668,247.73901712792016,0.0
13.775217949855714,247.7396299272465,0.0
13.793393829978122,247.7402427265734,0.0
13.811569710092376,247.7408555259,0.0
13.82974559020662,247.74146832522652,0.0
13.84792147032084,247.74208112455312,0.0
13.866097350432357,247.7426939238796,0.0
13.8842732305466,247.74330672320625,0.0
13.90244911067448,247.74391952253325,0.0
13.92062499077234,247.74453232185917,0.0
13.938800870881114,247.7451451211857,0.0
13.95697675101172,247.7457579205128,0.0
13.975152631120524,247.7463707198392,0.0
13.993328511237486,247.74698351916584,0.0
14.011504391343506,247.7475963184921,0.0
14.029680271457778,247.7482091178188,0.0
14.047856151580206,247.7488219171456,0.0
14.06603203169441,247.74943471647217,0.0
14.084207911803215,247.7500475157985,0.0
14.102383791920186,247.7506603151253,0.0
14.120559672037116,247.75127311445183,0.0
14.138735552143189,247.75188591377815,0.0
14.156911432260175,247.7524987131049,0.0
14.175087312374378,247.75311151243147,0.0
14.19326319249136,247.75372431175816,0.0
14.211439072608346,247.7543371110848,0.0
14.229614952719825,247.75494991041128,0.0
14.247790832831342,247.75556270973777,0.0
14.265966712951052,247.75617550906452,0.0
14.28414259305707,247.7567883083908,0.0
14.30231847317406,247.7574011077176,0.0
14.320494353296498,247.75801390704436,0.0
14.33867023340252,247.75862670637068,0.0
14.3568461135195,247.7592395056973,0.0
14.375021993636471,247.759852305024,0.0
14.393197873747964,247.7604651043505,0.0
14.411373753856752,247.7610779036769,0.0
14.429549633973728,247.7616907030036,0.0
14.447725514085208,247.76230350233004,0.0
14.46590139420766,247.76291630165696,0.0
14.48407727432463,247.76352910098356,0.0
14.50225315443065,247.76414190030988,0.0
14.520429034547648,247.7647546996365,0.0
14.538604914664615,247.7653674989632,0.0
14.556780794770631,247.76598029828943,0.0
14.574956674884897,247.76659309761607,0.0
14.59313255500733,247.76720589694293,0.0
14.611308435118795,247.76781869626944,0.0
14.629484315238534,247.7684314955962,0.0
14.647660195347315,247.7690442949225,0.0
14.66583607545605,247.76965709424897,0.0
14.684011955573046,247.7702698935757,0.0
14.702187835687294,247.77088269290223,0.0
14.720363715804234,247.7714954922289,0.0
14.738539595918486,247.7721082915555,0.0
14.756715476040934,247.7727210908824,0.0
14.774891356146949,247.77333389020856,0.0
14.793067236253002,247.7739466895349,0.0
14.811243116375444,247.7745594888618,0.0
14.82941899648693,247.7751722881883,0.0
14.847594876601184,247.7757850875149,0.0
14.865770756720885,247.77639788684164,0.0
14.883946636832375,247.7770106861681,0.0
14.902122516943892,247.77762348549464,0.0
14.92029839707179,247.77823628482165,0.0
14.938474277175088,247.7788490841477,0.0
14.956650157275682,247.779461883474,0.0
14.974826037395388,247.78007468280077,0.0
14.993001917517796,247.7806874821277,0.0
15.011177797637515,247.78130028145435,0.0
15.029353677743558,247.78191308078067,0.0
15.047529557860504,247.78252588010736,0.0
15.065705437977504,247.783138679434,0.0
15.083881318094466,247.78375147876065,0.0
15.102057198200486,247.7843642780869,0.0
15.120233078309289,247.78497707741337,0.0
15.138408958426256,247.78558987674003,0.0
15.156584838545928,247.7862026760669,0.0
15.174760718665652,247.78681547539355,0.0
15.192936598771706,247.78742827471987,0.0
15.21111247888864,247.78804107404656,0.0
15.229288359005633,247.7886538733732,0.0
15.24746423911715,247.78926667269968,0.0
15.265640119228625,247.78987947202617,0.0
15.283815999342885,247.7904922713528,0.0
15.3019918794544,247.79110507067924,0.0
15.320167759576805,247.79171787000612,0.0
15.338343639693786,247.79233066933276,0.0
15.356519519797104,247.79294346865896,0.0
15.37469539991405,247.79355626798568,0.0
15.39287128003104,247.79416906731237,0.0
15.41104716014255,247.79478186663883,0.0
15.4292230402595,247.79539466596552,0.0
15.44739892037648,247.79600746529212,0.0
15.465574800482525,247.79662026461844,0.0
15.483750680604944,247.79723306394536,0.0
15.501926560721929,247.79784586327196,0.0
15.520102440825244,247.79845866259816,0.0
15.538278320942188,247.79907146192488,0.0
15.556454201059177,247.79968426125157,0.0
15.574630081170682,247.80029706057803,0.0
15.59280596128763,247.80090985990472,0.0
15.610981841404628,247.80152265923132,0.0
15.629157721516126,247.80213545855784,0.0
15.647333601633074,247.8027482578845,0.0
15.665509481741882,247.80336105721088,0.0
15.683685361853382,247.8039738565374,0.0
15.701861241973043,247.80458665586417,0.0
15.720037122087312,247.80519945519077,0.0
15.73821300219883,247.80581225451724,0.0
15.756388882315765,247.80642505384392,0.0
15.774564762440953,247.80703785317084,0.0
15.792740642538815,247.8076506524968,0.0
15.81091652265575,247.8082634518236,0.0
15.82909240276727,247.80887625114997,0.0
15.847268282878792,247.8094890504766,0.0
15.865444163009393,247.8101018498037,0.0
15.883620043115446,247.81071464912995,0.0
15.901795923229692,247.81132744845647,0.0
15.919971803341172,247.811940247783,0.0
15.938147683455432,247.8125530471096,0.0
15.956323563569674,247.8131658464362,0.0
15.974499443686618,247.81377864576288,0.0
15.992675323798144,247.8143914450893,0.0
16.01085120391512,247.8150042444161,0.0
16.029027084034794,247.81561704374275,0.0
16.04720296414086,247.81622984306907,0.0
16.065378844257832,247.81684264239576,0.0
16.083554724372043,247.8174554417223,0.0
16.10173060448357,247.8180682410488,0.0
16.119906484597813,247.8186810403754,0.0
16.138082364714755,247.81929383970208,0.0
16.156258244826283,247.81990663902852,0.0
16.174434124943257,247.8205194383553,0.0
16.1926100050602,247.8211322376819,0.0
16.210785885168995,247.8217450370083,0.0
16.228961765288698,247.82235783633504,0.0
16.24713764540018,247.8229706356615,0.0
16.265313525511708,247.823583434988,0.0
16.283489405628682,247.82419623431468,0.0
16.301665285742892,247.8248090336413,0.0
16.319841165851688,247.82542183296763,0.0
16.338017045971394,247.8260346322945,0.0
16.356192926088337,247.82664743162107,0.0
16.374368806197133,247.8272602309475,0.0
16.392544686314107,247.82787303027416,0.0
16.410720566428317,247.82848582960077,0.0
16.428896446539845,247.82909862892723,0.0
16.44707232665682,247.82971142825392,0.0
16.46524820677103,247.8303242275805,0.0
16.483424086879825,247.83093702690687,0.0
16.501599967004992,247.83154982623384,0.0
16.519775847116474,247.83216262556024,0.0
16.537951727222538,247.8327754248866,0.0
16.556127607342244,247.83338822421337,0.0
16.574303487456454,247.83400102353997,0.0
16.592479367567982,247.83461382286643,0.0
16.610655247684956,247.83522662219312,0.0
16.628831127799167,247.8358394215197,0.0
16.647007007907963,247.83645222084607,0.0
16.66518288803313,247.83706502017304,0.0
16.68335876814461,247.83767781949945,0.0
16.701534648250675,247.8382906188258,0.0
16.71971052837038,247.83890341815257,0.0
16.73788640848186,247.83951621747903,0.0
16.75606228859612,247.8401290168057,0.0
16.774238168713094,247.84074181613232,0.0
16.792414048827304,247.8413546154589,0.0
16.810589928938832,247.8419674147854,0.0
16.828765809064,247.8425802141124,0.0
16.846941689170016,247.8431930134385,0.0
16.86511756927608,247.8438058127649,0.0
16.88329344939852,247.84441861209177,0.0
16.901469329509997,247.8450314114183,0.0
16.919645209629717,247.84564421074504,0.0
16.93782108974123,247.8462570100715,0.0
16.95599696985271,247.846869809398,0.0
16.97417284996697,247.8474826087246,0.0
16.992348730086672,247.84809540805136,0.0
17.01052461019542,247.8487082073777,0.0
17.02870049030695,247.84932100670423,0.0
17.046876370429384,247.8499338060311,0.0
17.065052250540866,247.8505466053576,0.0
17.083228130657854,247.85115940468424,0.0
17.101404010769368,247.8517722040107,0.0
17.119579890880846,247.8523850033372,0.0
17.137755770995106,247.8529978026638,0.0
17.15593165110935,247.8536106019904,0.0
17.17410753122356,247.85422340131697,0.0
17.19228341134328,247.85483620064372,0.0
17.21045929145752,247.85544899997024,0.0
17.22863517156627,247.8560617992967,0.0
17.24681105168599,247.85667459862344,0.0
17.264986931797505,247.8572873979499,0.0
17.28316281190625,247.8579001972763,0.0
17.301338692025976,247.8585129966031,0.0
17.319514572140218,247.85912579592969,0.0
17.337690452248964,247.8597385952561,0.0
17.355866332371416,247.86035139458292,0.0
17.37404221248566,247.86096419390947,0.0
17.39221809259441,247.8615769932359,0.0
17.41039397271413,247.86218979256265,0.0
17.42856985282291,247.86280259188905,0.0
17.44674573293439,247.86341539121557,0.0
17.46492161305684,247.8640281905424,0.0
17.483097493168355,247.8646409898689,0.0
17.5012733732771,247.8652537891953,0.0
17.519449253402286,247.86586658852224,0.0
17.537625133513796,247.86647938784864,0.0
17.555801013619813,247.867092187175,0.0
17.573976893736805,247.86770498650168,0.0
17.592152773851048,247.86831778582828,0.0
17.61032865396799,247.8689305851549,0.0
17.62850453408498,247.8695433844816,0.0
17.646680414196492,247.8701561838081,0.0
17.66485629430524,247.87076898313447,0.0
17.683032174430423,247.87138178246144,0.0
17.701208054539205,247.87199458178776,0.0
17.719383934650683,247.87260738111436,0.0
17.737559814767675,247.8732201804409,0.0
17.755735694876453,247.87383297976737,0.0
17.773911574996127,247.87444577909412,0.0
17.792087455113116,247.8750585784208,0.0
17.81026333522463,247.87567137774727,0.0
17.828439215333376,247.87628417707367,0.0
17.84661509545856,247.87689697640064,0.0
17.86479097556734,247.87750977572696,0.0
17.882966855673356,247.8781225750533,0.0
17.901142735795812,247.8787353743802,0.0
17.919318615910054,247.8793481737068,0.0
17.937494496024264,247.87996097303332,0.0
17.955670376138524,247.88057377235992,0.0
17.973846256250035,247.8811865716864,0.0
17.992022136364255,247.88179937101305,0.0
18.010198016492165,247.88241217034005,0.0
18.02837389659,247.88302496966597,0.0
18.04654977669876,247.8836377689925,0.0
18.06472565682941,247.8842505683196,0.0
18.0829015369382,247.884863367646,0.0
18.101077417055137,247.88547616697264,0.0
18.119253297161208,247.8860889662989,0.0
18.137429177275447,247.8867017656256,0.0
18.15560505739782,247.8873145649524,0.0
18.173780937512102,247.88792736427897,0.0
18.191956817620884,247.8885401636053,0.0
18.210132697737805,247.8891529629321,0.0
18.228308577854808,247.88976576225863,0.0
18.24648445796089,247.89037856158495,0.0
18.264660338077807,247.8909913609117,0.0
18.282836218192067,247.89160416023827,0.0
18.30101209830904,247.89221695956496,0.0
18.319187978425983,247.8928297588916,0.0
18.337363858537497,247.89344255821808,0.0
18.35553973864903,247.89405535754457,0.0
18.37371561876873,247.89466815687132,0.0
18.391891498874752,247.8952809561976,0.0
18.41006737899171,247.8958937555244,0.0
18.42824325911414,247.89650655485116,0.0
18.446419139220204,247.89711935417748,0.0
18.464595019337175,247.8977321535041,0.0
18.48277089945412,247.8983449528308,0.0
18.50094677956565,247.8989577521573,0.0
18.51912265967441,247.8995705514837,0.0
18.537298539791365,247.9001833508104,0.0
18.555474419902897,247.90079615013684,0.0
18.573650300025328,247.90140894946376,0.0
18.59182618014228,247.90202174879036,0.0
18.610002060248338,247.90263454811668,0.0
18.62817794036533,247.9032473474433,0.0
18.646353820482258,247.90386014677,0.0
18.66452970058833,247.90447294609623,0.0
18.682705580702567,247.90508574542287,0.0
18.70088146082496,247.90569854474973,0.0
18.719057340936494,247.90631134407624,0.0
18.7372332210562,247.906924143403,0.0
18.75540910116495,247.9075369427293,0.0
18.773584981273743,247.90814974205577,0.0
18.79176086139072,247.9087625413825,0.0
18.80993674150492,247.90937534070903,0.0
18.828112621621905,247.9099881400357,0.0
18.84628850173617,247.9106009393623,0.0
18.864464381858586,247.9112137386892,0.0
18.882640261964635,247.91182653801536,0.0
18.90081614207068,247.9124393373417,0.0
18.9189920221931,247.9130521366686,0.0
18.93716790230462,247.9136649359951,0.0
18.95534378241887,247.9142777353217,0.0
18.97351966253854,247.91489053464844,0.0
18.991695542650035,247.9155033339749,0.0
19.00987142276156,247.9161161333014,0.0
19.028047302886705,247.9167289326284,0.0
19.046223182992783,247.91734173195456,0.0
19.064399063096086,247.91795453128088,0.0
19.082574943213015,247.91856733060757,0.0
19.10075082333548,247.9191801299345,0.0
19.1189267034552,247.91979292926115,0.0
19.137102583561205,247.92040572858747,0.0
19.1552784636782,247.92101852791416,0.0
19.173454343795168,247.9216313272408,0.0
19.191630223912117,247.92224412656745,0.0
19.209806104018178,247.9228569258937,0.0
19.227981984126966,247.92346972522017,0.0
19.2461578642439,247.92408252454683,0.0
19.264333744363636,247.9246953238737,0.0
19.28250962448333,247.92530812320035,0.0
19.30068550458932,247.92592092252667,0.0
19.31886138470633,247.92653372185336,0.0
19.337037264820577,247.9271465211799,0.0
19.355213144934787,247.9277593205065,0.0
19.373389025049025,247.92837211983303,0.0
19.39156490516055,247.9289849191596,0.0
19.40974078527206,247.92959771848604,0.0
19.427916665394488,247.93021051781292,0.0
19.44609254551148,247.93082331713956,0.0
19.46426842561475,247.93143611646576,0.0
19.482444305731725,247.93204891579248,0.0
19.500620185848724,247.93266171511917,0.0
19.51879606596022,247.93327451444563,0.0
19.536971946077177,247.93388731377232,0.0
19.555147826194133,247.93450011309892,0.0
19.57332370630017,247.93511291242524,0.0
19.591499586422625,247.93572571175216,0.0
19.609675466536867,247.93633851107865,0.0
19.627851346642863,247.936951310405,0.0
19.6460272267626,247.93756410973177,0.0
19.66420310687686,247.93817690905837,0.0
19.68237898698833,247.93878970838483,0.0
19.70055486710533,247.93940250771152,0.0
19.71873074722229,247.94001530703812,0.0
19.736906627333774,247.94062810636464,0.0
19.75508250745076,247.9412409056913,0.0
19.773258387559544,247.94185370501768,0.0
19.791434267671026,247.9424665043442,0.0
19.80961014779076,247.94307930367097,0.0
19.827786027904992,247.94369210299757,0.0
19.845961908016456,247.94430490232403,0.0
19.86413778813346,247.94491770165072,0.0
19.8823136682477,247.94553050097727,0.0
19.900489548356447,247.94614330030367,0.0
19.918665428484378,247.9467560996308,0.0
19.936841308584956,247.94736889895677,0.0
19.95501718869641,247.9479816982834,0.0
19.97319306882706,247.9485944976105,0.0
19.991368948933133,247.94920729693675,0.0
20.009544829047343,247.94982009626327,0.0
20.027720709158864,247.9504328955898,0.0
20.04589658927309,247.9510456949164,0.0
20.064072469387323,247.951658494243,0.0
20.08224834950432,247.95227129356968,0.0
20.100424229615804,247.9528840928961,0.0
20.11860010973276,247.9534968922229,0.0
20.13677598985248,247.95410969154955,0.0
20.15495186995853,247.95472249087587,0.0
20.173127750075484,247.95533529020256,0.0
20.191303630189736,247.9559480895291,0.0
20.20947951030123,247.9565608888556,0.0
20.227655390415443,247.9571736881822,0.0
20.24583127053244,247.95778648750888,0.0
20.26400715064397,247.95839928683532,0.0
20.282183030760898,247.9590120861621,0.0
20.30035891087789,247.9596248854887,0.0
20.318534790986668,247.9602376848151,0.0
20.336710671106346,247.96085048414184,0.0
20.35488655121787,247.9614632834683,0.0
20.37306243132939,247.9620760827948,0.0
20.39123831144633,247.96268888212148,0.0
20.409414191560597,247.9633016814481,0.0
20.427590071669368,247.96391448077443,0.0
20.445765951789014,247.9645272801013,0.0
20.463941831906013,247.96514007942787,0.0
20.4821177120148,247.9657528787543,0.0
20.50029359213176,247.96636567808096,0.0
20.518469472246007,247.96697847740757,0.0
20.53664535235752,247.96759127673403,0.0
20.55482123247446,247.96820407606072,0.0
20.57299711258872,247.9688168753873,0.0
20.59117299269751,247.96942967471367,0.0
20.60934887282264,247.97004247404064,0.0
20.62752475293415,247.97065527336704,0.0
20.64570063304021,247.9712680726934,0.0
20.66387651315991,247.97188087202017,0.0
20.68205239327416,247.97249367134677,0.0
20.700228273385637,247.97310647067323,0.0
20.718404153502576,247.97371926999992,0.0
20.736580033616853,247.9743320693265,0.0
20.75475591372565,247.97494486865287,0.0
20.772931793850773,247.97555766797984,0.0
20.791107673962298,247.97617046730625,0.0
20.809283554068347,247.9767832666326,0.0
20.82745943418802,247.97739606595937,0.0
20.84563531429955,247.97800886528583,0.0
20.863811194413792,247.9786216646125,0.0
20.88198707453073,247.97923446393912,0.0
20.900162954644998,247.9798472632657,0.0
20.918338834756504,247.9804600625922,0.0
20.93651471487892,247.98107286191905,0.0
20.95469059498772,247.98168566124536,0.0
20.972866475093767,247.9822984605717,0.0
20.991042355216155,247.9829112598986,0.0
21.009218235330398,247.9835240592252,0.0
21.02739411544739,247.98413685855184,0.0
21.04556999555887,247.9847496578783,0.0
21.0637458756704,247.9853624572048,0.0
21.08192175578464,247.9859752565314,0.0
21.10009763590432,247.98658805585816,0.0
21.118273516013097,247.9872008551845,0.0
21.13644939612462,247.98781365451103,0.0
21.15462527624704,247.9884264538379,0.0
21.17280115635856,247.9890392531644,0.0
21.19097703647552,247.98965205249104,0.0
21.209152916587016,247.9902648518175,0.0
21.22732879669855,247.990877651144,0.0
21.245504676812764,247.9914904504706,0.0
21.26368055692699,247.9921032497972,0.0
21.28185643704125,247.99271604912377,0.0
21.30003231716095,247.99332884845052,0.0
21.318208197275165,247.99394164777704,0.0
21.33638407738396,247.9945544471035,0.0
21.354559957503664,247.99516724643024,0.0
21.37273583761513,247.9957800457567,0.0
21.390911717723935,247.9963928450831,0.0
21.409087597843648,247.9970056444099,0.0
21.42726347795785,247.99761844373649,0.0
21.445439358066665,247.9982312430629,0.0
21.46361523818909,247.99884404238972,0.0
21.481791118303303,247.99945684171627,0.0
21.499966998412084,248.0000696410427,0.0
21.51814287853181,248.00068244036945,0.0
21.536318758640565,248.00129523969585,0.0
21.55449463875209,248.00190803902237,0.0
21.57267051887452,248.0025208383492,0.0
21.59084639898597,248.0031336376757,0.0
21.60902227909479,248.0037464370021,0.0
21.627198159217222,248.00435923632892,0.0
21.64537403933144,248.00497203565547,0.0
21.66354991944024,248.0055848349819,0.0
21.681725799554464,248.00619763430848,0.0
21.699901679668685,248.00681043363508,0.0
21.71807755978569,248.0074232329617,0.0
21.73625343990265,248.0080360322884,0.0
21.754429320014133,248.0086488316149,0.0
21.77260520012293,248.00926163094127,0.0
21.79078108024809,248.00987443026824,0.0
21.80895696035687,248.01048722959456,0.0
21.82713284046839,248.01110002892116,0.0
21.84530872058533,248.0117128282477,0.0
21.863484600694072,248.01232562757417,0.0
21.881660480813814,248.01293842690092,0.0
21.8998363609308,248.0135512262276,0.0
21.91801224104227,248.01416402555407,0.0
21.936188121151066,248.01477682488047,0.0
21.954364001276232,248.01538962420744,0.0
21.972539881384986,248.01600242353376,0.0
21.99071576149105,248.0166152228601,0.0
22.008891641613484,248.017228022187,0.0
22.02706752172769,248.0178408215136,0.0
22.045243401841965,248.01845362084012,0.0
22.0634192819562,248.01906642016672,0.0
22.081595162067675,248.0196792194932,0.0
22.09977104218195,248.02029201881984,0.0
22.11794692230985,248.02090481814685,0.0
22.13612280240765,248.02151761747277,0.0
22.154298682516423,248.0221304167993,0.0
22.17247456264708,248.0227432161264,0.0
22.19065044275583,248.0233560154528,0.0
22.20882632286736,248.02396881477927,0.0
22.227002202978845,248.02458161410576,0.0
22.245178083098537,248.02519441343256,0.0
22.263353963215533,248.0258072127592,0.0
22.281529843329768,248.02642001208577,0.0
22.29970572343856,248.0270328114121,0.0
22.317881603552788,248.0276456107388,0.0
22.33605748367248,248.0282584100655,0.0
22.354233363781248,248.0288712093919,0.0
22.3724092438955,248.0294840087185,0.0
22.390585124009725,248.03009680804507,0.0
22.40876100412667,248.03070960737176,0.0
22.539599445067363,248.0333059646884,0.0
23.043697357243936,248.0334775859956,0.0
23.543697357243936,248.03364543267529,0.0
24.043697357243936,248.03381327935497,0.0
24.543643949148898,248.0339811076984,0.0
25.043642041800076,248.03416421316717,0.0
25.54369544989521,248.03433207818316,0.0
26.04369544989541,248.0344999248628,0.0
26.54369544989531,248.03466777154247,0.0
27.043642044143034,248.03483559988675,0.0
27.543642044143237,248.0350187053555,0.0
28.04369544989531,248.0351865703705,0.0
28.54369544989511,248.03535441705029,0.0
29.04369544989531,248.03552226373,0.0
29.54369544989531,248.0356901104097,0.0
30.043642044143134,248.03585793875396,0.0
30.543642044143034,248.03604104422263,0.0
31.04369544989521,248.03620890923776,0.0
31.54369544765431,248.0363767559167,0.0
32.04369354030557,248.0365446025964,0.0
32.54369354254657,248.03671244927688,0.0
33.043640136794494,248.03688027762115,0.0
33.543640136794494,248.03706338308987,0.0
34.04369354254667,248.03723124810497,0.0
34.54369354254667,248.03739909478463,0.0
35.04369354254657,248.03756694146435,0.0
35.543640136794394,248.03773476980865,0.0
36.043640136794494,248.03791787527737,0.0
36.54369354254667,248.03808574029247,0.0
37.04369354254697,248.03825358697216,0.0
37.54369354254677,248.03842143365176,0.0
38.04369354254637,248.0385892803315,0.0
38.543640136794295,248.0387571086758,0.0
39.0436401367944,248.03894021414456,0.0
39.54369354254667,248.0391080791597,0.0
40.04369354254667,248.03927592583932,0.0
40.54369354254667,248.03944377251904,0.0
41.0436401367944,248.0396116008633,0.0
41.5436401367944,248.0397947063321,0.0
42.04369354254657,248.0399625713472,0.0
42.54369354254657,248.04013041802688,0.0
43.04369354254697,248.04029826470656,0.0
43.54369354254677,248.04046611138617,0.0
44.0436401367942,248.0406339397305,0.0
44.5436401367944,248.04081704519925,0.0
45.04369354254657,248.04098491021435,0.0
45.54369354254667,248.0411527568941,0.0
46.04369354254687,248.04132060357367,0.0
46.54369354254657,248.04148845025335,0.0
47.04364013679459,248.0416562785977,0.0
47.54364013679459,248.04183938406635,0.0
48.04369354254637,248.0420072490815,0.0
48.54369354254657,248.0421750957612,0.0
49.04369354254687,248.0423429424409,0.0
49.5436401367944,248.04251077078516,0.0
50.0436401367942,248.04269387625396,0.0
50.54369354254667,248.04286174126904,0.0
51.04369354254647,248.04302958794872,0.0
51.54369354254677,248.04319743462847,0.0
52.04369354254687,248.04336528130807,0.0
52.5436401367942,248.0435331096524,0.0
53.04364013679459,248.04371621512115,0.0
53.54369354254677,248.04388408013617,0.0
54.04369354254647,248.0440519268159,0.0
54.54369354254667,248.0442197734956,0.0
55.043640136794295,248.04438760183987,0.0
55.5436401367944,248.04457070730865,0.0
56.04369354254687,248.04473857232367,0.0
56.54369354254657,248.04490641900335,0.0
57.04369354254657,248.04507426568316,0.0
57.54369354254677,248.0452421123628,0.0
58.0436401367944,248.04540994070703,0.0
58.5436401367944,248.0455930461758,0.0
59.04369354254687,248.0457609111909,0.0
59.54369354254667,248.0459287578705,0.0
60.04369354254647,248.04609660455029,0.0
60.54369354254667,248.04626445123,0.0
61.0436401367942,248.04643227957425,0.0
61.543640136794494,248.04661538504303,0.0
62.04369354254687,248.04678325005807,0.0
62.54369354254657,248.04695109673776,0.0
63.04369354254667,248.04711894341747,0.0
63.5436401367944,248.04728677176172,0.0
64.0436401367944,248.0474698772305,0.0
64.54369354254666,248.0476377422456,0.0
65.04369354254666,248.04780558892529,0.0
65.54369354254666,248.04797343560497,0.0
66.04369354254666,248.04814128228463,0.0
66.5436401367943,248.0483091106289,0.0
67.0436401367944,248.0484922160977,0.0
67.54369354254676,248.0486600811128,0.0
68.04369354254666,248.04882792779247,0.0
68.54369354254696,248.04899577447216,0.0
69.0436401367946,248.04916360281635,0.0
69.5436401367941,248.04934670828516,0.0
70.04369354254646,248.04951457330029,0.0
70.54369354254666,248.04968241998,0.0
71.04369354254666,248.0498502666597,0.0
71.54369354254666,248.05001811333932,0.0
72.0436401367944,248.0501859416836,0.0
72.5436401367944,248.0503690471524,0.0
73.04369354254666,248.05053691216747,0.0
73.54369354254656,248.0507047588472,0.0
74.04369354254656,248.05087260552688,0.0
74.5436401367945,248.05104043387115,0.0
75.0436401367945,248.05122353933987,0.0
75.54369354254666,248.05139140435497,0.0
76.04369354254666,248.05155925103463,0.0
76.54369354254656,248.05172709771435,0.0
77.0436401367944,248.05189492605865,0.0
77.5436401367945,248.05207803152737,0.0
78.04369354254666,248.05224589654247,0.0
78.54369354254696,248.05241374322216,0.0
79.04369354254676,248.05258158990176,0.0
79.54369354254636,248.0527494365815,0.0
80.0436401367943,248.0529172649258,0.0
80.5436401367944,248.05310037039456,0.0
81.04369354254666,248.0532682354097,0.0
81.54369354254666,248.05343608208932,0.0
82.04369354254666,248.05360392876904,0.0
82.5436401367944,248.0537717571133,0.0
83.0436401367944,248.0539548625821,0.0
83.54369354254656,248.0541227275972,0.0
84.04369354254656,248.05429057427688,0.0
84.54369354254696,248.05445842095656,0.0
85.04369354254676,248.05462626763617,0.0
85.5436401367942,248.0547940959805,0.0
86.0436401367944,248.05497720144925,0.0
86.54369354254656,248.05514506646435,0.0
87.04369354254666,248.0553129131441,0.0
87.54369354254686,248.05548075982367,0.0
88.04369354254656,248.05564860650335,0.0
88.5436401367946,248.0558164348477,0.0
89.0436401367946,248.05599954031635,0.0
89.54369354254636,248.0561674053315,0.0
90.04369354254656,248.0563352520112,0.0
90.54369354254686,248.0565030986909,0.0
91.0436401367944,248.05667092703516,0.0
91.5436401367942,248.05685403250396,0.0
92.04369354254666,248.05702189751904,0.0
92.54369354254646,248.05718974419872,0.0
93.04369354254676,248.05735759087847,0.0
93.54369354254686,248.05752543755807,0.0
94.0436401367942,248.0576932659024,0.0
94.5436401367946,248.05787637137115,0.0
95.04369354254676,248.05804423638617,0.0
95.54369354254646,248.0582120830659,0.0
96.04369354254666,248.0583799297456,0.0
96.5436401367943,248.05854775808987,0.0
97.0436401367944,248.05873086355865,0.0
97.54369354254686,248.05889872857367,0.0
98.04369354254656,248.05906657525335,0.0
98.54369354254656,248.05923442193316,0.0
99.04369354254676,248.0594022686128,0.0
99.5436401367944,248.05957009695703,0.0
100.0436401367944,248.0597532024258,0.0
100.54369354254686,248.0599210674409,0.0
101.04369354254666,248.0600889141205,0.0
101.54369354254646,248.06025676080029,0.0
102.04369354254666,248.06042460748,0.0
102.5436401367942,248.06059243582425,0.0
103.0436401367945,248.06077554129303,0.0
103.54369354254686,248.06094340630807,0.0
104.04369354254656,248.06111125298776,0.0
104.54369354254666,248.06127909966747,0.0
105.0436401367944,248.06144692801172,0.0
105.5436401367944,248.0616300334805,0.0
106.04369354254666,248.0617978984956,0.0
106.54369354254666,248.06196574517529,0.0
107.04369354254666,248.06213359185497,0.0
107.54369354254666,248.06230143853463,0.0
108.0436401367943,248.0624692668789,0.0
108.5436401367944,248.0626523723477,0.0
109.04369354254676,248.0628202373628,0.0
109.54369354254666,248.06298808404247,0.0
110.04369354254696,248.06315593072216,0.0
110.5436401367946,248.06332375906635,0.0
111.0436401367941,248.06350686453516,0.0
111.54369354254646,248.06367472955029,0.0
112.04369354254666,248.06384257623,0.0
112.54369354254666,248.0640104229097,0.0
113.04369354254666,248.06417826958932,0.0
113.5436401367944,248.0643460979336,0.0
114.0436401367944,248.0645292034024,0.0
114.54369354254666,248.06469706841747,0.0
115.04369354254656,248.0648649150972,0.0
115.54369354254656,248.06503276177688,0.0
116.04369354254696,248.06520060845656,0.0
116.5436401367945,248.06536843680075,0.0
117.0436401367942,248.0655515422696,0.0
117.54369354254666,248.06571940728463,0.0
118.04369354254656,248.06588725396435,0.0
118.54369354254666,248.0660551006441,0.0
119.0436401367945,248.0662229289883,0.0
119.5436401367944,248.06640603445703,0.0
120.04369354254696,248.06657389947216,0.0
120.54369354254676,248.06674174615176,0.0
121.04369354254636,248.0669095928315,0.0
121.54369354254656,248.0670774395112,0.0
122.0436401367944,248.0672452678555,0.0
122.54364012742288,248.06742837332092,0.0
123.04368590418812,248.06759623833636,0.0
123.54368591315216,248.06776408501904,0.0
124.04368591315196,248.06793193169872,0.0
124.54363250739988,248.06809976004303,0.0
125.04363250739998,248.06828286551172,0.0
125.54368591315205,248.06845073052688,0.0
126.04368591315244,248.06861857720656,0.0
126.54368591315225,248.06878642388617,0.0
127.04368591315196,248.0689542705659,0.0
127.54363252614246,248.06912209891675,0.0
128.04364776618883,248.0693052043789,0.0
128.54368589522392,248.06947306938804,0.0
129.04368591315233,248.06964091607367,0.0
129.54368591315205,248.06980876275335,0.0
130.04368591315205,248.06997660943316,0.0
130.54368591315225,248.0701444561128,0.0
131.04363250739988,248.07031228445703,0.0
131.54363250739988,248.0704953899258,0.0
132.04368591315233,248.0706632549409,0.0
132.54368591315213,248.0708311016205,0.0
133.04368591315193,248.07099894830029,0.0
133.54363250739988,248.07116677664456,0.0
134.04363250739968,248.0713498821133,0.0
134.54368591315225,248.07151774712847,0.0
135.04368591315233,248.07168559380807,0.0
135.54368591315205,248.07185344048776,0.0
136.04368591315213,248.07202128716747,0.0
136.54363250739988,248.07218911551172,0.0
137.04363250739988,248.0723722209805,0.0
137.54368591315213,248.0725400859956,0.0
138.04368591315213,248.07270793267529,0.0
138.54368591315213,248.07287577935497,0.0
139.04363250739996,248.07304360769925,0.0
139.54363250739976,248.073226713168,0.0
140.04368591315205,248.07339457818316,0.0
140.54368591315225,248.0735624248628,0.0
141.04368591315213,248.07373027154247,0.0
141.54368591315244,248.07389811822216,0.0
142.04363250740008,248.07406594656635,0.0
142.54363250739956,248.07424905203516,0.0
143.04368591315193,248.07441691705029,0.0
143.54368591315213,248.07458476373,0.0
144.04368591315213,248.0747526104097,0.0
144.54368591315213,248.07492045708932,0.0
145.04363250739988,248.0750882854336,0.0
145.54363250739988,248.0752713909024,0.0
146.04368591315213,248.07543925591747,0.0
146.54368591315205,248.0756071025972,0.0
147.04368591315205,248.07577494927688,0.0
147.54363250739996,248.07594277762115,0.0
148.04363250739996,248.07612588308987,0.0
148.54368591315213,248.07629374810497,0.0
149.04368591315213,248.07646159478463,0.0
149.54368591315205,248.07662944146435,0.0
150.04368591315213,248.0767972881441,0.0
150.54363250739996,248.0769651164883,0.0
151.04363250739988,248.07714822195703,0.0
151.54368591315244,248.07731608697216,0.0
152.04368591315225,248.07748393365176,0.0
152.54368591315185,248.0776517803315,0.0
153.04363250739976,248.0778196086758,0.0
153.54363250739988,248.07800271414456,0.0
154.04368591315213,248.0781705791597,0.0
154.54368591315213,248.07833842583932,0.0
155.04368591315213,248.07850627251904,0.0
155.54368591315193,248.07867411919872,0.0
156.04363250739988,248.07884194754303,0.0
156.54363250739996,248.07902505301172,0.0
157.04368591315205,248.07919291802688,0.0
157.54368591315244,248.07936076470656,0.0
158.04368591315225,248.07952861138617,0.0
158.54368591315193,248.0796964580659,0.0
159.04363250739988,248.07986428641016,0.0
159.54363250739976,248.0800473918789,0.0
160.04368591315213,248.0802152568941,0.0
160.54368591315233,248.08038310357367,0.0
161.04368591315205,248.08055095025335,0.0
161.54363250740008,248.0807187785977,0.0
162.04363250740008,248.08090188406635,0.0
162.54368591315185,248.0810697490815,0.0
163.04368591315205,248.0812375957612,0.0
163.54368591315233,248.0814054424409,0.0
164.04368591315213,248.0815732891205,0.0
164.54363250739968,248.08174111746487,0.0
165.04363250739988,248.0819242229336,0.0
165.54368591315193,248.08209208794872,0.0
166.04368591315225,248.08225993462847,0.0
166.54368591315233,248.08242778130807,0.0
167.04363250739968,248.0825956096524,0.0
167.54363250740008,248.08277871512115,0.0
168.04368591315225,248.08294658013617,0.0
168.54368591315193,248.0831144268159,0.0
169.04368591315213,248.0832822734956,0.0
169.54368591315213,248.08345012017529,0.0
170.04363250739988,248.0836179485196,0.0
170.54363250739996,248.0838010539883,0.0
171.04368591315205,248.08396891900335,0.0
171.54368591315205,248.08413676568316,0.0
172.04368591315225,248.0843046123628,0.0
172.54368591315213,248.08447245904247,0.0
173.04363250739988,248.08464028738675,0.0
173.54363250740008,248.0848233928555,0.0
174.04368591315213,248.0849912578705,0.0
174.54368591315193,248.08515910455029,0.0
175.04368591315213,248.08532695123,0.0
175.54363250739968,248.08549477957425,0.0
176.04363250739996,248.08567788504303,0.0
176.54368591315233,248.08584575005807,0.0
177.04368591315205,248.08601359673776,0.0
177.54368591315213,248.08618144341747,0.0
178.04368591315205,248.0863492900972,0.0
178.54363250739988,248.08651711844144,0.0
179.04363250739996,248.08670022391016,0.0
179.54368591315213,248.08686808892529,0.0
180.04368591315213,248.08703593560497,0.0
180.54368591315207,248.08720378228463,0.0
181.0436325073997,248.0873716106289,0.0
181.54363250739985,248.0875547160977,0.0
182.0436859131522,248.0877225811128,0.0
182.54368591315207,248.08789042779247,0.0
183.0436859131524,248.08805827447216,0.0
183.5436859131522,248.08822612115176,0.0
184.0436325073995,248.0883939494961,0.0
184.5436325073997,248.08857705496487,0.0
185.04368591315207,248.08874491998,0.0
185.54368591315207,248.0889127666597,0.0
186.04368591315207,248.08908061333932,0.0
186.54368591315207,248.08924846001904,0.0
187.04363250739985,248.0894162883633,0.0
187.54363250739985,248.0895993938321,0.0
188.043685913152,248.0897672588472,0.0
188.543685913152,248.08993510552688,0.0
189.0436859131524,248.09010295220656,0.0
189.5436325073999,248.09027078055075,0.0
190.0436325073996,248.0904538860196,0.0
190.54368591315207,248.09062175103463,0.0
191.043685913152,248.09078959771435,0.0
191.54368591315207,248.0909574443941,0.0
192.04368591315227,248.09112529107367,0.0
192.54363250739985,248.091293119418,0.0
193.0436325074,248.09147622488675,0.0
193.5436859131522,248.09164408990176,0.0
194.0436859131518,248.0918119365815,0.0
194.543685913152,248.0919797832612,0.0
195.04363250739985,248.0921476116055,0.0
195.54363250739985,248.09233071707425,0.0
196.04368591315207,248.09249858208932,0.0
196.54368591315207,248.09266642876904,0.0
197.04368591315188,248.09283427544872,0.0
197.5436859131522,248.09300212212847,0.0
198.0436325073999,248.09316995047263,0.0
198.5436325073996,248.09335305594144,0.0
199.0436859131524,248.09352092095656,0.0
199.5436859131522,248.09368876763617,0.0
200.04368591315188,248.0938566143159,0.0
200.54368591315207,248.0940244609956,0.0
201.0436325073997,248.09419228933987,0.0
201.54363250739985,248.09437539480865,0.0
202.04368591315227,248.09454325982367,0.0
202.543685913152,248.09471110650335,0.0
203.043685913152,248.09487895318316,0.0
203.5436325074,248.09504678152737,0.0
204.04363250739985,248.0952298869961,0.0
204.543685913152,248.0953977520112,0.0
205.04368591315227,248.0955655986909,0.0
205.54368591315207,248.0957334453705,0.0
206.04368591315188,248.09590129205029,0.0
206.54363250739985,248.09606912039456,0.0
207.0436325073996,248.0962522258633,0.0
207.5436859131522,248.09642009087847,0.0
208.04368591315227,248.09658793755807,0.0
208.543685913152,248.09675578423776,0.0
209.0436325074,248.0969236125821,0.0
209.54363250739985,248.09710671805075,0.0
210.04368591315188,248.0972745830659,0.0
210.54368591315207,248.0974424297456,0.0
211.04368591315207,248.09761027642529,0.0
211.54368591315207,248.09777812310497,0.0
212.0436325073999,248.09794595144925,0.0
212.5436325073997,248.098129056918,0.0
213.043685913152,248.09829692193316,0.0
213.5436859131522,248.0984647686128,0.0
214.04368591315207,248.09863261529247,0.0
214.5436859131524,248.09880046197216,0.0
215.0436325074,248.09896829031635,0.0
215.5436325073995,248.09915139578516,0.0
216.04368591315188,248.09931926080029,0.0
216.54368591315207,248.09948710748,0.0
217.04368591315207,248.0996549541597,0.0
217.5436325073999,248.09982278250396,0.0
218.04363250739985,248.10000588797263,0.0
218.543685913152,248.10017375298776,0.0
219.04368591315207,248.10034159966747,0.0
219.543685913152,248.1005094463472,0.0
220.043685913152,248.10067729302688,0.0
220.5436325073999,248.10084512137115,0.0
221.0436325073999,248.10102822683987,0.0
221.54368591315207,248.10119609185497,0.0
222.04368591315207,248.10136393853463,0.0
222.543685913152,248.10153178521435,0.0
223.04363250739985,248.10169961355865,0.0
223.5436325073999,248.10188271902737,0.0
224.04368591315207,248.10205058404247,0.0
224.5436859131524,248.10221843072216,0.0
225.0436859131522,248.10238627740176,0.0
225.5436859131518,248.1025541240815,0.0
226.0436325073997,248.1027219524258,0.0
226.54363250739985,248.10290505789456,0.0
227.04368591315207,248.1030729229097,0.0
227.54368591315207,248.10324076958932,0.0
228.04368591315207,248.10340861626904,0.0
228.54368591315188,248.10357646294872,0.0
229.04363250739985,248.10374429129303,0.0
229.5436325073999,248.10392739676172,0.0
230.043685913152,248.10409526177688,0.0
230.5436859131524,248.10426310845656,0.0
231.0436859131522,248.10443095513617,0.0
231.5436325073996,248.1045987834805,0.0
232.04363250739985,248.10478188894925,0.0
232.543685913152,248.10494975396435,0.0
233.04368591315207,248.1051176006441,0.0
233.54368591315227,248.10528544732367,0.0
234.043685913152,248.10545329400335,0.0
234.5436325074,248.1056211223477,0.0
235.0436325074,248.10580422781635,0.0
235.5436859131518,248.1059720928315,0.0
236.043685913152,248.1061399395112,0.0
236.54368591315227,248.1063077861909,0.0
237.04363250739985,248.10647561453516,0.0
237.5436325073996,248.10665872000396,0.0
238.04368591315207,248.10682658501904,0.0
238.54368591315188,248.10699443169872,0.0
239.0436859131522,248.10716227837847,0.0
239.54368591315227,248.10733012505807,0.0
240.0436325073996,248.1074979534024,0.0
240.5436325074,248.10768105887115,0.0
241.0436859131522,248.10784892388617,0.0
241.54368591315188,248.1080167705659,0.0
242.04368591315207,248.1081846172456,0.0
242.54368591315207,248.10835246392529,0.0
243.04363250739985,248.1085202922696,0.0
243.5436325073999,248.1087033977383,0.0
244.043685913152,248.10887126275335,0.0
244.543685913152,248.10903910943316,0.0
245.0436859131522,248.1092069561128,0.0
245.54363250739985,248.10937478445703,0.0
246.04363250739985,248.1095578899258,0.0
246.54368591315227,248.1097257549409,0.0
247.04368591315207,248.1098936016205,0.0
247.54368591315188,248.11006144830029,0.0
248.04368591315207,248.11022929498,0.0
248.5436325073996,248.11039712332425,0.0
249.0436325073999,248.11058022879303,0.0
249.54368591315227,248.11074809380807,0.0
250.043685913152,248.11091594048776,0.0
250.54368591315207,248.11108378716747,0.0
251.04363250739985,248.11125161551172,0.0
251.54363250739985,248.1114347209805,0.0
252.04368591315207,248.1116025859956,0.0
252.54368591315207,248.11177043267529,0.0
253.04368591315207,248.11193827935497,0.0
253.54368591315207,248.11210612603463,0.0
254.0436325073997,248.1122739543789,0.0
254.54363250739985,248.1124570598477,0.0
255.0436859131522,248.1126249248628,0.0
255.54368591315207,248.11279277154247,0.0
256.0436859131524,248.11296061822216,0.0
256.54368591315216,248.11312846490176,0.0
257.04363250739954,248.1132962932461,0.0
257.5436325073997,248.11347939871487,0.0
258.0436859131521,248.11364726373,0.0
258.5436859131521,248.1138151104097,0.0
259.0436859131521,248.11398295708932,0.0
259.5436325073998,248.1141507854336,0.0
260.0436325073998,248.1143338909024,0.0
260.5436859131521,248.11450175591747,0.0
261.043685913152,248.1146696025972,0.0
261.543685913152,248.11483744927688,0.0
262.0436859131524,248.11500529595656,0.0
262.54363250739993,248.11517312430075,0.0
263.0436325073996,248.1153562297696,0.0
263.5436859131521,248.11552409478463,0.0
264.043685913152,248.11569194146435,0.0
264.5436859131521,248.1158597881441,0.0
265.04363250739993,248.1160276164883,0.0
265.5436325073998,248.11621072195703,0.0
266.0436859131524,248.11637858697216,0.0
266.54368591315216,248.11654643365176,0.0
267.04368591315176,248.1167142803315,0.0
267.543685913152,248.1168821270112,0.0
268.0436325073998,248.1170499553555,0.0
268.5436325073998,248.11723306082425,0.0
269.0436859131521,248.11740092583932,0.0
269.5436859131521,248.11756877251904,0.0
270.0436859131519,248.11773661919872,0.0
270.54368591315216,248.11790446587847,0.0
271.04363250739993,248.11807229422263,0.0
271.5436325073996,248.11825539969144,0.0
272.0436859131524,248.11842326470656,0.0
272.54368591315216,248.11859111138617,0.0
273.0436859131519,248.1187589580659,0.0
273.5436325073998,248.11892678641016,0.0
274.0436325073997,248.1191098918789,0.0
274.5436859131521,248.1192777568941,0.0
275.0436859131523,248.11944560357367,0.0
275.543685913152,248.11961345025335,0.0
276.043685913152,248.11978129693316,0.0
276.5436325074,248.11994912527737,0.0
277.0436325073998,248.1201322307461,0.0
277.543685913152,248.1203000957612,0.0
278.0436859131523,248.1204679424409,0.0
278.5436859131521,248.1206357891205,0.0
279.0436859131519,248.12080363580029,0.0
279.5436325073998,248.12097146414456,0.0
280.0436325073996,248.1211545696133,0.0
280.54368591315216,248.12132243462847,0.0
281.0436859131523,248.12149028130807,0.0
281.543685913152,248.12165812798776,0.0
282.0436325074,248.1218259563321,0.0
282.5436325073998,248.12200906180075,0.0
283.0436859131519,248.1221769268159,0.0
283.5436859131521,248.1223447734956,0.0
284.0436859131521,248.12251262017529,0.0
284.5436859131521,248.12268046685497,0.0
285.04363250739993,248.12284829519925,0.0
285.5436325073997,248.123031400668,0.0
286.043685913152,248.12319926568316,0.0
286.54368591315216,248.1233671123628,0.0
287.0436859131521,248.12353495904247,0.0
287.5436325073998,248.12370278738675,0.0
288.0436325074,248.1238858928555,0.0
288.5436859131521,248.1240537578705,0.0
289.0436859131519,248.12422160455029,0.0
289.5436859131521,248.12438945123,0.0
290.0436859131521,248.1245572979097,0.0
290.54363250739993,248.12472512625396,0.0
291.0436325073998,248.12490823172263,0.0
291.543685913152,248.12507609673776,0.0
292.0436859131521,248.12524394341747,0.0
292.543685913152,248.1254117900972,0.0
293.043685913152,248.12557963677688,0.0
293.54363250739993,248.12574746512115,0.0
294.04363250739993,248.12593057058987,0.0
294.5436859131521,248.12609843560497,0.0
295.0436859131521,248.12626628228463,0.0
295.543685913152,248.12643412896435,0.0
296.0436325073998,248.12660195730865,0.0
296.54363250739993,248.12678506277737,0.0
297.0436859131521,248.12695292779247,0.0
297.5436859131524,248.12712077447216,0.0
298.04368591315216,248.12728862115176,0.0
298.54368591315176,248.1274564678315,0.0
299.0436325073997,248.1276242961758,0.0
299.5436325073998,248.12780740164456,0.0
300.0436859131521,248.1279752666597,0.0
300.5436859131521,248.12814311333932,0.0
301.0436859131521,248.12831096001904,0.0
301.5436325073998,248.1284787883633,0.0
302.0436325073998,248.1286618938321,0.0
302.543685913152,248.1288297588472,0.0
303.043685913152,248.12899760552688,0.0
303.5436859131524,248.12916545220656,0.0
304.04368591315216,248.12933329888617,0.0
304.5436325073996,248.1295011272305,0.0
305.0436325073998,248.12968423269925,0.0
305.543685913152,248.12985209771435,0.0
306.0436859131521,248.1300199443941,0.0
306.5436859131523,248.13018779107367,0.0
307.043685913152,248.13035563775335,0.0
307.5436325074,248.1305234660977,0.0
308.0436325074,248.13070657156635,0.0
308.54368591315176,248.1308744365815,0.0
309.043685913152,248.1310422832612,0.0
309.5436859131523,248.1312101299409,0.0
310.0436325073998,248.13137795828516,0.0
310.5436325073996,248.13156106375396,0.0
311.0436859131521,248.13172892876904,0.0
311.5436859131519,248.13189677544872,0.0
312.04368591315216,248.13206462212847,0.0
312.5436859131523,248.13223246880807,0.0
313.0436325073996,248.1324002971524,0.0
313.5436325074,248.13258340262115,0.0
314.04368591315216,248.13275126763617,0.0
314.5436859131519,248.1329191143159,0.0
315.0436859131521,248.1330869609956,0.0
315.5436325073997,248.13325478933987,0.0
316.0436325073998,248.13343789480865,0.0
316.5436859131523,248.13360575982367,0.0
317.043685913152,248.13377360650335,0.0
317.543685913152,248.13394145318316,0.0
318.04368591315216,248.1341092998628,0.0
318.5436325073998,248.13427712820703,0.0
319.0436325073998,248.1344602336758,0.0
319.5436859131523,248.1346280986909,0.0
320.0436859131521,248.1347959453705,0.0
320.5436859131519,248.13496379205029,0.0
321.0436859131521,248.13513163873,0.0
321.5436325073996,248.13529946707425,0.0
322.04363250739993,248.13548257254303,0.0
322.5436859131523,248.13565043755807,0.0
323.043685913152,248.13581828423776,0.0
323.5436859131521,248.13598613091747,0.0
324.0436325073998,248.13615395926172,0.0
324.5436325073998,248.1363370647305,0.0
325.0436859131521,248.1365049297456,0.0
325.5436859131521,248.13667277642529,0.0
326.0436859131521,248.13684062310497,0.0
326.5436859131521,248.13700846978463,0.0
327.0436325073997,248.1371762981289,0.0
327.5436325073998,248.1373594035977,0.0
328.04368591315216,248.1375272686128,0.0
328.5436859131521,248.13769511529247,0.0
329.0436859131524,248.13786296197216,0.0
329.5436325074,248.13803079031635,0.0
330.04363250739954,248.13821389578516,0.0
330.5436859131519,248.13838176080029,0.0
331.0436859131521,248.13854960748,0.0
331.5436859131521,248.1387174541597,0.0
332.0436859131521,248.13888530083932,0.0
332.5436325073998,248.1390531291836,0.0
333.0436325073998,248.1392362346524,0.0
333.5436859131521,248.13940409966747,0.0
334.043685913152,248.1395719463472,0.0
334.543685913152,248.13973979302688,0.0
335.0436859131524,248.13990763970656,0.0
335.54363250739993,248.14007546805075,0.0
336.0436325073996,248.1402585735196,0.0
336.5436859131521,248.14042643853463,0.0
337.043685913152,248.14059428521435,0.0
337.5436859131521,248.1407621318941,0.0
338.04363250739993,248.1409299602383,0.0
338.5436325073998,248.14111306570703,0.0
339.0436859131524,248.14128093072216,0.0
339.54368591315216,248.14144877740176,0.0
340.04368591315176,248.1416166240815,0.0
340.543685913152,248.1417844707612,0.0
341.0436325073998,248.1419522991055,0.0
341.5436325073998,248.14213540457425,0.0
342.0436859131521,248.14230326958932,0.0
342.5436859131521,248.14247111626904,0.0
343.0436859131519,248.14263896294872,0.0
343.5436325073998,248.14280679129303,0.0
344.04363250739993,248.14298989676172,0.0
344.543685913152,248.14315776177688,0.0
345.0436859131524,248.14332560845656,0.0
345.54368591315216,248.14349345513617,0.0
346.0436859131519,248.1436613018159,0.0
346.5436325073998,248.14382913016016,0.0
347.0436325073997,248.1440122356289,0.0
347.5436859131521,248.1441801006441,0.0
348.0436859131523,248.14434794732367,0.0
348.543685913152,248.14451579400335,0.0
349.043685913152,248.14468364068316,0.0
349.5436325074,248.14485146902737,0.0
350.0436325073998,248.1450345744961,0.0
350.543685913152,248.1452024395112,0.0
351.0436859131523,248.1453702861909,0.0
351.5436859131521,248.1455381328705,0.0
352.0436325073996,248.14570596121487,0.0
352.5436325073998,248.1458890666836,0.0
353.0436859131519,248.14605693169872,0.0
353.54368591315216,248.14622477837847,0.0
354.0436859131523,248.14639262505807,0.0
354.543685913152,248.14656047173776,0.0
355.0436325074,248.1467283000821,0.0
355.5436325073998,248.14691140555075,0.0
356.0436859131519,248.1470792705659,0.0
356.5436859131521,248.1472471172456,0.0
357.0436859131521,248.14741496392529,0.0
357.5436325073998,248.1475827922696,0.0
358.04363250739993,248.1477658977383,0.0
358.543685913152,248.14793376275335,0.0
359.043685913152,248.14810160943316,0.0
359.54368591315216,248.1482694561128,0.0
360.0436859131521,248.14843730279247,0.0
360.5436325073999,248.14860513113675,0.0
361.0436325074001,248.1487882366055,0.0
361.54368591315216,248.1489561016205,0.0
362.04368591315193,248.14912394830029,0.0
362.54368591315216,248.14929179498,0.0
363.04368591315216,248.1494596416597,0.0
363.5436325074,248.14962747000396,0.0
364.0436325073999,248.14981057547263,0.0
364.5436859131521,248.14997844048776,0.0
365.04368591315216,248.15014628716747,0.0
365.5436859131521,248.1503141338472,0.0
366.0436325073999,248.15048196219144,0.0
366.5436325074,248.15066506766016,0.0
367.04368591315216,248.15083293267529,0.0
367.54368591315216,248.15100077935497,0.0
368.04368591315216,248.15116862603463,0.0
368.5436859131521,248.15133647271435,0.0
369.0436325073999,248.15150430105865,0.0
369.5436325074,248.15168740652737,0.0
370.04368591315216,248.15185527154247,0.0
370.5436859131525,248.15202311822216,0.0
371.0436859131522,248.15219096490176,0.0
371.5436325073996,248.1523587932461,0.0
372.04363250739976,248.15254189871487,0.0
372.54368591315216,248.15270976373,0.0
373.04368591315216,248.1528776104097,0.0
373.54368591315216,248.15304545708932,0.0
374.04368591315216,248.15321330376904,0.0
374.5436325073999,248.1533811321133,0.0
375.0436325073999,248.1535642375821,0.0
375.5436859131521,248.1537321025972,0.0
376.0436859131521,248.15389994927688,0.0
376.5436859131525,248.15406779595656,0.0
377.0436859131522,248.15423564263617,0.0
377.5436325073997,248.1544034709805,0.0
378.0436325073999,248.15458657644925,0.0
378.5436859131521,248.15475444146435,0.0
379.04368591315216,248.1549222881441,0.0
379.54368591315233,248.15509013482367,0.0
380.0436325073999,248.155257963168,0.0
380.5436325074001,248.15544106863675,0.0
381.0436859131522,248.15560893365176,0.0
381.5436859131518,248.1557767803315,0.0
382.0436859131521,248.1559446270112,0.0
382.54368591315233,248.1561124736909,0.0
383.0436325073999,248.15628030203516,0.0
383.5436325073997,248.15646340750396,0.0
384.04368591315216,248.15663127251904,0.0
384.54368591315193,248.15679911919872,0.0
385.0436859131522,248.15696696587847,0.0
385.5436325074,248.15713479422263,0.0
386.0436325073997,248.15731789969144,0.0
386.5436859131525,248.15748576470656,0.0
387.0436859131522,248.15765361138617,0.0
387.54368591315193,248.1578214580659,0.0
388.04368591315216,248.1579893047456,0.0
388.54363250739976,248.15815713308987,0.0
389.0436325073999,248.15834023855865,0.0
389.54368591315233,248.15850810357367,0.0
390.0436859131521,248.15867595025335,0.0
390.5436859131521,248.15884379693316,0.0
391.0436859131522,248.1590116436128,0.0
391.5436325073999,248.15917947195703,0.0
392.0436325073999,248.1593625774258,0.0
392.54368591315233,248.1595304424409,0.0
393.04368591315216,248.1596982891205,0.0
393.54368591315193,248.15986613580029,0.0
394.0436325073999,248.16003396414456,0.0
394.5436325073997,248.1602170696133,0.0
395.0436859131522,248.16038493462847,0.0
395.54368591315233,248.16055278130807,0.0
396.0436859131521,248.16072062798776,0.0
396.54368591315216,248.16088847466747,0.0
397.0436325073999,248.16105630301172,0.0
397.5436325073999,248.1612394084805,0.0
398.04368591315216,248.1614072734956,0.0
398.54368591315216,248.16157512017529,0.0
399.04368591315216,248.16174296685497,0.0
399.5436325074,248.16191079519925,0.0
400.04363250739976,248.162093900668,0.0
400.5436859131521,248.16226176568316,0.0
401.0436859131522,248.1624296123628,0.0
401.54368591315216,248.16259745904247,0.0
402.0436859131525,248.16276530572216,0.0
402.5436325074001,248.16293313406635,0.0
403.0436325073996,248.16311623953516,0.0
403.54368591315193,248.16328410455029,0.0
404.04368591315216,248.16345195123,0.0
404.54368591315216,248.1636197979097,0.0
405.04368591315216,248.16378764458932,0.0
405.5436325073999,248.1639554729336,0.0
406.0436325073999,248.1641385784024,0.0
406.54368591315216,248.16430644341747,0.0
407.0436859131521,248.1644742900972,0.0
407.5436859131521,248.16464213677688,0.0
408.0436325074,248.16480996512115,0.0
408.5436325074,248.16499307058987,0.0
409.04368591315216,248.16516093560497,0.0
409.54368591315216,248.16532878228463,0.0
410.0436859131521,248.16549662896435,0.0
410.54368591315216,248.1656644756441,0.0
411.0436325074,248.1658323039883,0.0
411.5436325073999,248.16601540945703,0.0
412.0436859131525,248.16618327447216,0.0
412.5436859131522,248.16635112115176,0.0
413.0436859131518,248.1665189678315,0.0
413.54363250739976,248.1666867961758,0.0
414.0436325073999,248.16686990164456,0.0
414.54368591315216,248.1670377666597,0.0
415.04368591315216,248.16720561333932,0.0
415.54368591315216,248.16737346001904,0.0
416.04368591315193,248.16754130669872,0.0
416.5436325073999,248.16770913504303,0.0
417.0436325074,248.16789224051172,0.0
417.5436859131521,248.16806010552688,0.0
418.0436859131525,248.16822795220656,0.0
418.5436859131522,248.16839579888617,0.0
419.04368591315193,248.1685636455659,0.0
419.5436325073999,248.16873147391016,0.0
420.04363250739976,248.1689145793789,0.0
420.54368591315216,248.1690824443941,0.0
421.04368591315233,248.16925029107367,0.0
421.5436859131521,248.16941813775335,0.0
422.0436325074001,248.1695859660977,0.0
422.5436325074001,248.16976907156635,0.0
423.0436859131518,248.1699369365815,0.0
423.5436859131521,248.1701047832612,0.0
424.04368591315233,248.1702726299409,0.0
424.54368591315216,248.1704404766205,0.0
425.0436325073997,248.17060830496487,0.0
425.5436325073999,248.1707914104336,0.0
426.04368591315193,248.17095927544872,0.0
426.5436859131522,248.17112712212847,0.0
427.04368591315233,248.17129496880807,0.0
427.5436325073997,248.1714627971524,0.0
428.0436325074001,248.17164590262115,0.0
428.5436859131522,248.17181376763617,0.0
429.04368591315193,248.1719816143159,0.0
429.54368591315216,248.1721494609956,0.0
430.04368591315216,248.17231730767529,0.0
430.5436325073999,248.1724851360196,0.0
431.0436325074,248.1726682414883,0.0
431.5436859131521,248.17283610650335,0.0
432.0436859131521,248.17300395318316,0.0
432.5436859131522,248.1731717998628,0.0
433.04368591315216,248.17333964654247,0.0
433.5436325073999,248.17350747488675,0.0
434.0436325074001,248.1736905803555,0.0
434.54368591315216,248.1738584453705,0.0
435.04368591315193,248.17402629205029,0.0
435.54368591315216,248.17419413873,0.0
436.0436325073997,248.17436196707425,0.0
436.5436325074,248.17454507254303,0.0
437.04368591315233,248.17471293755807,0.0
437.5436859131521,248.17488078423776,0.0
438.04368591315216,248.17504863091747,0.0
438.5436859131521,248.1752164775972,0.0
439.0436325073999,248.17538430594144,0.0
439.5436325074,248.17556741141016,0.0
440.04368591315216,248.17573527642529,0.0
440.54368591315216,248.17590312310497,0.0
441.04368591315216,248.17607096978463,0.0
441.54363250739976,248.1762387981289,0.0
442.0436325073999,248.1764219035977,0.0
442.5436859131522,248.1765897686128,0.0
443.04368591315216,248.17675761529247,0.0
443.5436859131525,248.17692546197216,0.0
444.0436859131522,248.17709330865176,0.0
444.5436325073996,248.1772611369961,0.0
445.04363250739976,248.17744424246487,0.0
445.54368591315216,248.17761210748,0.0
446.04368591315216,248.1777799541597,0.0
446.54368591315216,248.17794780083932,0.0
447.04368591315216,248.17811564751904,0.0
447.5436325073999,248.1782834758633,0.0
448.0436325073999,248.1784665813321,0.0
448.5436859131521,248.1786344463472,0.0
449.0436859131521,248.17880229302688,0.0
449.5436859131525,248.17897013970656,0.0
450.0436325074,248.17913796805075,0.0
450.5436325073997,248.1793210735196,0.0
451.04368591315216,248.17948893853463,0.0
451.5436859131521,248.17965678521435,0.0
452.04368591315216,248.1798246318941,0.0
452.54368591315233,248.17999247857367,0.0
453.0436325073999,248.180160306918,0.0
453.5436325074001,248.18034341238675,0.0
454.0436859131522,248.18051127740176,0.0
454.5436859131518,248.1806791240815,0.0
455.0436859131521,248.1808469707612,0.0
455.5436325073999,248.1810147991055,0.0
456.0436325073999,248.18119790457425,0.0
456.54368591315216,248.18136576958932,0.0
457.04368591315216,248.18153361626904,0.0
457.54368591315193,248.18170146294872,0.0
458.0436859131522,248.18186930962847,0.0
458.5436325074,248.18203713797263,0.0
459.0436325073997,248.18222024344144,0.0
459.5436859131525,248.18238810845656,0.0
460.0436859131522,248.18255595513617,0.0
460.54368591315193,248.1827238018159,0.0
461.04368591315216,248.1828916484956,0.0
461.54363250739976,248.18305947683987,0.0
462.0436325073999,248.18324258230865,0.0
462.54368591315233,248.18341044732367,0.0
463.0436859131521,248.18357829400335,0.0
463.5436859131521,248.18374614068316,0.0
464.0436325074001,248.18391396902737,0.0
464.5436325073999,248.1840970744961,0.0
465.0436859131521,248.1842649395112,0.0
465.54368591315233,248.1844327861909,0.0
466.04368591315216,248.1846006328705,0.0
466.54368591315193,248.18476847955029,0.0
467.0436325073999,248.18493630789456,0.0
467.5436325073997,248.1851194133633,0.0
468.0436859131522,248.18528727837847,0.0
468.54368591315233,248.18545512505807,0.0
469.0436859131521,248.18562297173776,0.0
469.5436325074001,248.1857908000821,0.0
470.0436325073999,248.18597390555075,0.0
470.54368591315193,248.1861417705659,0.0
471.04368591315216,248.1863096172456,0.0
471.54368591315216,248.18647746392529,0.0
472.04368591315216,248.18664531060497,0.0
472.5436325074,248.18681313894925,0.0
473.04363250739976,248.186996244418,0.0
473.5436859131521,248.18716410943316,0.0
474.0436859131522,248.1873319561128,0.0
474.54368591315216,248.18749980279247,0.0
475.0436859131525,248.18766764947216,0.0
475.5436325074001,248.18783547781635,0.0
476.0436325073996,248.18801858328516,0.0
476.54368591315193,248.18818644830029,0.0
477.04368591315216,248.18835429498,0.0
477.54368591315216,248.1885221416597,0.0
478.0436325074,248.18868997000396,0.0
478.5436325073999,248.18887307547263,0.0
479.0436859131521,248.18904094048776,0.0
479.54368591315216,248.18920878716747,0.0
480.0436859131521,248.1893766338472,0.0
480.5436859131521,248.18954448052688,0.0
481.0436325074,248.18971230887115,0.0
481.5436325074,248.18989541433987,0.0
482.04368591315216,248.19006327935497,0.0
482.54368591315216,248.19023112603463,0.0
483.0436859131521,248.19039897271435,0.0
483.5436325073999,248.19056680105865,0.0
484.0436325074,248.19074990652737,0.0
484.54368591315216,248.19091777154247,0.0
485.0436859131525,248.19108561822216,0.0
485.5436859131522,248.19125346490176,0.0
486.0436859131518,248.1914213115815,0.0
486.54363250739976,248.1915891399258,0.0
487.0436325073999,248.19177224539456,0.0
487.54368591315216,248.1919401104097,0.0
488.04368591315216,248.19210795708932,0.0
488.54368591315216,248.19227580376904,0.0
489.04368591315193,248.19244365044872,0.0
489.5436325073999,248.19261147879303,0.0
490.0436325074,248.19279458426172,0.0
490.5436859131521,248.19296244927688,0.0
491.0436859131525,248.19313029595656,0.0
491.5436859131522,248.19329814263617,0.0
492.0436325073997,248.1934659709805,0.0
492.5436325073999,248.19364907644925,0.0
493.0436859131521,248.19381694146435,0.0
493.54368591315216,248.1939847881441,0.0
494.04368591315233,248.19415263482367,0.0
494.5436859131521,248.19432048150335,0.0
495.0436325074001,248.1944883098477,0.0
495.5436325074001,248.19467141531635,0.0
496.0436859131518,248.1948392803315,0.0
496.5436859131521,248.1950071270112,0.0
497.04368591315233,248.1951749736909,0.0
497.54368591315216,248.1953428203705,0.0
498.0436325073997,248.19551064871487,0.0
498.5436325073999,248.1956937541836,0.0
499.04368591315193,248.19586161919872,0.0
499.5436859131522,248.19602946587847,0.0
500.04368591315233,248.19619731255807,0.0
500.5436325073997,248.1963651409024,0.0
501.0436325074001,248.19654824637115,0.0
501.5436859131522,248.19671611138617,0.0
502.04368591315193,248.1968839580659,0.0
502.54368591315216,248.1970518047456,0.0
503.04368591315216,248.19721965142529,0.0
503.5436325073999,248.1973874797696,0.0
504.0436325074,248.1975705852383,0.0
504.5436859131521,248.19773845025335,0.0
505.0436859131521,248.19790629693316,0.0
505.5436859131522,248.1980741436128,0.0
506.0436325073999,248.19824197195703,0.0
506.5436325073999,248.1984250774258,0.0
507.04368591315233,248.1985929424409,0.0
507.54368591315216,248.1987607891205,0.0
508.04368591315193,248.19892863580029,0.0
508.54368591315216,248.19909648248,0.0
509.0436325073997,248.19926431082425,0.0
509.5436325074,248.19944741629303,0.0
510.04368591315233,248.19961528130807,0.0
510.5436859131521,248.19978312798776,0.0
511.04368591315216,248.19995097466747,0.0
511.5436859131521,248.2001188213472,0.0
512.0436325073998,248.20028664969144,0.0
512.5436325073999,248.20046975516016,0.0
513.0436859131521,248.20063762017529,0.0
513.5436859131521,248.20080546685497,0.0
514.0436859131521,248.20097331353463,0.0
514.5436325073998,248.2011411418789,0.0
515.0436325073998,248.2013242473477,0.0
515.5436859131522,248.2014921123628,0.0
516.0436859131521,248.20165995904247,0.0
516.5436859131524,248.20182780572216,0.0
517.0436859131522,248.20199565240176,0.0
517.5436325073996,248.2021634807461,0.0
518.0436325073998,248.20234658621487,0.0
518.5436859131521,248.20251445123,0.0
519.0436859131521,248.2026822979097,0.0
519.5436859131521,248.20285014458932,0.0
520.0436325073998,248.2030179729336,0.0
520.5436325073998,248.2032010784024,0.0
521.0436859131521,248.20336894341747,0.0
521.543685913152,248.2035367900972,0.0
522.043685913152,248.20370463677688,0.0
522.5436859131524,248.20387248345656,0.0
523.0436325073999,248.20404031180075,0.0
523.5436325073997,248.2042234172696,0.0
524.0436859131521,248.20439128228463,0.0
524.543685913152,248.20455912896435,0.0
525.0436859131521,248.2047269756441,0.0
525.5436859131523,248.20489482232367,0.0
526.0436325073998,248.205062650668,0.0
526.5436325074,248.20524575613675,0.0
527.0436859131522,248.20541362115176,0.0
527.5436859131519,248.2055814678315,0.0
528.043685913152,248.2057493145112,0.0
528.5436325073998,248.2059171428555,0.0
529.0436325073998,248.20610024832425,0.0
529.5436859131521,248.20626811333932,0.0
530.0436859131521,248.20643596001904,0.0
530.543685913152,248.20660380669872,0.0
531.0436859131522,248.20677165337847,0.0
531.5436325073999,248.20693948172263,0.0
532.0436325073997,248.20712258719144,0.0
532.5436859131524,248.20729045220656,0.0
533.0436859131522,248.20745829888617,0.0
533.543685913152,248.2076261455659,0.0
534.0436325073998,248.20779397391016,0.0
534.5436325073998,248.2079770793789,0.0
535.0436859131521,248.2081449443941,0.0
535.5436859131523,248.20831279107367,0.0
536.043685913152,248.20848063775335,0.0
536.543685913152,248.20864848443316,0.0
537.0436325074,248.20881631277737,0.0
537.5436325073998,248.2089994182461,0.0
538.043685913152,248.2091672832612,0.0
538.5436859131523,248.2093351299409,0.0
539.0436859131521,248.2095029766205,0.0
539.543685913152,248.20967082330029,0.0
540.0436325073998,248.20983865164456,0.0
540.5436325073997,248.2100217571133,0.0
541.0436859131522,248.21018962212847,0.0
541.5436859131523,248.21035746880807,0.0
542.043685913152,248.21052531548776,0.0
542.5436325074,248.2106931438321,0.0
543.0436325073998,248.21087624930075,0.0
543.543685913152,248.2110441143159,0.0
544.0436859131521,248.2112119609956,0.0
544.5436859131521,248.21137980767529,0.0
545.0436859131521,248.21154765435497,0.0
545.5436325073999,248.21171548269925,0.0
546.0436325073998,248.211898588168,0.0
546.543685913152,248.21206645318316,0.0
547.0436859131522,248.2122342998628,0.0
547.5436859131521,248.21240214654247,0.0
548.0436325073998,248.21256997488675,0.0
548.5436325074,248.2127530803555,0.0
549.0436859131521,248.2129209453705,0.0
549.543685913152,248.21308879205029,0.0
550.0436859131521,248.21325663873,0.0
550.5436859131521,248.2134244854097,0.0
551.0436325073999,248.21359231375396,0.0
551.5436325073998,248.21377541922263,0.0
552.043685913152,248.21394328423776,0.0
552.5436859131521,248.21411113091747,0.0
553.043685913152,248.2142789775972,0.0
553.543685913152,248.21444682427688,0.0
554.0436325073999,248.21461465262115,0.0
554.5436325073999,248.21479775808987,0.0
555.0436859131521,248.21496562310497,0.0
555.5436859131521,248.21513346978463,0.0
556.043685913152,248.21530131646435,0.0
556.5436325073998,248.21546914480865,0.0
557.0436325073999,248.21565225027737,0.0
557.5436859131521,248.21582011529247,0.0
558.0436859131524,248.21598796197216,0.0
558.5436859131522,248.21615580865176,0.0
559.0436859131519,248.2163236553315,0.0
559.5436325073998,248.2164914836758,0.0
560.0436325073998,248.21667458914456,0.0
560.5436859131521,248.2168424541597,0.0
561.0436859131521,248.21701030083932,0.0
561.5436859131521,248.21717814751904,0.0
562.0436325073998,248.2173459758633,0.0
562.5436325073998,248.2175290813321,0.0
563.043685913152,248.2176969463472,0.0
563.543685913152,248.21786479302688,0.0
564.0436859131524,248.21803263970656,0.0
564.5436859131522,248.21820048638617,0.0
565.0436325073997,248.2183683147305,0.0
565.5436325073998,248.21855142019925,0.0
566.043685913152,248.21871928521435,0.0
566.5436859131521,248.2188871318941,0.0
567.0436859131523,248.21905497857367,0.0
567.543685913152,248.21922282525335,0.0
568.0436325074,248.2193906535977,0.0
568.5436325074,248.21957375906635,0.0
569.0436859131519,248.2197416240815,0.0
569.543685913152,248.2199094707612,0.0
570.0436859131523,248.2200773174409,0.0
570.5436325073998,248.22024514578516,0.0
571.0436325073997,248.22042825125396,0.0
571.5436859131521,248.22059611626904,0.0
572.043685913152,248.22076396294872,0.0
572.5436859131522,248.22093180962847,0.0
573.0436859131523,248.22109965630807,0.0
573.5436325073997,248.2212674846524,0.0
574.0436325074,248.22145059012115,0.0
574.5436859131522,248.22161845513617,0.0
575.043685913152,248.2217863018159,0.0
575.5436859131521,248.2219541484956,0.0
576.0436325073998,248.22212197683987,0.0
576.5436325073998,248.22230508230865,0.0
577.0436859131523,248.22247294732367,0.0
577.543685913152,248.22264079400335,0.0
578.043685913152,248.22280864068316,0.0
578.5436859131522,248.2229764873628,0.0
579.0436325073998,248.22314431570703,0.0
579.5436325073998,248.2233274211758,0.0
580.0436859131523,248.2234952861909,0.0
580.5436859131521,248.2236631328705,0.0
581.043685913152,248.22383097955029,0.0
581.5436859131521,248.22399882623,0.0
582.0436325073997,248.22416665457425,0.0
582.5436325073999,248.22434976004303,0.0
583.0436859131523,248.22451762505807,0.0
583.543685913152,248.22468547173776,0.0
584.0436859131521,248.22485331841747,0.0
584.5436325073998,248.22502114676172,0.0
585.0436325073998,248.2252042522305,0.0
585.5436859131521,248.2253721172456,0.0
586.0436859131521,248.22553996392529,0.0
586.5436859131521,248.22570781060497,0.0
587.0436859131521,248.22587565728463,0.0
587.5436325073998,248.2260434856289,0.0
588.0436325073998,248.2262265910977,0.0
588.5436859131522,248.2263944561128,0.0
589.0436859131521,248.22656230279247,0.0
589.5436859131524,248.22673014947216,0.0
590.0436325074,248.22689797781635,0.0
590.5436325073996,248.22708108328516,0.0
591.043685913152,248.22724894830029,0.0
591.5436859131521,248.22741679498,0.0
592.0436859131521,248.2275846416597,0.0
592.5436859131521,248.22775248833932,0.0
593.0436325073998,248.2279203166836,0.0
593.5436325073998,248.2281034221524,0.0
594.0436859131521,248.22827128716747,0.0
594.543685913152,248.2284391338472,0.0
595.043685913152,248.22860698052688,0.0
595.5436859131524,248.22877482720656,0.0
596.0436325073999,248.22894265555075,0.0
596.5436325073997,248.2291257610196,0.0
597.0436859131521,248.22929362603463,0.0
597.543685913152,248.22946147271435,0.0
598.0436859131521,248.2296293193941,0.0
598.5436325073999,248.2297971477383,0.0
599.0474650057897,248.2299794999384,0.0
599.5861106453651,248.2289984931284,0.0
600.1336852668142,248.2250313751073,0.0
600.681122597749,248.21810755216143,0.0
601.2287804289901,248.20819464363356,0.0
601.7762614683874,248.19529343021276,0.0
602.3237280816803,248.17940442681785,0.0
602.8710980303673,248.16052860920897,0.0
603.4182316723497,248.13868250990657,0.0
603.9652998598792,248.11386458445503,0.0
604.5122507930196,248.08607106590404,0.0
605.0590032622746,248.05529032309525,0.0
605.6056392811922,248.02153641794405,0.0
606.1519599488986,247.98479926956145,0.0
606.6982240788843,247.94510473903185,0.0
607.244221589942,247.90241935656465,0.0
607.7899522970184,247.8567781614001,0.0
608.3353795679274,247.80815423189884,0.0
608.8806519988769,247.7565797014473,0.0
609.4256587598774,247.7019880423136,0.0
609.97016120986,247.64448362610125,0.0
610.5145261151902,247.5839879579852,0.0
611.0584467518498,247.52051944283843,0.0
611.6019388159988,247.45413163240613,0.0
612.1452864889794,247.38475046490387,0.0
612.6880935875434,247.3124103324781,0.0
613.2305585090184,247.23713260441437,0.0
613.7725987681335,247.1588875977104,0.0
614.3142087953188,247.0776934926425,0.0
614.8552650864365,246.9935665872245,0.0
615.3959866947897,246.90649182029944,0.0
615.9363003663517,246.81644485610215,0.0
616.4759517474974,246.7234731577292,0.0
617.0150278698328,246.62758889106476,0.0
617.553678646771,246.52876139953523,0.0
618.0918345338367,246.4269990595256,0.0
618.6293854854107,246.32228441575933,0.0
619.1663448594562,246.2146831368148,0.0
619.7027425612324,246.10410950744023,0.0
620.2385047871985,245.99065551502812,0.0
620.7735744597221,245.87427742628205,0.0
621.3080720014432,245.7550061173794,0.0
621.8419181416504,245.63280115668704,0.0
622.3751752341203,245.5076920061079,0.0
622.9077212329738,245.37964736165284,0.0
623.439276173879,245.2487819399444,0.0
623.9703009707513,245.11501373382035,0.0
624.5008570735329,244.97827823647413,0.0
625.0302941778102,244.8386958928465,0.0
625.5590938075608,244.6962672551346,0.0
626.0870623725804,244.55091723069427,0.0
626.6141844676248,244.40276234368287,0.0
627.1407910754243,244.25164332110208,0.0
627.666253148461,244.09770471947803,0.0
628.1909666260375,243.94093479233024,0.0
628.7148566250107,243.78126704512363,0.0
629.2378523606047,243.6187711610683,0.0
629.759961793129,243.4533989777218,0.0
630.2810006242582,243.2852563063824,0.0
630.8014234181126,243.1142109406128,0.0
631.3207166630676,242.94032380075268,0.0
631.8390016750145,242.76368397298705,0.0
632.3564308006511,242.58417126272195,0.0
632.8728283482959,242.4018419752376,0.0
633.3880485836007,242.21678091516003,0.0
633.902621628604,242.02884275221305,0.0
634.4161121784771,241.83803241912375,0.0
634.9281910781956,241.64458867624964,0.0
635.4394736644416,241.4483043974401,0.0
635.9497156883302,241.2491919617558,0.0
636.4587864423745,241.04732805002283,0.0
636.9667018892509,240.84273587588785,0.0
637.4736265136221,240.6353273518305,0.0
637.9793826548726,240.42516492679357,0.0
638.4839403185466,240.2122817560224,0.0
638.9875486069413,239.9965508600972,0.0
639.4895601135049,239.77820247337576,0.0
639.9905195494875,239.55715067511255,0.0
640.4904731975346,239.33323460180893,0.0
640.9888865386746,239.10673961481857,0.0
641.4862754404586,238.877488341763,0.0
641.9824885102546,238.645448263881,0.0
642.477221130714,238.41080764362144,0.0
642.9707482167703,238.17344977097488,0.0
643.4664946984269,237.9316762766689,0.0
644.0002414917893,237.6663615121738,0.0
644.5550448877905,237.38112013831167,0.0
645.1070102815075,237.08727329981105,0.0
645.6547845374902,236.78553183322947,0.0
646.1982584487761,236.47590007495347,0.0
646.7369303053837,236.1586859467824,0.0
647.2712989139304,235.83368505281564,0.0
647.801064706992,235.50090648529587,0.0
648.3256272525971,235.16079233036777,0.0
648.8453351432278,234.81323452913676,0.0
649.3602094082711,234.4581055029056,0.0
649.8698042030612,234.0957169263561,0.0
650.374294515789,233.725991042774,0.0
650.8731708957662,233.3492173256432,0.0
651.366943688664,232.96519286839867,0.0
651.8550324768042,232.57405734952496,0.0
652.3371737746755,232.17630642725052,0.0
652.8138527420324,231.7715021364563,0.0
653.2847597064265,231.3597991861586,0.0
653.7495547685334,230.94151814375613,0.0
654.2084378384654,230.51654302962345,0.0
654.6610067227626,230.0851431164054,0.0
655.1075234024689,229.64723173932836,0.0
655.5477265883767,229.20284989603925,0.0
655.9813768020467,228.7523800463404,0.0
656.4085393902961,228.2957416218514,0.0
656.829082939073,227.83308786419903,0.0
657.2430381182904,227.36440950494497,0.0
657.6503728828383,226.88967123525177,0.0
658.0506510268326,226.40933143110584,0.0
658.4441551309454,225.9232358082452,0.0
658.8307279775827,225.43132535276112,0.0
659.2098509087823,224.9343775817651,0.0
659.5820880052647,224.43186644187008,0.0
659.9470727206444,223.9239201598241,0.0
660.304687473632,223.41096551849512,0.0
660.6548264624378,222.8930254737126,0.0
660.9975962913053,222.37014284144868,0.0
661.333089157747,221.8419531429589,0.0
661.6606935682062,221.3092967270445,0.0
661.9807041259462,220.7720625259577,0.0
662.2929359981202,220.2302254097757,0.0
662.597383982344,219.6840857673008,0.0
662.8940029643962,219.13353472286877,0.0
663.1827452906824,218.57875943652712,0.0
663.4634220154162,218.01998184778455,0.0
663.7360691446164,217.45735443809025,0.0
664.0007808585877,216.89055699120843,0.0
664.2571650657145,216.320253028764,0.0
664.5054102903703,215.74641956158337,0.0
664.7454659432719,215.168848123138,0.0
664.9771909735722,214.58797543736048,0.0
665.2006000332976,214.00373171217905,0.0
665.4154285569241,213.416745030058,0.0
665.6220012534027,212.82666499315,0.0
665.8202419001235,212.23298836713255,0.0
666.0096695951775,211.63711909292005,0.0
666.1905606847506,211.03895467951088,0.0
666.3630391892862,210.43774599070684,0.0
666.5268686924379,209.8339917797162,0.0
666.681961768474,209.2281061185932,0.0
666.8283241501432,208.62021658970332,0.0
666.9659958870594,208.01026188899007,0.0
667.0949519403725,207.39821406283264,0.0
667.2149911508859,206.78485981975587,0.0
667.3264685661989,206.1694534149616,0.0
667.4290052606533,205.55210084182656,0.0
667.5226071741813,204.93397331861468,0.0
667.6073724571369,204.31468434850467,0.0
667.6833689599702,203.69375658806305,0.0
667.7503360563708,203.07189537014855,0.0
667.8084614767055,202.4492297741952,0.0
667.8575663331785,201.82586605706103,0.0
667.8978246199273,201.20207336918045,0.0
667.9291475310227,200.5774427608393,0.0
667.9515157492438,199.9522760861822,0.0
667.9647253611577,199.3355385404409,0.0
667.9709126674561,198.79851258888837,0.0
667.9763582511116,198.29731760616016,0.0
667.9817293448616,197.79734812373823,0.0
667.9871591595562,197.2975922397917,0.0
667.9925912884624,196.79762275736985,0.0
667.9980234173687,196.29765327494795,0.0
668.003455546275,195.79768379252607,0.0
668.0088876751812,195.2977143101042,0.0
668.0143221182991,194.79753122920695,0.0
668.0196932120491,194.29756174678508,0.0
668.0251230267437,193.79780586283852,0.0
668.03055515565,193.2978363804167,0.0
668.0359872845562,192.7978668979948,0.0
668.0414194197659,192.2978968353997,0.0
668.0468538628132,191.79769849897173,0.0
668.0522249503304,191.2977295934648,0.0
668.057654765025,190.79797370951823,0.0
668.0630868939312,190.2980042270964,0.0
668.0685190228374,189.7980347446745,0.0
668.0739511517437,189.29806526225263,0.0
668.07938328065,188.7980957798308,0.0
668.0848177237679,188.29791269893343,0.0
668.0901888175179,187.79794321651167,0.0
668.0956186322124,187.2981873325651,0.0
668.1010507611187,186.7982178501432,0.0
668.106482890025,186.29824836772136,0.0
668.1119150189312,185.7982788852995,0.0
668.117349468282,185.2980952274873,0.0
668.122720562032,184.7981104862764,0.0
668.1281503704937,184.2983551792448,0.0
668.1335824994,183.79838569682292,0.0
668.1390146283062,183.2984162144011,0.0
668.1444467572124,182.7984467319792,0.0
668.1498812003304,182.298263651082,0.0
668.1552522940804,181.79829416866016,0.0
668.160682108775,181.2985382847136,0.0
668.1661142376812,180.7985688022917,0.0
668.1715463665874,180.29859931986985,0.0
668.1769784954937,179.79862983744795,0.0
668.1824106244,179.29866035502607,0.0
668.1878429485803,178.7986728954629,0.0
668.1932773895106,178.29801689306447,0.0
668.1986482901741,177.79806528682417,0.0
668.2040781111722,177.29830882270443,0.0
668.2095102400784,176.7983240814935,0.0
668.2149423626812,176.29835517924482,0.0
668.2203744915874,175.79838569682295,0.0
668.2258089347054,175.29820261592573,0.0
668.2311800284554,174.79823313350386,0.0
668.23660984315,174.29847724955732,0.0
668.2420419720562,173.79850776713545,0.0
668.2474741009624,173.29853828471357,0.0
668.2529062298687,172.7985688022917,0.0
668.258338358775,172.29859931986982,0.0
668.2637728018929,171.7984162389726,0.0
668.2691438956429,171.29844675655073,0.0
668.2745737166409,170.798690292431,0.0
668.2800058455472,170.29870555122005,0.0
668.28543796815,169.79873664897138,0.0
668.2908700970562,169.2987671665495,0.0
668.2963045401741,168.7985840856523,0.0
668.3016756339241,168.29861460323042,0.0
668.3071054486187,167.79885871928388,0.0
668.312537577525,167.298889236862,0.0
668.3179697064312,166.7989197544401,0.0
668.3234018353374,166.29895027201826,0.0
668.3288339642437,165.79898078959638,0.0
668.3342684073616,165.29879770869917,0.0
668.3396395011116,164.7988282262773,0.0
668.3450693158062,164.29907234233076,0.0
668.3505014447124,163.79910285990888,0.0
668.3559335736187,163.299133377487,0.0
668.361365702525,162.7991638950651,0.0
668.3668001456429,162.29898081416792,0.0
668.3721712393929,161.79901133174604,0.0
668.3776010540874,161.2992554477995,0.0
668.3830331829937,160.79928596537763,0.0
668.3884653182034,160.29931590278255,0.0
668.3938974471097,159.79933116157162,0.0
668.3993295697124,159.29936225932295,0.0
668.4047640128304,158.79917917842573,0.0
668.4101351065804,158.29920969600386,0.0
668.415564921275,157.79945381205732,0.0
668.4209970501812,157.29948432963545,0.0
668.4264291790874,156.79951484721357,0.0
668.4318613079937,156.2995453647917,0.0
668.4372957511116,155.79936228389448,0.0
668.4426668510945,155.29939222455766,0.0
668.4480966658597,154.7996210785638,0.0
668.4535287884624,154.2996521763151,0.0
668.4589609173687,153.79968269389326,0.0
668.464393046275,153.29971321147138,0.0
668.4698251751812,152.7997437290495,0.0
668.4752596182991,152.2995606481523,0.0
668.4806307120491,151.79959116573042,0.0
668.4860605267437,151.29983528178388,0.0
668.49149265565,150.799865799362,0.0
668.4969247845562,150.2998963169401,0.0
668.5023569134624,149.79992683451826,0.0
668.5077913565804,149.29974375362104,0.0
668.5131624503304,148.79977427119917,0.0
668.518592265025,148.30001838725263,0.0
668.5240243939312,147.80004890483076,0.0
668.5294565291409,147.30007884223568,0.0
668.5348886580472,146.80009410102474,0.0
668.54032078065,146.30012519877607,0.0
668.5457552237679,145.79994211787886,0.0
668.5511263175179,145.29997263545698,0.0
668.5565561322124,144.80021675151045,0.0
668.5619882611187,144.30024726908857,0.0
668.567420390025,143.8002777866667,0.0
668.5728525189312,143.30030830424482,0.0
668.5782869620491,142.8001252233476,0.0
668.5836580557991,142.30015574092573,0.0
668.5890878704937,141.8003998569792,0.0
668.5945200057034,141.30042979438412,0.0
668.5999521346097,140.80044505317318,0.0
668.6053842572124,140.3004761509245,0.0
668.6108187003304,139.8002930700273,0.0
668.6161897940804,139.30032358760542,0.0
668.621619608775,138.80056770365888,0.0
668.6270517376812,138.300598221237,0.0
668.6324838665874,137.8006287388151,0.0
668.6379159954937,137.30065925639326,0.0
668.6433481244,136.80068977397138,0.0
668.6487825675179,136.30050669307417,0.0
668.6541536612679,135.8005372106523,0.0
668.6595834759624,135.30078132670576,0.0
668.6650156048687,134.80081184428388,0.0
668.670447733775,134.300842361862,0.0
668.6758798689847,133.80087229926693,0.0
668.681314312032,133.3006739628389,0.0
668.6866853995491,132.80070505733198,0.0
668.6921152142437,132.30094917338545,0.0
668.69754734315,131.80097969096357,0.0
668.7029794720562,131.3010102085417,0.0
668.7084116009624,130.80104072611982,0.0
668.7138437298687,130.30107124369795,0.0
668.7192781729866,129.80088816280073,0.0
668.7246492667366,129.30091868037886,0.0
668.7300790814312,128.80116279643232,0.0
668.7355112166409,128.30119273383724,0.0
668.7409433455472,127.8012079926263,0.0
668.74637546815,127.30123909037763,0.0
668.7518099112679,126.80105600948042,0.0
668.7571810050179,126.30108652705856,0.0
668.7626108197124,125.801330643112,0.0
668.7680429517706,125.30136087060131,0.0
668.7734750806768,124.80138375878492,0.0
668.7789072064312,124.30141456645184,0.0
668.7843393353374,123.80144508403,0.0
668.7897737784554,123.30126200313278,0.0
668.7951448722054,122.8012925207109,0.0
668.8005746869,122.30153663676435,0.0
668.806006818958,121.80156686425366,0.0
668.8114389478643,121.30158975243728,0.0
668.8168733878304,120.80140696162886,0.0
668.8222444815804,120.30143747920698,0.0
668.827674296275,119.80168159526043,0.0
668.833106428333,119.30171182274977,0.0
668.8385385572393,118.80173471093336,0.0
668.8439729972054,118.30155192012496,0.0
668.8493440909554,117.80158243770308,0.0
668.85477390565,117.30182655375656,0.0
668.8602060345562,116.80185707133468,0.0
668.8656381634624,116.3018875889128,0.0
668.8710702923687,115.80191810649092,0.0
668.876502421275,115.30194862406904,0.0
668.8819368643929,114.80176554317184,0.0
668.8873079612594,114.30179577229028,0.0
668.8927377759893,113.80203225732008,0.0
668.8981699017437,113.302063064987,0.0
668.90360203065,112.80209358256512,0.0
668.909034162708,112.30212381005448,0.0
668.9144686057906,111.80193310139184,0.0
668.9198396964241,111.30196390742968,0.0
668.9252695111187,110.8022080234831,0.0
668.930701640025,110.30223854106124,0.0
668.9361337689312,109.80226905863935,0.0
668.9415658978374,109.30229957621746,0.0
668.9469980267437,108.8023300937956,0.0
668.9524324698616,108.3021470128984,0.0
668.9578035636116,107.80217753047653,0.0
668.963233381458,107.3024213564412,0.0
668.9686655103643,106.80244424462477,0.0
668.9740976361187,106.30247505229173,0.0
668.9795297681768,105.80250527978102,0.0
668.9849642112594,105.3023145711184,0.0
668.9903353018929,104.80234537715624,0.0
668.9957651165874,104.30258949320968,0.0
669.0011972454937,103.8026200107878,0.0
669.0066293744,103.30265052836592,0.0
669.0120615033062,102.80268104594404,0.0
669.0174936322124,102.30271156352217,0.0
669.0229280753304,101.80252848262496,0.0
669.0282991690804,101.30255900020308,0.0
669.033728983775,100.80280311625656,0.0
669.039161115833,100.30283334374586,0.0
669.0445932447393,99.80285623192948,0.0
669.0500253704937,99.30288703959638,0.0
669.0554598136116,98.80270395869918,0.0
669.0608309104781,98.30273418781762,0.0
669.066260725208,97.80297067284742,0.0
669.0716928509624,97.30300148051435,0.0
669.0771249798687,96.80303199809246,0.0
669.082557108775,96.3030625156706,0.0
669.0879915518929,95.8028794347734,0.0
669.0933626456429,95.30290995235153,0.0
669.0987924603374,94.803154068405,0.0
669.1042245923956,94.3031842958943,0.0
669.1096567213018,93.8032071840779,0.0
669.1150888470562,93.30323799174484,0.0
669.1205209759624,92.80326850932296,0.0
669.1259554190804,92.30308542842576,0.0
669.1313265128304,91.80311594600386,0.0
669.1367563306768,91.3033597719685,0.0
669.142188459583,90.80338266015212,0.0
669.1476205853374,90.30341346781904,0.0
669.1530527142437,89.80344398539717,0.0
669.1584871573616,89.30326090449996,0.0
669.1638582511116,88.80329142207809,0.0
669.1692880658062,88.30353553813154,0.0
669.1747201947124,87.80356605570967,0.0
669.1801523267706,87.30359628319898,0.0
669.1855844556768,86.80361917138258,0.0
669.1910165814312,86.30364997904951,0.0
669.1964510245491,85.80346689815231,0.0
669.2018221182991,85.30349741573043,0.0
669.2072519361456,84.80374124169508,0.0
669.2126840650518,84.30376412987867,0.0
669.2181161908062,83.8037949375456,0.0
669.2235483197124,83.30382545512373,0.0
669.2289827628304,82.80364237422653,0.0
669.2343538565804,82.30367289180465,0.0
669.239783671275,81.8039170078581,0.0
669.2452158001812,81.30394752543623,0.0
669.2506479322393,80.80397775292555,0.0
669.2560800611456,80.30400064110914,0.0
669.2615121869,79.80403144877607,0.0
669.2669466300179,79.30384836787887,0.0
669.2723177237679,78.803878885457,0.0
669.2777475384624,78.30412300151045,0.0
669.2831796705206,77.80415322899977,0.0
669.2886117994268,77.30417611718336,0.0
669.2940439251812,76.80420692485029,0.0
669.2994783682991,76.30402384395309,0.0
669.3048494620491,75.80405436153121,0.0
669.3102792767437,75.30429847758467,0.0
669.31571140565,74.80432899516279,0.0
669.3211435345562,74.30435951274092,0.0
669.3265756666143,73.80438974023023,0.0
669.3320077955206,73.30441262841383,0.0
669.3374422354866,72.80422983760543,0.0
669.3428133292366,72.30426035518356,0.0
669.3482431439312,71.80450447123701,0.0
669.3536752728374,71.30453498881513,0.0
669.3591074048956,70.80456521630445,0.0
669.3645395338018,70.30458810448805,0.0
669.3699739737679,69.80440531367965,0.0
669.3753450675179,69.30443583125778,0.0
669.3807748822124,68.80467994731123,0.0
669.386213056852,68.30414988708124,0.0
669.3916457385355,67.78863863796667,0.0
669.3955152357374,67.25856130728499,0.0
669.3975136664112,66.72852668736881,0.0
669.3978242117317,66.19808748468334,0.0
669.3961363871488,65.6670377153195,0.0
669.392577851411,65.13680484886015,0.0
669.3872695004324,64.60659432923887,0.0
669.3800829770845,64.0759946114914,0.0
669.3710255775842,63.54563167397816,0.0
669.360155902652,63.01529962970192,0.0
669.3474128908508,62.48500528616225,0.0
669.3328575773525,61.95476060938189,0.0
669.3164221796197,61.424359770783056,0.0
669.2981194127631,60.894225104228695,0.0
669.2780125047159,60.364365905389256,0.0
669.2560857720791,59.83436541335051,0.0
669.2322760112914,59.30424278508251,0.0
669.2065914459217,58.77420182670908,0.0
669.1790539797049,58.24465802960138,0.0
669.1497664797614,57.71521647321661,0.0
669.1185945925255,57.185674823118646,0.0
669.085596980499,56.65602966328437,0.0
669.0506772382345,56.12671215787895,0.0
669.0140060017783,55.597509386058285,0.0
668.9753846964145,55.06823360681882,0.0
668.934981466376,54.53950243303576,0.0
668.8927502282417,54.01070674643477,0.0
668.8486453836018,53.48206121060858,0.0
668.8027278601564,52.95356486987747,0.0
668.754936375457,52.42522685880818,0.0
668.705351539431,51.89726002880614,0.0
668.6539352961569,51.36926714202802,0.0
668.6006453266822,50.84144773914617,0.0
668.5455204303605,50.313604246328914,0.0
668.4885038375961,49.78636330902419,0.0
668.4297977371615,49.259317096421846,0.0
668.3691340345127,48.73227228644856,0.0
668.3066942096546,48.20523768935996,0.0
668.2422817632889,47.67861536708091,0.0
668.1762551507647,47.15282234263437,0.0
668.1083403044983,46.6266568751325,0.0
668.0385239519319,46.10051855778606,0.0
667.9668313846236,45.57462203424366,0.0
667.8933496271504,45.04958596403196,0.0
667.8181492272896,44.52458686407764,0.0
667.7409846667513,43.99965731384038,0.0
667.6620988556763,43.4751894043229,0.0
667.5813072735584,42.95078771542367,0.0
667.4987019933618,42.42666906372041,0.0
667.4142229261389,41.90284346450182,0.0
667.3280303434809,41.379902854380816,0.0
667.2400464587566,40.85665018440273,0.0
667.1499971157167,40.33331384414311,0.0
667.0583075657573,39.81127182498538,0.0
666.9649300432889,39.289557542078896,0.0
666.8695954233685,38.76735467397567,0.0
666.772322762866,38.24549075768136,0.0
666.6733497843256,37.724553952456574,0.0
666.5726243613503,37.20395119502183,0.0
666.4700491918547,36.683508665871344,0.0
666.3656208486716,36.163212468883664,0.0
666.2593551388312,35.64346521452394,0.0
666.1513397925181,35.12410543918632,0.0
666.0414501318514,34.605101601659186,0.0
665.92984857007,34.08667041077789,0.0
665.816393157516,33.56843269165007,0.0
665.7011229795775,33.05057604053708,0.0
665.5841278352252,32.53351013844326,0.0
665.4653089095776,32.016263609303856,0.0
665.3444907660343,31.49941919316881,0.0
665.2221189837234,30.983577864383737,0.0
665.0978891957818,30.467962695900933,0.0
664.9718583018034,29.95257349171921,0.0
664.8439529063745,29.437625584530824,0.0
664.7143937593248,28.92350411555748,0.0
664.5829827368702,28.40943285636019,0.0
664.4496449923909,27.895619344769592,0.0
664.3146449782473,27.38284533547997,0.0
664.1780065342858,26.87072560269484,0.0
664.0394090683288,26.358307483929003,0.0
663.8988730132621,25.846363559353065,0.0
663.7567964052205,25.335671112819963,0.0
663.6129764472839,24.825270520681304,0.0
663.4672871970204,24.3151675560958,0.0
663.3198454766979,23.805569460976947,0.0
663.1705347702555,23.29629045571829,0.0
663.019520771184,22.78789813641654,0.0
662.8668157795141,22.280025645614543,0.0
662.712181605689,21.772296373267924,0.0
662.5558490004933,21.26547981675205,0.0
662.3978251082245,20.75919478449949,0.0
662.2379848028028,20.25344541548217,0.0
662.0764552960321,19.74825605131421,0.0
661.9129919964968,19.24324672560765,0.0
661.7478332579487,18.739165692140045,0.0
661.5810432165233,18.235832510837863,0.0
661.4123778052136,17.732708068890897,0.0
661.2419601035232,17.2303431652335,0.0
661.0699766289548,16.72893213508891,0.0
660.8961108505671,16.227555705481908,0.0
660.7203663075026,15.72677323944953,0.0
660.5430610565468,15.226969295518687,0.0
660.3639375293775,14.72758619657462,0.0
660.1830568827494,14.22881039682291,0.0
660.0005583354153,13.731027963104248,0.0
659.8163630432548,13.233686260288144,0.0
659.6301482744793,12.73643289267351,0.0
659.442390882085,12.240541622446,0.0
659.2529958175893,11.745114761799758,0.0
659.0587033789075,11.242582847331468,0.0
658.8387074594234,10.686281112080348,0.0
658.6085215222463,10.12426093648272,0.0
658.3713462756627,9.565032902016762,0.0
658.127470394154,9.009055150238344,0.0
657.8768912567875,8.456238899561471,0.0
657.6195288113352,7.906353430650963,0.0
657.3552431218043,7.359329249448056,0.0
657.0844033520956,6.816002537014066,0.0
656.8070354156342,6.27599701730361,0.0
656.5228765194513,5.739238956716842,0.0
656.232343570815,5.206246271972486,0.0
655.935204803885,4.676664887756628,0.0
655.6315349096095,4.15070840324198,0.0
655.3215596982407,3.628732745211958,0.0
655.005241948189,3.110534414735826,0.0
654.6825184595077,2.5961864030209374,0.0
654.3536853804887,2.0860328614458576,0.0
654.0184562344901,1.5796091981266118,0.0
653.6768784374385,1.0772616202191392,0.0
653.329497862946,0.5795785171220582,0.0
652.9760848615875,0.0861084238071616,0.0
652.6163914302682,-0.4033242902983187,0.0
652.2507831223292,-0.8881454499067556,0.0
651.879354317434,-1.368416162043351,0.0
651.5019508530634,-1.844184884780077,0.0
651.1188857840983,-2.31514788625781,0.0
650.7299444858861,-2.7815774026965654,0.0
650.335340634987,-3.2430782910356744,0.0
649.935322572743,-3.699586965577165,0.0
649.5296454824165,-4.151253317954193,0.0
649.118339009321,-4.598104491786601,0.0
648.7015663504001,-5.03976875691768,0.0
648.2797274707762,-5.476093764702258,0.0
647.8521953652258,-5.907598826236524,0.0
647.4194769498358,-6.333641410402855,0.0
646.9818873828004,-6.754166483592037,0.0
646.5388903843248,-7.169571497400733,0.0
646.0908668650844,-7.579431721955059,0.0
645.6379066157299,-7.983781083900943,0.0
645.1799535964939,-8.382554611510322,0.0
644.7172885433754,-8.77561832950347,0.0
644.2497204327461,-9.163076077905142,0.0
643.777508671294,-9.54470873948819,0.0
643.3006797052872,-9.920544594181685,0.0
642.8193257148477,-10.29045718879904,0.0
642.3333717084035,-10.654590743573811,0.0
641.8428112896513,-11.01275904949772,0.0
641.3482162186806,-11.364719265386402,0.0
640.8492408251885,-11.710672781570247,0.0
640.3460417941678,-12.050501975781184,0.0
639.8387696279061,-12.384101776835728,0.0
639.327454812404,-12.711486459309455,0.0
638.8121022798782,-13.032603417778173,0.0
638.2928458181015,-13.34739896209964,0.0
637.7697733856254,-13.655777541336594,0.0
637.2431448845836,-13.957655405502935,0.0
636.7127094701154,-14.25316585067699,0.0
636.178572407303,-14.542173683307926,0.0
635.6410684693635,-14.824554992380715,0.0
635.1001145213215,-15.10034832174167,0.0
634.5558575757212,-15.36947192748374,0.0
634.0084200535418,-15.631892286847638,0.0
633.4577152034552,-15.887641380984928,0.0
632.9038872821004,-16.136613993460475,0.0
632.3471368294972,-16.378765500094623,0.0
631.7873331435325,-16.614122757377327,0.0
631.2247328351838,-16.84256707381403,0.0
630.6594661327218,-17.0640910272626,0.0
630.0914691891157,-17.278689887298807,0.0
629.5209322658836,-17.48630606888903,0.0
628.9478058691008,-17.686950673917806,0.0
628.3722810535454,-17.880528163263893,0.0
627.794523988254,-18.067043899207647,0.0
627.2144322777253,-18.246476231114663,0.0
626.6322677144476,-18.418782537296337,0.0
626.0479525073866,-18.58395971134354,0.0
625.4616865189433,-18.74195748065883,0.0
624.8735511466493,-18.892755214955457,0.0
624.2836416425581,-19.036340451802616,0.0
623.6919361141548,-19.17270689011918,0.0
623.0985639829539,-19.30180365548861,0.0
622.5037762574755,-19.423608021664105,0.0
621.9074819352629,-19.538142148427625,0.0
621.3097697391449,-19.64534474215764,0.0
620.7110015082542,-19.745219741759307,0.0
620.1108375494963,-19.83776437362978,0.0
619.509700848835,-19.922937495677743,0.0
618.9075570408924,-20.000748021386432,0.0
618.3044604885171,-20.0711786147349,0.0
617.7005307582415,-20.134212603665983,0.0
617.0959044843818,-20.189843567003862,0.0
616.4906616976298,-20.23806590803061,0.0
615.8848368160793,-20.278868948643133,0.0
615.2786139104792,-20.31224891984521,0.0
614.6719383175637,-20.33820166506636,0.0
614.0650690155958,-20.356720990204032,0.0
613.4626799268327,-20.36774724223033,0.0
612.9176895976523,-20.372332843732632,0.0
612.4158795167705,-20.37600676437796,0.0
611.9158795167705,-20.37966696640433,0.0
611.4158810805473,-20.383327156982872,0.0
610.9159421157035,-20.38698735900924,0.0
610.4159405519267,-20.39064757248343,0.0
609.9159405519267,-20.3943077745098,0.0
609.4159421157035,-20.39796796508834,0.0
608.9160031508598,-20.40162816711471,0.0
608.416001587083,-20.4052883805889,0.0
607.916001587083,-20.408948582615267,0.0
607.416001587083,-20.412608784641638,0.0
606.9159964752686,-20.416269024084816,0.0
606.4160575104248,-20.41992731876255,0.0
605.9160626222392,-20.423587483372103,0.0
605.4160626222392,-20.42724768539847,0.0
604.916064186016,-20.430907875977013,0.0
604.4161252211723,-20.43456807800338,0.0
603.9161236573955,-20.43822829147757,0.0
603.4161236573955,-20.44188849350394,0.0
602.9161236573955,-20.445548695530302,0.0
602.4161252211723,-20.44920888610885,0.0
601.9161862563285,-20.452869088135216,0.0
601.4161846925517,-20.456529301609407,0.0
600.9161846925517,-20.46018950363577,0.0
600.4161862563285,-20.46384969421432,0.0
599.9162472914848,-20.467509896240685,0.0
599.416245727708,-20.47117010971488,0.0
598.9162390525241,-20.47483036059992,0.0
598.4162390525241,-20.47848865527765,0.0
597.9162472914848,-20.48214879699752,0.0
597.416308326641,-20.485808999023888,0.0
596.9163067628642,-20.48946921249808,0.0
596.4163067628642,-20.493129414524446,0.0
595.916308326641,-20.49678960510299,0.0
595.4163693617973,-20.50044980712936,0.0
594.9163677980205,-20.504110020603548,0.0
594.4163677980205,-20.507770222629915,0.0
593.9163677980205,-20.51143042465628,0.0
593.4163693617973,-20.515090615234826,0.0
592.9164303969535,-20.518750817261196,0.0
592.4164288331767,-20.522411030735384,0.0
591.9164288331767,-20.52607123276175,0.0
591.4164288331767,-20.52973143478812,0.0
590.9164237213623,-20.5333916742313,0.0
590.4164847565186,-20.537049968909034,0.0
589.916489868333,-20.540710133518587,0.0
589.416489868333,-20.544370335544954,0.0
588.9164914321098,-20.548030526123497,0.0
588.416552467266,-20.551690728149865,0.0
587.9165509034892,-20.555350941624056,0.0
587.4165509034892,-20.559011143650423,0.0
586.9165509034892,-20.56267134567679,0.0
586.416552467266,-20.566331536255333,0.0
585.9166135024223,-20.5699917382817,0.0
585.4166119386455,-20.57365195175589,0.0
584.9166119386455,-20.57731215378226,0.0
584.4166135024223,-20.5809723443608,0.0
583.9166745375785,-20.58463254638717,0.0
583.4166729738017,-20.58829275986136,0.0
582.9166662986179,-20.591953010746405,0.0
582.4166662986179,-20.59561130542414,0.0
581.9166745375785,-20.599271447144005,0.0
581.4167355727348,-20.60293164917037,0.0
580.916734008958,-20.606591862644564,0.0
580.416734008958,-20.61025206467093,0.0
579.9167355727348,-20.613912255249478,0.0
579.416796607891,-20.61757245727584,0.0
578.9167950441142,-20.621232670750032,0.0
578.4167950441142,-20.6248928727764,0.0
577.9167950441142,-20.628553074802767,0.0
577.416796607891,-20.63221326538131,0.0
576.9168576430473,-20.63587346740768,0.0
576.4168560792705,-20.63953368088187,0.0
575.9168560792705,-20.64319388290824,0.0
575.4168560792705,-20.646854084934603,0.0
574.9168509674561,-20.650514324377784,0.0
574.4169120026123,-20.65417261905552,0.0
573.9169171144267,-20.65783278366507,0.0
573.4169171144267,-20.66149298569144,0.0
572.9169186782035,-20.665153176269985,0.0
572.4169797133598,-20.66881337829635,0.0
571.916978149583,-20.67247359177054,0.0
571.416978149583,-20.676133793796907,0.0
570.916978149583,-20.679793995823275,0.0
570.4169797133598,-20.683454186401818,0.0
569.917040748516,-20.687114388428185,0.0
569.4170391847392,-20.690774601902376,0.0
568.9170391847392,-20.694434803928743,0.0
568.417040748516,-20.698094994507287,0.0
567.9171017836723,-20.701755196533654,0.0
567.4170935447116,-20.70541545886652,0.0
566.9170935447116,-20.709073753544256,0.0
566.4171002198955,-20.712733906711943,0.0
565.9171017836723,-20.71639409729049,0.0
565.4171628188285,-20.720054299316857,0.0
564.9171612550517,-20.723714512791048,0.0
564.4171612550517,-20.72737471481741,0.0
563.9171628188285,-20.73103490539596,0.0
563.4172238539848,-20.73469510742233,0.0
562.917222290208,-20.73835532089652,0.0
562.417222290208,-20.742015522922884,0.0
561.917222290208,-20.74567572494925,0.0
561.4172238539848,-20.749335915527794,0.0
560.917284889141,-20.75299611755416,0.0
560.4172833253642,-20.756656331028356,0.0
559.9172833253642,-20.76031653305472,0.0
559.4172782135498,-20.7639767724979,0.0
558.9173392487061,-20.76763506717564,0.0
558.4173443605205,-20.77129523178519,0.0
557.9173443605205,-20.77495543381156,0.0
557.4173443605205,-20.778615635837923,0.0
556.9173459242973,-20.782275826416463,0.0
556.4174069594535,-20.785936028442837,0.0
555.9174053956767,-20.789596241917025,0.0
555.4174053956767,-20.793256443943392,0.0
554.9174069594535,-20.79691663452193,0.0
554.4174679946098,-20.800576836548306,0.0
553.917466430833,-20.804237050022493,0.0
553.417466430833,-20.80789725204886,0.0
552.917466430833,-20.811557454075228,0.0
552.4174679946098,-20.81521764465377,0.0
551.917529029766,-20.818877846680135,0.0
551.4175207908054,-20.822538109013006,0.0
550.9175207908054,-20.82619640369074,0.0
550.4168489483853,-20.82986145810681,0.0
549.9100476393983,-20.833375466367706,0.0
549.4012584973584,-20.83641743925428,0.0
548.8924895657292,-20.838933522340128,0.0
548.3837128258168,-20.840952089029862,0.0
547.875466043052,-20.842441245597723,0.0
547.3727498605781,-20.8435735516242,0.0
546.8726339157928,-20.8446648101761,0.0
546.3726339157928,-20.8457577209427,0.0
545.8726339157928,-20.84684872436067,0.0
545.3726339157928,-20.84794163512727,0.0
544.8726272401203,-20.84903265311797,0.0
544.3726339157928,-20.850123641963208,0.0
543.8726339157928,-20.85121655272981,0.0
543.3726272401203,-20.852307570720505,0.0
542.8726339157928,-20.853398559565747,0.0
542.3726339157928,-20.85449147033235,0.0
541.8726339157928,-20.85558247375032,0.0
541.3726339157928,-20.85667538451692,0.0
540.8726272401203,-20.85776640250761,0.0
540.3726339157928,-20.858857391352856,0.0
539.8726339157928,-20.859950302119454,0.0
539.3726339157928,-20.861041305537427,0.0
538.8726339157928,-20.862134216304028,0.0
538.3726272401203,-20.863225234294724,0.0
537.8726339157928,-20.86431622313997,0.0
537.3726339157928,-20.865409133906567,0.0
536.8726339157928,-20.866500137324536,0.0
536.3726339157928,-20.867593048091138,0.0
535.8726272401203,-20.868684066081837,0.0
535.3726339157928,-20.869775054927075,0.0
534.8726339157928,-20.87086796569368,0.0
534.3726272401203,-20.87195898368437,0.0
533.8726339157928,-20.87304997252961,0.0
533.3726339157928,-20.874142883296216,0.0
532.8726343823523,-20.875233885695227,0.0
532.3726954175086,-20.87632679646183,0.0
531.8726882752766,-20.87741781547148,0.0
531.372694950949,-20.878508804316724,0.0
530.872694950949,-20.879601715083325,0.0
530.372694950949,-20.88069271850129,0.0
529.872694950949,-20.881785629267892,0.0
529.3726882752766,-20.88287664725859,0.0
528.872694950949,-20.883967636103836,0.0
528.372694950949,-20.885060546870434,0.0
527.8726882752766,-20.88615156486113,0.0
527.372694950949,-20.88724255370637,0.0
526.872694950949,-20.888335464472974,0.0
526.3726882752766,-20.88942648246367,0.0
525.872694950949,-20.89051747130891,0.0
525.372694950949,-20.891610382075516,0.0
524.8726882752766,-20.89270140006621,0.0
524.372694950949,-20.89379238891145,0.0
523.872694950949,-20.89488529967805,0.0
523.372694950949,-20.89597630309602,0.0
522.872694950949,-20.897069213862626,0.0
522.3726882752766,-20.89816023185332,0.0
521.872694950949,-20.89925122069856,0.0
521.372694950949,-20.90034413146516,0.0
520.872694950949,-20.90143513488313,0.0
520.372694950949,-20.90252804564973,0.0
519.8726882752766,-20.903619063640427,0.0
519.372694950949,-20.90471005248567,0.0
518.872694950949,-20.90580296325227,0.0
518.372694950949,-20.90689396667024,0.0
517.872694950949,-20.90798687743684,0.0
517.3726882752766,-20.909077895427536,0.0
516.872694950949,-20.910168884272775,0.0
516.372694950949,-20.91126179503938,0.0
515.8726882752766,-20.91235281303008,0.0
515.372694950949,-20.91344380187532,0.0
514.872694950949,-20.91453671264192,0.0
514.372694950949,-20.915627716059888,0.0
513.872694950949,-20.91672062682649,0.0
513.3726882752766,-20.917811644817185,0.0
512.872694950949,-20.918902633662427,0.0
512.3726947176907,-20.91999554493844,0.0
511.87266443337097,-20.921086547847,0.0
511.37269518422175,-20.922179458104143,0.0
510.87268827527663,-20.92327047660429,0.0
510.3726949509492,-20.924361465449536,0.0
509.8726949509492,-20.925454376216138,0.0
509.37268827527663,-20.926545394206837,0.0
508.8726949509492,-20.927636383052075,0.0
508.3726949509492,-20.92872929381868,0.0
507.8726949509492,-20.929820297236645,0.0
507.3726949509492,-20.930913208003247,0.0
506.87268827527663,-20.932004225993943,0.0
506.3726949509492,-20.933095214839184,0.0
505.8726949509492,-20.934188125605782,0.0
505.3726949509492,-20.935279129023755,0.0
504.8726949509492,-20.93637203979036,0.0
504.37268827527663,-20.93746305778105,0.0
503.8726949509492,-20.93855404662629,0.0
503.3726949509492,-20.939646957392892,0.0
502.8726949509492,-20.940737960810864,0.0
502.3726949509492,-20.941830871577466,0.0
501.87268827527663,-20.94292188956816,0.0
501.3726949509492,-20.944012878413403,0.0
500.8726949509492,-20.945105789180005,0.0
500.37268827527663,-20.9461968071707,0.0
499.87269518422175,-20.947287795506487,0.0
499.3727257017998,-20.94838070627309,0.0
498.8727254685272,-20.949471710200516,0.0
498.3727254685272,-20.950564620967118,0.0
497.8727187928547,-20.95165563895781,0.0
497.3727254685272,-20.95274662780305,0.0
496.8727254685272,-20.953839538569653,0.0
496.3727254685272,-20.954930541987626,0.0
495.8727254685272,-20.956023452754224,0.0
495.3727187928547,-20.95711447074492,0.0
494.8727254685272,-20.95820545959016,0.0
494.3727254685272,-20.959298370356763,0.0
493.8727187928547,-20.96038938834746,0.0
493.3727254685272,-20.9614803771927,0.0
492.8727254685272,-20.9625732879593,0.0
492.3727254685272,-20.96366429137727,0.0
491.8727254685272,-20.964757202143872,0.0
491.3727187928547,-20.965848220134568,0.0
490.8727254685272,-20.96693920897981,0.0
490.3727254685272,-20.96803211974641,0.0
489.8727254685272,-20.96912312316438,0.0
489.3727257017998,-20.97021603342153,0.0
488.87274954350175,-20.971307051413117,0.0
488.37275598610535,-20.97239804076692,0.0
487.87275598610535,-20.97349095153352,0.0
487.3727493104328,-20.974581969524216,0.0
486.87275598610535,-20.975672958369454,0.0
486.37275598610535,-20.97676586913606,0.0
485.87275598610535,-20.977856872554028,0.0
485.37275598610535,-20.97894978332063,0.0
484.8727493104328,-20.98004080131133,0.0
484.37275598610535,-20.981131790156567,0.0
483.87275598610535,-20.98222470092317,0.0
483.37275598610535,-20.983315704341138,0.0
482.87275598610535,-20.98440861510774,0.0
482.3727493104328,-20.985499633098435,0.0
481.87275598610535,-20.98659062194368,0.0
481.37275598610535,-20.98768353271028,0.0
480.87275598610535,-20.988774536128247,0.0
480.37275598610535,-20.98986744689485,0.0
479.8727493104328,-20.990958464885544,0.0
479.37275598610535,-20.992049453730782,0.0
478.87275598610535,-20.993142364497388,0.0
478.3727493104328,-20.994233382488083,0.0
477.87275598610535,-20.995324371333325,0.0
477.37275598610535,-20.996417282099927,0.0
476.872756219378,-20.99750828500844,0.0
476.3727867369561,-20.99860119577504,0.0
475.87277982801095,-20.999692214275196,0.0
475.3727865036834,-21.000783203120434,0.0
474.8727865036834,-21.00187611388704,0.0
474.3727865036834,-21.002967117305005,0.0
473.8727865036834,-21.004060028071606,0.0
473.37277982801095,-21.005151046062306,0.0
472.8727865036834,-21.006242034907544,0.0
472.3727865036834,-21.007334945674145,0.0
471.87277982801095,-21.00842596366484,0.0
471.3727865036834,-21.009516952510083,0.0
470.8727865036834,-21.010609863276684,0.0
470.3727865036834,-21.011700866694653,0.0
469.8727865036834,-21.01279377746125,0.0
469.37277982801095,-21.01388479545195,0.0
468.8727865036834,-21.014975784297192,0.0
468.3727865036834,-21.016068695063797,0.0
467.8727865036834,-21.017159698481763,0.0
467.3727865036834,-21.018252609248364,0.0
466.87277982801095,-21.01934362723906,0.0
466.3727865036834,-21.0204346160843,0.0
465.8727865036834,-21.021527526850903,0.0
465.3727865036834,-21.022618530268872,0.0
464.8727865036834,-21.023711441035477,0.0
464.37277982801095,-21.02480245902617,0.0
463.8727865036834,-21.02589344787141,0.0
463.3727867369561,-21.02698635812856,0.0
462.872810578658,-21.028077376120144,0.0
462.3728170212616,-21.02916836547395,0.0
461.8728170212616,-21.03026127624055,0.0
461.3728170212616,-21.03135227965852,0.0
460.8728170212616,-21.03244519042512,0.0
460.3728103455891,-21.033536208415818,0.0
459.8728170212616,-21.03462719726106,0.0
459.3728170212616,-21.03572010802766,0.0
458.8728170212616,-21.03681111144563,0.0
458.3728170212616,-21.03790402221223,0.0
457.8728103455891,-21.038995040202927,0.0
457.3728170212616,-21.04008602904817,0.0
456.8728170212616,-21.04117893981477,0.0
456.3728103455891,-21.042269957805463,0.0
455.8728170212616,-21.043360946650708,0.0
455.3728170212616,-21.04445385741731,0.0
454.8728170212616,-21.04554486083528,0.0
454.3728170212616,-21.04663777160188,0.0
453.8728103455891,-21.047728789592576,0.0
453.3728170212616,-21.048819778437817,0.0
452.8728170212616,-21.04991268920442,0.0
452.3728170212616,-21.051003692622388,0.0
451.8728172545342,-21.052096602879534,0.0
451.3728410962361,-21.05318762087112,0.0
450.8728475388397,-21.054278610224927,0.0
450.3728475388397,-21.055371520991528,0.0
449.8728475388397,-21.056462524409497,0.0
449.3728475388397,-21.0575554351761,0.0
448.8728408631672,-21.058646453166794,0.0
448.3726369314245,-21.05973789562401,0.0
447.8687655912401,-21.060778496375512,0.0
447.3602292076414,-21.061429038852108,0.0
446.8514285804647,-21.06152330641983,0.0
446.34275743376327,-21.0611506712138,0.0
445.8339872338062,-21.060249946935727,0.0
445.3256114952731,-21.05885484931764,0.0
444.8219897342997,-21.05706233918214,0.0
444.32188098980953,-21.055240316921854,0.0
443.8218747031408,-21.053420683429238,0.0
443.3218747031408,-21.051597258136265,0.0
442.8218813787281,-21.0497776718536,0.0
442.3218747031408,-21.047956129596223,0.0
441.8218813787281,-21.04613463596493,0.0
441.3218747031408,-21.044315001056187,0.0
440.8218747031408,-21.04249157576322,0.0
440.32188098980953,-21.04067198806443,0.0
439.82190483159656,-21.03885044580557,0.0
439.3219118963063,-21.03702895359188,0.0
438.8219052207189,-21.03520931868314,0.0
438.3219052207189,-21.03338589339017,0.0
437.8219118963063,-21.031566307107507,0.0
437.3219052207189,-21.029744764850133,0.0
436.8219118963063,-21.027923271218835,0.0
436.3219052207189,-21.026103636310093,0.0
435.82190483159656,-21.02428020959952,0.0
435.3219420249658,-21.022460623318334,0.0
434.821935738297,-21.02063908247709,0.0
434.3219424138844,-21.01881758884579,0.0
433.821935738297,-21.016997953937047,0.0
433.321935738297,-21.01517452864408,0.0
432.8219424138844,-21.013354942361413,0.0
432.321935738297,-21.01153340010404,0.0
431.8219424138844,-21.00971190647274,0.0
431.3219420249658,-21.00789229446092,0.0
430.8219658667528,-21.006070752202056,0.0
430.3219662558751,-21.004249235675328,0.0
429.8219662558751,-21.002427717730992,0.0
429.3219729314625,-21.00060622409969,0.0
428.8219729314625,-20.99878661350399,0.0
428.3219662558751,-20.996965071246617,0.0
427.8219662558751,-20.99514355330228,0.0
427.3219662558751,-20.993322035357945,0.0
426.8219725425439,-20.991500540310525,0.0
426.322003060122,-20.989680929714822,0.0
425.8219967734533,-20.98785938887357,0.0
425.3220034490406,-20.986037895242276,0.0
424.8219967734533,-20.98421826033353,0.0
424.3219967734533,-20.98239483504056,0.0
423.8220034490406,-20.980575248757894,0.0
423.3219967734533,-20.978753706500523,0.0
422.8220034490406,-20.976932212869222,0.0
422.3219967734533,-20.975112577960484,0.0
421.8219963843309,-20.973289151249908,0.0
421.3220335777002,-20.97146956496873,0.0
420.8220272910314,-20.96964802412748,0.0
420.3220339666188,-20.96782653049618,0.0
419.8220272910314,-20.96600689558744,0.0
419.3220272910314,-20.96418347029447,0.0
418.8220339666188,-20.962363884011804,0.0
418.3220272910314,-20.96054234175443,0.0
417.8220339666188,-20.95872084812313,0.0
417.32202690190906,-20.956901211796783,0.0
416.8220574194871,-20.95507778650381,0.0
416.32206448419686,-20.95325820163876,0.0
415.8220578086095,-20.951436659381383,0.0
415.32206448419686,-20.949615165750085,0.0
414.8220578086095,-20.947795530841343,0.0
414.3220578086095,-20.94597210554837,0.0
413.82206448419686,-20.94415251926571,0.0
413.3220578086095,-20.942330977008336,0.0
412.82206448419686,-20.94050948337704,0.0
412.3220640952783,-20.938689871365213,0.0
411.8220879370653,-20.936868329106357,0.0
411.3220883261876,-20.935046812579625,0.0
410.8220883261876,-20.93322529463529,0.0
410.322095001775,-20.93140380100399,0.0
409.822095001775,-20.92958419040829,0.0
409.3220883261876,-20.927762648150917,0.0
408.8220883261876,-20.925941130206574,0.0
408.3220879370653,-20.924119610844635,0.0
407.8221251304345,-20.922298117214822,0.0
407.3221255193531,-20.92047850803524,0.0
406.82211884376574,-20.918656965777867,0.0
406.3221255193531,-20.91683547214657,0.0
405.82211884376574,-20.915015837237828,0.0
405.32211884376574,-20.91319241194486,0.0
404.8221255193531,-20.911372825662195,0.0
404.32211884376574,-20.90955128340482,0.0
403.8221255193531,-20.907729789773523,0.0
403.3221184546434,-20.905910153447174,0.0
402.8221489722215,-20.904086728154205,0.0
402.3221560369312,-20.902267143289148,0.0
401.8221493613439,-20.900445601031773,0.0
401.3221560369312,-20.89862410740048,0.0
400.8221493613439,-20.89680447249173,0.0
400.3221493613439,-20.894981047198765,0.0
399.8221560369312,-20.8931614609161,0.0
399.3221489722215,-20.89133991724112,0.0
398.8221861655908,-20.889518423611307,0.0
398.322179878922,-20.887698790118687,0.0
397.822179878922,-20.88587536482572,0.0
397.32218655450936,-20.88405577854305,0.0
396.822179878922,-20.88223423628568,0.0
396.32218655450936,-20.880412742654386,0.0
395.822179878922,-20.87859310774564,0.0
395.322179878922,-20.87676968245267,0.0
394.82218655450936,-20.874950096170007,0.0
394.3221794897996,-20.873128552495025,0.0
393.8222166831689,-20.871307058865213,0.0
393.3222170720875,-20.869487449685632,0.0
392.8222103965001,-20.867665907428258,0.0
392.3222103965001,-20.86584438948392,0.0
391.8222103965001,-20.864022871539586,0.0
391.3222170720875,-20.86220137790829,0.0
390.8222170720875,-20.860381767312585,0.0
390.32221000737775,-20.858560223637603,0.0
389.82224720074703,-20.85673873000779,0.0
389.32224091407824,-20.85491909651517,0.0
388.82224091407824,-20.853095671222203,0.0
388.3222475896656,-20.85127608493954,0.0
387.82224091407824,-20.849454542682164,0.0
387.3222475896656,-20.847633049050867,0.0
386.82224091407824,-20.845813414142125,0.0
386.32224091407824,-20.84398998884916,0.0
385.8222475896656,-20.84217040256649,0.0
385.32224091407824,-20.84034886030912,0.0
384.82224720074703,-20.838527365261697,0.0
384.322271042534,-20.83670773035147,0.0
383.8222714316564,-20.83488430647611,0.0
383.3222781072437,-20.833064720193445,0.0
382.8222714316564,-20.83124317793607,0.0
382.3222781072437,-20.829421684304773,0.0
381.8222714316564,-20.82760204939603,0.0
381.322271042534,-20.82577862268545,0.0
380.8223082359033,-20.823959036404275,0.0
380.3223019492345,-20.822137495563023,0.0
379.82230862482186,-20.82031600193173,0.0
379.3223019492345,-20.818496367022984,0.0
378.8223019492345,-20.816672941730012,0.0
378.32230862482186,-20.81485335544735,0.0
377.8223019492345,-20.813031813189976,0.0
377.32230862482186,-20.81121031955868,0.0
376.8223019492345,-20.809390684649937,0.0
376.3223019492345,-20.80756725935697,0.0
375.82230862482186,-20.805747673074304,0.0
375.3223015601121,-20.80392612939932,0.0
374.8223387534814,-20.80210463576951,0.0
374.3223391424,-20.80028502658993,0.0
373.8223324668126,-20.798463484332554,0.0
373.3223324668126,-20.79664196638822,0.0
372.8223324668126,-20.794820448443883,0.0
372.3223391424,-20.792998954812585,0.0
371.8223387534814,-20.79117934280076,0.0
371.3223625952684,-20.7893578005419,0.0
370.8223696599781,-20.78753630832821,0.0
370.32236298439074,-20.78571667341947,0.0
369.82236298439074,-20.7838932481265,0.0
369.3223696599781,-20.782073661843835,0.0
368.82236298439074,-20.78025211958646,0.0
368.3223696599781,-20.778430625955163,0.0
367.82236298439074,-20.77661099104642,0.0
367.32236298439074,-20.774787565753453,0.0
366.8223696599781,-20.77296797947079,0.0
366.3223625952684,-20.771146435795806,0.0
365.8223997886377,-20.769324942165994,0.0
365.3223935019689,-20.76750530867337,0.0
364.8223935019689,-20.76568188338041,0.0
364.3224001775563,-20.76386229709774,0.0
363.8223935019689,-20.762040754840367,0.0
363.3224001775563,-20.76021926120907,0.0
362.82239311284656,-20.75839962488272,0.0
362.3224236304246,-20.75657619958975,0.0
361.8224306951344,-20.75475661472469,0.0
361.322424019547,-20.75293507246732,0.0
360.8224306951344,-20.751113578836023,0.0
360.322424019547,-20.74929394392728,0.0
359.822424019547,-20.747470518634312,0.0
359.3224306951344,-20.745650932351648,0.0
358.822424019547,-20.743829390094277,0.0
358.3224306951344,-20.742007896462976,0.0
357.822424019547,-20.740188261554238,0.0
357.322424019547,-20.738364836261265,0.0
356.8224303062158,-20.73654524856248,0.0
356.32245414800275,-20.73472370630362,0.0
355.8224612127125,-20.73290221408993,0.0
355.3224612127125,-20.731082603494222,0.0
354.8224545371251,-20.72926106123685,0.0
354.3224545371251,-20.727439543292515,0.0
353.8224545371251,-20.72561802534818,0.0
353.3224608237939,-20.72379653030076,0.0
352.82249134137203,-20.721976919705057,0.0
352.32248505470324,-20.720155378863804,0.0
351.8224917302906,-20.718333885232507,0.0
351.32248505470324,-20.716514250323765,0.0
350.8224846655809,-20.71469082361319,0.0
350.32252224786873,-20.71287123874813,0.0
349.82248544380184,-20.71104969790824,0.0
349.32249134137203,-20.709228201443334,0.0
348.82252224786873,-20.70740859226376,0.0
348.32248544380184,-20.705587051423866,0.0
347.8224846655809,-20.70376553064444,0.0
347.32251479401293,-20.701944011282364,0.0
346.8225523765283,-20.70012251907029,0.0
346.3225460898595,-20.69830288557767,0.0
345.8225460898595,-20.696479460284703,0.0
345.3225598297256,-20.694659899716857,0.0
344.82251557228136,-20.692840239093297,0.0
344.32254531159106,-20.69101681096498,0.0
343.82257621831525,-20.689197201787017,0.0
343.3225769965362,-20.687373779329132,0.0
342.82255276544686,-20.68555419162899,0.0
342.3225766074376,-20.683732649371617,0.0
341.82255315434173,-20.681911157156318,0.0
341.3225460898595,-20.680091520831574,0.0
340.8225457007371,-20.678268094121,0.0
340.322583283025,-20.676448509255945,0.0
339.82255276544686,-20.67462699131161,0.0
339.322583283025,-20.672807380715906,0.0
338.8225460898595,-20.67098583845853,0.0
338.32257621831525,-20.669164319096588,0.0
337.8225766074376,-20.66734280256986,0.0
337.322583283025,-20.66552130893856,0.0
336.8225828941064,-20.663701696926736,0.0
336.32260712501574,-20.661880156085484,0.0
335.8225766074376,-20.660058638141148,0.0
335.32261341168453,-20.65823714309373,0.0
334.82260712501574,-20.65641750960111,0.0
334.32260712501574,-20.65459408430814,0.0
333.82261341168453,-20.652774496609357,0.0
333.32263725347144,-20.65095295435049,0.0
332.8226443181812,-20.649131462136804,0.0
332.3226376425938,-20.647311827228062,0.0
331.8226376425938,-20.645488401935093,0.0
331.3226513824599,-20.643668841367248,0.0
330.82260751411434,-20.641849182161167,0.0
330.32260712501574,-20.64002575545072,0.0
329.82262047619065,-20.63820619346836,0.0
329.3226067358934,-20.636386532841705,0.0
328.82263018833066,-20.63456308180226,0.0
328.3226744468408,-20.632741613918924,0.0
327.82267483575936,-20.630922004739343,0.0
327.32266187388706,-20.62910043957516,0.0
326.8226380316924,-20.62727703860648,0.0
326.3226509937687,-20.62545747520664,0.0
325.8226368643254,-20.623637813162247,0.0
325.3226978994817,-20.62181438786928,0.0
324.8227053533375,-20.61999480442196,0.0
324.3226990668487,-20.618173263582065,0.0
323.82267522465423,-20.616351769949283,0.0
323.3226744468408,-20.614532156521463,0.0
322.8226986777501,-20.61271061568021,0.0
322.32266187388706,-20.610889074829068,0.0
321.8226677710496,-20.6090656710253,0.0
321.3227049644189,-20.60724608474412,0.0
320.8227053533375,-20.605424568215906,0.0
320.3227049644189,-20.60360495620408,0.0
319.82272919532824,-20.601783415362828,0.0
319.3226990668487,-20.59996189883597,0.0
318.82269828862775,-20.59814037805655,0.0
318.3227288062059,-20.596318860112213,0.0
317.8227358709156,-20.594497367898523,0.0
317.32274215778824,-20.592677780188485,0.0
316.822759323784,-20.59085812097647,0.0
316.32276010200496,-20.58903469851859,0.0
315.8227362598105,-20.58721511223444,0.0
315.3227288062059,-20.585393567143463,0.0
314.82276599957515,-20.58357207351365,0.0
314.32276010200496,-20.58175244143851,0.0
313.82272919532824,-20.579929014728062,0.0
313.3227597129064,-20.57810940413236,0.0
312.82272958442684,-20.57628598025687,0.0
312.32274215778824,-20.57446641544239,0.0
311.8227597129064,-20.572646757647984,0.0
311.32272958442684,-20.57082333377249,0.0
310.8227358709156,-20.56900374607235,0.0
310.3227288062059,-20.56718220239737,0.0
309.822759323784,-20.565360684453037,0.0
309.322759323784,-20.563539166508697,0.0
308.82279690607186,-20.561717674295007,0.0
308.32276599957515,-20.55989806228318,0.0
307.82282035894025,-20.55807652002432,0.0
307.3227906195831,-20.556255004915077,0.0
306.82279690607186,-20.554433509866296,0.0
306.32279690607186,-20.552613899270597,0.0
305.8227902304845,-20.55079235701322,0.0
305.3227902304845,-20.548970839068883,0.0
304.8227898413621,-20.54714931970694,0.0
304.3228270347314,-20.545327826077127,0.0
303.82282742365,-20.543508216897543,0.0
303.3228207480626,-20.54168667464017,0.0
302.8228207480626,-20.53986515669584,0.0
302.3228207480626,-20.5380436387515,0.0
301.82282742365,-20.5362221451202,0.0
301.32282742365,-20.5344025345245,0.0
300.8228207480626,-20.532580992267125,0.0
300.32282035894025,-20.53075947290518,0.0
299.8228575523096,-20.52893797927537,0.0
299.3228579412281,-20.52711837009579,0.0
298.82285126564074,-20.52529682783841,0.0
298.32285126564074,-20.52347530989408,0.0
297.82285126564074,-20.521653791949745,0.0
297.3228579412281,-20.519832298318445,0.0
296.8228579412281,-20.51801268772274,0.0
296.32285126564074,-20.516191145465367,0.0
295.82285126564074,-20.51436962752103,0.0
295.3228508765184,-20.512548108159088,0.0
294.82288806988765,-20.510726614529275,0.0
294.32288845880623,-20.50890700534969,0.0
293.82288178321886,-20.50708546309232,0.0
293.32288178321886,-20.505263945147984,0.0
292.82288178321886,-20.503442427203648,0.0
292.32288845880623,-20.50162093357235,0.0
291.82288845880623,-20.499801322976648,0.0
291.32288178321886,-20.497979780719277,0.0
290.8228813940965,-20.49615826135733,0.0
290.3229185874658,-20.49433676772752,0.0
289.8229189763844,-20.492517158547937,0.0
289.322912300797,-20.49069561629056,0.0
288.822912300797,-20.488874098346223,0.0
288.322912300797,-20.48705258040189,0.0
287.8229189763844,-20.485231086770597,0.0
287.3229189763844,-20.48341147617489,0.0
286.822912300797,-20.481589933917515,0.0
286.3229119116746,-20.47976841455557,0.0
285.82294242925275,-20.47794689661124,0.0
285.3229494939625,-20.476125404397543,0.0
284.8229494939625,-20.474305793801843,0.0
284.3229428183751,-20.47248425154447,0.0
283.8229428183751,-20.470662733600133,0.0
283.3229428183751,-20.4688412156558,0.0
282.8229494939625,-20.4670197220245,0.0
282.3229494939625,-20.4652001114288,0.0
281.82294242925275,-20.46337856775381,0.0
281.3229729468309,-20.46155704980948,0.0
280.8229800115406,-20.45973555759579,0.0
280.3229800115406,-20.457915947000085,0.0
279.82297333595324,-20.45609440474271,0.0
279.32297333595324,-20.45427288679837,0.0
278.82297333595324,-20.45245136885404,0.0
278.3229800115406,-20.45062987522274,0.0
277.8229800115406,-20.44881026462704,0.0
277.32297333595324,-20.446988722369664,0.0
276.8229729468309,-20.44516720300772,0.0
276.323003464409,-20.443345685063385,0.0
275.82301052911873,-20.44152419284969,0.0
275.32301052911873,-20.43970458225399,0.0
274.82300385353136,-20.437883039996617,0.0
274.32300385353136,-20.43606152205228,0.0
273.82300385353136,-20.434240004107945,0.0
273.32301052911873,-20.432418510476648,0.0
272.8230101402001,-20.430598898464822,0.0
272.3230339819871,-20.428777356205963,0.0
271.8230343711095,-20.426955839679238,0.0
271.32304104669686,-20.425134346047937,0.0
270.82304104669686,-20.423314735452237,0.0
270.3230343711095,-20.42149319319486,0.0
269.8230343711095,-20.419671675250523,0.0
269.3230343711095,-20.417850157306187,0.0
268.82304104669686,-20.41602866367489,0.0
268.32304104669686,-20.414209053079187,0.0
267.8230339819871,-20.412387509404205,0.0
267.32306449956525,-20.41056599145987,0.0
266.8230648886876,-20.40874447493314,0.0
266.323071564275,-20.406922981301843,0.0
265.823071564275,-20.40510337070614,0.0
265.3230648886876,-20.403281828448765,0.0
264.8230648886876,-20.40146031050443,0.0
264.3230648886876,-20.399638792560093,0.0
263.823071564275,-20.3978172989288,0.0
263.3230711753564,-20.39599768691697,0.0
262.8230950171434,-20.39417614465811,0.0
262.32309540626574,-20.392354628131383,0.0
261.8231020818531,-20.390533134500085,0.0
261.3231020818531,-20.388713523904386,0.0
260.82309540626574,-20.386891981647008,0.0
260.32309540626574,-20.38507046370267,0.0
259.82309540626574,-20.383248945758336,0.0
259.3231020818531,-20.38142745212704,0.0
258.8231020818531,-20.37960784153133,0.0
258.3230950171434,-20.377786297856357,0.0
257.82312553472144,-20.375964779912017,0.0
257.3231259238438,-20.37414326338529,0.0
256.8231325994312,-20.37232176975399,0.0
256.32313240497484,-20.370502158450243,0.0
255.82314098807475,-20.36868061619213,0.0
255.32314118263287,-20.366859098956574,0.0
254.823147663764,-20.365037604617235,0.0
254.32316292255305,-20.36321799402153,0.0
253.823156441422,-20.361396452472203,0.0
253.3231562468638,-20.35957493381908,0.0
252.8231715056528,-20.357753415874743,0.0
252.3231783757984,-20.355931922952237,0.0
251.8231783757984,-20.35411231235653,0.0
251.32317170021105,-20.35229077009916,0.0
250.82317170021105,-20.35046925215482,0.0
250.3231715056528,-20.348647733501696,0.0
249.82319344013115,-20.34682623987114,0.0
249.3231936345875,-20.345006629983484,0.0
248.8231867644419,-20.34318508701732,0.0
248.32320202323092,-20.341363569072985,0.0
247.82320221778917,-20.33954205183744,0.0
247.32320889337652,-20.33772055820614,0.0
246.82320889337652,-20.33590094761044,0.0
246.32320221778917,-20.334079405353062,0.0
245.82320202323092,-20.33225788669994,0.0
245.3232239577092,-20.330436393069384,0.0
244.8232241521656,-20.32861678318173,0.0
244.32321747657815,-20.32679524092435,0.0
243.82321728202,-20.324973722271228,0.0
243.3232325408091,-20.32315220432689,0.0
242.8232394109547,-20.321330711404386,0.0
242.3232394109547,-20.31951110080868,0.0
241.8232327353673,-20.317689558551304,0.0
241.3232327353673,-20.31586804060697,0.0
240.8232325408091,-20.314046521953845,0.0
240.3232544752874,-20.31222502832329,0.0
239.8232544752874,-20.310405417727587,0.0
239.32326305838723,-20.30858387546947,0.0
238.82326325294545,-20.30676235823392,0.0
238.32326325294545,-20.304940840289586,0.0
237.8232699285328,-20.30311934665829,0.0
237.3232699285328,-20.301299736062585,0.0
236.82326325294545,-20.29947819380521,0.0
236.32326305838723,-20.297656675152087,0.0
235.82328499286555,-20.29583518152153,0.0
235.32328499286555,-20.29401557092583,0.0
234.82329357596532,-20.292194028667712,0.0
234.32329377052355,-20.290372511432164,0.0
233.82329377052355,-20.288550993487828,0.0
233.32330044611092,-20.28672949985653,0.0
232.82330044611092,-20.284909889260827,0.0
232.32329377052355,-20.283088347003453,0.0
231.82329357596532,-20.28126682835033,0.0
231.3233088347544,-20.279445310405997,0.0
230.8233157049,-20.277623817483484,0.0
230.32331551044365,-20.275804206179732,0.0
229.8233240935435,-20.27398266392162,0.0
229.3233242881017,-20.27216114668607,0.0
228.8233242881017,-20.27033962874173,0.0
228.3233309636891,-20.26851813511044,0.0
227.8233309636891,-20.266698524514734,0.0
227.3233242881017,-20.26487698225736,0.0
226.8233240935435,-20.263055463604235,0.0
226.3233460280218,-20.26123396997368,0.0
225.8233460280218,-20.259414359377978,0.0
225.3233546111216,-20.25759281711986,0.0
224.8233548056798,-20.255771299884312,0.0
224.3233548056798,-20.253949781939976,0.0
223.8233614812672,-20.25212828830868,0.0
223.3233614812672,-20.250308677712976,0.0
222.8233548056798,-20.2484871354556,0.0
222.3233546111216,-20.24666561680248,0.0
221.82336986991064,-20.24484409885814,0.0
221.3233765455999,-20.243022605227587,0.0
220.82339180438896,-20.241202994631884,0.0
220.32338532325792,-20.239381453082554,0.0
219.82338532325792,-20.23755993513822,0.0
219.32338532325792,-20.235738417193883,0.0
218.82339199884527,-20.233916923562585,0.0
218.32339199884527,-20.23209731296688,0.0
217.82338512869973,-20.23027577000072,0.0
217.3234003874888,-20.228454252056384,0.0
216.823407063178,-20.22663275842583,0.0
216.32342232196717,-20.22481314783013,0.0
215.8234158408361,-20.2229916062808,0.0
215.3234158408361,-20.22117008833646,0.0
214.8234158408361,-20.219348570392125,0.0
214.3234225164235,-20.217527076760827,0.0
213.8234225164235,-20.215707466165124,0.0
213.3234156462779,-20.21388592319896,0.0
212.8234309050669,-20.212064405254623,0.0
212.3234309050669,-20.21024288731029,0.0
211.82345283954524,-20.208421393679732,0.0
211.3234530340016,-20.20660178379208,0.0
210.8234463584142,-20.204780241534703,0.0
210.3234463584142,-20.202958723590367,0.0
209.8234463584142,-20.20113720564603,0.0
209.3234530340016,-20.199315712014734,0.0
208.82345283954524,-20.197496100710985,0.0
208.32346142264504,-20.19567455845287,0.0
207.82346161720324,-20.19385304121732,0.0
207.32346809833427,-20.192031546877978,0.0
206.8234833571233,-20.190211936282275,0.0
206.3234768759923,-20.188390394732945,0.0
205.8234768759923,-20.18656887678861,0.0
205.3234768759923,-20.184747358844277,0.0
204.8234835515797,-20.182925865212976,0.0
204.3234835515797,-20.181106254617276,0.0
203.8234766814341,-20.17928471165111,0.0
203.3234919402232,-20.17746319370677,0.0
202.8234919402232,-20.17564167576244,0.0
202.32351387470143,-20.173820182131884,0.0
201.82351406915785,-20.172000572244222,0.0
201.3235073935704,-20.17017902998685,0.0
200.8235073935704,-20.168357512042515,0.0
200.3235073935704,-20.16653599409818,0.0
199.82351406915785,-20.16471450046688,0.0
199.32351387470143,-20.16289488916313,0.0
198.8235224578012,-20.161073346905017,0.0
198.3235224578012,-20.15925182896068,0.0
197.8235443922796,-20.15743033533013,0.0
197.32354458673595,-20.155610725442468,0.0
196.82353791114852,-20.153789183185093,0.0
196.32353791114852,-20.15196766524076,0.0
195.82353791114852,-20.15014614729642,0.0
195.32354458673595,-20.148324653665124,0.0
194.8235443922796,-20.146505042361376,0.0
194.3235529753794,-20.14468350010326,0.0
193.8235529753794,-20.142861982158923,0.0
193.32356823416848,-20.141040464214587,0.0
192.82357510431407,-20.13921897129208,0.0
192.32357510431407,-20.13739936069637,0.0
191.82356842872667,-20.135577818439,0.0
191.32356842872667,-20.133756300494664,0.0
190.82356842872667,-20.131934782550328,0.0
190.3235749098577,-20.130113288210985,0.0
189.82359016864677,-20.12829367761528,0.0
189.3235834929575,-20.126472135357165,0.0
188.8235987517466,-20.12465061741283,0.0
188.3236056218922,-20.12282912449032,0.0
187.8236056218922,-20.121009513894617,0.0
187.3235989463048,-20.11918797163724,0.0
186.8235989463048,-20.117366453692902,0.0
186.3235989463048,-20.11554493574857,0.0
185.82360542743584,-20.113723441409228,0.0
185.32362068622484,-20.111903830813525,0.0
184.8236142050938,-20.110082289264195,0.0
184.3236140105356,-20.10826077061107,0.0
183.82362926932475,-20.106439252666732,0.0
183.32363613947032,-20.104617759744222,0.0
182.82363613947032,-20.102798149148523,0.0
182.32362946388287,-20.100976606891148,0.0
181.82362946388287,-20.09915508894681,0.0
181.32362946388287,-20.09733357100248,0.0
180.823635945014,-20.09551207666313,0.0
180.32365120380305,-20.09369246606743,0.0
179.823644722672,-20.0918709245181,0.0
179.3236445281138,-20.090049405864978,0.0
178.8236664625921,-20.088227912234423,0.0
178.32366665704845,-20.086408302346765,0.0
177.82365998146105,-20.08458676008939,0.0
177.32365998146105,-20.08276524214505,0.0
176.82365978690285,-20.08094372349193,0.0
176.32368172138115,-20.079122229861376,0.0
175.8236819158375,-20.07730261997372,0.0
175.3236752402501,-20.075481077716343,0.0
174.8236750456919,-20.07365955906322,0.0
174.32369030448098,-20.071838041118884,0.0
173.82369717462657,-20.07001654819637,0.0
173.32369717462657,-20.06819693760067,0.0
172.82369049903917,-20.066375395343297,0.0
172.32369030448098,-20.064553876690173,0.0
171.82370556327004,-20.06273235874584,0.0
171.32371243341564,-20.060910865823327,0.0
170.82371243341564,-20.059091255227624,0.0
170.32370556327004,-20.057269712261466,0.0
169.8237208220591,-20.05544819431713,0.0
169.3237276922047,-20.053626701394617,0.0
168.8237276922047,-20.051807090798917,0.0
168.3237210166173,-20.04998554854154,0.0
167.8237208220591,-20.04816402988841,0.0
167.32373608084816,-20.04634251194408,0.0
166.82374295099376,-20.04452101902157,0.0
166.32374295099376,-20.042701408425867,0.0
165.82373627540636,-20.04087986616849,0.0
165.32373608084816,-20.03905834751537,0.0
164.82375133963723,-20.037236829571032,0.0
164.32375820978282,-20.035415336648523,0.0
163.82375820978282,-20.03359572605282,0.0
163.32375133963723,-20.031774183086657,0.0
162.8237665984263,-20.02995266514232,0.0
162.3237734685719,-20.02813117221981,0.0
161.8237734685719,-20.02631156162411,0.0
161.3237667929845,-20.02449001936673,0.0
160.8237665984263,-20.02266850071361,0.0
160.32378185721535,-20.020846982769275,0.0
159.82378872736095,-20.019025489846765,0.0
159.32378872736095,-20.017205879251065,0.0
158.82378185721535,-20.0153843362849,0.0
158.3237971160044,-20.013562818340564,0.0
157.8237973105626,-20.011741301105012,0.0
157.32380398615,-20.00991980747372,0.0
156.82380398615,-20.00810019687801,0.0
156.3237971160044,-20.006278653911853,0.0
155.82381237479348,-20.00445713596752,0.0
155.32381256935167,-20.00263561873197,0.0
154.82381256935167,-20.000814100787636,0.0
154.32381256935167,-19.998992582843297,0.0
153.82381924493907,-19.997171089212,0.0
153.32381924493907,-19.995351478616296,0.0
152.82381256935167,-19.99352993635892,0.0
152.32381237479348,-19.9917084177058,0.0
151.82383430927177,-19.989886924075243,0.0
151.32383450372814,-19.988067314187585,0.0
150.82382782814074,-19.98624577193021,0.0
150.32382763358254,-19.984424253277087,0.0
149.8238428923716,-19.98260273533275,0.0
149.3238497625172,-19.98078124241024,0.0
148.8238497625172,-19.97896163181454,0.0
148.3238430869298,-19.977140089557164,0.0
147.8238428923716,-19.97531857090404,0.0
147.32385815116066,-19.973497052959704,0.0
146.82386502130626,-19.971675560037195,0.0
146.32386502130626,-19.96985594944149,0.0
145.82385834571886,-19.96803440718412,0.0
145.32385815116066,-19.966212888530997,0.0
144.82388008563896,-19.96439139490044,0.0
144.32388028009532,-19.96257178501278,0.0
143.82387360450792,-19.96075024275541,0.0
143.32387340994973,-19.95892872410228,0.0
142.8238886687388,-19.957107206157943,0.0
142.3238955388844,-19.95528571323544,0.0
141.8238955388844,-19.953466102639734,0.0
141.323888863297,-19.95164456038236,0.0
140.8238886687388,-19.949823041729235,0.0
140.32390392752785,-19.9480015237849,0.0
139.82391079767345,-19.94618003086239,0.0
139.32391079767345,-19.944360420266687,0.0
138.82390412208605,-19.942538878009312,0.0
138.32390392752785,-19.94071735935619,0.0
137.8239191863169,-19.938895841411853,0.0
137.3239260564625,-19.937074348489343,0.0
136.8239260564625,-19.93525473789364,0.0
136.3239191863169,-19.93343319492748,0.0
135.82393444510598,-19.93161167698314,0.0
135.32394131525157,-19.929790184060632,0.0
134.82394131525157,-19.92797057346493,0.0
134.32393463966417,-19.926149031207554,0.0
133.82393444510598,-19.92432751255443,0.0
133.32394970389504,-19.92250599461009,0.0
132.82395657404064,-19.920684501687585,0.0
132.32395657404064,-19.91886489109188,0.0
131.82394970389504,-19.91704334812572,0.0
131.3239649626841,-19.915221830181384,0.0
130.8239651572423,-19.91340031294584,0.0
130.3239718328297,-19.91157881931454,0.0
129.8239718328297,-19.909759208718835,0.0
129.3239649626841,-19.907937665752677,0.0
128.82398022147316,-19.906116147808337,0.0
128.32398041603136,-19.90429463057279,0.0
127.82398709161872,-19.90247313694149,0.0
127.3239869943913,-19.90065352599177,0.0
126.8239878508677,-19.898831983379623,0.0
126.32399557754208,-19.897010465789688,0.0
125.82400235040782,-19.89518897251278,0.0
125.3240022531804,-19.89336936156306,0.0
124.8240032069366,-19.891547819305316,0.0
124.3240032069366,-19.889726301360977,0.0
123.82401083633113,-19.88790478341664,0.0
123.32401751196944,-19.88608328978572,0.0
122.82402514136398,-19.884263679190013,0.0
122.32401856300402,-19.882442137286656,0.0
121.82401846572566,-19.88062061898793,0.0
121.3240260951202,-19.878799101043597,0.0
120.8240327707585,-19.87697760741267,0.0
120.32404040015302,-19.875157996816966,0.0
119.8240337245147,-19.87333645455922,0.0
119.32404135390924,-19.871514936614883,0.0
118.8240414511876,-19.869693419024937,0.0
118.32404802954755,-19.867871925039623,0.0
117.82405565894211,-19.86605231444392,0.0
117.3240489833038,-19.86423077218617,0.0
116.82405661269831,-19.86240925424184,0.0
116.32405661269831,-19.8605877362975,0.0
115.82407091773116,-19.858766242666576,0.0
115.32407091773116,-19.856946632070876,0.0
114.82407187148738,-19.855125089813125,0.0
114.32407196876574,-19.85330357222318,0.0
113.8240785471257,-19.851482078237865,0.0
113.32408617652024,-19.84966246764216,0.0
112.82407950088192,-19.84784092538441,0.0
112.32408713027642,-19.84601940744008,0.0
111.82408713027642,-19.844197889495742,0.0
111.32410143530927,-19.842376395864814,0.0
110.82410143530927,-19.840556785269115,0.0
110.32410238906552,-19.838735243011367,0.0
109.82410248634388,-19.83691372542142,0.0
109.32410238906552,-19.835092207122692,0.0
108.82411669409836,-19.83327071349177,0.0
108.32411669409836,-19.831451102896068,0.0
107.82411764785456,-19.82962956063832,0.0
107.32411774513292,-19.82780804304837,0.0
106.82412432349288,-19.82598654906306,0.0
106.32413185565852,-19.82416693811333,0.0
105.82413290664364,-19.82234539620961,0.0
105.324133003922,-19.820523878619664,0.0
104.82413290664364,-19.818702360320938,0.0
104.32414721167648,-19.816880866690013,0.0
103.82414721167648,-19.81506125609431,0.0
103.32414816543267,-19.813239713836563,0.0
102.82414826271103,-19.811418196246617,0.0
102.32414816543267,-19.80959667794789,0.0
101.82416247046557,-19.807775184316966,0.0
101.32416247046557,-19.805955573721263,0.0
100.82416342422177,-19.80413403146352,0.0
100.32416352150013,-19.80231251387357,0.0
99.82416342422177,-19.800490995574844,0.0
99.32417763202568,-19.79866950158989,0.0
98.82418535864912,-19.796849891348216,0.0
98.32417878028916,-19.79502834944486,0.0
97.8241786830108,-19.793206831146133,0.0
97.32419298804366,-19.79138533751521,0.0
96.82419298804366,-19.789565726919506,0.0
96.32419394179988,-19.78774418466176,0.0
95.82419403907824,-19.78592266707181,0.0
95.32419394179988,-19.78410114877309,0.0
94.82420814960382,-19.78227965478813,0.0
94.32421587622729,-19.78046004454646,0.0
93.82420929786733,-19.7786385026431,0.0
93.32420929786733,-19.776816984698765,0.0
92.82420920058895,-19.77499546640004,0.0
92.32422340839288,-19.773173972415087,0.0
91.8242311350163,-19.77135436217341,0.0
91.32422455665636,-19.76953282027005,0.0
90.824224459378,-19.767711301971328,0.0
90.3242319914927,-19.765889783672595,0.0
89.82424639380538,-19.764068290396068,0.0
89.32424649103281,-19.762248680154386,0.0
88.82423981544542,-19.760427137897008,0.0
88.32423971816706,-19.75860561959828,0.0
87.82425392597101,-19.75678412561333,0.0
87.32426165259444,-19.75496451537165,0.0
86.82425507423449,-19.753142973468297,0.0
86.32425497695613,-19.75132145516957,0.0
85.82426260635066,-19.749499937225234,0.0
85.32426928198898,-19.74767844359431,0.0
84.8242769113835,-19.745858832998607,0.0
84.32427033302355,-19.74403729109525,0.0
83.82427023574519,-19.742215772796524,0.0
83.32427776785988,-19.74039425449779,0.0
82.82429217017257,-19.738572761221263,0.0
82.3242922674,-19.736753150979577,0.0
81.82428559181261,-19.734931608722203,0.0
81.32428549453425,-19.73311009042348,0.0
80.82429302664895,-19.731288572124743,0.0
80.32430742896163,-19.729467078848216,0.0
79.82430752618906,-19.72764746860653,0.0
79.32430075332331,-19.72582592599477,0.0
78.82430828543801,-19.724004407696032,0.0
78.3243226877507,-19.722182914419506,0.0
77.82432278497812,-19.72036330417782,0.0
77.32431610939074,-19.718541761920445,0.0
76.82431601211238,-19.71672024362172,0.0
76.32432354422707,-19.714898725322985,0.0
75.82433794653976,-19.71307723204646,0.0
75.32433804376718,-19.711257621804773,0.0
74.82433127090144,-19.709436079193008,0.0
74.32433890029597,-19.707614561248672,0.0
73.82433890029597,-19.705793043304336,0.0
73.32435320532882,-19.70397154967341,0.0
72.82435330255625,-19.70215193943173,0.0
72.3243465296905,-19.70033039681996,0.0
71.8243540618052,-19.698508878521228,0.0
71.32436178847956,-19.69668736093129,0.0
70.82436856134531,-19.694865867654386,0.0
70.32436856134531,-19.69304625705868,0.0
69.82436178847956,-19.691224714446918,0.0
69.32436932059426,-19.68940319614818,0.0
68.82438372290694,-19.68758170287165,0.0
68.32438382013437,-19.685762092629968,0.0
67.82437704726863,-19.683940550018203,0.0
67.32438457938332,-19.68211903171947,0.0
66.82439230605769,-19.68029751412953,0.0
66.32439907892343,-19.678476020852624,0.0
65.82439907892343,-19.67665641025692,0.0
65.32439230605769,-19.67483486764516,0.0
64.82439983817238,-19.673013349346423,0.0
64.32440756484675,-19.671191831756484,0.0
63.824414289098975,-19.66937033830257,0.0
63.324418055182335,-19.667550727529857,0.0
62.82441524288065,-19.665729185449308,0.0
62.32441524288065,-19.66390766750497,0.0
61.82441900893855,-19.66208614938344,0.0
61.32442945065986,-19.6602646555755,0.0
60.82443712866866,-19.65844504515681,0.0
60.32443055030871,-19.656623503253453,0.0
59.824430453030345,-19.654801984954727,0.0
59.3244447580632,-19.6529804913238,0.0
58.8244447580632,-19.6511608807281,0.0
58.32444571181941,-19.64933933847035,0.0
57.82444571181941,-19.647517820526016,0.0
57.32445334121394,-19.64569630258168,0.0
56.82446011407969,-19.643874809304773,0.0
56.32446001685226,-19.64205519835505,0.0
55.82446097060847,-19.640233656097305,0.0
55.32446097060847,-19.63841213815297,0.0
54.824468600003,-19.636590620208636,0.0
54.32447527564132,-19.63476912657771,0.0
53.82448290503585,-19.63294951598201,0.0
53.32447632667589,-19.631127974078648,0.0
52.82447622939753,-19.62930645577992,0.0
52.324483858792064,-19.627484937835582,0.0
51.82449053443038,-19.625663444204665,0.0
51.32449816382492,-19.62384383360896,0.0
50.8244914881866,-19.62202229135121,0.0
50.32449911758113,-19.620200773406875,0.0
49.82450579321944,-19.61837927977595,0.0
49.32451342261398,-19.616559669180248,0.0
48.82450684425402,-19.61473812727689,0.0
48.32450674697567,-19.612916608978164,0.0
47.82451437637019,-19.611095091033828,0.0
47.32452105200851,-19.609273597402904,0.0
46.82452868140304,-19.6074539868072,0.0
46.32452200576472,-19.605632444549453,0.0
45.82452963515925,-19.60381092660512,0.0
45.32452973243761,-19.60198940901517,0.0
44.82453631079757,-19.600167915029857,0.0
44.3245439401921,-19.598348304434158,0.0
43.82453726455378,-19.596526762176406,0.0
43.32454489394832,-19.59470524423207,0.0
42.82454489394832,-19.59288372628773,0.0
42.32455919898116,-19.59106223265681,0.0
41.82455929620859,-19.589242622415124,0.0
41.32455252334284,-19.58742107980336,0.0
40.82456015273738,-19.585599561859024,0.0
40.324566828375694,-19.5837780682281,0.0
39.82457445777023,-19.5819584576324,0.0
39.32456778213192,-19.58013691537465,0.0
38.82457541152644,-19.578315397430316,0.0
38.32457541152644,-19.576493879485977,0.0
37.82458971655929,-19.57467238585505,0.0
37.32458981378672,-19.572852775613367,0.0
36.82458304092097,-19.5710312330016,0.0
36.3245906703155,-19.569209715057266,0.0
35.8245906703155,-19.56738819711293,0.0
