x,y,z
-270.998840332031,33.5836639404297,1.51904726028442
-270.498840332031,33.5843315124512,1.53575098514557
-269.998840332031,33.5850028991699,1.55254590511322
-269.498840332031,33.5856742858887,1.56943225860596
-268.998840332031,33.5863456726074,1.58640992641449
-268.498840332031,33.5870132446289,1.60347890853882
-267.998840332031,33.5876846313477,1.62063932418823
-267.498840332031,33.5883560180664,1.63789093494415
-266.998840332031,33.5890274047852,1.65523397922516
-266.498840332031,33.5896949768066,1.67266833782196
-265.998840332031,33.5903663635254,1.69019401073456
-265.498840332031,33.5910377502441,1.70781099796295
-264.998840332031,33.5917091369629,1.72551929950714
-264.498840332031,33.5923767089844,1.74331903457642
-263.998840332031,33.5930480957031,1.76121008396149
-263.498840332031,33.5937194824219,1.77919244766235
-262.998840332031,33.5943870544434,1.79726612567902
-262.498840332031,33.5950584411621,1.81543111801147
-261.998840332031,33.5957298278809,1.83368754386902
-261.498840332031,33.5964012145996,1.85203528404236
-260.998840332031,33.5970687866211,1.8704742193222
-260.498840332031,33.5977401733398,1.88900470733643
-259.998840332031,33.5984115600586,1.90762639045715
-259.498840332031,33.5990829467773,1.92633938789368
-258.998840332031,33.5997505187988,1.94514381885529
-258.498840332031,33.6004219055176,1.96403956413269
-257.998840332031,33.6010932922363,1.98302662372589
-257.498840332031,33.6017646789551,2.00210499763489
-256.998840332031,33.6024322509766,2.02127480506897
-256.498840332031,33.6031036376953,2.04053568840027
-255.998840332031,33.6037750244141,2.05988812446594
-255.498840332031,33.6044464111328,2.07933187484741
-254.998840332031,33.6051139831543,2.09886693954468
-254.498840332031,33.605785369873,2.11849355697632
-253.998840332031,33.6064567565918,2.13821125030518
-253.498840332031,33.6071281433105,2.15802025794983
-252.998840332031,33.607795715332,2.17792081832886
-252.498840332031,33.6084671020508,2.1979124546051
-251.998840332031,33.6091384887695,2.21799564361572
-251.498840332031,33.6098098754883,2.23816990852356
-250.998840332031,33.6104774475098,2.25843572616577
-250.49885559082,33.6111488342285,2.27879285812378
-249.99885559082,33.6118202209473,2.29924130439758
-249.49885559082,33.6124877929687,2.31978106498718
-248.99885559082,33.6131591796875,2.34041213989258
-248.498840332031,33.6138305664062,2.36113476753235
-247.998840332031,33.614501953125,2.38194847106934
-247.498840332031,33.6151695251465,2.40285348892212
-246.998840332031,33.6158409118652,2.42385005950928
-246.498840332031,33.616512298584,2.44493794441223
-245.99885559082,33.6171836853027,2.4661169052124
-245.49885559082,33.6178512573242,2.48738741874695
-244.99885559082,33.618522644043,2.50874924659729
-244.49885559082,33.6191940307617,2.53020238876343
-243.99885559082,33.6198654174805,2.55174684524536
-243.49885559082,33.620532989502,2.57338261604309
-242.99885559082,33.6212043762207,2.5951099395752
-242.49885559082,33.6218757629395,2.61692833900452
-241.99885559082,33.6225471496582,2.63883805274963
-241.49885559082,33.6232147216797,2.66083931922913
-240.99885559082,33.6238861083984,2.68293190002441
-240.49885559082,33.6245574951172,2.70511555671692
-239.99885559082,33.6252288818359,2.7273907661438
-239.49885559082,33.6258964538574,2.74975728988647
-238.99885559082,33.6265678405762,2.77221512794495
-238.49885559082,33.6272392272949,2.79476428031921
-237.99885559082,33.6279067993164,2.81740474700928
-237.498870849609,33.6285781860352,2.84013676643372
-236.998870849609,33.6292495727539,2.86295986175537
-236.498870849609,33.6299209594727,2.8858745098114
-235.998870849609,33.6305885314941,2.90888023376465
-235.498870849609,33.6312599182129,2.93197751045227
-234.998870849609,33.6319313049316,2.95516610145569
-234.498870849609,33.6326026916504,2.97844576835632
-233.998870849609,33.6332702636719,3.00181698799133
-233.498870849609,33.6339416503906,3.02527952194214
-232.998870849609,33.6346130371094,3.04883360862732
-232.498870849609,33.6352844238281,3.07247877120972
-231.998870849609,33.6359519958496,3.09621524810791
-231.498870849609,33.6366233825684,3.12004327774048
-230.998870849609,33.6372947692871,3.14396238327026
-230.498870849609,33.6379661560059,3.16797304153442
-229.998870849609,33.6386337280273,3.1920747756958
-229.498870849609,33.6393051147461,3.21626806259155
-228.998870849609,33.6399765014648,3.2405526638031
-228.498870849609,33.6406478881836,3.26492857933044
-227.998870849609,33.6413154602051,3.28939580917358
-227.498870849609,33.6419868469238,3.31395435333252
-226.998870849609,33.6426582336426,3.33860421180725
-226.498870849609,33.6433296203613,3.36334562301636
-225.998870849609,33.6439971923828,3.38817811012268
-225.498870849609,33.6446685791016,3.41310214996338
-224.998870849609,33.6453399658203,3.43811726570129
-224.498870849609,33.6460075378418,3.46322393417358
-223.998870849609,33.6466789245605,3.48842191696167
-223.498870849609,33.6473503112793,3.51371121406555
-222.998870849609,33.648021697998,3.53909182548523
-222.498870849609,33.6486892700195,3.5645637512207
-221.998870849609,33.6493606567383,3.59012699127197
-221.498870849609,33.650032043457,3.61578154563904
-220.998870849609,33.6507034301758,3.6415274143219
-220.498870849609,33.6513710021973,3.66736483573914
-219.998870849609,33.652042388916,3.69327735900879
-219.498870849609,33.6527137756348,3.71919751167297
-218.998870849609,33.6533851623535,3.74511766433716
-218.498870849609,33.654052734375,3.77103781700134
-217.998870849609,33.6547241210937,3.79695796966553
-217.498870849609,33.6553955078125,3.82287812232971
-216.998870849609,33.6560668945312,3.8487982749939
-216.498870849609,33.6567344665527,3.87471842765808
-215.998870849609,33.6574058532715,3.90063881874084
-215.498870849609,33.6580772399902,3.92655897140503
-214.998870849609,33.658748626709,3.95247912406921
-214.498870849609,33.6594161987305,3.9783992767334
-213.998870849609,33.6600875854492,4.004319190979
-213.498870849609,33.660758972168,4.03023958206177
-212.998870849609,33.6614265441895,4.05615949630737
-212.498870849609,33.6620979309082,4.08207988739014
-211.998886108398,33.662769317627,4.10799980163574
-211.498886108398,33.6634407043457,4.13392019271851
-210.998886108398,33.6641082763672,4.15984058380127
-210.498886108398,33.6647796630859,4.18576049804688
-209.998886108398,33.6654510498047,4.21168088912964
-209.498886108398,33.6661224365234,4.23760080337524
-208.998886108398,33.6667900085449,4.26352119445801
-208.498886108398,33.6674613952637,4.28944110870361
-207.998886108398,33.6681327819824,4.31536149978638
-207.498886108398,33.6688041687012,4.34128141403198
-206.998886108398,33.6694717407227,4.36720180511475
-206.498886108398,33.6701431274414,4.39312171936035
-205.998886108398,33.6708145141602,4.41904211044312
-205.498886108398,33.6714859008789,4.44496202468872
-204.998886108398,33.6721534729004,4.47088241577148
-204.498886108398,33.6728248596191,4.49680233001709
-203.998886108398,33.6734962463379,4.52272272109985
-203.498901367188,33.6741676330566,4.54864263534546
-202.998901367187,33.6748352050781,4.57456302642822
-202.498901367187,33.6755065917969,4.60048341751099
-201.998901367187,33.6761779785156,4.62640333175659
-201.498901367187,33.6768493652344,4.65232372283936
-200.998901367188,33.6775169372559,4.67824363708496
-200.498901367187,33.6781883239746,4.70416402816772
-199.998901367188,33.6788597106934,4.73008394241333
-199.498901367188,33.6795272827148,4.75600433349609
-198.998901367188,33.6801986694336,4.7819242477417
-198.498901367188,33.6808700561523,4.80784463882446
-197.998901367188,33.6815414428711,4.83376455307007
-197.498901367188,33.6822090148926,4.85968494415283
-196.998901367187,33.6828804016113,4.88560485839844
-196.498901367188,33.6835517883301,4.9115252494812
-195.998901367188,33.6842231750488,4.93744516372681
-195.498901367188,33.6848907470703,4.96336555480957
-194.998901367188,33.6855621337891,4.98928546905518
-194.498901367188,33.6862335205078,5.01520586013794
-193.998901367188,33.6869049072266,5.04112577438355
-193.498901367188,33.687572479248,5.06704616546631
-192.998901367188,33.6882438659668,5.09296655654907
-192.498901367188,33.6889152526855,5.11888647079468
-191.998901367187,33.6895866394043,5.14480686187744
-191.498901367188,33.6902542114258,5.17072677612305
-190.998901367188,33.6909255981445,5.19664716720581
-190.498901367188,33.6915969848633,5.22256708145142
-189.998901367188,33.692268371582,5.24848747253418
-189.498901367188,33.6929359436035,5.27440738677979
-188.998901367188,33.6936073303223,5.30032777786255
-188.498901367188,33.694278717041,5.32624769210815
-187.998901367188,33.6949501037598,5.35216808319092
-187.498901367188,33.6956176757812,5.37808799743652
-186.998901367188,33.6962890625,5.40400838851929
-186.498901367188,33.6969604492187,5.42992830276489
-185.998901367188,33.6976280212402,5.45584869384766
-185.498901367188,33.698299407959,5.48176860809326
-184.998901367188,33.6989707946777,5.50768899917603
-184.498901367187,33.6996421813965,5.53360891342163
-183.998901367188,33.700309753418,5.55952930450439
-183.498901367188,33.7009811401367,5.58544969558716
-182.998901367188,33.7016525268555,5.61136960983276
-182.498901367188,33.7023239135742,5.63729000091553
-181.998901367188,33.7029914855957,5.66320991516113
-181.498901367188,33.7036628723145,5.6891303062439
-180.998901367188,33.7043342590332,5.7150502204895
-180.498916625977,33.705005645752,5.74097061157227
-179.998916625977,33.7056732177734,5.76689052581787
-179.498916625977,33.7063446044922,5.79281091690064
-178.998916625977,33.7070159912109,5.81873083114624
-178.498916625977,33.7076873779297,5.844651222229
-177.998916625977,33.7083549499512,5.87057113647461
-177.498916625977,33.7090263366699,5.89649152755737
-176.998916625977,33.7096977233887,5.92241144180298
-176.498916625977,33.7103691101074,5.94833183288574
-175.998916625977,33.7110366821289,5.97425174713135
-175.498916625977,33.7117080688477,6.00017213821411
-174.998916625977,33.7123794555664,6.02609252929688
-174.498916625977,33.7130470275879,6.05201244354248
-173.998916625977,33.7137184143066,6.07793283462524
-173.498916625977,33.7143898010254,6.10385274887085
-172.998916625977,33.7150611877441,6.12977313995361
-172.498916625977,33.7157287597656,6.15569305419922
-171.998916625977,33.7164001464844,6.18161344528198
-171.498916625977,33.7170715332031,6.20753335952759
-170.998916625977,33.7177429199219,6.23345375061035
-170.498916625977,33.7184104919434,6.25937366485596
-169.998916625977,33.7190818786621,6.28529405593872
-169.498916625977,33.7197532653809,6.31121397018433
-168.998916625977,33.7204246520996,6.33713436126709
-168.498916625977,33.7210922241211,6.3630542755127
-167.998916625977,33.7217636108398,6.38897466659546
-167.498931884766,33.7224349975586,6.41489458084106
-166.998931884766,33.7231063842773,6.44081497192383
-166.498931884766,33.7237739562988,6.46673488616943
-165.998931884766,33.7244453430176,6.4926552772522
-165.498931884766,33.7251167297363,6.51857566833496
-164.998931884766,33.7257881164551,6.54449558258057
-164.498931884766,33.7264556884766,6.57041597366333
-163.998931884766,33.7271270751953,6.59633588790894
-163.498931884766,33.7277984619141,6.6222562789917
-162.998931884766,33.7284698486328,6.64817619323731
-162.498931884766,33.7291374206543,6.67409658432007
-161.998931884766,33.729808807373,6.70001649856567
-161.498931884766,33.7304801940918,6.72593688964844
-160.998931884766,33.7311477661133,6.75185680389404
-160.498931884766,33.731819152832,6.77777719497681
-159.998931884766,33.7324905395508,6.80369710922241
-159.498931884766,33.7331619262695,6.82961750030518
-158.998931884766,33.733829498291,6.85553741455078
-158.498931884766,33.7345008850098,6.88145780563355
-157.998931884766,33.7351722717285,6.90737771987915
-157.498931884766,33.7358436584473,6.93329811096191
-156.998931884766,33.7365112304687,6.95921850204468
-156.498931884766,33.7371826171875,6.98513841629028
-155.998931884766,33.7378540039062,7.01105880737305
-155.498931884766,33.738525390625,7.03697872161865
-154.998931884766,33.7391929626465,7.06289911270142
-154.498931884766,33.7398643493652,7.08881902694702
-153.998931884766,33.740535736084,7.11473941802979
-153.498931884766,33.7412071228027,7.14065933227539
-152.998931884766,33.7418746948242,7.16657972335815
-152.498931884766,33.742546081543,7.19249963760376
-151.998931884766,33.7432174682617,7.21842002868652
-151.498931884766,33.7438888549805,7.24433994293213
-150.998931884766,33.744556427002,7.27026033401489
-150.498931884766,33.7452278137207,7.2961802482605
-149.998931884766,33.7458992004395,7.32210063934326
-149.498931884766,33.7465667724609,7.34802055358887
-148.998931884766,33.7472381591797,7.37394094467163
-148.498931884766,33.7479095458984,7.39986085891724
-147.998931884766,33.7485809326172,7.42578125
-147.498947143555,33.7492485046387,7.45170164108276
-146.998947143555,33.7499198913574,7.47762155532837
-146.498947143555,33.7505912780762,7.50354194641113
-145.998947143555,33.7512626647949,7.52946186065674
-145.498947143555,33.7519302368164,7.5553822517395
-144.998947143555,33.7526016235352,7.58130216598511
-144.498947143555,33.7532730102539,7.60722255706787
-143.998947143555,33.7539443969727,7.63314247131348
-143.498947143555,33.7546119689941,7.65906286239624
-142.998947143555,33.7552833557129,7.68498277664185
-142.498947143555,33.7559547424316,7.71090316772461
-141.998947143555,33.7566261291504,7.73682308197022
-141.498947143555,33.7572937011719,7.76274347305298
-140.998947143555,33.7579650878906,7.78866338729858
-140.498947143555,33.7586364746094,7.81458377838135
-139.998947143555,33.7593078613281,7.84050369262695
-139.498947143555,33.7599754333496,7.86642408370972
-138.998947143555,33.7606468200684,7.89234447479248
-138.498947143555,33.7613182067871,7.91826438903809
-137.998947143555,33.7619895935059,7.94418478012085
-137.498947143555,33.7626571655273,7.97010469436646
-136.998947143555,33.7633285522461,7.99602508544922
-136.498947143555,33.7639999389648,8.02194499969482
-135.998947143555,33.7646675109863,8.04786491394043
-135.498947143555,33.7653388977051,8.07378578186035
-134.998947143555,33.7660102844238,8.09970569610596
-134.498947143555,33.7666816711426,8.12562561035156
-133.998947143555,33.7673492431641,8.15154552459717
-133.498947143555,33.7680206298828,8.17746639251709
-132.998947143555,33.7686920166016,8.2033863067627
-132.498947143555,33.7693634033203,8.22929573059082
-131.998962402344,33.7700309753418,8.25499248504639
-131.498962402344,33.7707023620605,8.28039646148682
-130.998962402344,33.7713737487793,8.30550861358643
-130.498962402344,33.772045135498,8.3303279876709
-129.998962402344,33.7727127075195,8.35485553741455
-129.498962402344,33.7733840942383,8.37909126281738
-128.998962402344,33.774055480957,8.40303421020508
-128.498962402344,33.7747268676758,8.42668533325195
-127.998962402344,33.7753944396973,8.45004463195801
-127.498970031738,33.776065826416,8.47311115264893
-126.998970031738,33.7767372131348,8.49588584899902
-126.498970031738,33.7774085998535,8.5183687210083
-125.998970031738,33.778076171875,8.54055881500244
-125.498970031738,33.7787475585937,8.56245708465576
-124.998970031738,33.7794189453125,8.58406352996826
-124.498970031738,33.780086517334,8.60537719726563
-123.998970031738,33.7807579040527,8.62639904022217
-123.498970031738,33.7814292907715,8.64712905883789
-122.998970031738,33.7821006774902,8.66756629943848
-122.498970031738,33.7827682495117,8.68771171569824
-121.998970031738,33.7834396362305,8.70756530761719
-121.498970031738,33.7841110229492,8.727126121521
-120.998970031738,33.784782409668,8.74639511108398
-120.498970031738,33.7854499816895,8.76537227630615
-119.998970031738,33.7861213684082,8.78405666351318
-119.498977661133,33.786792755127,8.80244922637939
-118.998977661133,33.7874603271484,8.82054996490479
-118.498977661133,33.7881317138672,8.83835792541504
-117.998977661133,33.7888031005859,8.85587406158447
-117.498977661133,33.7894744873047,8.87309741973877
-116.998977661133,33.7901420593262,8.89002990722656
-116.498977661133,33.7908134460449,8.9066686630249
-115.998977661133,33.7914848327637,8.92301654815674
-115.498985290527,33.7921562194824,8.93907165527344
-114.998985290527,33.7928237915039,8.95483493804932
-114.498985290527,33.7934951782227,8.97030639648438
-113.998985290527,33.7941665649414,8.9854850769043
-113.498985290527,33.7948379516602,9.0003719329834
-112.998985290527,33.7955055236816,9.01496601104736
-112.498985290527,33.7961769104004,9.02926921844482
-111.998985290527,33.7968482971191,9.04327869415283
-111.498985290527,33.7975196838379,9.05699729919434
-110.998985290527,33.7981872558594,9.0704231262207
-110.498985290527,33.7988586425781,9.08355712890625
-109.998985290527,33.7995300292969,9.09639835357666
-109.498985290527,33.8001976013184,9.10894870758057
-108.998985290527,33.8008689880371,9.12120532989502
-108.498985290527,33.8015403747559,9.13317108154297
-107.998985290527,33.8022117614746,9.14484405517578
-107.498985290527,33.8028793334961,9.15622520446777
-106.998985290527,33.8035507202148,9.16731357574463
-106.498985290527,33.8042221069336,9.17811107635498
-105.998985290527,33.8048934936523,9.18861484527588
-105.498985290527,33.8055610656738,9.19882774353027
-104.998985290527,33.8062324523926,9.20874786376953
-104.498985290527,33.8069038391113,9.21837615966797
-103.998985290527,33.8075752258301,9.22771167755127
-103.498985290527,33.8082427978516,9.23675537109375
-102.998985290527,33.8089141845703,9.24550724029541
-102.498992919922,33.8095855712891,9.25397682189941
-101.998992919922,33.8102569580078,9.26236820220947
-101.498992919922,33.8109245300293,9.27075958251953
-100.998992919922,33.811595916748,9.27915096282959
-100.498992919922,33.8122673034668,9.28754234313965
-99.9989929199219,33.8129386901855,9.29593372344971
-99.4989929199219,33.813606262207,9.30432510375977
-98.9989929199219,33.8142776489258,9.31271648406982
-98.4989929199219,33.8149490356445,9.32110786437988
-97.9989929199219,33.8156204223633,9.32949924468994
-97.4990005493164,33.8162879943848,9.337890625
-96.9990005493164,33.8169593811035,9.34628200531006
-96.4990005493164,33.8176307678223,9.35467338562012
-95.9990005493164,33.8182983398437,9.36306476593018
-95.4990005493164,33.8189697265625,9.37145519256592
-94.9990005493164,33.8196411132812,9.37984657287598
-94.4990005493164,33.8203125,9.38823795318604
-93.9990005493164,33.8209800720215,9.39662933349609
-93.4990005493164,33.8216514587402,9.40502166748047
-92.9990005493164,33.822322845459,9.41341495513916
-92.4990005493164,33.8229942321777,9.42181015014648
-91.9990005493164,33.8236618041992,9.43020725250244
-91.4990005493164,33.824333190918,9.43860626220703
-90.9990005493164,33.8250045776367,9.44700717926025
-90.4990005493164,33.8256759643555,9.45541000366211
-89.9990005493164,33.826343536377,9.4638147354126
-89.4990005493164,33.8270149230957,9.47222137451172
-88.9990005493164,33.8276863098145,9.48062992095947
-88.4990005493164,33.8283576965332,9.48904037475586
-87.9990005493164,33.8290252685547,9.4974536895752
-87.4990005493164,33.8296966552734,9.50586795806885
-86.9990005493164,33.8303680419922,9.51428413391113
-86.4990081787109,33.8310394287109,9.52270221710205
-85.9990081787109,33.8317070007324,9.5311222076416
-85.4990081787109,33.8323783874512,9.53954410552979
-84.9990081787109,33.8330497741699,9.54796886444092
-84.4990081787109,33.8337173461914,9.55639457702637
-83.9990081787109,33.8343887329102,9.56482219696045
-83.4990081787109,33.8350601196289,9.57325172424316
-82.9990081787109,33.8357315063477,9.58168411254883
-82.4990081787109,33.8363990783691,9.59011745452881
-81.9990081787109,33.8370704650879,9.59855270385742
-81.4990081787109,33.8377418518066,9.60698986053467
-80.9990081787109,33.8384132385254,9.61542987823486
-80.4990081787109,33.8390808105469,9.62387084960938
-79.9990081787109,33.8397521972656,9.63231372833252
-79.4990158081055,33.8404235839844,9.64075946807861
-78.9990158081055,33.8410949707031,9.64920616149902
-78.4990158081055,33.8417625427246,9.65765476226807
-77.9990158081055,33.8424339294434,9.66610622406006
-77.4990158081055,33.8431053161621,9.67455863952637
-76.9990158081055,33.8437767028809,9.68301391601563
-76.4990158081055,33.8444442749023,9.6914701461792
-75.9990158081055,33.8451156616211,9.69992828369141
-75.4990158081055,33.8457870483398,9.70838928222656
-74.9990158081055,33.8464584350586,9.71685123443604
-74.4990158081055,33.8471260070801,9.72531604766846
-73.9990158081055,33.8477973937988,9.7337818145752
-73.4990158081055,33.8484687805176,9.74225044250488
-72.9990158081055,33.8491401672363,9.75072002410889
-72.4990158081055,33.8498077392578,9.75919151306152
-71.9990158081055,33.8504791259766,9.76766586303711
-71.4990158081055,33.8511505126953,9.77614116668701
-70.9990158081055,33.8518180847168,9.78461933135986
-70.4990234375,33.8524894714355,9.79309844970703
-69.9990234375,33.8531608581543,9.80158042907715
-69.4990158081055,33.853832244873,9.8100643157959
-68.9990234375,33.8545036315918,9.81854915618897
-68.4990234375,33.8551750183105,9.82703685760498
-67.9990234375,33.855842590332,9.83552551269531
-67.4990234375,33.8565139770508,9.84401702880859
-66.9990234375,33.8571853637695,9.85250949859619
-66.4990234375,33.857852935791,9.86100482940674
-65.9990234375,33.8585243225098,9.86950206756592
-65.4990234375,33.8591957092285,9.87800025939941
-64.9990234375,33.8598670959473,9.88650131225586
-64.4990234375,33.8605346679687,9.89500427246094
-63.9990234375,33.8612060546875,9.90350818634033
-63.4990234375,33.8618774414063,9.91201496124268
-62.9990272521973,33.862548828125,9.92052364349365
-62.4990272521973,33.8632164001465,9.92903327941895
-61.9990272521973,33.8638877868652,9.93754577636719
-61.4990272521973,33.864559173584,9.94606018066406
-60.9990272521973,33.8652305603027,9.95457553863525
-60.4990272521973,33.8658981323242,9.96309375762939
-59.9990310668945,33.866569519043,9.97161388397217
-59.4990310668945,33.8672409057617,9.98013591766357
-58.9990310668945,33.8679084777832,9.9886589050293
-58.4990310668945,33.868579864502,9.99718475341797
-57.9990310668945,33.8692512512207,10.0057125091553
-57.4990310668945,33.8699226379395,10.0142421722412
-56.9990310668945,33.8705902099609,10.0227737426758
-56.4990310668945,33.8712615966797,10.0313062667847
-55.9990310668945,33.8719329833984,10.0398416519165
-55.4990310668945,33.8726043701172,10.048378944397
-54.9990348815918,33.8732719421387,10.0569181442261
-54.4990348815918,33.8739433288574,10.0654592514038
-53.9990348815918,33.8746147155762,10.0740022659302
-53.4990348815918,33.8752861022949,10.0825462341309
-52.9990348815918,33.8759536743164,10.0910930633545
-52.4990348815918,33.8766250610352,10.0996417999268
-51.9990348815918,33.8772964477539,10.1081924438477
-51.4990348815918,33.8779678344727,10.1167449951172
-50.9990386962891,33.8786354064941,10.1252994537354
-50.5031356811523,33.8793487548828,10.1338558197021
-50.0153846740723,33.8804168701172,10.1424140930176
-49.5276374816895,33.881965637207,10.1509742736816
-49.0323600769043,33.8839111328125,10.1595363616943
-48.5323677062988,33.8859405517578,10.1681003570557
-48.0323677062988,33.8879699707031,10.1766662597656
-47.5323753356934,33.8900032043457,10.1852340698242
-47.0323829650879,33.892032623291,10.1938037872314
-46.5323829650879,33.8940658569336,10.2023754119873
-46.0323905944824,33.8960952758789,10.2109489440918
-45.5323905944824,33.8981246948242,10.2195243835449
-45.032398223877,33.9001541137695,10.2281017303467
-44.532398223877,33.9021835327148,10.2366809844971
-44.0324058532715,33.9042129516602,10.2452621459961
-43.5324058532715,33.9062423706055,10.2538452148438
-43.032413482666,33.9082717895508,10.2624282836914
-42.532413482666,33.9103050231934,10.2710113525391
-42.0324211120605,33.9123344421387,10.2795944213867
-41.5324211120606,33.9143676757813,10.2881774902344
-41.0324287414551,33.9163970947266,10.296760559082
-40.5324363708496,33.9184265136719,10.3053436279297
-40.0324363708496,33.9204559326172,10.3139266967773
-39.5324440002441,33.9224853515625,10.322509765625
-39.0324440002441,33.9245147705078,10.3310928344727
-38.5324516296387,33.9265441894531,10.3396759033203
-38.0324516296387,33.9285736083984,10.348258972168
-37.5324592590332,33.930606842041,10.3568420410156
-37.0324592590332,33.9326362609863,10.3654251098633
-36.5324668884277,33.9346694946289,10.3740081787109
-36.0324668884277,33.9366989135742,10.3825912475586
-35.5324745178223,33.9387283325195,10.3911743164063
-35.0324821472168,33.9407577514648,10.3997573852539
-34.5324821472168,33.9427871704102,10.4083404541016
-34.0324897766113,33.9448165893555,10.4169235229492
-33.5324897766113,33.9468460083008,10.4255065917969
-33.0324974060059,33.9488754272461,10.4340896606445
-32.5324974060059,33.9509086608887,10.4426727294922
-32.0325050354004,33.952938079834,10.4512557983398
-31.5325050354004,33.9549713134766,10.4598388671875
-31.0325126647949,33.9570007324219,10.4684219360352
-30.5325126647949,33.9590301513672,10.4770050048828
-30.0325202941895,33.9610595703125,10.4855880737305
-29.5325202941895,33.9630889892578,10.4941711425781
-29.032527923584,33.9651184082031,10.5027542114258
-28.5325355529785,33.9671478271484,10.5113372802734
-28.0325355529785,33.9691772460937,10.5199203491211
-27.532543182373,33.9712104797363,10.5285034179688
-27.032543182373,33.9732398986816,10.5370864868164
-26.5325508117676,33.9752731323242,10.5456695556641
-26.0325508117676,33.9773025512695,10.5542526245117
-25.5325584411621,33.9793319702148,10.5628356933594
-25.0325584411621,33.9813613891602,10.571418762207
-24.5325660705566,33.9833908081055,10.5800018310547
-24.0325660705566,33.9854202270508,10.5885848999023
-23.5325736999512,33.9874496459961,10.59716796875
-23.0325736999512,33.9894790649414,10.6057510375977
-22.5325813293457,33.991512298584,10.6143341064453
-22.0325889587402,33.9935417175293,10.622917175293
-21.5325889587402,33.9955749511719,10.6315002441406
-21.0325965881348,33.9976043701172,10.6400833129883
-20.5325965881348,33.9996337890625,10.6486663818359
-20.0326042175293,34.0016632080078,10.6572494506836
-19.5326042175293,34.0036926269531,10.6658325195313
-19.0326118469238,34.0057220458984,10.6744155883789
-18.5326118469238,34.0077514648438,10.6829986572266
-18.0326194763184,34.0097808837891,10.6915817260742
-17.5326194763184,34.0118141174316,10.7001647949219
-17.0326271057129,34.013843536377,10.7087478637695
-16.5326271057129,34.0158767700195,10.7173309326172
-16.0326347351074,34.0179061889648,10.7259140014648
-15.532642364502,34.0199356079102,10.7344970703125
-15.032642364502,34.0219650268555,10.7430801391602
-14.5326499938965,34.0239944458008,10.7516632080078
-14.0326499938965,34.0260238647461,10.7602462768555
-13.532657623291,34.0280532836914,10.7687759399414
-13.032657623291,34.0300827026367,10.777153968811
-12.5326652526855,34.0321159362793,10.7853775024414
-12.0326652526855,34.0341453552246,10.7934465408325
-11.5326728820801,34.0361785888672,10.8013610839844
-11.0326728820801,34.0382080078125,10.8091201782227
-10.5326805114746,34.0402374267578,10.816725730896
-10.0326881408691,34.0422668457031,10.8241758346558
-9.53268814086914,34.0442962646484,10.8314714431763
-9.03269577026367,34.0463256835937,10.8386135101318
-8.53269577026367,34.0483551025391,10.8456001281738
-8.0327033996582,34.0503845214844,10.8524322509766
-7.5327033996582,34.052417755127,10.8591089248657
-7.03271102905273,34.0544471740723,10.8656320571899
-6.53271102905273,34.0564804077148,10.8720006942749
-6.03271865844727,34.0585098266602,10.8782138824463
-5.53271865844727,34.0605392456055,10.8842735290527
-5.0327262878418,34.0625686645508,10.8901777267456
-4.5327262878418,34.0645980834961,10.8959274291992
-4.03273391723633,34.0666275024414,10.9015226364136
-3.53274178504944,34.0686569213867,10.9069633483887
-3.03274178504944,34.070686340332,10.9122495651245
-2.53274941444397,34.0727195739746,10.9173812866211
-2.03274941444397,34.0747489929199,10.9223585128784
-1.53275692462921,34.0767822265625,10.9271802902222
-1.03275692462921,34.0788116455078,10.931848526001
-0.532764613628387,34.0808410644531,10.9363613128662
-0.032764595001936,34.0828704833984,10.9407196044922
0.467227756977081,34.0848999023437,10.9449234008789
0.967227756977081,34.0869293212891,10.9489727020264
1.46722018718719,34.0889587402344,10.9528675079346
1.96722018718719,34.090991973877,10.9566078186035
2.46721243858337,34.0930213928223,10.9601936340332
2.96720862388611,34.0950508117676,10.9636249542236
3.46720480918884,34.0970840454102,10.9669008255005
3.96720123291016,34.0991134643555,10.9700222015381
4.46719741821289,34.1011428833008,10.9729900360107
4.96719360351563,34.1031723022461,10.9758024215698
5.46718597412109,34.1052017211914,10.9784603118896
5.96718215942383,34.1072311401367,10.9809637069702
6.46717834472656,34.109260559082,10.9833126068115
6.9671745300293,34.1112937927246,10.9855070114136
7.46717071533203,34.1133232116699,10.9875459671021
7.96716690063477,34.1153526306152,10.9894313812256
8.4671630859375,34.1173858642578,10.9911613464355
8.96715927124023,34.1194152832031,10.9927377700806
9.46715545654297,34.1214447021484,10.994158744812
9.9671516418457,34.1234741210937,10.9954252243042
10.4671478271484,34.1255035400391,10.9965372085571
10.9671440124512,34.1275329589844,10.9974946975708
11.4671401977539,34.1295623779297,10.9982976913452
11.9671325683594,34.1315956115723,10.9989461898804
12.4671287536621,34.1336250305176,10.999439239502
12.9671249389648,34.1356544494629,10.9997787475586
13.4671211242676,34.1376876831055,10.9999628067017
13.9671173095703,34.1397171020508,11
14.467113494873,34.1417465209961,11
14.9671096801758,34.1437759399414,11
15.4671058654785,34.1458053588867,11
15.9671020507813,34.147834777832,11
16.467098236084,34.1498641967773,11
16.9670944213867,34.1518974304199,11
17.4670906066895,34.1539268493652,11
17.9670829772949,34.1559562683105,11
18.4670791625977,34.1579895019531,11
18.9670753479004,34.1600189208984,11
19.4670715332031,34.1620483398437,11
19.9670677185059,34.1640777587891,11
20.4670639038086,34.1661071777344,11
20.9670600891113,34.1681365966797,11
21.4670562744141,34.170166015625,11
21.9670524597168,34.1721992492676,11
22.4670486450195,34.1742286682129,11
22.9670448303223,34.1762580871582,11
23.467041015625,34.1782913208008,11
23.9670333862305,34.1803207397461,11
24.4670295715332,34.1823501586914,11
24.9670257568359,34.1843795776367,11
25.4670219421387,34.186408996582,11
25.9670181274414,34.1884384155273,11
26.4670143127441,34.1904678344727,11
26.9670104980469,34.1925010681152,11
27.4670066833496,34.1945304870605,11
27.9670028686523,34.1965599060059,11
28.4669990539551,34.1985931396484,11
28.9669952392578,34.2006225585938,11
29.4669914245605,34.2026519775391,11
29.9669876098633,34.2046813964844,11
30.4669799804687,34.2067108154297,11
30.9669761657715,34.208740234375,11
31.4669723510742,34.2107696533203,11
31.9669666290283,34.2128028869629,11
32.4669647216797,34.2148323059082,11
32.9669609069824,34.2168617248535,11
33.4669570922852,34.2188949584961,11
33.9669532775879,34.2209243774414,11
34.4669494628906,34.2229537963867,11
34.9669456481934,34.224983215332,11
35.4669380187988,34.2270126342773,11
35.9669380187988,34.2290420532227,11
36.4669303894043,34.231071472168,11
36.9669303894043,34.2331047058105,11
37.4669227600098,34.2351341247559,11
37.9669189453125,34.2371635437012,11
38.4669151306152,34.2391967773437,11
38.966911315918,34.2412261962891,11
39.4669075012207,34.2432556152344,11
39.9669036865234,34.2452850341797,11
40.4668998718262,34.247314453125,11
40.9668960571289,34.2493438720703,11
41.4668922424316,34.2513732910156,11
41.9668846130371,34.2534065246582,11
42.4668846130371,34.2554359436035,11
42.9668769836426,34.2574691772461,11
43.4668769836426,34.2594985961914,11
43.9668693542481,34.2615280151367,11
44.4668655395508,34.263557434082,11
44.9668617248535,34.2655868530273,11
45.4668579101562,34.2676162719727,11
45.966854095459,34.269645690918,11
46.4668502807617,34.2716751098633,11
46.9668464660645,34.2737083435059,11
47.4668388366699,34.2757377624512,11
47.9668388366699,34.2777709960937,11
48.4668312072754,34.2798004150391,11
48.9668312072754,34.2818298339844,11
49.4668235778809,34.2838592529297,11
49.9668235778809,34.285888671875,11
50.4668159484863,34.2879180908203,11
50.9668121337891,34.2899475097656,11
51.4668083190918,34.2919769287109,11
51.9668045043945,34.2940101623535,11
52.4668006896973,34.2960395812988,11
52.966796875,34.2980728149414,11
53.4667930603027,34.3001022338867,11
53.9667892456055,34.302131652832,11
54.4667854309082,34.3041610717773,11
54.9667778015137,34.3061904907227,11
55.4667778015137,34.308219909668,11
55.9667701721191,34.3102493286133,11
56.4667663574219,34.3122787475586,11
56.9667625427246,34.3143119812012,11
57.4667587280274,34.3163414001465,11
57.9667549133301,34.3183746337891,11
58.4667510986328,34.3204040527344,11
58.9667472839355,34.3224334716797,11
59.4667434692383,34.324462890625,10.9999990463257
59.966739654541,34.3264923095703,10.9999322891235
60.4667358398438,34.3285217285156,10.9997653961182
60.9667320251465,34.3305511474609,10.9994983673096
61.466724395752,34.3325805664062,10.9991312026978
61.9667205810547,34.3346138000488,10.9986639022827
62.4667167663574,34.3366432189941,10.9980974197388
62.9667129516602,34.3386764526367,10.9974298477173
63.4667091369629,34.340705871582,10.9966630935669
63.9667129516602,34.3427352905273,10.995795249939
64.4667053222656,34.3447647094727,10.9948282241821
64.9666976928711,34.346794128418,10.9937601089478
65.4666976928711,34.3488235473633,10.9925928115845
65.9666900634766,34.3508529663086,10.991325378418
66.466682434082,34.3528861999512,10.9899578094482
66.9666748046875,34.3549156188965,10.9884901046753
67.4666748046875,34.3569488525391,10.9869213104248
67.966667175293,34.3589782714844,10.9852533340454
68.466667175293,34.3610076904297,10.9834861755371
68.966667175293,34.363037109375,10.9816179275513
69.4666595458984,34.3650665283203,10.9796495437622
69.9666519165039,34.3670959472656,10.9775810241699
70.4666442871094,34.3691253662109,10.9754123687744
70.9666442871094,34.3711547851562,10.97314453125
71.4666442871094,34.3731880187988,10.970775604248
71.9666366577148,34.3752174377441,10.9683074951172
72.4666290283203,34.3772468566895,10.9657382965088
72.9666290283203,34.379280090332,10.9630699157715
73.4666213989258,34.3813095092773,10.960301399231
73.9666213989258,34.3833389282227,10.9574317932129
74.4666137695313,34.385368347168,10.9544630050659
74.9666137695313,34.3873977661133,10.9513940811157
75.4666061401367,34.3894271850586,10.9482250213623
75.9665985107422,34.3914566040039,10.9449558258057
76.4665985107422,34.3934898376465,10.9415864944458
76.9665985107422,34.3955192565918,10.9381170272827
77.4665908813477,34.3975486755371,10.9345474243164
77.9665832519531,34.3995819091797,10.9308776855469
78.4665832519531,34.401611328125,10.9271087646484
78.9665756225586,34.4036407470703,10.9232387542725
79.4665756225586,34.4056701660156,10.9192686080933
79.9665679931641,34.4076995849609,10.9151992797852
80.4665679931641,34.4097290039062,10.9110288619995
80.9665603637695,34.4117584228516,10.906759262085
81.4665603637695,34.4137916564941,10.9023895263672
81.966552734375,34.4158210754395,10.8979187011719
82.466552734375,34.4178504943848,10.8933486938477
82.9665451049805,34.4198837280273,10.8886785507202
83.4665374755859,34.4219131469727,10.8839082717896
83.9665374755859,34.423942565918,10.8790378570557
84.4665298461914,34.4259719848633,10.8740673065186
84.9665298461914,34.4280014038086,10.8689966201782
85.4665222167969,34.4300308227539,10.8638257980347
85.9665222167969,34.4320602416992,10.8585548400879
86.4665145874023,34.4340934753418,10.8531837463379
86.9665145874023,34.4361228942871,10.847713470459
87.4665069580078,34.4381561279297,10.8421421051025
87.9665069580078,34.440185546875,10.8364706039429
88.4664993286133,34.4422149658203,10.8306999206543
88.9664993286133,34.4442443847656,10.8248281478882
89.4664916992187,34.4462738037109,10.8188571929932
89.9664916992188,34.4483032226562,10.8127861022949
90.4664840698242,34.4503326416016,10.8066139221191
90.9664764404297,34.4523620605469,10.8003425598145
91.4664764404297,34.4543952941895,10.7939710617065
91.9664688110352,34.4564247131348,10.7874994277954
92.4664688110352,34.4584579467773,10.7809276580811
92.9664611816406,34.4604873657227,10.7742557525635
93.4664611816406,34.462516784668,10.7674837112427
93.9664535522461,34.4645462036133,10.7606115341187
94.4664535522461,34.4665756225586,10.7536392211914
94.9549789428711,34.4688110351562,10.7465677261353
95.4427337646484,34.4714889526367,10.7393951416016
95.9304733276367,34.4746437072754,10.7321224212647
96.4181976318359,34.4783096313477,10.7247505187988
96.9059371948242,34.4824447631836,10.7172775268555
97.393669128418,34.4870910644531,10.7097053527832
97.8813858032227,34.4922103881836,10.7020320892334
98.3691024780273,34.4978065490723,10.6942596435547
98.856819152832,34.5039100646973,10.6863870620728
99.3445281982422,34.5104904174805,10.6784143447876
99.8322143554688,34.5175399780273,10.6703414916992
100.31990814209,34.5251045227051,10.6621685028076
100.807594299316,34.5331420898437,10.6538944244385
101.306655883789,34.5416526794434,10.6455221176147
101.806587219238,34.5501861572266,10.6370487213135
102.306510925293,34.5587196350098,10.628475189209
102.806434631348,34.567253112793,10.6198015213013
103.306365966797,34.5757865905762,10.6110277175903
103.806289672852,34.5843200683594,10.6021547317505
104.306221008301,34.5928535461426,10.5931806564331
104.806144714355,34.6013870239258,10.5841073989868
105.306076049805,34.609920501709,10.574933052063
105.805999755859,34.6184539794922,10.5656595230103
106.305931091309,34.6269874572754,10.55628490448
106.805854797363,34.6355209350586,10.5468111038208
107.305778503418,34.6440544128418,10.5372371673584
107.805709838867,34.652587890625,10.5275630950928
108.305641174316,34.6611213684082,10.5177888870239
108.805564880371,34.6696548461914,10.5079145431519
109.305488586426,34.6781883239746,10.4979400634766
109.805419921875,34.6867218017578,10.487865447998
110.30534362793,34.6952590942383,10.4776906967163
110.805274963379,34.7037887573242,10.4674158096313
111.305198669434,34.7123260498047,10.4570407867432
111.805130004883,34.7208557128906,10.4465665817261
112.305053710938,34.7293930053711,10.4359912872314
112.804985046387,34.737922668457,10.4253158569336
113.304908752441,34.7464599609375,10.4145412445068
113.804832458496,34.7549896240234,10.4036655426025
114.304763793945,34.7635269165039,10.3926906585693
114.8046875,34.7720565795898,10.3816156387329
115.304618835449,34.7805938720703,10.3704404830933
115.804542541504,34.7891235351562,10.3591642379761
116.304473876953,34.7976608276367,10.34778881073
116.804397583008,34.8061904907227,10.3363132476807
117.304328918457,34.8147277832031,10.3247375488281
117.804252624512,34.8232574462891,10.3130617141724
118.304176330566,34.8317947387695,10.3012857437134
118.804107666016,34.8403244018555,10.2894096374512
119.304039001465,34.8488616943359,10.2774343490601
119.80396270752,34.8573951721191,10.2653579711914
120.303886413574,34.8659286499023,10.2531814575195
120.803817749023,34.8744621276855,10.2409057617188
121.303741455078,34.8829956054688,10.2285289764404
121.803672790527,34.891529083252,10.2160530090332
122.303596496582,34.9000625610352,10.2034759521484
122.803527832031,34.9085960388184,10.1907997131348
123.303451538086,34.9171295166016,10.1780233383179
123.803382873535,34.9256629943848,10.1651458740234
124.30330657959,34.934196472168,10.1521692276001
124.803230285645,34.9427299499512,10.1390924453735
125.303161621094,34.9512634277344,10.1259155273438
125.803085327148,34.9597969055176,10.1126384735107
126.303016662598,34.9683303833008,10.0992612838745
126.802940368652,34.976863861084,10.0857839584351
127.302871704102,34.9853973388672,10.0722064971924
127.802803039551,34.9939308166504,10.0585298538208
128.302703857422,35.0024642944336,10.0447521209717
128.802627563477,35.0110015869141,10.0308742523193
129.302551269531,35.01953125,10.0168972015381
129.802490234375,35.0280685424805,10.0028190612793
130.30241394043,35.0365982055664,9.9886417388916
130.802337646484,35.0451354980469,9.97436332702637
131.302261352539,35.0536651611328,9.95998573303223
131.802200317383,35.0622024536133,9.94550800323486
132.302124023438,35.0707321166992,9.93093013763428
132.802047729492,35.0792694091797,9.91625213623047
133.301971435547,35.0877990722656,9.90147304534912
133.801910400391,35.0963363647461,9.88659477233887
134.301834106445,35.104866027832,9.87161636352539
134.8017578125,35.1134033203125,9.85653877258301
135.301681518555,35.1219329833984,9.84136009216309
135.801605224609,35.1304702758789,9.82608127593994
136.301544189453,35.1389999389648,9.81070232391357
136.801467895508,35.1475372314453,9.7952241897583
137.301391601563,35.1560707092285,9.77964496612549
137.801315307617,35.1646041870117,9.76396560668945
138.301254272461,35.1731376647949,9.74818706512451
138.801177978516,35.1816711425781,9.73230838775635
139.30110168457,35.1902046203613,9.71632862091064
139.801025390625,35.1987380981445,9.70024967193604
140.30094909668,35.2072715759277,9.6840705871582
140.800888061523,35.2158050537109,9.66779041290283
141.300811767578,35.2243385314941,9.65141105651856
141.800735473633,35.2328720092773,9.63493156433106
142.300659179688,35.2414054870605,9.61835193634033
142.800598144531,35.2499389648437,9.60167217254639
143.300521850586,35.258472442627,9.58489227294922
143.800445556641,35.2670059204102,9.56801319122314
144.300369262695,35.2755393981934,9.55103302001953
144.800308227539,35.2840728759766,9.5339527130127
145.300231933594,35.2926063537598,9.51677322387695
145.800155639648,35.301139831543,9.49949264526367
146.300079345703,35.3096733093262,9.48211193084717
146.800003051758,35.3182067871094,9.46463203430176
147.299942016602,35.3267402648926,9.44705200195313
147.799865722656,35.3352737426758,9.42937088012695
148.299789428711,35.3438110351563,9.41159057617188
148.799713134766,35.3523406982422,9.39371013641357
149.299652099609,35.3608779907227,9.37572956085205
149.799575805664,35.3694076538086,9.35764884948731
150.299499511719,35.3779449462891,9.33946704864502
150.799423217773,35.386474609375,9.32118701934814
151.299346923828,35.3950119018555,9.30280590057373
151.799285888672,35.4035415649414,9.28432464599609
152.299209594727,35.4120788574219,9.26574325561523
152.799133300781,35.4206085205078,9.24706172943115
153.299057006836,35.4291458129883,9.22828102111816
153.79899597168,35.4376754760742,9.20939922332764
154.298919677734,35.4462127685547,9.19041728973389
154.798843383789,35.4547424316406,9.17133617401123
155.298767089844,35.4632797241211,9.15215396881104
155.798706054688,35.471809387207,9.13287258148193
156.298629760742,35.4803466796875,9.11349105834961
156.798553466797,35.4888801574707,9.09400939941406
157.298477172852,35.4974136352539,9.07442665100098
157.798400878906,35.5059471130371,9.05474472045898
158.29833984375,35.5144805908203,9.03496265411377
158.798263549805,35.5230140686035,9.01508045196533
159.298187255859,35.5315475463867,8.99509811401367
159.798110961914,35.5400810241699,8.97501564025879
160.298049926758,35.5486145019531,8.954833984375
160.797973632813,35.5571479797363,8.93455123901367
161.297897338867,35.5656814575195,8.91416835784912
161.797821044922,35.5742149353027,8.89368534088135
162.297744750977,35.5827484130859,8.87310314178467
162.79768371582,35.5912818908691,8.85241985321045
163.297607421875,35.5998153686523,8.83163738250732
163.79753112793,35.6083488464355,8.81075382232666
164.297454833984,35.6168823242187,8.78977108001709
164.797393798828,35.625415802002,8.7686882019043
165.297317504883,35.6339492797852,8.74750518798828
165.797241210938,35.6424827575684,8.72622108459473
166.297164916992,35.6510162353516,8.70483779907227
166.797103881836,35.659553527832,8.68335437774658
167.297027587891,35.668083190918,8.66177082061768
167.796951293945,35.6766204833984,8.64008712768555
168.296875,35.6851501464844,8.61830425262451
168.796798706055,35.6936874389648,8.59642028808594
169.296737670898,35.7022171020508,8.57443618774414
169.796661376953,35.7107543945312,8.55235195159912
170.296585083008,35.7192840576172,8.5301685333252
170.796508789063,35.7278213500977,8.50788402557373
171.296447753906,35.7363510131836,8.48550033569336
171.796371459961,35.7448883056641,8.46301555633545
172.296295166016,35.75341796875,8.44043159484863
172.79621887207,35.7619552612305,8.41774654388428
173.296142578125,35.7704849243164,8.39496231079102
173.796081542969,35.7790222167969,8.37207794189453
174.296005249023,35.7875518798828,8.34909343719482
174.795928955078,35.7960891723633,8.32600879669189
175.295852661133,35.8046226501465,8.30282402038574
175.795791625977,35.8131561279297,8.27953910827637
176.295715332031,35.8216896057129,8.25615406036377
176.795639038086,35.8302230834961,8.23266887664795
177.295562744141,35.8387565612793,8.20908355712891
177.795501708984,35.8472900390625,8.18539905548096
178.295425415039,35.8558235168457,8.16161346435547
178.795349121094,35.8643569946289,8.13772773742676
179.295272827148,35.8728904724121,8.11374282836914
179.795196533203,35.8814239501953,8.08965682983398
180.295135498047,35.8899574279785,8.06547164916992
180.795059204102,35.8984909057617,8.04118633270264
181.294982910156,35.9070243835449,8.01679992675781
181.794906616211,35.9155578613281,7.99231433868408
182.294845581055,35.9240913391113,7.96772861480713
182.794769287109,35.9326248168945,7.94304275512695
183.294692993164,35.9411582946777,7.91825675964356
183.794616699219,35.9496917724609,7.89337062835693
184.294540405273,35.9582252502441,7.86838436126709
184.794479370117,35.9667587280273,7.84329795837402
185.294403076172,35.9752922058105,7.81811141967773
185.794326782227,35.9838256835937,7.79282522201538
186.294250488281,35.9923629760742,7.76743888854981
186.794189453125,36.0008926391602,7.74195194244385
187.29411315918,36.0094299316406,7.71636533737183
187.794036865234,36.0179595947266,7.69067859649658
188.293960571289,36.026496887207,7.66489171981812
188.793884277344,36.035026550293,7.63900470733643
189.293823242188,36.0435638427734,7.61301803588867
189.793746948242,36.0520935058594,7.58693075180054
190.293670654297,36.0606307983398,7.56074380874634
190.793594360352,36.0691604614258,7.53445672988892
191.293533325195,36.0776977539062,7.50806903839111
191.79345703125,36.0862274169922,7.48158168792725
192.293380737305,36.0947647094727,7.45499420166016
192.793304443359,36.1032943725586,7.428307056427
193.293243408203,36.1118316650391,7.40151929855347
193.793167114258,36.120361328125,7.37463140487671
194.293090820313,36.1288986206055,7.34764385223389
194.793014526367,36.1374320983887,7.32055616378784
195.292938232422,36.1459655761719,7.29336786270142
195.792877197266,36.1544990539551,7.26607990264893
196.29280090332,36.1630325317383,7.23869180679321
196.792724609375,36.1715660095215,7.21120405197144
197.29264831543,36.1800994873047,7.18361568450928
197.792587280273,36.1886329650879,7.1559271812439
198.292510986328,36.1971664428711,7.12813901901245
198.792434692383,36.2056999206543,7.10025024414063
199.292358398438,36.2142333984375,7.07226181030273
199.792282104492,36.2227668762207,7.04417324066162
200.292221069336,36.2313003540039,7.01598453521729
200.792144775391,36.2398338317871,6.98769569396973
201.292068481445,36.2483673095703,6.95930671691895
201.7919921875,36.2569007873535,6.9308180809021
202.291931152344,36.2654342651367,6.90222883224487
202.791854858398,36.2739677429199,6.87353992462158
203.291778564453,36.2825012207031,6.84475088119507
203.791702270508,36.2910346984863,6.81586122512817
204.291641235352,36.2995681762695,6.78687191009522
204.791564941406,36.30810546875,6.75778293609619
205.291488647461,36.3166351318359,6.72859334945679
205.791412353516,36.3251724243164,6.69930362701416
206.29133605957,36.3337020874023,6.66991424560547
206.791275024414,36.3422393798828,6.6404242515564
207.291198730469,36.3507690429687,6.61083459854126
207.791122436523,36.3593063354492,6.5811448097229
208.291046142578,36.3678359985352,6.55135488510132
208.790985107422,36.3763732910156,6.52146482467651
209.290908813477,36.3849029541016,6.49147605895996
209.790832519531,36.393440246582,6.46145248413086
210.290756225586,36.401969909668,6.43142890930176
210.790679931641,36.4105072021484,6.40140533447266
211.290618896484,36.4190368652344,6.37138223648071
211.790542602539,36.4275741577148,6.34135866165161
212.290466308594,36.4361038208008,6.31133508682251
212.790390014648,36.4446411132812,6.28131151199341
213.290313720703,36.4531745910645,6.25128793716431
213.790252685547,36.4617080688477,6.22126483917236
214.290176391602,36.4702415466309,6.19124126434326
214.790100097656,36.4787750244141,6.16121768951416
215.2900390625,36.4873085021973,6.13119411468506
215.789962768555,36.4958419799805,6.10117053985596
216.289886474609,36.5043754577637,6.07114744186401
216.789810180664,36.5129089355469,6.04112386703491
217.289733886719,36.5214424133301,6.01110029220581
217.789672851563,36.5299758911133,5.98107671737671
218.289596557617,36.5385093688965,5.95105361938477
218.789520263672,36.5470428466797,5.92103004455566
219.289459228516,36.5555763244629,5.89100646972656
219.789367675781,36.5641098022461,5.86098289489746
220.289306640625,36.5726432800293,5.83095932006836
220.78923034668,36.5811767578125,5.80093622207642
221.289154052734,36.5897102355957,5.77091264724731
221.789093017578,36.5982437133789,5.74088907241821
222.289001464844,36.6067771911621,5.71086549758911
222.788940429687,36.6153106689453,5.68084192276001
223.288864135742,36.6238441467285,5.65081882476807
223.788787841797,36.6323776245117,5.62079524993897
224.288726806641,36.6409149169922,5.59077167510986
224.788650512695,36.6494445800781,5.56074810028076
225.28857421875,36.6579818725586,5.53072500228882
225.788513183594,36.6665115356445,5.50070142745972
226.288421630859,36.675048828125,5.47067785263062
226.788360595703,36.6835784912109,5.44065427780151
227.288284301758,36.6921157836914,5.41063070297241
227.788208007812,36.7006454467773,5.38060760498047
228.288146972656,36.7091827392578,5.35058403015137
228.788055419922,36.7177124023438,5.32056045532227
229.287994384766,36.7262496948242,5.29053688049316
229.78791809082,36.7347793579102,5.26051330566406
230.287841796875,36.7433166503906,5.23049020767212
230.787780761719,36.7518463134766,5.20046663284302
231.287704467773,36.760383605957,5.17044305801392
231.787628173828,36.768913269043,5.14041948318481
232.287567138672,36.7774505615234,5.11039638519287
232.787475585937,36.7859840393066,5.08037281036377
233.287414550781,36.7945175170898,5.05034923553467
233.787338256836,36.803050994873,5.02032566070557
234.287261962891,36.8115844726562,4.99030208587647
234.787200927734,36.8201179504395,4.96027898788452
235.287109375,36.8286514282227,4.93025541305542
235.787048339844,36.8371849060059,4.90023183822632
236.286972045898,36.8457183837891,4.87020826339722
236.786895751953,36.8542518615723,4.84018468856812
237.286834716797,36.8627853393555,4.81016159057617
237.786758422852,36.8713188171387,4.78013801574707
238.286682128906,36.8798522949219,4.75011444091797
238.786605834961,36.8883857727051,4.72009086608887
239.286529541016,36.8969192504883,4.69006776809692
239.786468505859,36.9054527282715,4.66004419326782
240.286392211914,36.9139862060547,4.63002061843872
240.786315917969,36.9225196838379,4.59999704360962
241.286254882812,36.9310531616211,4.56997346878052
241.786163330078,36.9395866394043,4.53995037078857
242.286102294922,36.9481201171875,4.50992679595947
242.786026000977,36.956657409668,4.47990322113037
243.285949707031,36.9651870727539,4.44987964630127
243.785888671875,36.9737243652344,4.41985607147217
244.285797119141,36.9822540283203,4.38983297348022
244.785736083984,36.9907913208008,4.35980939865112
245.285659790039,36.9993209838867,4.32978582382202
245.785583496094,37.0078582763672,4.29976224899292
246.285522460937,37.0163879394531,4.26973915100098
246.785446166992,37.0249252319336,4.23971557617188
247.285369873047,37.0334548950195,4.20969200134277
247.785308837891,37.0419921875,4.17966842651367
248.285217285156,37.0505218505859,4.14964485168457
248.78515625,37.0590591430664,4.11962175369263
249.285079956055,37.0675888061523,4.08959817886353
249.785003662109,37.0761260986328,4.05957460403442
250.284942626953,37.0846557617187,4.02955102920532
250.784851074219,37.0931930541992,3.9995276927948
251.284790039062,37.1017227172852,3.9695041179657
251.784713745117,37.1102600097656,3.93952393531799
252.284637451172,37.1187934875488,3.90965628623962
252.784576416016,37.127326965332,3.87990212440491
253.28450012207,37.1358604431152,3.850261926651
253.784423828125,37.1443939208984,3.82073521614075
254.284362792969,37.1529273986816,3.79132199287415
254.784271240234,37.1614608764648,3.76202273368835
255.284210205078,37.169994354248,3.73283696174622
255.784133911133,37.1785278320313,3.70376491546631
256.284057617187,37.1870613098145,3.67480635643005
256.783996582031,37.1955947875977,3.64596176147461
257.283905029297,37.2041282653809,3.61723065376282
257.783843994141,37.2126617431641,3.58861303329468
258.283782958984,37.2211952209473,3.56010913848877
258.78369140625,37.2297286987305,3.53171896934509
259.283630371094,37.2382621765137,3.50344252586365
259.783538818359,37.2467956542969,3.47527980804443
260.283477783203,37.2553291320801,3.44723057746887
260.783416748047,37.2638626098633,3.41929483413696
261.283325195313,37.2723960876465,3.39147305488586
261.783264160156,37.2809295654297,3.36376476287842
262.283172607422,37.2894668579102,3.3361701965332
262.783111572266,37.2979965209961,3.30868911743164
263.283050537109,37.3065338134766,3.28132200241089
263.782958984375,37.3150634765625,3.25406837463379
264.282897949219,37.323600769043,3.22692823410034
264.782806396484,37.3321304321289,3.1999020576477
265.282745361328,37.3406677246094,3.17298936843872
265.782684326172,37.3491973876953,3.14619016647339
266.282592773437,37.3577346801758,3.11950492858887
266.782531738281,37.3662643432617,3.092933177948
267.282440185547,37.3748016357422,3.06647515296936
267.782379150391,37.3833312988281,3.04013061523437
268.282318115234,37.3918685913086,3.01389980316162
268.782257080078,37.4003982543945,2.9877827167511
269.282165527344,37.408935546875,2.96177935600281
269.782104492187,37.4174652099609,2.93588948249817
270.282012939453,37.4260025024414,2.91011333465576
270.781951904297,37.4345359802246,2.88445091247559
271.281890869141,37.4430694580078,2.85890197753906
271.781799316406,37.451602935791,2.83346676826477
272.28173828125,37.4601364135742,2.80814528465271
272.781646728516,37.4686698913574,2.7829372882843
273.281585693359,37.4772033691406,2.75784301757812
273.781524658203,37.4857368469238,2.73286247253418
274.281433105469,37.494270324707,2.70799541473389
274.781372070312,37.5028038024902,2.6832423210144
275.281280517578,37.5113372802734,2.65860271453857
275.781219482422,37.5198707580566,2.6340765953064
276.281158447266,37.5284042358398,2.60966420173645
276.781066894531,37.536937713623,2.58536553382874
277.281005859375,37.5454711914062,2.56118059158325
277.780914306641,37.5540046691895,2.53710913658142
278.280853271484,37.5625381469727,2.51315140724182
278.780792236328,37.5710716247559,2.48930740356445
279.280700683594,37.5796051025391,2.46557712554932
279.780639648438,37.5881385803223,2.44196033477783
280.280548095703,37.5966720581055,2.41845726966858
280.780487060547,37.6052055358887,2.39506769180298
281.280426025391,37.6137390136719,2.37179183959961
281.780334472656,37.6222763061523,2.34862971305847
282.2802734375,37.6308059692383,2.32558131217957
282.780212402344,37.6393432617188,2.30264639854431
283.280120849609,37.6478729248047,2.27982521057129
283.780059814453,37.6564102172852,2.2571177482605
284.279998779297,37.6649398803711,2.23452377319336
284.779907226562,37.6734771728516,2.21204352378845
285.279846191406,37.6820068359375,2.18967700004578
285.779754638672,37.690544128418,2.16742420196533
286.279693603516,37.6990737915039,2.14528489112854
286.779632568359,37.7076110839844,2.12325930595398
287.279541015625,37.7161407470703,2.10134720802307
287.779479980469,37.7246780395508,2.07954883575439
288.279388427734,37.7332077026367,2.05786418914795
288.779327392578,37.7417449951172,2.03629326820374
289.279266357422,37.7502746582031,2.01483583450317
289.779174804687,37.7588119506836,1.99349212646484
290.279113769531,37.7673454284668,1.97226214408875
290.779022216797,37.77587890625,1.9511456489563
291.278961181641,37.7844123840332,1.93014299869537
291.778900146484,37.7929458618164,1.9092538356781
292.27880859375,37.8014793395996,1.88847839832306
292.778747558594,37.8100128173828,1.86781668663025
293.278656005859,37.818546295166,1.84726846218109
293.778594970703,37.8270797729492,1.82683396339417
294.278533935547,37.8356132507324,1.80651319026947
294.778442382812,37.8441467285156,1.78630602359772
295.278381347656,37.8526802062988,1.76621246337891
295.778289794922,37.861213684082,1.74623262882233
296.278228759766,37.8697471618652,1.72636640071869
296.778167724609,37.8782806396484,1.70661377906799
297.278076171875,37.8868141174316,1.68697488307953
297.778015136719,37.8953475952148,1.66744959354401
298.277954101562,37.903881072998,1.64803802967072
298.777862548828,37.9124145507812,1.62874007225037
299.277801513672,37.9209480285645,1.60955572128296
299.777740478516,37.9294815063477,1.59048509597778
300.277648925781,37.9380187988281,1.57152807712555
300.777587890625,37.9465484619141,1.55268478393555
301.277496337891,37.9550857543945,1.53395509719849
301.777435302734,37.9636154174805,1.51533901691437
302.277374267578,37.9721527099609,1.49683666229248
302.777282714844,37.9806823730469,1.47844791412354
303.277221679688,37.9892196655273,1.46017277240753
303.777130126953,37.9977493286133,1.44201135635376
304.277069091797,38.0062866210937,1.42396354675293
304.777008056641,38.0148162841797,1.40602946281433
305.276916503906,38.0233535766602,1.38820898532867
305.77685546875,38.0318832397461,1.37050211429596
306.276763916016,38.0404205322266,1.35290896892548
306.776702880859,38.0489501953125,1.33542943000793
307.276641845703,38.057487487793,1.31806361675262
307.776550292969,38.0660171508789,1.30081140995026
308.276489257812,38.0745544433594,1.28367280960083
308.776397705078,38.0830841064453,1.26664793491364
309.276336669922,38.0916213989258,1.24973666667938
309.776275634766,38.100154876709,1.23293912410736
310.276184082031,38.1086883544922,1.21625506877899
310.776123046875,38.1172218322754,1.19968485832214
311.276062011719,38.1257553100586,1.18322813510895
311.775970458984,38.1342887878418,1.16688513755798
312.275909423828,38.142822265625,1.15065586566925
312.775817871094,38.1513557434082,1.13454020023346
313.275756835937,38.1598892211914,1.11853814125061
313.775695800781,38.1684226989746,1.10264980792999
314.275604248047,38.1769561767578,1.08687508106232
314.775543212891,38.185489654541,1.07121396064758
315.275482177734,38.1940231323242,1.05566656589508
315.775390625,38.2025566101074,1.04023277759552
316.275329589844,38.2110900878906,1.0249125957489
316.775238037109,38.2196235656738,1.00970613956451
317.275177001953,38.228157043457,0.994613349437714
317.775115966797,38.2366905212402,0.9796342253685
318.275024414062,38.2452239990234,0.964768707752228
318.774963378906,38.2537574768066,0.950016856193542
319.274871826172,38.2622909545898,0.935378670692444
319.774810791016,38.2708282470703,0.920854091644287
320.274749755859,38.2793579101562,0.906443178653717
320.774658203125,38.2878952026367,0.892145931720733
321.274597167969,38.2964248657227,0.877962350845337
321.774505615234,38.3049621582031,0.863892436027527
322.274444580078,38.3134918212891,0.849936127662659
322.774383544922,38.3220291137695,0.836093485355377
323.274291992188,38.3305587768555,0.822364509105682
323.774230957031,38.3390960693359,0.808749198913574
324.274169921875,38.3476257324219,0.795247554779053
324.774078369141,38.3561630249023,0.781859517097473
325.274017333984,38.3646926879883,0.76858514547348
325.77392578125,38.3732299804687,0.755424439907074
326.273864746094,38.3817596435547,0.74237734079361
326.773803710938,38.3902969360352,0.729443967342377
327.273712158203,38.3988265991211,0.716624200344086
327.773651123047,38.4073638916016,0.703918099403381
328.273559570312,38.4158973693848,0.691325604915619
328.773498535156,38.424430847168,0.678846836090088
329.2734375,38.4329643249512,0.666481673717499
329.773345947266,38.4414978027344,0.654230177402496
330.273284912109,38.4500312805176,0.642092347145081
330.773223876953,38.4585647583008,0.630068123340607
331.273132324219,38.467098236084,0.618157625198364
331.773071289062,38.4756317138672,0.606360733509064
332.272979736328,38.4841651916504,0.59467750787735
332.772918701172,38.4926986694336,0.583107888698578
333.272857666016,38.5012321472168,0.571651995182037
333.772766113281,38.509765625,0.560309708118439
334.272705078125,38.5182991027832,0.549081087112427
334.772613525391,38.5268325805664,0.537966132164001
335.272552490234,38.5353660583496,0.526964783668518
335.772491455078,38.5438995361328,0.516077160835266
336.272399902344,38.552433013916,0.505303144454956
336.772338867187,38.5609664916992,0.49464276432991
337.272247314453,38.5694999694824,0.484096050262451
337.772186279297,38.5780334472656,0.473663002252579
338.272125244141,38.5865707397461,0.463343620300293
338.772033691406,38.595100402832,0.453137844800949
339.27197265625,38.6036376953125,0.443045765161514
339.771911621094,38.6121673583984,0.433067321777344
340.271820068359,38.6207046508789,0.423202514648438
340.771759033203,38.6292343139648,0.41345140337944
341.273803710938,38.6378059387207,0.403813898563385
341.887115478516,38.6453323364258,0.394290059804916
342.500518798828,38.6471786499023,0.384879887104034
343.113891601562,38.6433486938477,0.375583380460739
343.727233886719,38.6338386535645,0.366400480270386
344.340423583984,38.6186561584473,0.357331275939941
344.953430175781,38.5977935791016,0.348375707864761
345.566284179687,38.5712623596191,0.339533776044846
346.178833007813,38.5390586853027,0.330805510282516
346.791046142578,38.5011825561523,0.322190910577774
347.402862548828,38.4576416015625,0.313689947128296
348.014312744141,38.4084434509277,0.305302649736404
348.625213623047,38.353588104248,0.297028988599777
349.235626220703,38.2930755615234,0.288868993520737
349.845428466797,38.226921081543,0.28082263469696
350.454620361328,38.1551170349121,0.272889941930771
351.063079833984,38.0776824951172,0.265070885419846
351.670806884766,37.9946212768555,0.257365494966507
352.277770996094,37.905933380127,0.249773770570755
352.883850097656,37.8116340637207,0.242295682430267
353.489105224609,37.7117233276367,0.234931260347366
354.093322753906,37.6062202453613,0.22768047451973
354.696563720703,37.4951286315918,0.220543339848518
355.298736572266,37.3784561157227,0.213519871234894
355.899810791016,37.2562141418457,0.206610053777695
356.499786376953,37.1284103393555,0.19981387257576
357.098510742187,36.9950675964355,0.193131357431412
357.695953369141,36.8561820983887,0.186562493443489
358.292114257812,36.7117767333984,0.180107280611992
358.886871337891,36.5618515014648,0.173765733838081
359.480224609375,36.406436920166,0.167537823319435
360.072143554687,36.2455291748047,0.161423563957214
360.662567138672,36.0791511535645,0.15542297065258
361.251403808594,35.9073143005371,0.14953601360321
361.838623046875,35.730037689209,0.143762722611427
362.424133300781,35.5473327636719,0.13810308277607
363.007965087891,35.3592147827148,0.132557094097137
363.590087890625,35.165699005127,0.127124756574631
364.170288085938,34.9668083190918,0.121806062757969
364.748657226562,34.7625503540039,0.116601034998894
365.325164794922,34.5529479980469,0.111509650945663
365.899627685547,34.338020324707,0.106531925499439
366.472137451172,34.1177825927734,0.101667851209641
367.042572021484,33.8922576904297,0.096917428076267
367.610900878906,33.6614608764648,0.09228065609932
368.177032470703,33.425407409668,0.087757542729378
368.740966796875,33.1841354370117,0.083348080515862
369.302673339844,32.9376449584961,0.079052269458771
369.861999511719,32.6859703063965,0.074870109558106
370.419067382812,32.429126739502,0.070801600813866
370.973693847656,32.1671371459961,0.066846750676632
371.52587890625,31.9000244140625,0.063005544245243
372.075561523437,31.6278133392334,0.05927799642086
372.622711181641,31.3505268096924,0.055664103478193
373.167236328125,31.068187713623,0.052163857966662
373.709136962891,30.780818939209,0.048777267336845
374.248352050781,30.4884490966797,0.045504331588745
374.784851074219,30.1910972595215,0.04234504699707
375.318572998047,29.8887920379639,0.039299413561821
375.849487304687,29.5815620422363,0.036367431282997
376.377532958984,29.2694282531738,0.033549103885889
376.902618408203,28.9524230957031,0.030844431370497
377.4248046875,28.6305675506592,0.028253408148885
377.943969726562,28.3038940429687,0.025776039808989
378.460113525391,27.9724273681641,0.023412322625518
378.97314453125,27.6361961364746,0.021162258461118
379.483001708984,27.2952346801758,0.019025845453143
379.989715576172,26.9495639801025,0.017003087326884
380.493255615234,26.5992240905762,0.015093981288374
380.993469238281,26.244234085083,0.013298527337611
381.490386962891,25.8846302032471,0.011616726405919
381.983978271484,25.5204391479492,0.010048577561975
382.474090576172,25.1516990661621,0.008594081737101
382.960876464844,24.778434753418,0.007253238465637
383.444152832031,24.4006805419922,0.006026048213243
383.923919677734,24.0184707641602,0.004912510048598
384.400085449219,23.6318397521973,0.003912624903023
384.872680664062,23.2408142089844,0.003026392310858
385.341644287109,22.8454303741455,0.002253812272102
385.806915283203,22.4457244873047,0.001594884786755
386.268493652344,22.0417289733887,0.001049610087648
386.726257324219,21.6334762573242,0.000617987941951
387.180267333984,21.2210025787353,0.00030001840787
387.630432128906,20.8043479919434,9.57015436142683E-05
388.076721191406,20.3835411071777,5.03730143464054E-06
388.519073486328,19.9586219787598,0
388.957550048828,19.5296287536621,0
389.391937255859,19.0965919494629,0
389.822357177734,18.659553527832,0
390.248657226562,18.2185535430908,0
390.6708984375,17.773624420166,0
391.089019775391,17.3248023986816,0
391.5029296875,16.8721351623535,0
391.912658691406,16.4156494140625,0
392.318145751953,15.9553966522217,0
392.719360351562,15.4914064407349,0
393.116241455078,15.0237236022949,0
393.5087890625,14.5523891448975,0
393.896942138672,14.0774383544922,0
394.280700683594,13.598916053772,0
394.660003662109,13.1168613433838,0
395.034790039062,12.6313152313232,0
395.405151367187,12.1423234939575,0
395.770904541016,11.6499223709106,0
396.132080078125,11.1541585922241,0
396.488677978516,10.6550722122192,0
396.840637207031,10.1527061462402,0
397.187957763672,9.64710521697998,0
397.530548095703,9.13830757141113,0
397.868438720703,8.62636280059814,0
398.201538085937,8.11131381988525,0
398.529907226562,7.59319972991943,0
398.853424072266,7.07207298278809,0
399.172119140625,6.54797172546387,0
399.485961914062,6.02094173431397,0
399.794891357422,5.49103164672852,0
400.098876953125,4.95828151702881,0
400.397979736328,4.42274379730225,0
400.692047119141,3.88445901870728,0
400.981201171875,3.34347438812256,0
401.265258789063,2.79983854293823,0
401.544311523438,2.25359344482422,0
401.818267822266,1.70479345321655,0
402.087158203125,1.15347576141357,0
402.350952148437,0.599693775177002,0
402.609588623047,0.043497562408447,0
402.863037109375,-0.515071868896484,0
403.111328125,-1.07596302032471,0
403.354431152344,-1.63912725448608,0
403.592315673828,-2.20451879501343,0
403.824890136719,-2.7720890045166,0
404.052276611328,-3.34178447723389,0
404.274353027344,-3.9135627746582,0
404.491119384766,-4.48737144470215,0
404.702575683594,-5.0631628036499,0
404.90869140625,-5.64088535308838,0
405.109466552734,-6.22049331665039,0
405.304809570313,-6.80193185806274,0
405.494812011719,-7.38515520095825,0
405.679443359375,-7.97011423110962,0
405.858581542969,-8.55675506591797,0
406.032287597656,-9.14502811431885,0
406.200592041016,-9.73488521575928,0
406.363403320313,-10.3262748718262,0
406.520721435547,-10.9191465377808,0
406.672546386719,-11.51344871521,0
406.818878173828,-12.1091289520264,0
406.959686279297,-12.7061405181885,0
407.094940185547,-13.3044271469116,0
407.224670410156,-13.9039421081543,0
407.348846435547,-14.5046310424805,0
407.467437744141,-15.1064453125,0
407.580474853516,-15.7093324661255,0
407.687896728516,-16.3132381439209,0
407.789764404297,-16.9181137084961,0
407.886016845703,-17.523904800415,0
407.976654052734,-18.1305618286133,0
408.061676025391,-18.7380313873291,0
408.141052246094,-19.346263885498,0
408.214813232422,-19.9552021026611,0
408.282958984375,-20.5647964477539,0
408.345428466797,-21.1749973297119,0
408.402221679688,-21.7857513427734,0
408.453399658203,-22.3970031738281,0
408.498901367188,-23.0087013244629,0
408.538726806641,-23.6207962036133,0
408.572906494141,-24.2332363128662,0
408.601409912109,-24.8459644317627,0
408.624237060547,-25.458927154541,0
408.641387939453,-26.072078704834,0
408.652862548828,-26.6853618621826,0
408.658660888672,-27.2640075683594,0
408.662506103516,-27.7639923095703,0
408.666320800781,-28.2639770507812,0
408.670166015625,-28.7639636993408,0
408.673980712891,-29.2639484405518,0
408.677825927734,-29.7639331817627,0
408.681640625,-30.2639198303223,0
408.685485839844,-30.7639045715332,0
408.689300537109,-31.2638893127441,0
408.693145751953,-31.7638740539551,0
408.696990966797,-32.2638626098633,0
408.700805664062,-32.7638473510742,0
408.704650878906,-33.2638320922852,0
408.708465576172,-33.7638168334961,0
408.712310791016,-34.263801574707,0
408.716125488281,-34.763786315918,0
408.719970703125,-35.2637748718262,0
408.723815917969,-35.7637596130371,0
408.727630615234,-36.263744354248,0
408.731475830078,-36.763729095459,0
408.735290527344,-37.2637176513672,0
408.739135742188,-37.7637023925781,0
408.742950439453,-38.2636871337891,0
408.746795654297,-38.763671875,0
408.750610351563,-39.2636566162109,0
408.754455566406,-39.7636413574219,0
408.75830078125,-40.2636260986328,0
408.762115478516,-40.7636108398438,0
408.765960693359,-41.2635955810547,0
408.769775390625,-41.7635841369629,0
408.773620605469,-42.2635688781738,0
408.777435302734,-42.7635536193848,0
408.781280517578,-43.2635383605957,0
408.785125732422,-43.7635231018066,0
408.788940429688,-44.2635116577148,0
408.792785644531,-44.7634963989258,0
408.796600341797,-45.2634811401367,0
408.800445556641,-45.7634658813477,0
408.804260253906,-46.2634506225586,0
408.80810546875,-46.7634353637695,0
408.811920166016,-47.2634201049805,0
408.815765380859,-47.7634048461914,0
408.819610595703,-48.2633934020996,0
408.823425292969,-48.7633781433105,0
408.827270507813,-49.2633628845215,0
408.831085205078,-49.7633476257324,0
408.834930419922,-50.2633323669434,0
408.838745117188,-50.7633209228516,0
408.842590332031,-51.2633056640625,0
408.846435546875,-51.7632904052734,0
408.850250244141,-52.2632751464844,0
408.854095458984,-52.7632598876953,0
408.85791015625,-53.2632446289063,0
408.861755371094,-53.7632293701172,0
408.865570068359,-54.2632141113281,0
408.869415283203,-54.7632026672363,0
408.873229980469,-55.2631874084473,0
408.877105712891,-55.7631721496582,0
408.880920410156,-56.2631568908691,0
408.884765625,-56.7631416320801,0
408.888580322266,-57.2631301879883,0
408.892425537109,-57.7631149291992,0
408.896240234375,-58.2630996704102,0
408.900085449219,-58.7630844116211,0
408.903930664063,-59.263069152832,0
408.907745361328,-59.7630500793457,0
408.911590576172,-60.2630386352539,0
408.915405273438,-60.7630233764648,0
408.919250488281,-61.2630081176758,0
408.923065185547,-61.7629928588867,0
408.926910400391,-62.2629776000977,0
408.930725097656,-62.7629623413086,0
408.9345703125,-63.2629470825195,0
408.938415527344,-63.7629318237305,0
408.942230224609,-64.2629165649414,0
408.946075439453,-64.7629013061524,0
408.949890136719,-65.2628860473633,0
408.953735351563,-65.7628784179687,0
408.957550048828,-66.2628631591797,0
408.961395263672,-66.7628479003906,0
408.965209960938,-67.2628326416016,0
408.969055175781,-67.7628173828125,0
408.972900390625,-68.2628021240234,0
408.976715087891,-68.7627868652344,0
408.980560302734,-69.2627716064453,0
408.984375,-69.7627563476563,0
408.988220214844,-70.2627410888672,0
408.992034912109,-70.7627258300781,0
408.995880126953,-71.2627105712891,0
408.999725341797,-71.7627029418945,0
409.003540039063,-72.2626876831055,0
409.007385253906,-72.7626724243164,0
409.011199951172,-73.2626571655274,0
409.015045166016,-73.7626419067383,0
409.018859863281,-74.2626266479492,0
409.022705078125,-74.7626113891602,0
409.026519775391,-75.2625961303711,0
409.030364990234,-75.762580871582,0
409.0341796875,-76.262565612793,0
409.038024902344,-76.7625503540039,0
409.041839599609,-77.2625350952148,0
409.045684814453,-77.7625274658203,0
409.049530029297,-78.2625122070313,0
409.053344726563,-78.7624969482422,0
409.057189941406,-79.2624816894531,0
409.061004638672,-79.7624664306641,0
409.064849853516,-80.262451171875,0
409.068664550781,-80.7624359130859,0
409.072570800781,-81.2545166015625,0
409.076873779297,-81.7422485351563,0
409.081665039063,-82.2299728393555,0
409.086822509766,-82.7282562255859,0
409.092041015625,-83.2282257080078,0
409.097290039063,-83.7282028198242,0
409.102508544922,-84.2281723022461,0
409.107727050781,-84.7281494140625,0
409.112945556641,-85.2281188964844,0
409.1181640625,-85.7280883789062,0
409.123382568359,-86.2280654907227,0
409.128631591797,-86.7280349731445,0
409.133850097656,-87.2280120849609,0
409.139068603516,-87.7279815673828,0
409.144287109375,-88.2279510498047,0
409.149505615234,-88.7279281616211,0
409.154724121094,-89.227897644043,0
409.159973144531,-89.7278747558594,0
409.165191650391,-90.2278442382812,0
409.17041015625,-90.7278213500977,0
409.175628662109,-91.2277908325195,0
409.180847167969,-91.7277603149414,0
409.186065673828,-92.2277374267578,0
409.191314697266,-92.7277069091797,0
409.196533203125,-93.2276840209961,0
409.201751708984,-93.727653503418,0
409.206970214844,-94.2276306152344,0
409.212188720703,-94.7276000976563,0
409.217407226562,-95.2275695800781,0
409.22265625,-95.7275466918945,0
409.227874755859,-96.2275238037109,0
409.233093261719,-96.7274932861328,0
409.238311767578,-97.2274627685547,0
409.243530273438,-97.7274322509766,0
409.248779296875,-98.227409362793,0
409.253997802734,-98.7273864746094,0
409.259216308594,-99.2273559570313,0
409.264434814453,-99.7273254394531,0
409.269653320313,-100.227294921875,0
409.274871826172,-100.727272033691,0
409.280120849609,-101.227249145508,0
409.285339355469,-101.72721862793,0
409.290557861328,-102.227188110352,0
409.295776367188,-102.727165222168,0
409.300994873047,-103.22713470459,0
409.306213378906,-103.727111816406,0
409.311462402344,-104.227081298828,0
409.316680908203,-104.72705078125,0
409.321899414063,-105.227027893066,0
409.327117919922,-105.727005004883,0
409.332336425781,-106.226974487305,0
409.337554931641,-106.726943969727,0
409.342803955078,-107.226913452148,0
409.348022460938,-107.726890563965,0
409.353240966797,-108.226867675781,0
409.358459472656,-108.726837158203,0
409.363677978516,-109.226806640625,0
409.368896484375,-109.726776123047,0
409.374145507813,-110.226753234863,0
409.379364013672,-110.72673034668,0
409.384582519531,-111.226699829102,0
409.389801025391,-111.726669311523,0
409.39501953125,-112.22664642334,0
409.400238037109,-112.726615905762,0
409.405487060547,-113.226593017578,0
409.410705566406,-113.7265625,0
409.415924072266,-114.226531982422,0
409.421142578125,-114.726509094238,0
409.426361083984,-115.226486206055,0
409.431579589844,-115.726455688477,0
409.436828613281,-116.226425170898,0
409.442047119141,-116.72639465332,0
409.447265625,-117.226371765137,0
409.452484130859,-117.726348876953,0
409.457702636719,-118.226318359375,0
409.462921142578,-118.726287841797,0
409.468170166016,-119.226257324219,0
409.473388671875,-119.726234436035,0
409.478607177734,-120.226211547852,0
409.483825683594,-120.726181030273,0
409.489044189453,-121.226150512695,0
409.494262695312,-121.726127624512,0
409.49951171875,-122.226104736328,0
409.504730224609,-122.72607421875,0
409.509948730469,-123.226043701172,0
409.515167236328,-123.726013183594,0
409.520385742188,-124.22599029541,0
409.525604248047,-124.725967407227,0
409.530853271484,-125.225936889648,0
409.536071777344,-125.72590637207,0
409.541290283203,-126.225875854492,0
409.546508789063,-126.725852966309,0
409.551727294922,-127.225830078125,0
409.556945800781,-127.725799560547,0
409.562194824219,-128.22575378418,0
409.567413330078,-128.725723266602,0
409.572631835938,-129.225708007813,0
409.577850341797,-129.725677490234,0
409.583068847656,-130.225646972656,0
409.588287353516,-130.725616455078,0
409.593536376953,-131.2255859375,0
409.598754882813,-131.725570678711,0
409.603973388672,-132.225540161133,0
409.609191894531,-132.725509643555,0
409.614410400391,-133.225479125977,0
409.61962890625,-133.725463867188,0
409.624877929688,-134.225433349609,0
409.630096435547,-134.725402832031,0
409.635314941406,-135.225372314453,0
409.640533447266,-135.725341796875,0
409.645751953125,-136.225326538086,0
409.651000976563,-136.725296020508,0
409.656219482422,-137.22526550293,0
409.661437988281,-137.725234985352,0
409.666656494141,-138.225204467773,0
409.671875,-138.725189208984,0
409.677093505859,-139.225158691406,0
409.682342529297,-139.725128173828,0
409.687561035156,-140.22509765625,0
409.692779541016,-140.725067138672,0
409.697998046875,-141.225051879883,0
409.703216552734,-141.725021362305,0
409.708435058594,-142.224990844727,0
409.713684082031,-142.724960327148,0
409.718902587891,-143.224945068359,0
409.72412109375,-143.724914550781,0
409.729339599609,-144.224884033203,0
409.734558105469,-144.724853515625,0
409.739776611328,-145.224822998047,0
409.745025634766,-145.724807739258,0
409.750244140625,-146.22477722168,0
409.755462646484,-146.724746704102,0
409.760681152344,-147.224716186523,0
409.765899658203,-147.724685668945,0
409.771118164062,-148.224670410156,0
409.7763671875,-148.724639892578,0
409.781585693359,-149.224609375,0
409.786804199219,-149.724578857422,0
409.792022705078,-150.224548339844,0
409.797241210937,-150.724533081055,0
409.802459716797,-151.224502563477,0
409.807708740234,-151.724472045898,0
409.812927246094,-152.22444152832,0
409.818145751953,-152.724426269531,0
409.823364257813,-153.224395751953,0
409.828582763672,-153.724365234375,0
409.833801269531,-154.224334716797,0
409.839050292969,-154.724304199219,0
409.844268798828,-155.22428894043,0
409.849487304688,-155.724258422852,0
409.854705810547,-156.224227905273,0
409.859924316406,-156.724197387695,0
409.865142822266,-157.224166870117,0
409.870391845703,-157.724151611328,0
409.875610351563,-158.22412109375,0
409.880828857422,-158.724090576172,0
409.886047363281,-159.224075317383,0
409.891296386719,-159.724044799805,0
409.896514892578,-160.224014282227,0
409.901733398438,-160.723983764648,0
409.906951904297,-161.22395324707,0
409.912170410156,-161.723937988281,0
409.917388916016,-162.223907470703,0
409.922637939453,-162.723876953125,0
409.927856445313,-163.223846435547,0
409.933074951172,-163.723815917969,0
409.938293457031,-164.223785400391,0
409.943511962891,-164.723754882813,0
409.94873046875,-165.223739624023,0
409.953979492188,-165.723709106445,0
409.959197998047,-166.223678588867,0
409.964416503906,-166.723648071289,0
409.969635009766,-167.2236328125,0
409.974853515625,-167.723602294922,0
409.980072021484,-168.223571777344,0
409.985321044922,-168.723541259766,0
409.990539550781,-169.223510742188,0
409.995758056641,-169.723495483398,0
410.0009765625,-170.22346496582,0
410.006195068359,-170.723434448242,0
410.011413574219,-171.223403930664,0
410.016662597656,-171.723373413086,0
410.021881103516,-172.223358154297,0
410.027099609375,-172.723327636719,0
410.032318115234,-173.223297119141,0
410.037536621094,-173.723266601563,0
410.042785644531,-174.223236083984,0
410.048004150391,-174.723220825195,0
410.05322265625,-175.223190307617,0
410.058441162109,-175.723159790039,0
410.063659667969,-176.223129272461,0
410.068878173828,-176.723114013672,0
410.074127197266,-177.223083496094,0
410.079345703125,-177.723052978516,0
410.084564208984,-178.223022460938,0
410.089782714844,-178.722991943359,0
410.095001220703,-179.222961425781,0
410.100250244141,-179.722946166992,0
410.10546875,-180.222915649414,0
410.110687255859,-180.722885131836,0
410.115905761719,-181.222869873047,0
410.121154785156,-181.722839355469,0
410.126373291016,-182.222808837891,0
410.131591796875,-182.722778320312,0
410.136810302734,-183.222747802734,0
410.142028808594,-183.722732543945,0
410.147247314453,-184.222702026367,0
410.152496337891,-184.722671508789,0
410.15771484375,-185.222640991211,0
410.162933349609,-185.722625732422,0
410.168151855469,-186.222595214844,0
410.173370361328,-186.722564697266,0
410.178588867188,-187.222534179688,0
410.183837890625,-187.722503662109,0
410.189056396484,-188.22248840332,0
410.194274902344,-188.722457885742,0
410.199493408203,-189.222427368164,0
410.204711914063,-189.722396850586,0
410.2099609375,-190.222381591797,0
410.215179443359,-190.722351074219,0
410.220397949219,-191.222320556641,0
410.225616455078,-191.722290039063,0
410.230834960938,-192.222259521484,0
410.236053466797,-192.722229003906,0
410.241302490234,-193.222213745117,0
410.246520996094,-193.722183227539,0
410.251739501953,-194.222152709961,0
410.256958007813,-194.722137451172,0
410.262176513672,-195.222106933594,0
410.267395019531,-195.722076416016,0
410.272644042969,-196.222045898438,0
410.277862548828,-196.722015380859,0
410.283081054688,-197.221984863281,0
410.288299560547,-197.721969604492,0
410.293518066406,-198.221939086914,0
410.298736572266,-198.721908569336,0
410.303985595703,-199.221878051758,0
410.309204101563,-199.721862792969,0
410.314422607422,-200.221832275391,0
410.319641113281,-200.721801757813,0
410.324859619141,-201.221771240234,0
410.330078125,-201.721740722656,0
410.335327148438,-202.221725463867,0
410.340545654297,-202.721694946289,0
410.345764160156,-203.221664428711,0
410.350982666016,-203.721633911133,0
410.356201171875,-204.221603393555,0
410.361419677734,-204.721588134766,0
410.366668701172,-205.221557617187,0
410.371887207031,-205.721527099609,0
410.377105712891,-206.221496582031,0
410.38232421875,-206.721466064453,0
410.387542724609,-207.221450805664,0
410.392761230469,-207.721420288086,0
410.398010253906,-208.221389770508,0
410.403228759766,-208.72135925293,0
410.408447265625,-209.221343994141,0
410.413665771484,-209.721313476562,0
410.418884277344,-210.221282958984,0
410.424102783203,-210.721252441406,0
410.429351806641,-211.221221923828,0
410.4345703125,-211.721206665039,0
410.439788818359,-212.221176147461,0
410.445007324219,-212.721145629883,0
410.450225830078,-213.221115112305,0
410.455444335938,-213.721099853516,0
410.460693359375,-214.221069335938,0
410.465911865234,-214.721038818359,0
410.471130371094,-215.221008300781,0
410.476348876953,-215.720977783203,0
410.481567382813,-216.220947265625,0
410.486785888672,-216.720932006836,0
410.492034912109,-217.220901489258,0
410.497253417969,-217.72087097168,0
410.502471923828,-218.220840454102,0
410.507690429688,-218.720825195312,0
410.512908935547,-219.220794677734,0
410.518127441406,-219.720764160156,0
410.523376464844,-220.220733642578,0
410.528594970703,-220.720703125,0
410.533813476563,-221.220687866211,0
410.539031982422,-221.720657348633,0
410.544250488281,-222.220626831055,0
410.549468994141,-222.720596313477,0
410.554718017578,-223.220565795898,0
410.559936523438,-223.720550537109,0
410.565155029297,-224.220520019531,0
410.570373535156,-224.720489501953,0
410.575592041016,-225.220458984375,0
410.580841064453,-225.720443725586,0
410.586059570313,-226.220413208008,0
410.591278076172,-226.72038269043,0
410.596496582031,-227.220352172852,0
410.601715087891,-227.720321655273,0
410.60693359375,-228.220306396484,0
410.612182617188,-228.720275878906,0
410.617401123047,-229.220245361328,0
410.622619628906,-229.72021484375,0
410.627838134766,-230.220184326172,0
410.633056640625,-230.720169067383,0
410.638305664063,-231.228744506836,0
410.642700195313,-231.770324707031,0
410.645202636719,-232.311920166016,0
410.645874023438,-232.853530883789,0
410.644714355469,-233.395141601562,0
410.641723632812,-233.936752319336,0
410.636871337891,-234.478332519531,0
410.630187988281,-235.019897460938,0
410.621673583984,-235.561447143555,0
410.611328125,-236.102951049805,0
410.599151611328,-236.644409179687,0
410.585113525391,-237.185836791992,0
410.569213867188,-237.72721862793,0
410.551513671875,-238.268539428711,0
410.531951904297,-238.809783935547,0
410.510559082031,-239.350982666016,0
410.487335205078,-239.892074584961,0
410.462280273438,-240.43310546875,0
410.435363769531,-240.974044799805,0
410.406616210938,-241.514892578125,0
410.376068115234,-242.055633544922,0
410.343627929688,-242.596282958984,0
410.309387207031,-243.136795043945,0
410.273315429687,-243.677200317383,0
410.2353515625,-244.217483520508,0
410.195648193359,-244.75764465332,0
410.154052734375,-245.297637939453,0
410.110595703125,-245.837493896484,0
410.065338134766,-246.377212524414,0
410.018249511719,-246.916778564453,0
409.969329833984,-247.456161499023,0
409.918579101563,-247.995376586914,0
409.865997314453,-248.534439086914,0
409.811584472656,-249.073303222656,0
409.755340576172,-249.61198425293,0
409.697265625,-250.150466918945,0
409.637359619141,-250.688751220703,0
409.575622558594,-251.226821899414,0
409.512054443359,-251.764694213867,0
409.446716308594,-252.302337646484,0
409.379455566406,-252.839752197266,0
409.310455322266,-253.376937866211,0
409.239532470703,-253.913909912109,0
409.166900634766,-254.450607299805,0
409.092376708984,-254.987075805664,0
409.016021728516,-255.52326965332,0
408.937866210938,-256.059204101562,0
408.857940673828,-256.594879150391,0
408.776153564453,-257.130279541016,0
408.692535400391,-257.665374755859,0
408.607086181641,-258.200225830078,0
408.519866943359,-258.734741210937,0
408.430816650391,-259.268981933594,0
408.339965820313,-259.802917480469,0
408.247253417969,-260.336517333984,0
408.152770996094,-260.869842529297,0
408.056427001953,-261.402801513672,0
407.958343505859,-261.935424804687,0
407.858428955078,-262.4677734375,0
407.756683349609,-262.999755859375,0
407.653137207031,-263.531341552734,0
407.547821044922,-264.062622070312,0
407.440643310547,-264.593536376953,0
407.331756591797,-265.124053955078,0
407.220947265625,-265.654235839844,0
407.108428955078,-266.184020996094,0
406.994110107422,-266.713409423828,0
406.877960205078,-267.242401123047,0
406.760009765625,-267.77099609375,0
406.640289306641,-268.299224853516,0
406.518707275391,-268.827026367188,0
406.395385742188,-269.354400634766,0
406.270294189453,-269.881378173828,0
406.143371582031,-270.407928466797,0
406.014709472656,-270.933959960937,0
405.884246826172,-271.459655761719,0
405.751983642578,-271.984893798828,0
405.617950439453,-272.509613037109,0
405.482086181641,-273.033905029297,0
405.344512939453,-273.557739257812,0
405.205139160156,-274.081115722656,0
405.063995361328,-274.604034423828,0
404.921051025391,-275.126403808594,0
404.776336669922,-275.648345947266,0
404.629852294922,-276.169769287109,0
404.481597900391,-276.690673828125,0
404.33154296875,-277.211120605469,0
404.179779052734,-277.730987548828,0
404.026245117188,-278.250366210937,0
403.870910644531,-278.769256591797,0
403.7138671875,-279.287567138672,0
403.554992675781,-279.805358886719,0
403.394409179688,-280.322601318359,0
403.232055664062,-280.839324951172,0
403.067962646484,-281.35546875,0
402.902130126953,-281.871063232422,0
402.734497070313,-282.386108398437,0
402.565124511719,-282.900543212891,0
402.394012451172,-283.414398193359,0
402.22119140625,-283.927673339844,0
402.046600341797,-284.440399169922,0
401.870269775391,-284.952484130859,0
401.692230224609,-285.463989257812,0
401.512420654297,-285.974853515625,0
401.330932617188,-286.485137939453,0
401.147613525391,-286.994812011719,0
400.962646484375,-287.503845214844,0
400.77587890625,-288.012237548828,0
400.587432861328,-288.52001953125,0
400.397247314453,-289.027130126953,0
400.205383300781,-289.533599853516,0
400.01171875,-290.039398193359,0
399.816436767578,-290.544586181641,0
399.619384765625,-291.049072265625,0
399.420623779297,-291.552917480469,0
399.220153808594,-292.056030273437,0
399.017974853516,-292.558471679687,0
398.814086914062,-293.060211181641,0
398.608489990234,-293.561309814453,0
398.401184082031,-294.061676025391,0
398.192199707031,-294.561370849609,0
397.981567382812,-295.060333251953,0
397.769165039062,-295.558563232422,0
397.555114746094,-296.056030273437,0
397.33935546875,-296.552795410156,0
397.121917724609,-297.048889160156,0
396.902801513672,-297.544158935547,0
396.681945800781,-298.038726806641,0
396.45947265625,-298.532531738281,0
396.2353515625,-299.025543212891,0
396.009521484375,-299.517852783203,0
395.782012939453,-300.009338378906,0
395.552795410156,-300.500091552734,0
395.321960449219,-300.990020751953,0
395.089508056641,-301.479217529297,0
394.855346679687,-301.967559814453,0
394.619537353516,-302.455139160156,0
394.382049560547,-302.941925048828,0
394.142913818359,-303.427886962891,0
393.902160644531,-303.913024902344,0
393.659729003906,-304.397338867187,0
393.415649414063,-304.880859375,0
393.169952392578,-305.363494873047,0
392.922637939453,-305.845336914062,0
392.673645019531,-306.326354980469,0
392.423004150391,-306.806488037109,0
392.170776367188,-307.285766601562,0
391.916931152344,-307.764190673828,0
391.661437988281,-308.241729736328,0
391.404327392578,-308.718444824219,0
391.145599365234,-309.194244384766,0
390.885284423828,-309.669189453125,0
390.623321533203,-310.143218994141,0
390.359741210937,-310.616394042969,0
390.094604492187,-311.088653564453,0
389.827789306641,-311.559997558594,0
389.559448242187,-312.030426025391,0
389.289459228516,-312.499969482422,0
389.017944335937,-312.968597412109,0
388.744750976563,-313.436218261719,0
388.470062255859,-313.903015136719,0
388.193695068359,-314.368865966797,0
387.915802001953,-314.833679199219,0
387.636322021484,-315.297637939453,0
387.355285644531,-315.760620117187,0
387.072662353516,-316.222625732422,0
386.788452148437,-316.683715820312,0
386.502716064453,-317.143798828125,0
386.215393066406,-317.602874755859,0
385.926513671875,-318.06103515625,0
385.636077880859,-318.518157958984,0
385.344085693359,-318.974365234375,0
385.050567626953,-319.429534912109,0
384.755493164062,-319.883697509766,0
384.458892822266,-320.336822509766,0
384.160736083984,-320.789031982422,0
383.861083984375,-321.240142822266,0
383.559875488281,-321.690277099609,0
383.257141113281,-322.139373779297,0
382.952850341797,-322.587432861328,0
382.647064208984,-323.034454345703,0
382.339782714844,-323.480438232422,0
382.030944824219,-323.925384521484,0
381.720642089844,-324.369293212891,0
381.408782958984,-324.812103271484,0
381.095458984375,-325.25390625,0
380.780639648437,-325.694610595703,0
380.464324951172,-326.134216308594,0
380.146484375,-326.57275390625,0
379.827209472656,-327.010223388672,0
379.506408691406,-327.446655273437,0
379.184112548828,-327.881896972656,0
378.8603515625,-328.316131591797,0
378.53515625,-328.749237060547,0
378.20849609375,-329.181213378906,0
377.880310058594,-329.612060546875,0
377.550720214844,-330.041839599609,0
377.219635009766,-330.470489501953,0
376.887084960937,-330.897979736328,0
376.553131103516,-331.324371337891,0
376.217681884766,-331.749603271484,0
375.880828857422,-332.173706054687,0
375.542541503906,-332.596649169922,0
375.202819824219,-333.018463134766,0
374.861602783203,-333.439117431641,0
374.51904296875,-333.858581542969,0
374.175018310547,-334.276885986328,0
373.82958984375,-334.694061279297,0
373.482727050781,-335.110046386719,0
373.134460449219,-335.524810791016,0
372.784790039062,-335.938415527344,0
372.433685302734,-336.350830078125,0
372.081237792969,-336.762054443359,0
371.727386474609,-337.172119140625,0
371.372100830078,-337.580902099609,0
371.015502929687,-337.988494873047,0
370.657440185547,-338.394866943359,0
370.298065185547,-338.800079345703,0
369.937255859375,-339.204010009766,0
369.575103759766,-339.606750488281,0
369.211608886719,-340.008239746094,0
368.846740722656,-340.408477783203,0
368.480499267578,-340.807525634766,0
368.112915039063,-341.205261230469,0
367.743988037109,-341.601806640625,0
367.373687744141,-341.997039794922,0
367.002044677734,-342.391052246094,0
366.629089355469,-342.783813476562,0
366.254852294922,-343.175262451172,0
365.879211425781,-343.5654296875,0
365.502288818359,-343.954376220703,0
365.1240234375,-344.341979980469,0
364.744445800781,-344.728363037109,0
364.363555908203,-345.113403320312,0
363.981384277344,-345.497161865234,0
363.597900390625,-345.879608154297,0
363.213073730469,-346.260803222656,0
362.827026367187,-346.640625,0
362.439666748047,-347.019134521484,0
362.050994873047,-347.396362304687,0
361.661071777344,-347.772277832031,0
361.269866943359,-348.146820068359,0
360.877410888672,-348.520080566406,0
360.483642578125,-348.891967773437,0
360.088653564453,-349.262512207031,0
359.6923828125,-349.631713867188,0
359.294891357422,-349.999572753906,0
358.896148681641,-350.366119384766,0
358.496154785156,-350.731262207031,0
358.094909667969,-351.095062255859,0
357.692443847656,-351.457489013672,0
357.288726806641,-351.818572998047,0
356.883850097656,-352.178253173828,0
356.477722167969,-352.536560058594,0
356.0703125,-352.893493652344,0
355.661743164063,-353.2490234375,0
355.252014160156,-353.603210449219,0
354.841033935547,-353.955932617187,0
354.428863525391,-354.307312011719,0
354.015502929687,-354.657287597656,0
353.600952148438,-355.005828857422,0
353.185241699219,-355.352966308594,0
352.768341064453,-355.69873046875,0
352.350250244141,-356.043029785156,0
351.930999755859,-356.385925292969,0
351.510620117187,-356.727386474609,0
351.089019775391,-357.067443847656,0
350.666320800781,-357.406036376953,0
350.242462158203,-357.743194580078,0
349.817474365234,-358.078948974609,0
349.391296386719,-358.413208007812,0
348.964050292969,-358.746032714844,0
348.53564453125,-359.077392578125,0
348.106140136719,-359.407318115234,0
347.675445556641,-359.735778808594,0
347.243743896484,-360.062744140625,0
346.810852050781,-360.388305664062,0
346.376861572266,-360.712371826172,0
345.941802978516,-361.034942626953,0
345.505645751953,-361.356018066406,0
345.068420410156,-361.675659179688,0
344.630065917969,-361.993743896484,0
344.190673828125,-362.310394287109,0
343.750183105469,-362.625549316406,0
343.308624267578,-362.939178466797,0
342.866058349609,-363.251312255859,0
342.42236328125,-363.561981201172,0
341.977661132813,-363.87109375,0
341.531860351562,-364.1787109375,0
341.085083007812,-364.484802246094,0
340.63720703125,-364.789367675781,0
340.188293457031,-365.092437744141,0
339.738403320312,-365.393981933594,0
339.287475585937,-365.693969726563,0
338.835510253906,-365.992462158203,0
338.382568359375,-366.289398193359,0
337.928649902344,-366.584777832031,0
337.473663330078,-366.878631591797,0
337.017700195313,-367.1708984375,0
336.560729980469,-367.461639404297,0
336.102813720703,-367.750854492188,0
335.643890380859,-368.038482666016,0
335.184020996094,-368.324584960938,0
334.72314453125,-368.609100341797,0
334.261322021484,-368.892059326172,0
333.798553466797,-369.173431396484,0
333.334838867187,-369.453247070312,0
332.870147705078,-369.731475830078,0
332.404541015625,-370.008117675781,0
331.937957763672,-370.283172607422,0
331.470489501953,-370.556671142578,0
331.002075195312,-370.828552246094,0
330.532684326172,-371.098846435547,0
330.062438964844,-371.367553710937,0
329.59130859375,-371.634643554688,0
329.119262695312,-371.900177001953,0
328.646270751953,-372.164031982422,0
328.172424316406,-372.426361083984,0
327.697662353516,-372.68701171875,0
327.222015380859,-372.946105957031,0
326.745513916016,-373.203552246094,0
326.268127441406,-373.459350585937,0
325.789886474609,-373.713562011719,0
325.310791015625,-373.966094970703,0
324.830810546875,-374.217102050781,0
324.350036621094,-374.466400146484,0
323.868347167969,-374.714050292969,0
323.385833740234,-374.960144042969,0
322.902526855469,-375.204528808594,0
322.418365478516,-375.447265625,0
321.933410644531,-375.688385009766,0
321.447601318359,-375.927856445312,0
320.960998535156,-376.165679931641,0
320.473602294922,-376.40185546875,0
319.985412597656,-376.636352539062,0
319.496398925781,-376.869171142578,0
319.006622314453,-377.100402832031,0
318.516052246094,-377.329895019531,0
318.024688720703,-377.557769775391,0
317.532562255859,-377.783935546875,0
317.039703369141,-378.008453369141,0
316.546051025391,-378.231262207031,0
316.051635742187,-378.452423095703,0
315.556518554687,-378.671936035156,0
315.060607910156,-378.889709472656,0
314.56396484375,-379.105804443359,0
314.066619873047,-379.320190429687,0
313.568542480469,-379.532928466797,0
313.069763183594,-379.743988037109,0
312.570220947266,-379.953308105469,0
312.070007324219,-380.160949707031,0
311.569061279297,-380.366882324219,0
311.067443847656,-380.571136474609,0
310.565124511719,-380.773651123047,0
310.062133789062,-380.974456787109,0
309.558471679687,-381.173614501953,0
309.054107666016,-381.371002197266,0
308.549072265625,-381.566711425781,0
308.043426513672,-381.760650634766,0
307.537048339844,-381.952911376953,0
307.030090332031,-382.143463134766,0
306.5224609375,-382.332275390625,0
306.014190673828,-382.519348144531,0
305.505310058594,-382.704681396484,0
304.995758056641,-382.888366699219,0
304.485626220703,-383.070220947266,0
303.974853515625,-383.250396728516,0
303.463439941406,-383.428833007813,0
302.951477050781,-383.605499267578,0
302.438903808594,-383.780426025391,0
301.925750732422,-383.953674316406,0
301.412017822266,-384.125122070312,0
300.897674560547,-384.294860839844,0
300.382781982422,-384.462829589844,0
299.867309570313,-384.628997802734,0
299.351257324219,-384.793518066406,0
298.834655761719,-384.956207275391,0
298.317535400391,-385.117156982422,0
297.799865722656,-385.2763671875,0
297.281646728516,-385.433807373047,0
296.762908935547,-385.589508056641,0
296.243621826172,-385.743438720703,0
295.723846435547,-385.895568847656,0
295.203521728516,-386.045959472656,0
294.682708740234,-386.194549560547,0
294.161376953125,-386.341430664062,0
293.639556884766,-386.486480712891,0
293.117248535156,-386.629791259766,0
292.594451904297,-386.771301269531,0
292.071197509766,-386.911071777344,0
291.547485351562,-387.049041748047,0
291.023254394531,-387.185241699219,0
290.498596191406,-387.319671630859,0
289.973480224609,-387.452270507812,0
289.447906494141,-387.583129882813,0
288.921905517578,-387.712158203125,0
288.395477294922,-387.839447021484,0
287.868621826172,-387.964935302734,0
287.34130859375,-388.088653564453,0
286.813568115234,-388.210540771484,0
286.285461425781,-388.330688476562,0
285.756927490234,-388.448974609375,0
285.227996826172,-388.565521240234,0
284.698669433594,-388.680206298828,0
284.168975830078,-388.793151855469,0
283.638916015625,-388.904296875,0
283.108428955078,-389.013549804688,0
282.577606201172,-389.12109375,0
282.046417236328,-389.226806640625,0
281.514892578125,-389.330718994141,0
280.983001708984,-389.432830810547,0
280.450775146484,-389.533142089844,0
279.918182373047,-389.631622314453,0
279.38525390625,-389.728332519531,0
278.85205078125,-389.823181152344,0
278.318450927734,-389.916229248047,0
277.784576416016,-390.007476806641,0
277.250457763672,-390.096923828125,0
276.715972900391,-390.184509277344,0
276.181213378906,-390.270355224609,0
275.646118164062,-390.354309082031,0
275.110809326172,-390.436492919922,0
274.5751953125,-390.516815185547,0
274.039306640625,-390.595367431641,0
273.503173828125,-390.672058105469,0
272.966766357422,-390.746948242188,0
272.430084228516,-390.820007324219,0
271.893218994141,-390.891235351563,0
271.356048583984,-390.960662841797,0
270.818664550781,-391.028259277344,0
270.281066894531,-391.094024658203,0
269.743255615234,-391.157989501953,0
269.205230712891,-391.220062255859,0
268.6669921875,-391.280364990234,0
268.128540039062,-391.338806152344,0
267.589904785156,-391.395446777344,0
267.051086425781,-391.450256347656,0
266.512054443359,-391.503204345703,0
265.972869873047,-391.554351806641,0
265.433502197266,-391.603668212891,0
264.893981933594,-391.651123046875,0
264.354339599609,-391.69677734375,0
263.814453125,-391.740570068359,0
263.274536132812,-391.782531738281,0
262.734405517578,-391.822662353516,0
262.194152832031,-391.860992431641,0
261.653747558594,-391.897430419922,0
261.113250732422,-391.932037353516,0
260.572662353516,-391.964874267578,0
260.031921386719,-391.995880126953,0
259.491119384766,-392.024963378906,0
258.9501953125,-392.05224609375,0
258.4091796875,-392.077697753906,0
257.868103027344,-392.101318359375,0
257.326904296875,-392.123046875,0
256.785675048828,-392.143035888672,0
256.244354248047,-392.161102294922,0
255.702987670898,-392.177337646484,0
255.161575317383,-392.191772460937,0
254.6201171875,-392.204376220703,0
254.07861328125,-392.215087890625,0
253.537078857422,-392.223999023438,0
252.995529174805,-392.231048583984,0
252.453948974609,-392.236297607422,0
251.912338256836,-392.239685058594,0
251.370727539062,-392.2412109375,0
250.829116821289,-392.240905761719,0
250.293518066406,-392.238830566406,0
249.793518066406,-392.236267089844,0
249.293533325195,-392.233673095703,0
248.793533325195,-392.231109619141,0
248.293548583984,-392.228515625,0
247.793548583984,-392.225952148437,0
247.293563842773,-392.223358154297,0
246.793563842773,-392.220794677734,0
246.293579101562,-392.218200683594,0
245.793579101562,-392.215637207031,0
245.293579101562,-392.213073730469,0
244.793594360352,-392.210479736328,0
244.293594360352,-392.207916259766,0
243.793609619141,-392.205322265625,0
243.293609619141,-392.202758789062,0
242.79362487793,-392.200164794922,0
242.29362487793,-392.197601318359,0
241.79362487793,-392.195007324219,0
241.293640136719,-392.192443847656,0
240.793640136719,-392.189880371094,0
240.293655395508,-392.187286376953,0
239.793655395508,-392.184722900391,0
239.293670654297,-392.18212890625,0
238.793670654297,-392.179565429687,0
238.293670654297,-392.176971435547,0
237.793685913086,-392.174407958984,0
237.293685913086,-392.171813964844,0
236.793701171875,-392.169250488281,0
236.293701171875,-392.166687011719,0
235.793716430664,-392.164093017578,0
235.293716430664,-392.161529541016,0
234.793731689453,-392.158935546875,0
234.293731689453,-392.156372070312,0
233.793731689453,-392.153778076172,0
233.293746948242,-392.151214599609,0
232.793746948242,-392.148620605469,0
232.293762207031,-392.146057128906,0
231.793762207031,-392.143493652344,0
231.29377746582,-392.140899658203,0
230.79377746582,-392.138336181641,0
230.29377746582,-392.1357421875,0
229.793792724609,-392.133178710937,0
229.303009033203,-392.130828857422,0
228.815277099609,-392.128936767578,0
228.327529907227,-392.127502441406,0
227.839767456055,-392.126586914062,0
227.352035522461,-392.126129150391,0
226.864273071289,-392.126190185547,0
226.376525878906,-392.126708984375,0
225.888778686523,-392.127716064453,0
225.401016235352,-392.129272460937,0
224.913284301758,-392.131256103516,0
224.425552368164,-392.133758544922,0
223.937789916992,-392.13671875,0
223.44889831543,-392.140106201172,0
222.948913574219,-392.143859863281,0
222.448928833008,-392.147613525391,0
221.948944091797,-392.1513671875,0
221.448959350586,-392.155120849609,0
220.948974609375,-392.158874511719,0
220.448974609375,-392.162628173828,0
219.948989868164,-392.166381835937,0
219.449005126953,-392.170135498047,0
218.949020385742,-392.173889160156,0
218.449035644531,-392.177612304687,0
217.94905090332,-392.181365966797,0
217.449066162109,-392.185119628906,0
216.949081420898,-392.188873291016,0
216.449096679687,-392.192626953125,0
215.949111938477,-392.196380615234,0
215.449111938477,-392.200164794922,0
214.949127197266,-392.203918457031,0
214.449142456055,-392.207672119141,0
213.949157714844,-392.21142578125,0
213.449172973633,-392.215179443359,0
212.949188232422,-392.218933105469,0
212.449203491211,-392.22265625,0
211.94921875,-392.226409912109,0
211.44921875,-392.230163574219,0
210.949249267578,-392.233917236328,0
210.449249267578,-392.237670898438,0
209.949264526367,-392.241424560547,0
209.449279785156,-392.245178222656,0
208.949295043945,-392.248931884766,0
208.449310302734,-392.252685546875,0
207.949325561523,-392.256439208984,0
207.449340820312,-392.260192871094,0
206.949356079102,-392.263946533203,0
206.449371337891,-392.267700195312,0
205.94938659668,-392.271453857422,0
205.449401855469,-392.275207519531,0
204.949401855469,-392.278961181641,0
204.449417114258,-392.282684326172,0
203.949432373047,-392.286437988281,0
203.449447631836,-392.290191650391,0
202.949462890625,-392.2939453125,0
202.449478149414,-392.297698974609,0
201.949493408203,-392.301452636719,0
201.449508666992,-392.305206298828,0
200.949523925781,-392.308959960937,0
200.44953918457,-392.312713623047,0
199.949554443359,-392.316467285156,0
199.449569702148,-392.320220947266,0
198.949584960938,-392.323974609375,0
198.449584960938,-392.327728271484,0
197.949600219727,-392.331481933594,0
197.449615478516,-392.335235595703,0
196.949630737305,-392.338989257812,0
196.449645996094,-392.342712402344,0
195.949661254883,-392.346466064453,0
195.449676513672,-392.350219726563,0
194.949691772461,-392.353973388672,0
194.44970703125,-392.357727050781,0
193.949722290039,-392.361480712891,0
193.449737548828,-392.365203857422,0
192.949752807617,-392.368957519531,0
192.449768066406,-392.372711181641,0
191.949783325195,-392.37646484375,0
191.449798583984,-392.380218505859,0
190.949798583984,-392.383972167969,0
190.449813842773,-392.387725830078,0
189.949829101563,-392.391479492187,0
189.449844360352,-392.395233154297,0
188.949859619141,-392.398986816406,0
188.44987487793,-392.402740478516,0
187.949890136719,-392.406494140625,0
187.449905395508,-392.410247802734,0
186.949920654297,-392.414001464844,0
186.449935913086,-392.417724609375,0
185.949951171875,-392.421478271484,0
185.449966430664,-392.425231933594,0
184.949966430664,-392.428985595703,0
184.449981689453,-392.432739257812,0
183.949996948242,-392.436492919922,0
183.450012207031,-392.440246582031,0
182.95002746582,-392.444000244141,0
182.460906982422,-392.447906494141,0
181.965362548828,-392.452178955078,0
181.465377807617,-392.45654296875,0
180.965393066406,-392.4609375,0
180.465423583984,-392.465301513672,0
179.965438842773,-392.469665527344,0
179.465454101563,-392.474060058594,0
178.965469360352,-392.478424072266,0
178.465484619141,-392.482818603516,0
177.965515136719,-392.487182617187,0
177.465530395508,-392.491546630859,0
176.965545654297,-392.495941162109,0
176.465576171875,-392.500305175781,0
175.965591430664,-392.504669189453,0
175.465606689453,-392.509063720703,0
174.965621948242,-392.513427734375,0
174.46565246582,-392.517822265625,0
173.965667724609,-392.522186279297,0
173.465682983398,-392.526550292969,0
172.965698242188,-392.530944824219,0
172.465728759766,-392.535308837891,0
171.965744018555,-392.539672851562,0
171.465759277344,-392.544067382812,0
170.965774536133,-392.548431396484,0
170.465805053711,-392.552825927734,0
169.9658203125,-392.557189941406,0
169.465835571289,-392.561553955078,0
168.965850830078,-392.565948486328,0
168.465881347656,-392.5703125,0
167.965896606445,-392.574676513672,0
167.465911865234,-392.579071044922,0
166.965927124023,-392.583435058594,0
166.465957641602,-392.587829589844,0
165.965972900391,-392.592193603516,0
165.46598815918,-392.596557617187,0
164.966003417969,-392.600952148437,0
164.466033935547,-392.605316162109,0
163.966049194336,-392.609680175781,0
163.466064453125,-392.614074707031,0
162.966079711914,-392.618438720703,0
162.466110229492,-392.622833251953,0
161.966125488281,-392.627197265625,0
161.46614074707,-392.631561279297,0
160.966156005859,-392.635955810547,0
160.457794189453,-392.640411376953,0
159.919570922852,-392.643920898437,0
159.38134765625,-392.645812988281,0
158.843109130859,-392.646026611328,0
158.304885864258,-392.64453125,0
157.766662597656,-392.641387939453,0
157.228469848633,-392.636505126953,0
156.69026184082,-392.630035400391,0
156.152114868164,-392.621795654297,0
155.613967895508,-392.611968994141,0
155.075881958008,-392.600372314453,0
154.537796020508,-392.587188720703,0
153.999801635742,-392.572265625,0
153.461807250977,-392.555633544922,0
152.923904418945,-392.537384033203,0
152.386047363281,-392.517425537109,0
151.848236083984,-392.495788574219,0
151.310516357422,-392.472473144531,0
150.772872924805,-392.447509765625,0
150.235290527344,-392.420837402344,0
149.697830200195,-392.392517089844,0
149.160446166992,-392.362487792969,0
148.623138427734,-392.330810546875,0
148.085952758789,-392.297454833984,0
147.548858642578,-392.262390136719,0
147.01188659668,-392.225677490234,0
146.475021362305,-392.187255859375,0
145.938293457031,-392.147186279297,0
145.401702880859,-392.10546875,0
144.865219116211,-392.06201171875,0
144.328872680664,-392.016906738281,0
143.792678833008,-391.970153808594,0
143.256637573242,-391.921691894531,0
142.720748901367,-391.87158203125,0
142.185012817383,-391.819763183594,0
141.649459838867,-391.766326904297,0
141.114074707031,-391.711212158203,0
140.578842163086,-391.654388427734,0
140.043792724609,-391.595916748047,0
139.508926391602,-391.535827636719,0
138.97428894043,-391.473999023437,0
138.439788818359,-391.410552978516,0
137.905532836914,-391.345367431641,0
137.371459960938,-391.278564453125,0
136.837600708008,-391.210083007812,0
136.303985595703,-391.139953613281,0
135.770553588867,-391.068115234375,0
135.237350463867,-390.99462890625,0
134.704406738281,-390.919525146484,0
134.171691894531,-390.842742919922,0
133.639205932617,-390.764251708984,0
133.106994628906,-390.684143066406,0
132.574996948242,-390.602325439453,0
132.043273925781,-390.518920898438,0
131.511825561523,-390.433807373047,0
130.980621337891,-390.347045898437,0
130.449722290039,-390.258666992188,0
129.919067382813,-390.168579101563,0
129.388732910156,-390.076843261719,0
128.858673095703,-389.983428955078,0
128.328887939453,-389.888427734375,0
127.799415588379,-389.791717529297,0
127.270248413086,-389.693359375,0
126.741394042969,-389.593383789063,0
126.212837219238,-389.491760253906,0
125.684638977051,-389.388427734375,0
125.156723022461,-389.283508300781,0
124.62915802002,-389.176940917969,0
124.101928710938,-389.068695068359,0
123.575035095215,-388.958801269531,0
123.048484802246,-388.847320556641,0
122.52229309082,-388.734130859375,0
121.996444702148,-388.619323730469,0
121.470970153809,-388.502899169922,0
120.945854187012,-388.384826660156,0
120.421112060547,-388.265045166016,0
119.896743774414,-388.143707275391,0
119.372756958008,-388.020721435547,0
118.849151611328,-387.896087646484,0
118.325950622559,-387.769836425781,0
117.803131103516,-387.641967773438,0
117.280723571777,-387.512390136719,0
116.758720397949,-387.381256103516,0
116.237129211426,-387.248443603516,0
115.715957641602,-387.114044189453,0
115.195205688477,-386.97802734375,0
114.674873352051,-386.840362548828,0
114.154983520508,-386.701049804687,0
113.635536193848,-386.560180664062,0
113.116508483887,-386.417663574219,0
112.597938537598,-386.273529052734,0
112.079833984375,-386.127746582031,0
111.562171936035,-385.980377197266,0
111.044982910156,-385.831359863281,0
110.528259277344,-385.680755615234,0
110.012001037598,-385.528533935547,0
109.496223449707,-385.374694824219,0
108.980934143066,-385.219268798828,0
108.466125488281,-385.062225341797,0
107.951805114746,-384.903594970703,0
107.437995910645,-384.743316650391,0
106.924674987793,-384.581451416016,0
106.411865234375,-384.417999267578,0
105.899574279785,-384.2529296875,0
105.387809753418,-384.086273193359,0
104.87654876709,-383.918029785156,0
104.365821838379,-383.748168945312,0
103.855628967285,-383.576721191406,0
103.345970153809,-383.403686523437,0
102.836853027344,-383.229095458984,0
102.32829284668,-383.052886962891,0
101.820281982422,-382.875091552734,0
101.312828063965,-382.695709228516,0
100.805923461914,-382.514709472656,0
100.299606323242,-382.332183837891,0
99.7938537597656,-382.148071289062,0
99.2886734008789,-381.962341308594,0
98.7840728759766,-381.775085449219,0
98.2800674438477,-381.586212158203,0
97.7766494750977,-381.395812988281,0
97.2738265991211,-381.203857421875,0
96.7716064453125,-381.01025390625,0
96.2699890136719,-380.815155029297,0
95.7689971923828,-380.618438720703,0
95.2686080932617,-380.420227050781,0
94.7688369750977,-380.220397949219,0
94.2697067260742,-380.019012451172,0
93.7712020874023,-379.816101074219,0
93.2733306884766,-379.611602783203,0
92.7761077880859,-379.405578613281,0
92.2795257568359,-379.197998046875,0
91.7835845947266,-378.988861083984,0
91.2882995605469,-378.778137207031,0
90.7936782836914,-378.56591796875,0
90.2997207641602,-378.352172851562,0
89.8064498901367,-378.136840820313,0
89.3138275146484,-377.919982910156,0
88.821891784668,-377.701629638672,0
88.3306427001953,-377.481719970703,0
87.8400955200195,-377.260223388672,0
87.3502197265625,-377.037261962891,0
86.8610534667969,-376.812774658203,0
86.3725891113281,-376.586730957031,0
85.8848266601563,-376.359161376953,0
85.3977890014648,-376.130096435547,0
84.9114608764648,-375.899475097656,0
84.4258499145508,-375.667388916016,0
83.9409790039062,-375.433776855469,0
83.4568328857422,-375.198638916016,0
82.9734115600586,-374.961975097656,0
82.4907379150391,-374.723815917969,0
82.0088195800781,-374.484130859375,0
81.5276489257812,-374.242980957031,0
81.0472183227539,-374.000305175781,0
80.5675659179687,-373.756164550781,0
80.0886611938477,-373.510528564453,0
79.6105346679687,-373.263336181641,0
79.1331939697266,-373.014709472656,0
78.656608581543,-372.764617919922,0
78.1808166503906,-372.512969970703,0
77.705810546875,-372.259857177734,0
77.2316055297852,-372.005249023437,0
76.758186340332,-371.749237060547,0
76.2855682373047,-371.49169921875,0
75.8137588500977,-371.232696533203,0
75.3427734375,-370.97216796875,0
74.8725814819336,-370.710235595703,0
74.4032211303711,-370.446838378906,0
73.934684753418,-370.181915283203,0
73.4669647216797,-369.915588378906,0
73.0000915527344,-369.647796630859,0
72.5340576171875,-369.378540039063,0
72.0688629150391,-369.107818603516,0
71.6045074462891,-368.835693359375,0
71.1410140991211,-368.562072753906,0
70.6783752441406,-368.287017822266,0
70.2165985107422,-368.010559082031,0
69.7556838989258,-367.732635498047,0
69.2956237792969,-367.453216552734,0
68.8364639282227,-367.172454833984,0
68.378173828125,-366.890197753906,0
67.9207534790039,-366.606536865234,0
67.464241027832,-366.321472167969,0
67.0086059570312,-366.034942626953,0
66.5538635253906,-365.747009277344,0
66.1000366210938,-365.457641601562,0
65.6471099853516,-365.166900634766,0
65.1950836181641,-364.874694824219,0
64.7439804077149,-364.581115722656,0
64.2937927246094,-364.286102294922,0
63.8445358276367,-363.98974609375,0
63.3961944580078,-363.691925048828,0
62.948787689209,-363.392730712891,0
62.5023231506348,-363.092132568359,0
62.0567932128906,-362.790161132812,0
61.6122016906738,-362.48681640625,0
61.1685676574707,-362.182037353516,0
60.7258911132813,-361.875915527344,0
60.2841606140137,-361.568389892578,0
59.8433990478516,-361.259490966797,0
59.4036026000977,-360.949188232422,0
58.9647789001465,-360.637573242187,0
58.5269279479981,-360.324584960937,0
58.0900535583496,-360.010192871094,0
57.6541595458984,-359.694458007812,0
57.2192573547363,-359.377349853516,0
56.7853469848633,-359.058898925781,0
56.3524322509766,-358.739135742187,0
55.9205131530762,-358.417999267578,0
55.4896011352539,-358.095458984375,0
55.059700012207,-357.771606445313,0
54.6308212280273,-357.446441650391,0
54.2029418945313,-357.119903564453,0
53.7760848999023,-356.792053222656,0
53.3502655029297,-356.462890625,0
52.9254684448242,-356.132354736328,0
52.5017051696777,-355.800537109375,0
52.0789794921875,-355.467376708984,0
51.6572914123535,-355.132904052734,0
51.2366485595703,-354.797119140625,0
50.817066192627,-354.460021972656,0
50.3985290527344,-354.12158203125,0
49.9810523986816,-353.781890869141,0
49.5646438598633,-353.44091796875,0
49.1492919921875,-353.098571777344,0
48.7350158691406,-352.754974365234,0
48.3218154907227,-352.410095214844,0
47.9096832275391,-352.063903808594,0
47.4986457824707,-351.716430664062,0
47.0886917114258,-351.367706298828,0
46.679817199707,-351.017639160156,0
46.2720527648926,-350.666351318359,0
45.8653755187988,-350.313812255859,0
45.4598083496094,-349.9599609375,0
45.0553398132324,-349.604858398438,0
44.6519889831543,-349.248474121094,0
44.2497482299805,-348.890869140625,0
43.8486251831055,-348.531982421875,0
43.4486236572266,-348.171875,0
43.049747467041,-347.810516357422,0
42.6519927978516,-347.447875976562,0
42.2553863525391,-347.084045410156,0
41.8599128723145,-346.718963623047,0
41.4655799865723,-346.352661132812,0
41.0723876953125,-345.985076904297,0
40.680347442627,-345.616333007812,0
40.2894592285156,-345.246337890625,0
39.899730682373,-344.875122070312,0
39.5111618041992,-344.502685546875,0
39.1237602233887,-344.129028320312,0
38.7375144958496,-343.754211425781,0
38.3524551391602,-343.378112792969,0
37.9685592651367,-343.000854492188,0
37.5858497619629,-342.622436523438,0
37.2043190002441,-342.242797851562,0
36.8239822387695,-341.861999511719,0
36.44482421875,-341.47998046875,0
36.0668640136719,-341.096771240234,0
35.6901092529297,-340.712432861328,0
35.3145523071289,-340.326873779297,0
34.9401969909668,-339.940185546875,0
34.5670509338379,-339.552276611328,0
34.1951141357422,-339.163238525391,0
33.8244018554687,-338.773040771484,0
33.4549026489258,-338.381652832031,0
33.0866279602051,-337.989166259766,0
32.7195777893066,-337.595520019531,0
32.353759765625,-337.20068359375,0
31.9891738891602,-336.804779052734,0
31.6258277893066,-336.407684326172,0
31.2637214660645,-336.009490966797,0
30.9028625488281,-335.610168457031,0
30.5432510375977,-335.209686279297,0
30.1848831176758,-334.80810546875,0
29.8277778625488,-334.405426025391,0
29.4719314575195,-334.001617431641,0
29.1173439025879,-333.5966796875,0
28.7640266418457,-333.190673828125,0
28.4119701385498,-332.783569335938,0
28.0611877441406,-332.375335693359,0
27.7116832733154,-331.966003417969,0
27.3634548187256,-331.555603027344,0
27.0165176391602,-331.144134521484,0
26.6708602905273,-330.731536865234,0
26.3264846801758,-330.317932128906,0
25.9834175109863,-329.903228759766,0
25.6416358947754,-329.487426757812,0
25.3011531829834,-329.070556640625,0
24.9619750976562,-328.652679443359,0
24.6241073608398,-328.233703613281,0
24.287540435791,-327.813659667969,0
23.9522895812988,-327.392608642578,0
23.6183528900146,-326.970520019531,0
23.2857360839844,-326.54736328125,0
22.9544372558594,-326.123168945312,0
22.6244735717773,-325.697937011719,0
22.295825958252,-325.271728515625,0
21.96852684021,-324.844451904297,0
21.6425476074219,-324.416198730469,0
21.3179149627686,-323.986846923828,0
20.9946155548096,-323.556518554687,0
20.6726722717285,-323.125244140625,0
20.3520679473877,-322.69287109375,0
20.0328063964844,-322.259582519531,0
19.7149085998535,-321.825256347656,0
19.3983745574951,-321.389953613281,0
19.0831890106201,-320.953674316406,0
18.7693786621094,-320.516387939453,0
18.4569206237793,-320.078155517578,0
18.1458377838135,-319.638916015625,0
17.8361377716064,-319.19873046875,0
17.5277976989746,-318.757537841797,0
17.2208404541016,-318.3154296875,0
16.91526222229,-317.872375488281,0
16.6110649108887,-317.428344726562,0
16.3082618713379,-316.9833984375,0
16.0068550109863,-316.537506103516,0
15.7068271636963,-316.090637207031,0
15.4081974029541,-315.642822265625,0
15.1109800338745,-315.194122314453,0
14.8151569366455,-314.744506835937,0
14.5207328796387,-314.293884277344,0
14.2277183532715,-313.842437744141,0
13.9361190795898,-313.390045166016,0
13.6459293365479,-312.936737060547,0
13.3571538925171,-312.482543945312,0
13.0697927474976,-312.027465820312,0
12.7838592529297,-311.571472167969,0
12.4993543624878,-311.114593505859,0
12.2162780761719,-310.656799316406,0
11.9346294403076,-310.198120117187,0
11.6543979644775,-309.738616943359,0
11.3756256103516,-309.278228759766,0
11.0982828140259,-308.816925048828,0
10.8223676681519,-308.354827880859,0
10.5479145050049,-307.891815185547,0
10.2748928070068,-307.427978515625,0
10.0033302307129,-306.963287353516,0
9.73321437835693,-306.497772216797,0
9.46455955505371,-306.031372070312,0
9.19735145568848,-305.564147949219,0
8.93160629272461,-305.096099853516,0
8.66731929779053,-304.627197265625,0
8.40451335906982,-304.157531738281,0
8.14315319061279,-303.687042236328,0
7.88326835632324,-303.215698242187,0
7.62486553192139,-302.743560791016,0
7.36793613433838,-302.270629882812,0
7.112473487854,-301.796875,0
6.85848903656006,-301.322326660156,0
6.60599613189697,-300.847015380859,0
6.35498237609863,-300.370880126953,0
6.1054630279541,-299.894012451172,0
5.85742378234863,-299.416351318359,0
5.61087799072266,-298.937896728516,0
5.36582660675049,-298.458679199219,0
5.12227344512939,-297.978698730469,0
4.88021087646484,-297.497955322266,0
4.63966083526611,-297.016510009766,0
4.40062141418457,-296.534301757812,0
4.16307640075684,-296.051300048828,0
3.92704296112061,-295.567596435547,0
3.6925220489502,-295.083129882812,0
3.45951080322266,-294.597961425781,0
3.22801208496094,-294.112060546875,0
2.99803733825684,-293.625427246094,0
2.76957702636719,-293.138092041016,0
2.54264450073242,-292.650085449219,0
2.31723785400391,-292.161315917969,0
2.09334278106689,-291.671813964844,0
1.87099266052246,-291.181701660156,0
1.65016841888428,-290.690856933594,0
1.43087196350098,-290.199340820313,0
1.21312046051025,-289.707122802734,0
0.996896743774414,-289.214233398437,0
0.78221607208252,-288.720703125,0
0.569064140319824,-288.226440429687,0
0.35747241973877,-287.731536865234,0
0.14742374420166,-287.236022949219,0
-0.061079978942871,-286.739807128906,0
-0.268041610717773,-286.242950439453,0
-0.473440170288086,-285.745483398437,0
-0.67729663848877,-285.247314453125,0
-0.879591941833496,-284.748596191406,0
-1.08032703399658,-284.249176025391,0
-1.27950191497803,-283.749176025391,0
-1.47711658477783,-283.24853515625,0
-1.67317008972168,-282.747283935547,0
-1.86766242980957,-282.245422363281,0
-2.06058025360107,-281.742950439453,0
-2.25193500518799,-281.239868164062,0
-2.44171524047852,-280.736206054687,0
-2.62991809844971,-280.231994628906,0
-2.81655883789062,-279.727142333984,0
-3.00160884857178,-279.221740722656,0
-3.18509578704834,-278.715728759766,0
-3.36699104309082,-278.209197998047,0
-3.5473108291626,-277.702056884766,0
-3.72603607177734,-277.194366455078,0
-3.90318393707275,-276.686126708984,0
-4.07875537872314,-276.177368164062,0
-4.2527322769165,-275.668029785156,0
-4.42511653900147,-275.158111572266,0
-4.59590911865234,-274.647705078125,0
-4.76510620117188,-274.136810302734,0
-4.93269634246826,-273.625305175781,0
-5.09870719909668,-273.113311767578,0
-5.26311016082764,-272.600799560547,0
-5.42591857910156,-272.087799072266,0
-5.58711814880371,-271.574310302734,0
-5.74672222137451,-271.060272216797,0
-5.90471839904785,-270.545745849609,0
-6.06112194061279,-270.03076171875,0
-6.21589851379395,-269.515258789062,0
-6.36906719207764,-268.999267578125,0
-6.52063846588135,-268.482818603516,0
-6.67058658599854,-267.965911865234,0
-6.81892490386963,-267.448547363281,0
-6.96563816070557,-266.9306640625,0
-7.11073970794678,-266.412414550781,0
-7.25423097610474,-265.893646240234,0
-7.39609813690186,-265.374450683594,0
-7.53633785247803,-264.854827880859,0
-7.67496871948242,-264.334777832031,0
-7.81195688247681,-263.814239501953,0
-7.9473352432251,-263.293304443359,0
-8.08108615875244,-262.77197265625,0
-8.21319770812988,-262.250213623047,0
-8.34369659423828,-261.72802734375,0
-8.47255420684814,-261.205474853516,0
-8.59978580474854,-260.682495117187,0
-8.72539043426514,-260.159118652344,0
-8.84935283660889,-259.635345458984,0
-8.9716739654541,-259.111206054687,0
-9.09236717224121,-258.586700439453,0
-9.21141910552979,-258.061798095703,0
-9.32884407043457,-257.536529541016,0
-9.44461059570313,-257.010925292969,0
-9.55875110626221,-256.484924316406,0
-9.67124843597412,-255.958572387695,0
-9.78210258483887,-255.431884765625,0
-9.89130020141602,-254.904861450195,0
-9.99886989593506,-254.377502441406,0
-10.1047811508179,-253.84977722168,0
-10.2090492248535,-253.321762084961,0
-10.3116598129272,-252.793395996094,0
-10.4126424789429,-252.264724731445,0
-10.5119514465332,-251.735748291016,0
-10.6096172332764,-251.206451416016,0
-10.705638885498,-250.676849365234,0
-10.8000030517578,-250.14697265625,0
-10.8927087783813,-249.616790771484,0
-10.9837703704834,-249.086303710938,0
-11.0731582641602,-248.555557250977,0
-11.1609020233154,-248.024551391602,0
-11.2469882965088,-247.493240356445,0
-11.3314151763916,-246.961669921875,0
-11.4141826629639,-246.429840087891,0
-11.4952907562256,-245.897766113281,0
-11.5747241973877,-245.365432739258,0
-11.652515411377,-244.83283996582,0
-11.728630065918,-244.300048828125,0
-11.8030872344971,-243.766998291016,0
-11.8758850097656,-243.233703613281,0
-11.9470233917236,-242.7001953125,0
-12.0164861679077,-242.166458129883,0
-12.0842742919922,-241.632522583008,0
-12.1504182815552,-241.098373413086,0
-12.2148723602295,-240.564010620117,0
-12.2776670455933,-240.02946472168,0
-12.3388023376465,-239.494720458984,0
-12.3982620239258,-238.95979309082,0
-12.4560470581055,-238.424667358398,0
-12.5121726989746,-237.889389038086,0
-12.5666227340698,-237.353912353516,0
-12.6193981170654,-236.818283081055,0
-12.6704978942871,-236.282485961914,0
-12.7199382781982,-235.746536254883,0
-12.7677021026611,-235.210418701172,0
-12.8137912750244,-234.674179077148,0
-12.8582067489624,-234.137786865234,0
-12.9009456634521,-233.60124206543,0
-12.942008972168,-233.064590454102,0
-12.9813966751099,-232.527816772461,0
-13.0191097259522,-231.99089050293,0
-13.0551471710205,-231.453887939453,0
-13.0895099639893,-230.916763305664,0
-13.1221961975098,-230.379516601562,0
-13.1532077789307,-229.842193603516,0
-13.1825437545776,-229.304763793945,0
-13.2102031707764,-228.767242431641,0
-13.2361717224121,-228.229629516602,0
-13.2604808807373,-227.691955566406,0
-13.2831001281738,-227.154205322266,0
-13.3040418624878,-226.616394042969,0
-13.3233089447021,-226.078506469727,0
-13.3409004211426,-225.540573120117,0
-13.35680103302,-225.002578735352,0
-13.3710403442383,-224.464553833008,0
-13.3835897445679,-223.92643737793,0
-13.3944492340088,-223.388336181641,0
-13.4036464691162,-222.850189208984,0
-13.4111528396606,-222.312026977539,0
-13.4169988632202,-221.773818969727,0
-13.4211387634277,-221.235626220703,0
-13.4236192703247,-220.697387695312,0
-13.4244079589844,-220.159149169922,0
-13.4235210418701,-219.620941162109,0
-13.4215717315674,-219.11213684082,0
-13.4196100234985,-218.61213684082,0
-13.4176483154297,-218.11213684082,0
-13.4156856536865,-217.61213684082,0
-13.4137229919434,-217.112152099609,0
-13.4117603302002,-216.612152099609,0
-13.4097986221313,-216.112152099609,0
-13.4078369140625,-215.612167358398,0
-13.4058742523193,-215.112167358398,0
-13.4039115905762,-214.612167358398,0
-13.401948928833,-214.112167358398,0
-13.3999872207642,-213.612167358398,0
-13.3980255126953,-213.112182617188,0
-13.3960628509521,-212.612182617187,0
-13.394100189209,-212.112182617187,0
-13.3921375274658,-211.612182617187,0
-13.390175819397,-211.112197875977,0
-13.3882141113281,-210.612197875977,0
-13.386251449585,-210.112197875977,0
-13.3842887878418,-209.612197875977,0
-13.3823261260986,-209.112213134766,0
-13.3803644180298,-208.612213134766,0
-13.3784027099609,-208.112213134766,0
-13.3764400482178,-207.612228393555,0
-13.3744773864746,-207.112228393555,0
-13.3725147247314,-206.612228393555,0
-13.3705530166626,-206.112228393555,0
-13.3685913085938,-205.612228393555,0
-13.3666286468506,-205.112243652344,0
-13.3646659851074,-204.612243652344,0
-13.3627033233643,-204.112243652344,0
-13.3607416152954,-203.612258911133,0
-13.3587799072266,-203.112258911133,0
-13.3568172454834,-202.612258911133,0
-13.3548545837402,-202.112258911133,0
-13.3528919219971,-201.612258911133,0
-13.3509302139282,-201.112274169922,0
-13.3489685058594,-200.612274169922,0
-13.3470058441162,-200.112274169922,0
-13.345043182373,-199.612289428711,0
-13.3430805206299,-199.112289428711,0
-13.341118812561,-198.612289428711,0
-13.3391571044922,-198.112289428711,0
-13.337194442749,-197.612289428711,0
-13.3352317810059,-197.1123046875,0
-13.3332691192627,-196.6123046875,0
-13.3313074111938,-196.1123046875,0
-13.329345703125,-195.612319946289,0
-13.3273830413818,-195.112319946289,0
-13.3254203796387,-194.612319946289,0
-13.3234577178955,-194.112319946289,0
-13.3214960098267,-193.612319946289,0
-13.3195343017578,-193.112335205078,0
-13.3175716400147,-192.612335205078,0
-13.3156089782715,-192.112335205078,0
-13.3136472702026,-191.612350463867,0
-13.3116846084595,-191.112350463867,0
-13.3097229003906,-190.612350463867,0
-13.3077602386475,-190.112350463867,0
-13.3057975769043,-189.612365722656,0
-13.3038358688355,-189.112365722656,0
-13.3018732070923,-188.612365722656,0
-13.2999114990234,-188.112365722656,0
-13.2979488372803,-187.612380981445,0
-13.2959861755371,-187.112380981445,0
-13.2940244674683,-186.612380981445,0
-13.2920618057251,-186.112380981445,0
-13.2901000976563,-185.612396240234,0
-13.2881374359131,-185.112396240234,0
-13.2861747741699,-184.612396240234,0
-13.2842130661011,-184.112396240234,0
-13.2822504043579,-183.612411499023,0
-13.2802886962891,-183.112411499023,0
-13.2783260345459,-182.612411499023,0
-13.2763633728027,-182.112411499023,0
-13.2744016647339,-181.612426757813,0
-13.2724390029907,-181.112426757813,0
-13.2704772949219,-180.612426757813,0
-13.2685146331787,-180.112426757813,0
-13.2665519714355,-179.612426757813,0
-13.2645902633667,-179.112426757813,0
-13.2626276016235,-178.612426757813,0
-13.2606658935547,-178.112442016602,0
-13.2587032318115,-177.612442016602,0
-13.2567405700684,-177.112442016602,0
-13.2547788619995,-176.612442016602,0
-13.2528162002563,-176.112457275391,0
-13.2508544921875,-175.612457275391,0
-13.2488918304443,-175.112457275391,0
-13.2469291687012,-174.612457275391,0
-13.2449674606323,-174.11247253418,0
-13.2430047988892,-173.61247253418,0
-13.2410430908203,-173.11247253418,0
-13.2390804290771,-172.61247253418,0
-13.237117767334,-172.112487792969,0
-13.2351560592651,-171.612487792969,0
-13.233193397522,-171.112487792969,0
-13.2312316894531,-170.612487792969,0
-13.22926902771,-170.112503051758,0
-13.2273063659668,-169.612503051758,0
-13.2253446578979,-169.112503051758,0
-13.2233819961548,-168.612503051758,0
-13.2214202880859,-168.112518310547,0
-13.2194576263428,-167.612518310547,0
-13.2174949645996,-167.112518310547,0
-13.2155332565308,-166.612518310547,0
-13.2135705947876,-166.112533569336,0
-13.2116088867188,-165.612533569336,0
-13.2096462249756,-165.112533569336,0
-13.2076835632324,-164.612548828125,0
-13.2057218551636,-164.112548828125,0
-13.2037591934204,-163.612564086914,0
-13.2017974853516,-163.112564086914,0
-13.1998348236084,-162.612564086914,0
-13.1978721618652,-162.112564086914,0
-13.1959104537964,-161.612579345703,0
-13.1939477920532,-161.112579345703,0
-13.1919860839844,-160.612579345703,0
-13.1900234222412,-160.112579345703,0
-13.188060760498,-159.612594604492,0
-13.1860990524292,-159.112594604492,0
-13.184136390686,-158.612594604492,0
-13.1821746826172,-158.112594604492,0
-13.180212020874,-157.612594604492,0
-13.1782493591309,-157.112609863281,0
-13.176287651062,-156.612609863281,0
-13.1743249893188,-156.112609863281,0
-13.17236328125,-155.61262512207,0
-13.1704006195068,-155.11262512207,0
-13.1684379577637,-154.61262512207,0
-13.1664762496948,-154.11262512207,0
-13.1645135879517,-153.61262512207,0
-13.1625518798828,-153.112640380859,0
-13.1605892181396,-152.612640380859,0
-13.1586265563965,-152.112640380859,0
-13.1566648483276,-151.612655639648,0
-13.1547021865845,-151.112655639648,0
-13.1527404785156,-150.612655639648,0
-13.1507778167725,-150.112655639648,0
-13.1488151550293,-149.612670898438,0
-13.1468534469605,-149.112670898438,0
-13.1448907852173,-148.612670898438,0
-13.1429290771484,-148.112686157227,0
-13.1409664154053,-147.612686157227,0
-13.1390037536621,-147.112686157227,0
-13.1370420455933,-146.612686157227,0
-13.1350793838501,-146.112686157227,0
-13.1331176757813,-145.612701416016,0
-13.1311550140381,-145.112701416016,0
-13.1291923522949,-144.612701416016,0
-13.1272306442261,-144.112716674805,0
-13.1252679824829,-143.612716674805,0
-13.1233062744141,-143.112716674805,0
-13.1213436126709,-142.612716674805,0
-13.1193809509277,-142.112716674805,0
-13.1174192428589,-141.612731933594,0
-13.1154565811157,-141.112731933594,0
-13.1134948730469,-140.612731933594,0
-13.1115322113037,-140.112747192383,0
-13.1095695495605,-139.612747192383,0
-13.1076078414917,-139.112747192383,0
-13.1056451797485,-138.612747192383,0
-13.1036834716797,-138.112747192383,0
-13.1017208099365,-137.612762451172,0
-13.0997581481934,-137.112762451172,0
-13.0977964401245,-136.612762451172,0
-13.0958337783813,-136.112777709961,0
-13.0938720703125,-135.612777709961,0
-13.0919094085693,-135.112777709961,0
-13.0899467468262,-134.612777709961,0
-13.0879850387573,-134.112777709961,0
-13.0860223770142,-133.61279296875,0
-13.0840606689453,-133.11279296875,0
-13.0820980072021,-132.61279296875,0
-13.080135345459,-132.112808227539,0
-13.0781736373901,-131.612808227539,0
-13.076210975647,-131.112808227539,0
-13.0742492675781,-130.612808227539,0
-13.072286605835,-130.112808227539,0
-13.0703239440918,-129.612823486328,0
-13.068362236023,-129.112823486328,0
-13.0663995742798,-128.612823486328,0
-13.0644378662109,-128.112838745117,0
-13.0624752044678,-127.612838745117,0
-13.0605125427246,-127.112838745117,0
-13.0585508346558,-126.612838745117,0
-13.0565881729126,-126.112846374512,0
-13.0546264648438,-125.612854003906,0
-13.0526638031006,-125.112854003906,0
-13.0507011413574,-124.612854003906,0
-13.0487394332886,-124.112861633301,0
-13.0467767715454,-123.612869262695,0
-13.0448150634766,-123.112869262695,0
-13.0428524017334,-122.612869262695,0
-13.0408897399902,-122.11287689209,0
-13.0389280319214,-121.612884521484,0
-13.0369653701782,-121.112884521484,0
-13.0350036621094,-120.612884521484,0
-13.0330410003662,-120.112892150879,0
-13.031078338623,-119.612899780273,0
-13.0291166305542,-119.112899780273,0
-13.027153968811,-118.612899780273,0
-13.0251922607422,-118.112907409668,0
-13.023229598999,-117.612915039063,0
-13.0212669372559,-117.112915039063,0
-13.019305229187,-116.612915039063,0
-13.0173425674438,-116.112922668457,0
-13.015380859375,-115.612930297852,0
-13.0134181976318,-115.112930297852,0
-13.0114555358887,-114.612930297852,0
-13.0094938278198,-114.112937927246,0
-13.0075311660767,-113.612945556641,0
-13.0055694580078,-113.112945556641,0
-13.0036067962646,-112.612953186035,0
-13.0016441345215,-112.112953186035,0
-12.9996824264526,-111.61296081543,0
-12.9977197647095,-111.11296081543,0
-12.9957580566406,-110.612968444824,0
-12.9937953948975,-110.112968444824,0
-12.9918327331543,-109.612976074219,0
-12.9898710250854,-109.112976074219,0
-12.9879083633423,-108.612983703613,0
-12.9859466552734,-108.112983703613,0
-12.9839839935303,-107.612991333008,0
-12.9820213317871,-107.112991333008,0
-12.9800596237183,-106.612998962402,0
-12.9780969619751,-106.112998962402,0
-12.9761352539063,-105.613006591797,0
-12.9741725921631,-105.113006591797,0
-12.9722099304199,-104.613014221191,0
-12.9702482223511,-104.113014221191,0
-12.9682855606079,-103.613021850586,0
-12.9663238525391,-103.113021850586,0
-12.9643611907959,-102.61302947998,0
-12.9623985290527,-102.11302947998,0
-12.9604368209839,-101.613037109375,0
-12.9584741592407,-101.113037109375,0
-12.9565124511719,-100.61304473877,0
-12.9545497894287,-100.11304473877,0
-12.9525871276855,-99.6130523681641,0
-12.9506254196167,-99.1130523681641,0
-12.9486637115479,-98.6130599975586,0
-12.9467010498047,-98.1130599975586,0
-12.9447383880615,-97.6130676269531,0
-12.9427757263184,-97.1130676269531,0
-12.9408140182495,-96.6130676269531,0
-12.9388523101807,-96.1130752563477,0
-12.9368896484375,-95.6130828857422,0
-12.9349269866943,-95.1130828857422,0
-12.9329643249512,-94.6130828857422,0
-12.9310026168823,-94.1130905151367,0
-12.9290409088135,-93.6130981445313,0
-12.9270782470703,-93.1130981445313,0
-12.9251155853272,-92.6130981445312,0
-12.923152923584,-92.1131057739258,0
-12.9211912155151,-91.6131134033203,0
-12.9192295074463,-91.1131134033203,0
-12.9172668457031,-90.6131134033203,0
-12.91530418396,-90.1131210327148,0
-12.9133415222168,-89.6131286621094,0
-12.911379814148,-89.1131286621094,0
-12.9094181060791,-88.6131286621094,0
-12.9074554443359,-88.1131362915039,0
-12.9054927825928,-87.6131439208984,0
-12.9035301208496,-87.1131439208984,0
-12.9015684127808,-86.6131439208984,0
-12.8996067047119,-86.113151550293,0
-12.8976440429688,-85.6131591796875,0
-12.8956813812256,-85.1131591796875,0
-12.8937187194824,-84.6131591796875,0
-12.8917570114136,-84.113166809082,0
-12.8897953033447,-83.6131744384766,0
-12.8878326416016,-83.1131744384766,0
-12.8858699798584,-82.6131744384766,0
-12.8839073181152,-82.1131820678711,0
-12.8819456100464,-81.6131896972656,0
-12.8799839019775,-81.1131896972656,0
-12.8780212402344,-80.6131896972656,0
-12.8760585784912,-80.1131973266602,0
-12.874095916748,-79.6132049560547,0
-12.8721342086792,-79.1132049560547,0
-12.8701725006104,-78.6132125854492,0
-12.8682098388672,-78.1132125854492,0
-12.866247177124,-77.6132202148438,0
-12.8642845153809,-77.1132202148438,0
-12.862322807312,-76.6132278442383,0
-12.8603610992432,-76.1132278442383,0
-12.8583984375,-75.6132354736328,0
-12.8564357757568,-75.1132354736328,0
-12.8544731140137,-74.6132431030273,0
-12.8525114059448,-74.1132431030273,0
-12.850549697876,-73.6132507324219,0
-12.8485870361328,-73.1132507324219,0
-12.8466243743896,-72.6132583618164,0
-12.8446617126465,-72.1132583618164,0
-12.8427000045776,-71.6132659912109,0
-12.8407382965088,-71.1132659912109,0
-12.8387756347656,-70.6132736206055,0
-12.8368129730225,-70.1132736206055,0
-12.8348503112793,-69.61328125,0
-12.8328886032104,-69.11328125,0
-12.8309268951416,-68.6132888793945,0
-12.8289642333984,-68.1132888793945,0
-12.8270015716553,-67.6132965087891,0
-12.8250389099121,-67.1132965087891,0
-12.8230772018433,-66.6133041381836,0
-12.8211154937744,-66.1133041381836,0
-12.8191528320313,-65.6133117675781,0
-12.8171901702881,-65.1133117675781,0
-12.8152275085449,-64.6133193969727,0
-12.8132658004761,-64.1133193969727,0
-12.8113040924072,-63.6133308410645,0
-12.8093414306641,-63.1133308410645,0
-12.8073787689209,-62.613338470459,0
-12.8054161071777,-62.113338470459,0
-12.8034543991089,-61.6133460998535,0
-12.80149269104,-61.1133460998535,0
-12.7995300292969,-60.613353729248,0
-12.7975673675537,-60.1133537292481,0
-12.7956047058105,-59.6133613586426,0
-12.7936429977417,-59.1133613586426,0
-12.7916812896729,-58.6133689880371,0
-12.7897186279297,-58.1133728027344,0
-12.7877559661865,-57.6133766174316,0
-12.7857933044434,-57.1133804321289,0
-12.7838315963745,-56.6133842468262,0
-12.7818698883057,-56.1133880615234,0
-12.7799072265625,-55.6133918762207,0
-12.7779445648193,-55.113395690918,0
-12.7759828567505,-54.6133995056152,0
-12.7740201950073,-54.1134033203125,0
-12.7720584869385,-53.6134071350098,0
-12.7700958251953,-53.113410949707,0
-12.7681331634521,-52.6134147644043,0
-12.7661714553833,-52.1134185791016,0
-12.7642087936401,-51.6134223937988,0
-12.7622470855713,-51.1134262084961,0
-12.7602844238281,-50.6134300231934,0
-12.758321762085,-50.1134338378906,0
-12.7563591003418,-49.6134376525879,0
-12.754397392273,-49.1134414672852,0
-12.7524356842041,-48.6134452819824,0
-12.7504730224609,-48.1134490966797,0
-12.7485103607178,-47.613452911377,0
-12.7465486526489,-47.1134643554688,0
-12.7445859909058,-46.6134643554688,0
-12.7426242828369,-46.1134719848633,0
-12.7406616210938,-45.6134719848633,0
-12.7386989593506,-45.1134796142578,0
-12.7367372512817,-44.6134796142578,0
-12.7347745895386,-44.1134872436524,0
-12.7328128814697,-43.6134872436523,0
-12.7308502197266,-43.1134910583496,0
-12.7288875579834,-42.6134948730469,0
-12.7269258499146,-42.1134986877441,0
-12.7249631881714,-41.6135025024414,0
-12.7230014801025,-41.1135063171387,0
-12.7210388183594,-40.6135101318359,0
-12.7190761566162,-40.1135139465332,0
-12.7171144485474,-39.6135177612305,0
-12.7151517868042,-39.1135215759277,0
-12.7131900787354,-38.613525390625,0
-12.7112274169922,-38.1135292053223,0
-12.709264755249,-37.6135330200195,0
-12.7073030471802,-37.1135368347168,0
-12.705340385437,-36.6135406494141,0
-12.7033786773682,-36.1135444641113,0
-12.701416015625,-35.6135482788086,0
-12.6994533538818,-35.1135520935059,0
-12.697491645813,-34.6135559082031,0
-12.6955289840698,-34.1135597229004,0
-12.693567276001,-33.6135673522949,0
-12.6916046142578,-33.1135711669922,0
-12.6896419525146,-32.6135749816895,0
-12.6876802444458,-32.1135787963867,0
-12.6857175827026,-31.6135807037354,0
-12.6837558746338,-31.1135845184326,0
-12.6817932128906,-30.6135883331299,0
-12.6798305511475,-30.1135921478271,0
-12.6778688430786,-29.6135959625244,0
-12.6759061813355,-29.1135997772217,0
-12.6739444732666,-28.6136035919189,0
-12.6719818115234,-28.1136074066162,0
-12.6700191497803,-27.6136112213135,0
-12.6680574417114,-27.1136150360107,0
-12.6660947799683,-26.613618850708,0
-12.6641330718994,-26.1136226654053,0
-12.6621704101563,-25.6136264801025,0
-12.6602077484131,-25.1136302947998,0
-12.6582460403442,-24.6136341094971,0
-12.6562833786011,-24.1136379241943,0
-12.6543216705322,-23.6136417388916,0
-12.6523590087891,-23.1136455535889,0
-12.6503963470459,-22.6136493682861,0
-12.6484346389771,-22.1136531829834,0
-12.6464719772339,-21.6136569976807,0
-12.644510269165,-21.1136608123779,0
-12.6425476074219,-20.6136646270752,0
-12.6405849456787,-20.1136684417725,0
-12.6386232376099,-19.6136722564697,0
-12.6366605758667,-19.113676071167,0
-12.6346988677979,-18.6136798858643,0
-12.6327362060547,-18.1136837005615,0
-12.6307735443115,-17.6136875152588,0
-12.6288118362427,-17.1136913299561,0
-12.6268491744995,-16.6136951446533,0
-12.6248874664307,-16.1136989593506,0
-12.6229248046875,-15.6137018203735,0
-12.6209621429443,-15.1137056350708,0
-12.6190004348755,-14.6137094497681,0
-12.6170377731323,-14.1137132644653,0
-12.6150760650635,-13.6137170791626,0
-12.6131134033203,-13.1137208938599,0
-12.6111507415771,-12.6137247085571,0
-12.6091890335083,-12.1137285232544,0
-12.6072263717651,-11.6137323379517,0
-12.6052646636963,-11.1137361526489,0
-12.6033020019531,-10.6137399673462,0
-12.60133934021,-10.1137437820435,0
-12.5993776321411,-9.61374759674072,0
-12.5974149703979,-9.11375141143799,0
-12.5954532623291,-8.61375522613525,0
-12.5934906005859,-8.11375904083252,0
-12.5915279388428,-7.61376285552979,0
-12.5895662307739,-7.11376667022705,0
-12.5876035690308,-6.61377048492432,0
-12.5856418609619,-6.11377429962158,0
-12.5836791992188,-5.61377811431885,0
-12.5817165374756,-5.11378192901611,0
-12.5797548294067,-4.61378574371338,0
-12.5777921676636,-4.11378955841064,0
-12.5758304595947,-3.61379361152649,0
-12.5738677978516,-3.11379742622375,0
-12.5719051361084,-2.61380124092102,0
-12.5699434280396,-2.11380505561829,0
-12.5679807662964,-1.61380887031555,0
-12.5660190582275,-1.11381268501282,0
-12.5640563964844,-0.613816559314728,0
-12.5620937347412,-0.113820351660252,0
-12.5601320266724,0.386175841093063,0
-12.5581693649292,0.886171996593475,0
-12.5562076568604,1.38616824150085,0
-12.5542449951172,1.88616442680359,0
-12.552282333374,2.38616061210632,0
-12.5503206253052,2.88615679740906,0
-12.548357963562,3.38615298271179,0
-12.5463962554932,3.88614916801453,0
-12.54443359375,4.38614559173584,0
-12.5424709320068,4.88614082336426,0
-12.540509223938,5.38613700866699,0
-12.5385465621948,5.88613319396973,0
-12.536584854126,6.38612937927246,0
-12.5346221923828,6.8861255645752,0
-12.5326595306397,7.38612174987793,0
-12.5306978225708,7.88611793518066,0
-12.5287351608276,8.3861141204834,0
-12.5267734527588,8.88611030578613,0
-12.5248107910156,9.38610649108887,0
-12.5228481292725,9.8861026763916,0
-12.5208864212036,10.3860988616943,0
-12.5189237594605,10.8860950469971,0
-12.5169620513916,11.3860912322998,0
-12.5149993896484,11.8860874176025,0
-12.5130367279053,12.3860836029053,0
-12.5110750198364,12.8860788345337,0
-12.5091123580933,13.3860750198364,0
-12.5071506500244,13.8860712051392,0
-12.5051879882813,14.3860673904419,0
-12.5032253265381,14.8860635757446,0
-12.5012636184692,15.3860597610474,0
-12.4993009567261,15.8860559463501,0
-12.4973392486572,16.3860511779785,0
-12.4953765869141,16.8860473632812,0
-12.4934139251709,17.386043548584,0
-12.4914522171021,17.8860397338867,0
-12.4894895553589,18.3860359191895,0
-12.48752784729,18.8860321044922,0
-12.4855651855469,19.3860282897949,0
-12.4836025238037,19.8860244750977,0
-12.4816408157349,20.3860206604004,0
-12.4795455932617,20.8943099975586,0
-12.4770278930664,21.3997573852539,0
-12.4745044708252,21.8997497558594,0
-12.471981048584,22.3997421264648,0
-12.4694585800171,22.8997383117676,0
-12.4669351577759,23.399730682373,0
-12.464412689209,23.8997230529785,0
-12.4618892669678,24.3997192382812,0
-12.4593658447266,24.8997116088867,0
-12.4568424224854,25.3997039794922,0
-12.4543199539185,25.8997001647949,0
-12.4517965316772,26.3996925354004,0
-12.449273109436,26.8996849060059,0
-12.4467506408691,27.3996810913086,0
-12.4442272186279,27.8996734619141,0
-12.4417037963867,28.3996658325195,0
-12.4391803741455,28.8996620178223,0
-12.4366579055786,29.3996543884277,0
-12.4341344833374,29.8996467590332,0
-12.4316120147705,30.3996429443359,0
-12.4290885925293,30.8996353149414,0
-12.4265651702881,31.3996276855469,0
-12.4240417480469,31.8996238708496,0
-12.42151927948,32.3996162414551,0
-12.4189958572388,32.8996086120605,0
-12.4164724349976,33.3996047973633,0
-12.4139499664307,33.8995971679687,0
-12.4114265441895,34.3995933532715,0
-12.4089031219482,34.899585723877,0
-12.406379699707,35.3995780944824,0
-12.4038572311401,35.8995704650879,0
-12.4013338088989,36.3995628356934,0
-12.398811340332,36.8995590209961,0
-12.3962879180908,37.3995552062988,0
-12.3937644958496,37.8995475769043,0
-12.3912410736084,38.3995399475098,0
-12.3887186050415,38.8995323181152,0
-12.3861951828003,39.3995246887207,0
-12.3836717605591,39.8995208740234,0
-12.3811492919922,40.3995170593262,0
-12.378625869751,40.8995094299316,0
-12.3761024475098,41.3995018005371,0
-12.3735790252686,41.8994941711426,0
-12.3710565567017,42.3994865417481,0
-12.3685331344604,42.8994827270508,0
-12.3660106658936,43.3994789123535,0
-12.3634872436523,43.899471282959,0
-12.3609638214111,44.3994636535645,0
-12.3584403991699,44.8994560241699,0
-12.355917930603,45.3994483947754,0
-12.3533945083618,45.8994445800781,0
-12.3508710861206,46.3994407653809,0
-12.3483486175537,46.8994331359863,0
-12.3458251953125,47.3994255065918,0
-12.3433017730713,47.8994178771973,0
-12.3407783508301,48.3994102478027,0
-12.3382558822632,48.8994064331055,0
-12.335732460022,49.3994026184082,0
-12.3332099914551,49.8993949890137,0
-12.3306865692139,50.3993873596191,0
-12.3281631469727,50.8993797302246,0
-12.3256397247314,51.3993721008301,0
-12.3231172561646,51.8993682861328,0
-12.3205938339233,52.3993606567383,0
-12.3180704116821,52.899356842041,0
-12.3155479431152,53.3993492126465,0
-12.313024520874,53.899341583252,0
-12.3105010986328,54.3993339538574,0
-12.3079776763916,54.8993301391602,0
-12.3054552078247,55.3993225097656,0
-12.3029317855835,55.8993186950684,0
-12.3004093170166,56.3993110656738,0
-12.2978858947754,56.8993034362793,0
-12.2953624725342,57.3992958068848,0
-12.292839050293,57.8992919921875,0
-12.2903165817261,58.399284362793,0
-12.2877931594849,58.8992805480957,0
-12.2852697372437,59.3992729187012,0
-12.2827472686768,59.8992652893066,0
-12.2802238464355,60.3992576599121,0
-12.2777004241943,60.8992538452148,0
-12.2751770019531,61.3992462158203,0
-12.2726545333862,61.8992424011231,0
-12.270131111145,62.3992347717285,0
-12.2676086425781,62.899227142334,0
-12.2650852203369,63.3992233276367,0
-12.2625617980957,63.8992156982422,0
-12.2600383758545,64.3992080688477,0
-12.2575159072876,64.8992004394531,0
-12.2549924850464,65.3991928100586,0
-12.2524690628052,65.8991851806641,0
-12.2499465942383,66.3991775512695,0
-12.2474231719971,66.899169921875,0
-12.2448997497559,67.3991622924805,0
-12.2423763275146,67.8991546630859,0
-12.2398538589478,68.3991470336914,0
-12.2373304367065,68.8991470336914,0
-12.2348079681397,69.3991394042969,0
-12.2322845458984,69.8991394042969,0
-12.2297611236572,70.3991317749023,0
-12.227237701416,70.8991241455078,0
-12.2247152328491,71.3991165161133,0
-12.2221918106079,71.8991088867188,0
-12.219669342041,72.3991012573242,0
-12.2171459197998,72.8991012573242,0
-12.2146224975586,73.3990936279297,0
-12.2120990753174,73.8990859985352,0
-12.2095756530762,74.3990783691406,0
-12.2070531845093,74.8990707397461,0
-12.2045297622681,75.3990631103516,0
-12.2020072937012,75.8990631103516,0
-12.19948387146,76.399055480957,0
-12.1969604492188,76.8990478515625,0
-12.1944370269775,77.399040222168,0
-12.1919145584106,77.8990325927734,0
-12.1893911361694,78.3990325927734,0
-12.1868686676025,78.8990173339844,0
-12.1843452453613,79.3990173339844,0
-12.1818218231201,79.8990097045899,0
-12.1792984008789,80.3990020751953,0
-12.1767749786377,80.8989944458008,0
-12.1742525100708,81.3989868164063,0
-12.1717290878296,81.8989868164062,0
-12.1692066192627,82.3989715576172,0
-12.1666831970215,82.8989715576172,0
-12.1641597747803,83.3989639282227,0
-12.1616363525391,83.8989562988281,0
-12.1591138839722,84.3989562988281,0
-12.156590461731,84.8989410400391,0
-12.1540679931641,85.3989410400391,0
-12.1515445709229,85.8989334106445,0
-12.1490211486816,86.39892578125,0
-12.1464977264404,86.8989181518555,0
-12.1439743041992,87.3989105224609,0
-12.1414518356323,87.8989105224609,0
-12.1389284133911,88.3988952636719,0
-12.1364059448242,88.8988952636719,0
-12.133882522583,89.3988876342774,0
-12.1313591003418,89.8988800048828,0
-12.1288356781006,90.3988800048828,0
-12.1263132095337,90.8988647460938,0
-12.1237897872925,91.3988647460937,0
-12.1212673187256,91.8988571166992,0
-12.1187438964844,92.3988494873047,0
-12.1162204742432,92.8988418579102,0
-12.113697052002,93.3988342285156,0
-12.1111736297607,93.8988342285156,0
-12.1086511611938,94.3988189697266,0
-12.1061277389526,94.8988189697266,0
-12.1036052703857,95.398811340332,0
-12.1010818481445,95.8988037109375,0
-12.0985584259033,96.3988037109375,0
-12.0960350036621,96.8987884521484,0
-12.0935125350952,97.3987884521484,0
-12.090989112854,97.8987808227539,0
-12.0884666442871,98.3987731933594,0
-12.0859432220459,98.8987655639648,0
-12.0834197998047,99.3987579345703,0
-12.0808963775635,99.8987579345703,0
-12.0783729553223,100.398742675781,0
-12.0758504867554,100.898742675781,0
-12.0733270645142,101.398735046387,0
-12.0708045959473,101.898727416992,0
-12.0682811737061,102.398727416992,0
-12.0657577514648,102.898712158203,0
-12.0632343292236,103.398712158203,0
-12.0607118606567,103.898704528809,0
-12.0581884384155,104.398696899414,0
-12.0556659698486,104.89868927002,0
-12.0531425476074,105.398681640625,0
-12.0506191253662,105.898681640625,0
-12.048095703125,106.398666381836,0
-12.0455732345581,106.898666381836,0
-12.0430498123169,107.398658752441,0
-12.0405263900757,107.898651123047,0
-12.0380039215088,108.398651123047,0
-12.0354804992676,108.898635864258,0
-12.0329570770264,109.398635864258,0
-12.0304336547852,109.898628234863,0
-12.0279111862183,110.398620605469,0
-12.0253877639771,110.898612976074,0
-12.0228652954102,111.39860534668,0
-12.0203418731689,111.89860534668,0
-12.0178184509277,112.398597717285,0
-12.0152950286865,112.898590087891,0
-12.0127725601196,113.398582458496,0
-12.0102491378784,113.898574829102,0
-12.0077257156372,114.398567199707,0
-12.0052032470703,114.898559570313,0
-12.0026798248291,115.398559570313,0
-12.0001564025879,115.898551940918,0
-11.9976329803467,116.398544311523,0
-11.9951105117798,116.898536682129,0
-11.9925870895386,117.398529052734,0
-11.9900646209717,117.898529052734,0
-11.9875411987305,118.39852142334,0
-11.9850177764893,118.898513793945,0
-11.982494354248,119.398506164551,0
-11.9799718856812,119.898498535156,0
-11.9774484634399,120.398490905762,0
-11.9749250411987,120.898483276367,0
-11.9724025726318,121.398483276367,0
-11.9698791503906,121.898475646973,0
-11.9673557281494,122.398468017578,0
-11.9648323059082,122.898460388184,0
-11.9623098373413,123.398452758789,0
-11.9597864151001,123.898452758789,0
-11.9572639465332,124.398445129395,0
-11.954740524292,124.8984375,0
-11.9522171020508,125.398429870605,0
-11.9496936798096,125.898422241211,0
-11.9471712112427,126.398414611816,0
-11.9446477890015,126.898406982422,0
-11.9421243667603,127.398406982422,0
-11.9396018981934,127.898399353027,0
-11.9370784759521,128.398406982422,0
-11.9345550537109,128.898406982422,0
-11.9320316314697,129.398391723633,0
-11.9295091629028,129.898391723633,0
-11.9269857406616,130.398376464844,0
-11.9244632720947,130.898376464844,0
-11.9219398498535,131.398376464844,0
-11.9194164276123,131.898361206055,0
-11.9168930053711,132.398361206055,0
-11.9143705368042,132.898345947266,0
-11.911847114563,133.398345947266,0
-11.9093236923218,133.898330688477,0
-11.9068012237549,134.398330688477,0
-11.9042778015137,134.898330688477,0
-11.9017543792725,135.398315429688,0
-11.8992309570313,135.898315429688,0
-11.8967084884644,136.398300170898,0
-11.8941850662231,136.898300170898,0
-11.8916625976563,137.398284912109,0
-11.889139175415,137.898284912109,0
-11.8866157531738,138.398284912109,0
-11.8840923309326,138.89826965332,0
-11.8815698623657,139.39826965332,0
-11.8790464401245,139.898254394531,0
-11.8765230178833,140.398254394531,0
-11.8740005493164,140.898254394531,0
-11.8714771270752,141.398239135742,0
-11.868953704834,141.898223876953,0
-11.8664302825928,142.398223876953,0
-11.8639078140259,142.898223876953,0
-11.8613843917847,143.398208618164,0
-11.8588619232178,143.898208618164,0
-11.8563385009766,144.398193359375,0
-11.8538150787354,144.898193359375,0
-11.8512916564941,145.398193359375,0
-11.8487691879272,145.898178100586,0
-11.846245765686,146.398162841797,0
-11.8437223434448,146.898162841797,0
-11.8411998748779,147.398162841797,0
-11.8386764526367,147.898162841797,0
-11.8361530303955,148.398147583008,0
-11.8336296081543,148.898132324219,0
-11.8311071395874,149.398132324219,0
-11.8285837173462,149.898132324219,0
-11.8260612487793,150.398132324219,0
-11.8235378265381,150.89811706543,0
-11.8210144042969,151.398101806641,0
-11.8184909820557,151.898101806641,0
-11.8159685134888,152.398101806641,0
-11.8134450912476,152.898101806641,0
-11.8109216690063,153.398086547852,0
-11.8083992004395,153.898071289063,0
-11.8058757781982,154.398071289063,0
-11.803352355957,154.898071289063,0
-11.8008289337158,155.398056030273,0
-11.7983064651489,155.898056030273,0
-11.7957830429077,156.398040771484,0
-11.7932605743408,156.898040771484,0
-11.7907371520996,157.398040771484,0
-11.7882137298584,157.898025512695,0
-11.7856903076172,158.398025512695,0
-11.7831678390503,158.898010253906,0
-11.7806444168091,159.398010253906,0
-11.7781209945679,159.898010253906,0
-11.775598526001,160.397994995117,0
-11.7730751037598,160.897979736328,0
-11.7705516815186,161.397979736328,0
-11.7680282592773,161.897979736328,0
-11.7655057907104,162.397964477539,0
-11.7629823684692,162.897964477539,0
-11.7604598999023,163.39794921875,0
-11.7579364776611,163.89794921875,0
-11.7554130554199,164.39794921875,0
-11.7528896331787,164.897933959961,0
-11.7503671646118,165.397933959961,0
-11.7478437423706,165.897918701172,0
-11.7453212738037,166.397918701172,0
-11.7427978515625,166.897918701172,0
-11.7402744293213,167.397903442383,0
-11.7377510070801,167.897903442383,0
-11.7352275848389,168.397888183594,0
-11.732705116272,168.897888183594,0
-11.7301816940308,169.397888183594,0
-11.7276592254639,169.897872924805,0
-11.7251358032227,170.397872924805,0
-11.7226123809814,170.897857666016,0
-11.7200889587402,171.397857666016,0
-11.7175664901733,171.897857666016,0
-11.7150430679321,172.397842407227,0
-11.7125205993652,172.897827148438,0
-11.709997177124,173.397827148438,0
-11.7074737548828,173.897827148438,0
-11.7049503326416,174.397811889648,0
-11.7024269104004,174.897811889648,0
-11.6999044418335,175.397796630859,0
-11.6973810195923,175.897796630859,0
-11.6948585510254,176.397796630859,0
-11.6923351287842,176.89778137207,0
-11.689811706543,177.39778137207,0
-11.6872882843018,177.897766113281,0
-11.6847658157349,178.397766113281,0
-11.6822423934937,178.897766113281,0
-11.6797199249268,179.397750854492,0
-11.6771965026855,179.897750854492,0
-11.6746730804443,180.397735595703,0
-11.6721496582031,180.897735595703,0
-11.6696262359619,181.397735595703,0
-11.667103767395,181.897720336914,0
-11.6645803451538,182.397720336914,0
-11.6620578765869,182.897705078125,0
-11.6595344543457,183.397705078125,0
-11.6570110321045,183.897705078125,0
-11.6544876098633,184.397689819336,0
-11.6519651412964,184.897674560547,0
-11.6494417190552,185.397674560547,0
-11.6469192504883,185.897674560547,0
-11.6443958282471,186.397659301758,0
-11.6418724060059,186.897659301758,0
-11.6393489837646,187.397644042969,0
-11.6368255615234,187.897644042969,0
-11.6343030929565,188.397644042969,0
-11.6317796707153,188.89762878418,0
-11.6292572021484,189.39762878418,0
-11.6267337799072,189.897613525391,0
-11.624210357666,190.397613525391,0
-11.6216869354248,190.897613525391,0
-11.6191644668579,191.397598266602,0
-11.6166410446167,191.897598266602,0
-11.6141185760498,192.397583007813,0
-11.6115951538086,192.897583007813,0
-11.6090717315674,193.397583007813,0
-11.6065483093262,193.897567749023,0
-11.604024887085,194.397567749023,0
-11.6015024185181,194.897552490234,0
-11.5989789962769,195.397552490234,0
-11.59645652771,195.897537231445,0
-11.5939331054688,196.397537231445,0
-11.5914096832275,196.897521972656,0
-11.5888862609863,197.397521972656,0
-11.5863637924194,197.897521972656,0
-11.5838403701782,198.397506713867,0
-11.5813179016113,198.897506713867,0
-11.5787944793701,199.397491455078,0
-11.5762710571289,199.897491455078,0
-11.5737476348877,200.397491455078,0
-11.5712242126465,200.897476196289,0
-11.5687017440796,201.397476196289,0
-11.5661783218384,201.8974609375,0
-11.5636558532715,202.3974609375,0
-11.5611324310303,202.8974609375,0
-11.5586090087891,203.397445678711,0
-11.5560855865479,203.897445678711,0
-11.553563117981,204.397430419922,0
-11.5510396957397,204.897430419922,0
-11.5485172271729,205.397415161133,0
-11.5459938049316,205.897415161133,0
-11.5434703826904,206.397415161133,0
-11.5409469604492,206.897399902344,0
-11.538423538208,207.397399902344,0
-11.5359010696411,207.897384643555,0
-11.5333776473999,208.397384643555,0
-11.530855178833,208.897369384766,0
-11.5283317565918,209.397369384766,0
-11.5258083343506,209.897369384766,0
-11.5232849121094,210.397354125977,0
-11.5207624435425,210.897354125977,0
-11.5182390213013,211.397338867187,0
-11.5157165527344,211.897338867188,0
-11.5131931304932,212.397338867187,0
-11.510669708252,212.897323608398,0
-11.5081462860107,213.397323608398,0
-11.5056228637695,213.897308349609,0
-11.5031003952026,214.397308349609,0
-11.5005769729614,214.897308349609,0
-11.4980545043945,215.39729309082,0
-11.4955310821533,215.89729309082,0
-11.4930076599121,216.397277832031,0
-11.4904842376709,216.897277832031,0
-11.487961769104,217.397262573242,0
-11.4854383468628,217.897262573242,0
-11.4829158782959,218.397262573242,0
-11.4803924560547,218.897247314453,0
-11.4778690338135,219.397247314453,0
-11.4753456115723,219.897232055664,0
-11.4733171463013,220.372573852539,0
-11.4724864959717,220.841781616211,0
-11.4728307723999,221.310974121094,0
-11.4743633270264,221.780166625977,0
-11.4770679473877,222.249374389648,0
-11.4809494018555,222.718551635742,0
-11.4860191345215,223.187728881836,0
-11.4922618865967,223.65690612793,0
-11.4996929168701,224.126037597656,0
-11.5082836151123,224.595153808594,0
-11.5180788040161,225.064270019531,0
-11.52903175354,225.533340454102,0
-11.5411748886108,226.002380371094,0
-11.5544910430908,226.471389770508,0
-11.5689964294434,226.940383911133,0
-11.5846767425537,227.409317016602,0
-11.6015281677246,227.878219604492,0
-11.619571685791,228.347045898437,0
-11.6387872695923,228.815872192383,0
-11.6591768264771,229.284637451172,0
-11.6807565689087,229.753341674805,0
-11.7035093307495,230.22200012207,0
-11.7274351119995,230.690582275391,0
-11.7525358200073,231.159118652344,0
-11.7788257598877,231.627578735352,0
-11.8062896728516,232.095962524414,0
-11.8349275588989,232.564300537109,0
-11.8647394180298,233.03254699707,0
-11.8957405090332,233.500732421875,0
-11.9278993606567,233.968826293945,0
-11.9612483978271,234.436828613281,0
-11.9957714080811,234.904769897461,0
-12.0314826965332,235.372619628906,0
-12.0683536529541,235.840362548828,0
-12.1064128875732,236.308013916016,0
-12.1456336975098,236.775573730469,0
-12.1860408782959,237.243026733398,0
-12.2276239395142,237.710403442383,0
-12.2703800201416,238.177642822266,0
-12.3142948150635,238.644790649414,0
-12.3593997955322,239.11181640625,0
-12.4056787490845,239.578720092773,0
-12.4531316757202,240.045532226562,0
-12.5017595291138,240.512191772461,0
-12.5515451431274,240.978759765625,0
-12.6025199890137,241.445175170898,0
-12.654670715332,241.911468505859,0
-12.7079792022705,242.377639770508,0
-12.7624626159668,242.843673706055,0
-12.8181209564209,243.309539794922,0
-12.8749523162842,243.775299072266,0
-12.9329433441162,244.240905761719,0
-12.9921245574951,244.706344604492,0
-13.0524635314941,245.171661376953,0
-13.1139783859253,245.636810302734,0
-13.1766519546509,246.101806640625,0
-13.24049949646,246.566650390625,0
-13.3055076599121,247.031326293945,0
-13.3717041015625,247.495834350586,0
-13.4390449523926,247.960174560547,0
-13.5075769424438,248.424346923828,0
-13.5772514343262,248.88835144043,0
-13.6481008529663,249.352157592773,0
-13.7201251983643,249.815811157227,0
-13.7933101654053,250.279281616211,0
-13.8676528930664,250.742553710938,0
-13.9431705474854,251.205627441406,0
-14.0198497772217,251.668518066406,0
-14.0976867675781,252.131225585937,0
-14.1766986846924,252.593719482422,0
-14.2568550109863,253.056015014648,0
-14.3381862640381,253.518112182617,0
-14.4206790924072,253.980026245117,0
-14.5043296813965,254.441696166992,0
-14.5891399383545,254.903182983398,0
-14.6751117706299,255.364440917969,0
-14.7622413635254,255.825469970703,0
-14.8505325317383,256.286315917969,0
-14.9399833679199,256.746887207031,0
-15.0305786132812,257.207275390625,0
-15.1223487854004,257.667388916016,0
-15.2152633666992,258.127319335937,0
-15.3093376159668,258.586975097656,0
-15.4045734405518,259.046447753906,0
-15.5009546279907,259.505645751953,0
-15.5984954833984,259.964599609375,0
-15.6971797943115,260.423278808594,0
-15.797025680542,260.881713867187,0
-15.8980321884155,261.339935302734,0
-16.0001831054688,261.797882080078,0
-16.103479385376,262.255584716797,0
-16.2079372406006,262.713012695312,0
-16.3135375976562,263.170166015625,0
-16.4202842712402,263.627044677734,0
-16.5281772613525,264.083709716797,0
-16.6372318267822,264.540069580078,0
-16.7474136352539,264.996124267578,0
-16.8587589263916,265.451934814453,0
-16.971248626709,265.907440185547,0
-17.0848693847656,266.362670898437,0
-17.199649810791,266.817626953125,0
-17.315559387207,267.272308349609,0
-17.4326171875,267.726654052734,0
-17.5508193969727,268.180725097656,0
-17.6701698303223,268.634490966797,0
-17.7906475067139,269.087951660156,0
-17.9122734069824,269.541137695313,0
-18.0350284576416,269.993957519531,0
-18.1589298248291,270.446533203125,0
-18.2839775085449,270.898742675781,0
-18.4101409912109,271.350708007812,0
-18.5374507904053,271.802276611328,0
-18.6659049987793,272.253570556641,0
-18.7954769134521,272.704528808594,0
-18.9261951446533,273.155151367187,0
-19.0580425262451,273.605407714844,0
-19.1910228729248,274.055389404297,0
-19.3251190185547,274.505035400391,0
-19.4603614807129,274.954315185547,0
-19.5967197418213,275.403259277344,0
-19.7342262268066,275.851837158203,0
-19.8728466033936,276.300079345703,0
-20.0125999450684,276.748046875,0
-20.1534690856934,277.195587158203,0
-20.2954692840576,277.642761230469,0
-20.4385852813721,278.089599609375,0
-20.582836151123,278.536102294922,0
-20.7282009124756,278.982208251953,0
-20.874698638916,279.427978515625,0
-21.0222969055176,279.873321533203,0
-21.171028137207,280.318328857422,0
-21.3208751678467,280.762969970703,0
-21.4718379974365,281.207214355469,0
-21.6239204406738,281.651092529297,0
-21.7771167755127,282.094543457031,0
-21.931432723999,282.537689208984,0
-22.0868492126465,282.980407714844,0
-22.2433986663818,283.422729492188,0
-22.4010353088379,283.864654541016,0
-22.5598030090332,284.30615234375,0
-22.7196731567383,284.747314453125,0
-22.8806457519531,285.18798828125,0
-23.0427379608154,285.628326416016,0
-23.2059135437012,286.068237304687,0
-23.3702259063721,286.507720947266,0
-23.5356216430664,286.946807861328,0
-23.7021217346191,287.385498046875,0
-23.8697261810303,287.823699951172,0
-24.038444519043,288.261535644531,0
-24.2082538604736,288.698944091797,0
-24.3791484832764,289.135894775391,0
-24.5511627197266,289.572448730469,0
-24.7242641448975,290.008544921875,0
-24.8984527587891,290.444183349609,0
-25.0737609863281,290.879455566406,0
-25.2501411437988,291.314208984375,0
-25.4276237487793,291.748565673828,0
-25.6061935424805,292.182464599609,0
-25.7858543395996,292.615905761719,0
-25.9666023254395,293.048889160156,0
-26.1484375,293.481414794922,0
-26.3313598632813,293.913482666016,0
-26.5153732299805,294.345123291016,0
-26.7004737854004,294.776306152344,0
-26.886646270752,295.206939697266,0
-27.0739097595215,295.637176513672,0
-27.2622470855713,296.06689453125,0
-27.4516716003418,296.496154785156,0
-27.6421699523926,296.924987792969,0
-27.8337440490723,297.353271484375,0
-28.0264053344727,297.781097412109,0
-28.2201404571533,298.208435058594,0
-28.4149322509766,298.635284423828,0
-28.6108169555664,299.061645507813,0
-28.8077583312988,299.487518310547,0
-29.0057754516602,299.912872314453,0
-29.2048645019531,300.337738037109,0
-29.4050140380859,300.762115478516,0
-29.6062393188477,301.186004638672,0
-29.808521270752,301.609344482422,0
-30.0118637084961,302.032196044922,0
-30.2162818908691,302.454528808594,0
-30.4217414855957,302.876342773438,0
-30.6282806396484,303.297637939453,0
-30.8358764648437,303.718444824219,0
-31.0445175170898,304.138702392578,0
-31.2542152404785,304.558410644531,0
-31.4649772644043,304.977630615234,0
-31.6767807006836,305.396301269531,0
-31.8896446228027,305.814453125,0
-32.1035537719727,306.232055664062,0
-32.3185272216797,306.649078369141,0
-32.5345420837402,307.065643310547,0
-32.7515869140625,307.481567382812,0
-32.9696922302246,307.897033691406,0
-33.1888427734375,308.311920166016,0
-33.4090270996094,308.726196289062,0
-33.6302528381348,309.140014648437,0
-33.8525238037109,309.55322265625,0
-34.0758285522461,309.965881347656,0
-34.300178527832,310.377960205078,0
-34.5255546569824,310.789489746094,0
-34.7519683837891,311.200469970703,0
-34.9794235229492,311.61083984375,0
-35.207893371582,312.020660400391,0
-35.4374008178711,312.429870605469,0
-35.6679306030273,312.838562011719,0
-35.8994979858398,313.246643066406,0
-36.132080078125,313.654174804687,0
-36.3656921386719,314.06103515625,0
-36.6003227233887,314.467346191406,0
-36.8359832763672,314.873107910156,0
-37.0726470947266,315.278228759766,0
-37.3103408813477,315.682769775391,0
-37.5490493774414,316.086730957031,0
-37.7887649536133,316.490051269531,0
-38.0295104980469,316.892822265625,0
-38.2712554931641,317.294921875,0
-38.5139999389648,317.696441650391,0
-38.7577667236328,318.097351074219,0
-39.0025482177734,318.497650146484,0
-39.2483215332031,318.897338867187,0
-39.4951057434082,319.296417236328,0
-39.7428970336914,319.694854736328,0
-39.9916687011719,320.092651367188,0
-40.2414627075195,320.489807128906,0
-40.4922485351563,320.886413574219,0
-40.7440147399902,321.282318115234,0
-40.9967994689941,321.677612304688,0
-41.250560760498,322.072265625,0
-41.5053253173828,322.46630859375,0
-41.7610740661621,322.859680175781,0
-42.0178108215332,323.252410888672,0
-42.275520324707,323.644470214844,0
-42.534236907959,324.035919189453,0
-42.7939224243164,324.426696777344,0
-43.0545997619629,324.816833496094,0
-43.3162498474121,325.206298828125,0
-43.5788879394531,325.595092773437,0
-43.8424835205078,325.983245849609,0
-44.1070671081543,326.370727539062,0
-44.3726272583008,326.757568359375,0
-44.63916015625,327.143737792969,0
-44.9066505432129,327.529205322266,0
-45.1751174926758,327.914031982422,0
-45.4445571899414,328.298126220703,0
-45.7149543762207,328.681610107422,0
-45.9863128662109,329.064361572266,0
-46.2586288452148,329.446472167969,0
-46.5319175720215,329.827850341797,0
-46.8061561584473,330.208557128906,0
-47.0813484191895,330.588562011719,0
-47.3575019836426,330.967926025391,0
-47.6346015930176,331.346527099609,0
-47.9126663208008,331.724517822266,0
-48.1916656494141,332.101715087891,0
-48.4716148376465,332.478271484375,0
-48.7525062561035,332.854095458984,0
-49.0343475341797,333.229187011719,0
-49.3171310424805,333.603576660156,0
-49.6008605957031,333.977325439453,0
-49.8855209350586,334.350311279297,0
-50.1711273193359,334.722564697266,0
-50.4576606750488,335.094146728516,0
-50.7451286315918,335.464935302734,0
-51.0335235595703,335.835083007812,0
-51.3228530883789,336.204437255859,0
-51.6131134033203,336.573089599609,0
-51.9042854309082,336.940979003906,0
-52.1963920593262,337.308197021484,0
-52.489429473877,337.674652099609,0
-52.7833671569824,338.040344238281,0
-53.0782356262207,338.405303955078,0
-53.3740234375,338.769561767578,0
-53.670726776123,339.133056640625,0
-53.9683303833008,339.495758056641,0
-54.266845703125,339.857757568359,0
-54.5662841796875,340.218994140625,0
-54.8666229248047,340.579498291016,0
-55.1678657531738,340.939208984375,0
-55.4700241088867,341.298187255859,0
-55.7730674743652,341.656372070313,0
-56.077018737793,342.013824462891,0
-56.3818664550781,342.370513916016,0
-56.6876029968262,342.726409912109,0
-56.9942436218262,343.08154296875,0
-57.3017730712891,343.435913085937,0
-57.6101837158203,343.789520263672,0
-57.9194869995117,344.142333984375,0
-58.2296943664551,344.494354248047,0
-58.5407562255859,344.845611572266,0
-58.8527221679688,345.196075439453,0
-59.1655654907227,345.545806884766,0
-59.4792747497559,345.894683837891,0
-59.7938766479492,346.242797851562,0
-60.1093368530273,346.590118408203,0
-60.4256706237793,346.936614990234,0
-60.7428894042969,347.282348632812,0
-61.0609703063965,347.627319335938,0
-61.3799095153809,347.971435546875,0
-61.69970703125,348.314758300781,0
-62.0203819274902,348.657257080078,0
-62.341911315918,348.998992919922,0
-62.6642990112305,349.339904785156,0
-62.9875526428223,349.679992675781,0
-63.3116455078125,350.019256591797,0
-63.6365966796875,350.357727050781,0
-63.9623947143555,350.695404052734,0
-64.2890396118164,351.0322265625,0
-64.6165390014648,351.368194580078,0
-64.9448699951172,351.703399658203,0
-65.274055480957,352.037750244141,0
-65.6040725708008,352.371307373047,0
-65.934928894043,352.703948974609,0
-66.2666244506836,353.035797119141,0
-66.5991516113281,353.366821289063,0
-66.9325103759766,353.697021484375,0
-67.2666854858398,354.026397705078,0
-67.6017074584961,354.354888916016,0
-67.9375381469727,354.682556152344,0
-68.2742080688477,355.009368896484,0
-68.611686706543,355.335357666016,0
-68.9499893188477,355.660461425781,0
-69.2891082763672,355.984741210937,0
-69.629020690918,356.308166503906,0
-69.9697647094727,356.630706787109,0
-70.3113174438477,356.952423095703,0
-70.653678894043,357.273284912109,0
-70.9968490600586,357.593231201172,0
-71.3408126831055,357.912353515625,0
-71.6855850219727,358.230590820312,0
-72.0311431884766,358.547973632812,0
-72.3775177001953,358.864501953125,0
-72.7246704101563,359.180145263672,0
-73.0726318359375,359.494934082031,0
-73.4213714599609,359.808807373047,0
-73.7708892822266,360.121826171875,0
-74.1212158203125,360.433959960937,0
-74.4723205566406,360.745208740234,0
-74.8241882324219,361.055572509766,0
-75.1768493652344,361.365081787109,0
-75.5302963256836,361.673675537109,0
-75.8845062255859,361.981384277344,0
-76.2394866943359,362.288177490234,0
-76.5952529907227,362.594116210937,0
-76.9517669677734,362.899139404297,0
-77.3090667724609,363.203277587891,0
-77.667106628418,363.506500244141,0
-78.0259246826172,363.808807373047,0
-78.385498046875,364.110290527344,0
-78.7458267211914,364.410797119141,0
-79.1069107055664,364.710388183594,0
-79.46875,365.009094238281,0
-79.8313293457031,365.306884765625,0
-80.1946640014648,365.603759765625,0
-80.5587387084961,365.899719238281,0
-80.9235687255859,366.19482421875,0
-81.2891235351563,366.488922119141,0
-81.6554260253906,366.782165527344,0
-82.0224609375,367.074432373047,0
-82.3902359008789,367.365814208984,0
-82.7587356567383,367.656280517578,0
-83.1279754638672,367.945770263672,0
-83.4979248046875,368.234344482422,0
-83.8686065673828,368.522003173828,0
-84.2400131225586,368.808715820313,0
-84.6121292114258,369.094512939453,0
-84.9849700927734,369.379364013672,0
-85.3585357666016,369.663269042969,0
-85.7328033447266,369.946258544922,0
-86.1077728271484,370.228271484375,0
-86.4834594726563,370.509399414063,0
-86.8598556518555,370.789520263672,0
-87.2369537353516,371.068725585937,0
-87.61474609375,371.346954345703,0
-87.9932403564453,371.624237060547,0
-88.3724212646484,371.900604248047,0
-88.752311706543,372.175994873047,0
-89.1328887939453,372.450408935547,0
-89.5141525268555,372.723876953125,0
-89.8961029052734,372.996398925781,0
-90.2787322998047,373.267944335937,0
-90.6620483398438,373.53857421875,0
-91.0460433959961,373.808166503906,0
-91.4307174682617,374.076843261719,0
-91.8160552978516,374.344543457031,0
-92.2020721435547,374.611236572266,0
-92.5887603759766,374.876983642578,0
-92.9761199951172,375.141784667969,0
-93.364128112793,375.405609130859,0
-93.752815246582,375.66845703125,0
-94.1421508789063,375.930267333984,0
-94.5321502685547,376.191131591797,0
-94.9228057861328,376.450988769531,0
-95.3141021728516,376.7099609375,0
-95.7060546875,376.967834472656,0
-96.0986557006836,377.224792480469,0
-96.4919052124023,377.480743408203,0
-96.8857879638672,377.735687255859,0
-97.2803192138672,377.989654541016,0
-97.6754760742188,378.242614746094,0
-98.0712814331055,378.494598388672,0
-98.4677124023438,378.74560546875,0
-98.8647766113281,378.995574951172,0
-99.262451171875,379.244537353516,0
-99.6607666015625,379.492553710937,0
-100.059707641602,379.739501953125,0
-100.459259033203,379.985534667969,0
-100.859428405762,380.230499267578,0
-101.260223388672,380.474456787109,0
-101.66162109375,380.717407226562,0
-102.063629150391,380.959381103516,0
-102.466247558594,381.200317382812,0
-102.86946105957,381.440216064453,0
-103.273277282715,381.679168701172,0
-103.677703857422,381.917022705078,0
-104.082725524902,382.153930664062,0
-104.488334655762,382.389770507812,0
-104.894538879395,382.624603271484,0
-105.301330566406,382.8583984375,0
-105.708709716797,383.091247558594,0
-106.116676330566,383.322967529297,0
-106.52522277832,383.553741455078,0
-106.934341430664,383.783416748047,0
-107.344039916992,384.012115478516,0
-107.75431060791,384.239776611328,0
-108.165161132813,384.466430664063,0
-108.57657623291,384.691986083984,0
-108.988548278809,384.916564941406,0
-109.401092529297,385.140045166016,0
-109.81420135498,385.362548828125,0
-110.22785949707,385.583984375,0
-110.642074584961,385.804382324219,0
-111.056838989258,386.023742675781,0
-111.472160339355,386.242004394531,0
-111.888038635254,386.459350585937,0
-112.30443572998,386.675567626953,0
-112.721389770508,386.890716552734,0
-113.138885498047,387.104858398438,0
-113.556915283203,387.317901611328,0
-113.975486755371,387.529937744141,0
-114.394577026367,387.740905761719,0
-114.814208984375,387.950805664062,0
-115.234359741211,388.15966796875,0
-115.65503692627,388.367462158203,0
-116.076232910156,388.574249267578,0
-116.497947692871,388.779907226562,0
-116.92017364502,388.984527587891,0
-117.342918395996,389.188110351562,0
-117.766181945801,389.390563964844,0
-118.18994140625,389.592010498047,0
-118.614204406738,389.792358398437,0
-119.03897857666,389.99169921875,0
-119.464248657227,390.189910888672,0
-119.890014648438,390.387115478516,0
-120.316276550293,390.583190917969,0
-120.743026733398,390.778198242187,0
-121.170265197754,390.972137451172,0
-121.597999572754,391.1650390625,0
-122.026206970215,391.356811523437,0
-122.454902648926,391.547546386719,0
-122.884071350098,391.737152099609,0
-123.31371307373,391.925720214844,0
-123.743843078613,392.113189697266,0
-124.174430847168,392.299621582031,0
-124.605484008789,392.484893798828,0
-125.037002563477,392.669158935547,0
-125.46898651123,392.852294921875,0
-125.901420593262,393.034332275391,0
-126.334327697754,393.21533203125,0
-126.767677307129,393.395172119141,0
-127.201484680176,393.574005126953,0
-127.635726928711,393.751647949219,0
-128.070419311523,393.928314208984,0
-128.505569458008,394.103820800781,0
-128.941146850586,394.278198242187,0
-129.377166748047,394.451538085938,0
-129.813613891602,394.623779296875,0
-130.25048828125,394.794860839844,0
-130.687805175781,394.964935302734,0
-131.125534057617,395.133850097656,0
-131.563690185547,395.301696777344,0
-132.00227355957,395.468414306641,0
-132.441268920898,395.634033203125,0
-132.88069152832,395.798553466797,0
-133.320510864258,395.962005615234,0
-133.7607421875,396.124267578125,0
-134.201385498047,396.285461425781,0
-134.642425537109,396.445587158203,0
-135.083877563477,396.604553222656,0
-135.525741577148,396.762390136719,0
-135.967956542969,396.919189453125,0
-136.410598754883,397.074829101562,0
-136.853622436523,397.229370117187,0
-137.29704284668,397.382781982422,0
-137.740829467773,397.535095214844,0
-138.184997558594,397.686279296875,0
-138.629547119141,397.836364746094,0
-139.074493408203,397.985321044922,0
-139.519790649414,398.133148193359,0
-139.965454101563,398.279876708984,0
-140.411499023438,398.425445556641,0
-140.85791015625,398.569915771484,0
-141.304672241211,398.713287353516,0
-141.751800537109,398.855499267578,0
-142.199295043945,398.99658203125,0
-142.647125244141,399.136566162109,0
-143.095306396484,399.275451660156,0
-143.543838500977,399.413116455078,0
-143.992721557617,399.549713134766,0
-144.441940307617,399.685211181641,0
-144.891510009766,399.819549560547,0
-145.341415405273,399.952758789063,0
-145.791641235352,400.084808349609,0
-146.242202758789,400.215789794922,0
-146.693084716797,400.345581054688,0
-147.144302368164,400.474212646484,0
-147.595825195312,400.601776123047,0
-148.04768371582,400.728210449219,0
-148.499862670898,400.853454589844,0
-148.952346801758,400.977569580078,0
-149.405136108398,401.1005859375,0
-149.858245849609,401.222412109375,0
-150.311630249023,401.343139648438,0
-150.765350341797,401.462707519531,0
-151.219375610352,401.581146240234,0
-151.67366027832,401.698425292969,0
-152.128265380859,401.814575195313,0
-152.583160400391,401.929595947266,0
-153.038345336914,402.04345703125,0
-153.493789672852,402.156188964844,0
-153.949554443359,402.267730712891,0
-154.405563354492,402.378173828125,0
-154.861862182617,402.487457275391,0
-155.318435668945,402.595520019531,0
-155.775283813477,402.702545166016,0
-156.232391357422,402.808380126953,0
-156.68977355957,402.9130859375,0
-157.147399902344,403.016571044922,0
-157.60530090332,403.118988037109,0
-158.063461303711,403.220184326172,0
-158.521850585938,403.320251464844,0
-158.980514526367,403.419219970703,0
-159.439422607422,403.516967773438,0
-159.898544311523,403.613586425781,0
-160.357940673828,403.709014892578,0
-160.817565917969,403.803344726563,0
-161.277435302734,403.896514892578,0
-161.737533569336,403.988494873047,0
-162.197845458984,404.079345703125,0
-162.658401489258,404.169006347656,0
-163.119186401367,404.257537841797,0
-163.580169677734,404.344909667969,0
-164.041397094727,404.431091308594,0
-164.502822875977,404.516143798828,0
-164.964477539063,404.600036621094,0
-165.426300048828,404.682800292969,0
-165.888381958008,404.764343261719,0
-166.350631713867,404.844757080078,0
-166.813095092773,404.923950195313,0
-167.275756835938,405.002044677734,0
-167.73860168457,405.078948974609,0
-168.201644897461,405.154693603516,0
-168.664901733398,405.229309082031,0
-169.128311157227,405.302703857422,0
-169.591918945313,405.374938964844,0
-170.055709838867,405.446044921875,0
-170.519668579102,405.515960693359,0
-170.983825683594,405.584716796875,0
-171.448120117188,405.652313232422,0
-171.91259765625,405.718719482422,0
-172.377227783203,405.783966064453,0
-172.842041015625,405.848052978516,0
-173.307006835938,405.911010742188,0
-173.772125244141,405.972717285156,0
-174.237411499023,406.033294677734,0
-174.702835083008,406.092712402344,0
-175.168411254883,406.150909423828,0
-175.634124755859,406.2080078125,0
-176.099975585938,406.263885498047,0
-176.565994262695,406.318634033203,0
-177.032135009766,406.372192382813,0
-177.498397827148,406.424530029297,0
-177.964782714844,406.475738525391,0
-178.431304931641,406.525787353516,0
-178.897964477539,406.574645996094,0
-179.36474609375,406.622344970703,0
-179.831619262695,406.668823242188,0
-180.298629760742,406.714172363281,0
-180.765747070313,406.758331298828,0
-181.232986450195,406.801361083984,0
-181.700317382813,406.843139648437,0
-182.167770385742,406.8837890625,0
-182.635299682617,406.923278808594,0
-183.102920532227,406.961547851563,0
-183.570678710938,406.998657226563,0
-184.038482666016,407.034606933594,0
-184.506393432617,407.069366455078,0
-184.974395751953,407.102966308594,0
-185.442474365234,407.135375976563,0
-185.91064453125,407.166595458984,0
-186.378875732422,407.196685791016,0
-186.847198486328,407.225524902344,0
-187.315582275391,407.253204345703,0
-187.78401184082,407.279754638672,0
-188.252532958984,407.305084228516,0
-188.721115112305,407.329254150391,0
-189.189758300781,407.352203369141,0
-189.658447265625,407.374053955078,0
-190.127197265625,407.394653320312,0
-190.595993041992,407.414123535156,0
-191.064849853516,407.432434082031,0
-191.533737182617,407.449493408203,0
-192.002670288086,407.465393066406,0
-192.471649169922,407.480163574219,0
-192.940643310547,407.493682861328,0
-193.409698486328,407.506103515625,0
-193.878753662109,407.517303466797,0
-194.347854614258,407.527313232422,0
-194.816970825195,407.5361328125,0
-195.286102294922,407.543823242188,0
-195.755264282227,407.55029296875,0
-196.224426269531,407.555603027344,0
-196.693618774414,407.559753417969,0
-197.162811279297,407.562683105469,0
-197.645904541016,407.564544677734,0
-198.145889282227,407.566375732422,0
-198.645889282227,407.568176269531,0
-199.145874023438,407.570007324219,0
-199.645874023438,407.571807861328,0
-200.145874023437,407.573638916016,0
-200.645874023437,407.575439453125,0
-201.145874023437,407.577270507813,0
-201.645874023438,407.5791015625,0
-202.145874023437,407.580902099609,0
-202.645858764648,407.582733154297,0
-203.145858764648,407.584533691406,0
-203.645843505859,407.586364746094,0
-204.145843505859,407.588165283203,0
-204.645843505859,407.589996337891,0
-205.145843505859,407.591796875,0
-205.645843505859,407.593627929688,0
-206.145843505859,407.595428466797,0
-206.645843505859,407.597259521484,0
-207.14582824707,407.599060058594,0
-207.64582824707,407.600891113281,0
-208.14582824707,407.602691650391,0
-208.645812988281,407.604522705078,0
-209.145812988281,407.606353759766,0
-209.645812988281,407.608154296875,0
-210.145812988281,407.609985351563,0
-210.645812988281,407.611785888672,0
-211.145812988281,407.613616943359,0
-211.645812988281,407.615417480469,0
-212.145797729492,407.617248535156,0
-212.645797729492,407.619049072266,0
-213.145782470703,407.620880126953,0
-213.645782470703,407.622680664062,0
-214.145782470703,407.62451171875,0
-214.645782470703,407.626312255859,0
-215.145782470703,407.628143310547,0
-215.645782470703,407.629943847656,0
-216.145782470703,407.631774902344,0
-216.645767211914,407.633605957031,0
-217.145767211914,407.635406494141,0
-217.645751953125,407.637237548828,0
-218.145751953125,407.639038085938,0
-218.645751953125,407.640869140625,0
-219.145751953125,407.642669677734,0
-219.645751953125,407.644500732422,0
-220.145751953125,407.646301269531,0
-220.645751953125,407.648132324219,0
-221.145736694336,407.649932861328,0
-221.645736694336,407.651763916016,0
-222.145721435547,407.653564453125,0
-222.645721435547,407.655395507813,0
-223.145721435547,407.6572265625,0
-223.645721435547,407.659027099609,0
-224.145721435547,407.660858154297,0
-224.645721435547,407.662658691406,0
-225.145721435547,407.664489746094,0
-225.645706176758,407.666290283203,0
-226.145706176758,407.668121337891,0
-226.645706176758,407.669921875,0
-227.145690917969,407.671752929688,0
-227.645690917969,407.673553466797,0
-228.145690917969,407.675384521484,0
-228.645690917969,407.677185058594,0
-229.145690917969,407.679016113281,0
-229.645690917969,407.680816650391,0
-230.145690917969,407.682647705078,0
-230.64567565918,407.684478759766,0
-231.14567565918,407.686279296875,0
-231.645660400391,407.688110351563,0
-232.145660400391,407.689910888672,0
-232.645660400391,407.691741943359,0
-233.145660400391,407.693542480469,0
-233.645660400391,407.695373535156,0
-234.145660400391,407.697174072266,0
-234.645660400391,407.699005126953,0
-235.145645141602,407.700805664063,0
-235.645645141602,407.70263671875,0
-236.145629882812,407.704437255859,0
-236.645629882812,407.706268310547,0
-237.145629882813,407.708068847656,0
-237.645629882812,407.709899902344,0
-238.145629882812,407.711730957031,0
-238.645629882812,407.713531494141,0
-239.145629882813,407.715362548828,0
-239.645614624023,407.717163085938,0
-240.145614624023,407.718994140625,0
-240.645599365234,407.720794677734,0
-241.145599365234,407.722625732422,0
-241.645599365234,407.724426269531,0
-242.145599365234,407.726257324219,0
-242.645599365234,407.728057861328,0
-243.145599365234,407.729888916016,0
-243.645599365234,407.731689453125,0
-244.145584106445,407.733520507813,0
-244.645584106445,407.7353515625,0
-245.145584106445,407.737152099609,0
-245.645568847656,407.738983154297,0
-246.145568847656,407.740783691406,0
-246.645568847656,407.742614746094,0
-247.145568847656,407.744415283203,0
-247.645568847656,407.746246337891,0
-248.145568847656,407.748046875,0
-248.645568847656,407.749877929688,0
-249.145553588867,407.751678466797,0
-249.645553588867,407.753509521484,0
-250.145538330078,407.755310058594,0
-250.645538330078,407.757141113281,0
-251.145538330078,407.758941650391,0
-251.645538330078,407.760772705078,0
-252.145538330078,407.762603759766,0
-252.645538330078,407.764404296875,0
-253.145538330078,407.766235351563,0
-253.645523071289,407.768035888672,0
-254.145523071289,407.769866943359,0
-254.6455078125,407.771667480469,0
-255.1455078125,407.773498535156,0
-255.6455078125,407.775299072266,0
-256.145477294922,407.777130126953,0
-256.645477294922,407.778930664063,0
-257.145477294922,407.78076171875,0
-257.645477294922,407.782562255859,0
-258.145477294922,407.784393310547,0
-258.645446777344,407.786193847656,0
-259.145446777344,407.788024902344,0
-259.645446777344,407.789855957031,0
-260.145446777344,407.791656494141,0
-260.645446777344,407.793487548828,0
-261.145446777344,407.795288085937,0
-261.645446777344,407.797119140625,0
-262.145446777344,407.798919677734,0
-262.645446777344,407.800750732422,0
-263.145446777344,407.802551269531,0
-263.645416259766,407.804382324219,0
-264.145416259766,407.806182861328,0
-264.645416259766,407.808013916016,0
-265.145416259766,407.809814453125,0
-265.645416259766,407.811645507813,0
-266.145416259766,407.813446044922,0
-266.645416259766,407.815277099609,0
-267.145416259766,407.817108154297,0
-267.645385742187,407.818908691406,0
-268.145385742188,407.820739746094,0
-268.645385742187,407.822540283203,0
-269.145385742187,407.824371337891,0
-269.645385742187,407.826171875,0
-270.145385742188,407.828002929687,0
-270.645385742187,407.829803466797,0
-271.145385742187,407.831634521484,0
-271.645385742187,407.833435058594,0
-272.145385742188,407.835266113281,0
-272.645355224609,407.837066650391,0
-273.145355224609,407.838897705078,0
-273.645355224609,407.840728759766,0
-274.145355224609,407.842529296875,0
-274.645355224609,407.844360351563,0
-275.145355224609,407.846160888672,0
-275.645355224609,407.847991943359,0
-276.145355224609,407.849792480469,0
-276.645355224609,407.851623535156,0
-277.145324707031,407.853424072266,0
-277.645324707031,407.855255126953,0
-278.145324707031,407.857055664063,0
-278.645324707031,407.85888671875,0
-279.145324707031,407.860687255859,0
-279.645324707031,407.862518310547,0
-280.145324707031,407.864318847656,0
-280.645324707031,407.866149902344,0
-281.145324707031,407.867980957031,0
-281.645324707031,407.869781494141,0
-282.145294189453,407.871612548828,0
-282.645294189453,407.873413085938,0
-283.145294189453,407.875244140625,0
-283.645294189453,407.877044677734,0
-284.145294189453,407.878875732422,0
-284.645294189453,407.880676269531,0
-285.145294189453,407.882507324219,0
-285.645294189453,407.884307861328,0
-286.145263671875,407.886138916016,0
-286.645263671875,407.887939453125,0
-287.145263671875,407.889770507813,0
-287.645263671875,407.891571044922,0
-288.145263671875,407.893402099609,0
-288.645263671875,407.895233154297,0
-289.145263671875,407.897033691406,0
-289.645263671875,407.898864746094,0
-290.145263671875,407.900665283203,0
-290.645263671875,407.902496337891,0
-291.145233154297,407.904296875,0
-291.645233154297,407.906127929688,0
-292.145233154297,407.907928466797,0
-292.645233154297,407.909759521484,0
-293.145233154297,407.911560058594,0
-293.645233154297,407.913391113281,0
-294.145233154297,407.915191650391,0
-294.645233154297,407.917022705078,0
-295.145233154297,407.918853759766,0
-295.645202636719,407.920654296875,0
-296.145202636719,407.922485351563,0
-296.645202636719,407.924285888672,0
-297.145202636719,407.926116943359,0
-297.645202636719,407.927917480469,0
-298.145202636719,407.929748535156,0
-298.645202636719,407.931549072266,0
-299.145202636719,407.933380126953,0
-299.645202636719,407.935180664063,0
-300.145202636719,407.93701171875,0
-300.645172119141,407.938812255859,0
-301.145172119141,407.940643310547,0
-301.645172119141,407.942443847656,0
-302.145172119141,407.944274902344,0
-302.645172119141,407.946105957031,0
-303.145172119141,407.947906494141,0
-303.645172119141,407.949737548828,0
-304.145172119141,407.951538085938,0
-304.645141601562,407.953369140625,0
-305.145141601563,407.955169677734,0
-305.645141601562,407.957000732422,0
-306.145141601562,407.958801269531,0
-306.645141601562,407.960632324219,0
-307.145141601563,407.962432861328,0
-307.645141601562,407.964263916016,0
-308.145141601562,407.966064453125,0
-308.645141601562,407.967895507813,0
-309.145141601562,407.969696044922,0
-309.645111083984,407.971527099609,0
-310.145111083984,407.973358154297,0
-310.645111083984,407.975158691406,0
-311.145111083984,407.976989746094,0
-311.645111083984,407.978790283203,0
-312.145111083984,407.980621337891,0
-312.645111083984,407.982421875,0
-313.145111083984,407.984252929688,0
-313.645111083984,407.986053466797,0
-314.145080566406,407.987884521484,0
-314.645080566406,407.989685058594,0
-315.145080566406,407.991516113281,0
-315.645080566406,407.993316650391,0
-316.145080566406,407.995147705078,0
-316.645080566406,407.996978759766,0
-317.145080566406,407.998779296875,0
-317.645080566406,408.000610351563,0
-318.145080566406,408.002410888672,0
-318.645050048828,408.004241943359,0
-319.144439697266,408.006042480469,0
-319.6103515625,408.007080078125,0
-320.076293945313,408.006805419922,0
-320.542205810547,408.005249023438,0
-321.008117675781,408.002380371094,0
-321.474029541016,407.998229980469,0
-321.93994140625,407.992736816406,0
-322.405822753906,407.985992431641,0
-322.871643066406,407.977935791016,0
-323.337463378906,407.968597412109,0
-323.803283691406,407.957946777344,0
-324.26904296875,407.945983886719,0
-324.734802246094,407.932769775391,0
-325.200500488281,407.918243408203,0
-325.666137695312,407.902435302734,0
-326.131774902344,407.885314941406,0
-326.597320556641,407.866882324219,0
-327.062835693359,407.84716796875,0
-327.528289794922,407.826171875,0
-327.99365234375,407.803863525391,0
-328.458984375,407.7802734375,0
-328.924285888672,407.755401611328,0
-329.389465332031,407.729187011719,0
-329.854614257812,407.701721191406,0
-330.319610595703,407.672943115234,0
-330.784545898437,407.642913818359,0
-331.249450683594,407.611541748047,0
-331.714233398437,407.578857421875,0
-332.178894042969,407.544952392578,0
-332.643493652344,407.509704589844,0
-333.108001708984,407.473175048828,0
-333.572387695312,407.435394287109,0
-334.036651611328,407.396240234375,0
-334.500823974609,407.355865478516,0
-334.96484375,407.314178466797,0
-335.428833007813,407.271179199219,0
-335.892639160156,407.226928710938,0
-336.356323242188,407.181335449219,0
-336.819915771484,407.134521484375,0
-337.283325195312,407.086364746094,0
-337.746643066406,407.036895751953,0
-338.209777832031,406.986206054688,0
-338.672790527344,406.934173583984,0
-339.135650634766,406.880889892578,0
-339.598388671875,406.826324462891,0
-340.060943603516,406.770416259766,0
-340.523345947266,406.713256835937,0
-340.985595703125,406.654876708984,0
-341.447692871094,406.595123291016,0
-341.909576416016,406.534118652344,0
-342.371337890625,406.471801757813,0
-342.832946777344,406.408203125,0
-343.294281005859,406.343353271484,0
-343.755493164062,406.277221679688,0
-344.216552734375,406.209777832031,0
-344.677337646484,406.141021728516,0
-345.138031005859,406.071075439453,0
-345.598449707031,405.999816894531,0
-346.058685302734,405.92724609375,0
-346.518707275391,405.853424072266,0
-346.978546142578,405.778289794922,0
-347.438201904297,405.701934814453,0
-347.897552490234,405.624206542969,0
-348.356781005859,405.545257568359,0
-348.815734863281,405.465026855469,0
-349.274475097656,405.383544921875,0
-349.733001708984,405.300750732422,0
-350.191284179687,405.216674804688,0
-350.649322509766,405.131378173828,0
-351.107116699219,405.044799804687,0
-351.564697265625,404.956939697266,0
-352.022003173828,404.867797851562,0
-352.479064941406,404.77734375,0
-352.935913085937,404.685668945313,0
-353.392425537109,404.592712402344,0
-353.848754882812,404.498474121094,0
-354.304779052734,404.402984619141,0
-354.760528564453,404.306213378906,0
-355.216064453125,404.208190917969,0
-355.671264648437,404.10888671875,0
-356.126190185547,404.008331298828,0
-356.580871582031,403.906433105469,0
-357.035278320313,403.803405761719,0
-357.489288330078,403.699035644531,0
-357.943115234375,403.593414306641,0
-358.396636962891,403.486511230469,0
-358.849853515625,403.378356933594,0
-359.302734375,403.268981933594,0
-359.755340576172,403.158325195313,0
-360.207611083984,403.046356201172,0
-360.659576416016,402.933197021484,0
-361.111206054687,402.818786621094,0
-361.562561035156,402.703063964844,0
-362.013580322266,402.586120605469,0
-362.464263916016,402.467926025391,0
-362.914611816406,402.348480224609,0
-363.364624023438,402.227783203125,0
-363.814300537109,402.105773925781,0
-364.263641357422,401.982574462891,0
-364.712646484375,401.858123779297,0
-365.161285400391,401.732452392578,0
-365.609588623047,401.605499267578,0
-366.057525634766,401.477294921875,0
-366.505096435547,401.347869873047,0
-366.952331542969,401.217132568359,0
-367.399230957031,401.085205078125,0
-367.845672607422,400.952056884766,0
-368.291809082031,400.817565917969,0
-368.737548828125,400.681945800781,0
-369.182891845703,400.545043945313,0
-369.627868652344,400.406921386719,0
-370.072479248047,400.267547607422,0
-370.516693115234,400.126953125,0
-370.960479736328,399.985076904297,0
-371.403869628906,399.842010498047,0
-371.846923828125,399.697723388672,0
-372.289520263672,399.552154541016,0
-372.731750488281,399.405395507812,0
-373.173522949219,399.257354736328,0
-373.614898681641,399.108154296875,0
-374.055847167969,398.957702636719,0
-374.496429443359,398.805999755859,0
-374.9365234375,398.653137207031,0
-375.376220703125,398.498992919922,0
-375.815490722656,398.343627929688,0
-376.254302978516,398.18701171875,0
-376.692718505859,398.029235839844,0
-377.130645751953,397.870208740234,0
-377.568176269531,397.710021972656,0
-378.005218505859,397.548522949219,0
-378.441833496094,397.385894775391,0
-378.877990722656,397.222045898437,0
-379.313690185547,397.056915283203,0
-379.748931884766,396.890625,0
-380.183715820312,396.723114013672,0
-380.618011474609,396.554412841797,0
-381.051818847656,396.384460449219,0
-381.485198974609,396.213317871094,0
-381.918060302734,396.040985107422,0
-382.350463867187,395.867462158203,0
-382.782379150391,395.692718505859,0
-383.213806152344,395.516754150391,0
-383.644744873047,395.339599609375,0
-384.0751953125,395.161315917969,0
-384.505157470703,394.981750488281,0
-384.934600830078,394.800994873047,0
-385.363525390625,394.619110107422,0
-385.7919921875,394.435943603516,0
-386.219879150391,394.251647949219,0
-386.647277832031,394.066162109375,0
-387.074188232422,393.879455566406,0
-387.500518798828,393.691558837891,0
-387.926391601562,393.502502441406,0
-388.351715087891,393.312286376953,0
-388.776489257812,393.120880126953,0
-389.200744628906,392.928253173828,0
-389.624481201172,392.734466552734,0
-390.047637939453,392.539520263672,0
-390.470275878906,392.343353271484,0
-390.892364501953,392.146026611328,0
-391.313873291016,391.947540283203,0
-391.73486328125,391.747924804688,0
-392.1552734375,391.547058105469,0
-392.575134277344,391.345062255859,0
-392.994445800781,391.141906738281,0
-393.413177490234,390.937591552734,0
-393.831329345703,390.732055664062,0
-394.248901367187,390.525421142578,0
-394.665924072266,390.317565917969,0
-395.082397460937,390.108612060547,0
-395.498199462891,389.898468017578,0
-395.913482666016,389.687194824219,0
-396.328155517578,389.474731445312,0
-396.742218017578,389.261138916016,0
-397.155700683594,389.046417236328,0
-397.568603515625,388.830505371094,0
-397.980865478516,388.613494873047,0
-398.392578125,388.395233154297,0
-398.803619384766,388.175933837891,0
-399.214080810547,387.955444335938,0
-399.623931884766,387.733825683594,0
-400.033172607422,387.511047363281,0
-400.441772460938,387.287200927734,0
-400.849731445313,387.062133789063,0
-401.257080078125,386.835998535156,0
-401.663818359375,386.608673095703,0
-402.069915771484,386.380249023437,0
-402.475341796875,386.150695800781,0
-402.880187988281,385.920013427734,0
-403.284332275391,385.688201904297,0
-403.687896728516,385.455261230469,0
-404.090728759766,385.221252441406,0
-404.492950439453,384.986053466797,0
-404.89453125,384.749725341797,0
-405.295440673828,384.512359619141,0
-405.695648193359,384.273803710937,0
-406.095245361328,384.0341796875,0
-406.494140625,383.793426513672,0
-406.892395019531,383.551605224609,0
-407.289947509766,383.30859375,0
-407.686859130859,383.064544677734,0
-408.083068847656,382.819427490234,0
-408.478576660156,382.573120117187,0
-408.873413085938,382.325775146484,0
-409.267547607422,382.077270507812,0
-409.661010742188,381.827758789063,0
-410.053771972656,381.577087402344,0
-410.445831298828,381.325347900391,0
-410.837188720703,381.072479248047,0
-411.227844238281,380.818572998047,0
-411.617797851563,380.563568115234,0
-412.007019042969,380.307464599609,0
-412.395538330078,380.05029296875,0
-412.783355712891,379.792053222656,0
-413.17041015625,379.532684326172,0
-413.556823730469,379.272308349609,0
-413.942443847656,379.010833740234,0
-414.327331542969,378.748260498047,0
-414.711486816406,378.484649658203,0
-415.094970703125,378.219940185547,0
-415.477661132813,377.954223632812,0
-415.859619140625,377.687408447266,0
-416.240814208984,377.419494628906,0
-416.621307373047,377.150573730469,0
-417.001037597656,376.880554199219,0
-417.379974365234,376.609527587891,0
-417.758209228516,376.33740234375,0
-418.135681152344,376.064239501953,0
-418.512390136719,375.7900390625,0
-418.888275146484,375.514801025391,0
-419.263458251953,375.238525390625,0
-419.637847900391,374.961151123047,0
-420.011474609375,374.682800292969,0
-420.384307861328,374.403350830078,0
-420.756378173828,374.122924804688,0
-421.127655029297,373.841430664062,0
-421.498168945313,373.558929443359,0
-421.867889404297,373.275360107422,0
-422.236785888672,372.990783691406,0
-422.604949951172,372.705200195312,0
-422.972229003906,372.418548583984,0
-423.338806152344,372.130920410156,0
-423.704528808594,371.84228515625,0
-424.069458007812,371.552551269531,0
-424.43359375,371.261871337891,0
-424.796905517578,370.97021484375,0
-425.159423828125,370.677490234375,0
-425.521057128906,370.383758544922,0
-425.881958007813,370.089050292969,0
-426.241973876953,369.793304443359,0
-426.601196289063,369.49658203125,0
-426.959594726563,369.198852539062,0
-427.317169189453,368.900115966797,0
-427.673889160156,368.600402832031,0
-428.029815673828,368.299713134766,0
-428.384857177734,367.998016357422,0
-428.739105224609,367.6953125,0
-429.092437744141,367.391632080078,0
-429.445007324219,367.087036132812,0
-429.796661376953,366.781402587891,0
-430.147491455078,366.474761962891,0
-430.497467041016,366.167205810547,0
-430.846588134766,365.858673095703,0
-431.19482421875,365.549133300781,0
-431.542236328125,365.238616943359,0
-431.888763427734,364.927154541016,0
-432.234436035156,364.61474609375,0
-432.579223632813,364.301422119141,0
-432.923126220703,363.987060546875,0
-433.266174316406,363.671752929688,0
-433.608337402344,363.355529785156,0
-433.949645996094,363.038330078125,0
-434.2900390625,362.720184326172,0
-434.629577636719,362.401092529297,0
-434.968170166016,362.0810546875,0
-435.305938720703,361.760101318359,0
-435.642730712891,361.438171386719,0
-435.978698730469,361.115356445312,0
-436.313781738281,360.791564941406,0
-436.647888183594,360.466857910156,0
-436.981140136719,360.141235351562,0
-437.313446044922,359.814666748047,0
-437.644866943359,359.487152099609,0
-437.975372314453,359.158782958984,0
-438.304992675781,358.829467773438,0
-438.633666992188,358.499206542969,0
-438.96142578125,358.168060302734,0
-439.288238525391,357.835998535156,0
-439.614135742188,357.503021240234,0
-439.939147949219,357.169128417969,0
-440.263214111328,356.834381103516,0
-440.586334228516,356.498687744141,0
-440.908538818359,356.162109375,0
-441.229766845703,355.824676513672,0
-441.550048828125,355.486267089844,0
-441.869445800781,355.147064208984,0
-442.187835693359,354.806915283203,0
-442.505310058594,354.465850830078,0
-442.821838378906,354.123962402344,0
-443.137451171875,353.781188964844,0
-443.452026367187,353.4375,0
-443.765686035156,353.092987060547,0
-444.078369140625,352.74755859375,0
-444.390106201172,352.401306152344,0
-444.700866699219,352.054138183594,0
-445.010711669922,351.706146240234,0
-445.319549560547,351.357299804687,0
-445.62744140625,351.007568359375,0
-445.934295654297,350.657012939453,0
-446.240234375,350.305541992187,0
-446.545135498047,349.953277587891,0
-446.84912109375,349.600158691406,0
-447.152099609375,349.246185302734,0
-447.454071044922,348.891387939453,0
-447.755035400391,348.535705566406,0
-448.055084228516,348.179260253906,0
-448.354125976563,347.821929931641,0
-448.652099609375,347.463745117187,0
-448.949157714844,347.104797363281,0
-449.245178222656,346.744995117187,0
-449.540191650391,346.384368896484,0
-449.834197998047,346.022918701172,0
-450.127258300781,345.660705566406,0
-450.419219970703,345.297576904297,0
-450.710205078125,344.933685302734,0
-451.000183105469,344.569000244141,0
-451.289154052734,344.203521728516,0
-451.577087402344,343.837219238281,0
-451.864013671875,343.470123291016,0
-452.14990234375,343.102233886719,0
-452.434783935547,342.733551025391,0
-452.718658447266,342.364074707031,0
-453.00146484375,341.993774414063,0
-453.283264160156,341.622741699219,0
-453.564025878906,341.250915527344,0
-453.84375,340.878265380859,0
-454.122436523438,340.504913330078,0
-454.400085449219,340.130767822266,0
-454.676666259766,339.755798339844,0
-454.952209472656,339.380096435547,0
-455.226776123047,339.003631591797,0
-455.500213623047,338.626403808594,0
-455.772644042969,338.248413085938,0
-456.044036865234,337.86962890625,0
-456.314300537109,337.490142822266,0
-456.583557128906,337.109893798828,0
-456.851776123047,336.728912353516,0
-457.118896484375,336.34716796875,0
-457.384979248047,335.964660644531,0
-457.649963378906,335.581451416016,0
-457.913909912109,335.197509765625,0
-458.176788330078,334.812774658203,0
-458.438568115234,334.427398681641,0
-458.699310302734,334.041259765625,0
-458.958953857422,333.654388427734,0
-459.217498779297,333.266784667969,0
-459.475006103516,332.878448486328,0
-459.731414794922,332.489471435547,0
-459.986755371094,332.099731445312,0
-460.240997314453,331.709289550781,0
-460.494171142578,331.318115234375,0
-460.746215820313,330.926239013672,0
-460.997192382813,330.53369140625,0
-461.2470703125,330.140441894531,0
-461.495819091797,329.746520996094,0
-461.743530273438,329.351898193359,0
-461.990142822266,328.956573486328,0
-462.235626220703,328.560577392578,0
-462.480010986328,328.163879394531,0
-462.723327636719,327.766479492188,0
-462.965515136719,327.368499755859,0
-463.206573486328,326.969757080078,0
-463.446533203125,326.570373535156,0
-463.685363769531,326.170318603516,0
-463.923126220703,325.769622802734,0
-464.159729003906,325.368225097656,0
-464.395263671875,324.966217041016,0
-464.629638671875,324.563537597656,0
-464.862884521484,324.160186767578,0
-465.095062255859,323.756225585937,0
-465.326049804688,323.351623535156,0
-465.555938720703,322.946319580078,0
-465.784698486328,322.540466308594,0
-466.012359619141,322.133941650391,0
-466.238830566406,321.726745605469,0
-466.464233398438,321.318969726562,0
-466.688446044922,320.910522460938,0
-466.911499023438,320.501495361328,0
-467.133483886719,320.091796875,0
-467.354309082031,319.681518554688,0
-467.573974609375,319.270629882813,0
-467.792510986328,318.859130859375,0
-468.009857177734,318.447052001953,0
-468.226104736328,318.034362792969,0
-468.441223144531,317.621063232422,0
-468.655120849609,317.207122802734,0
-468.867950439453,316.792602539063,0
-469.07958984375,316.377532958984,0
-469.2900390625,315.961883544922,0
-469.499359130859,315.545593261719,0
-469.707550048828,315.128753662109,0
-469.914520263672,314.711334228516,0
-470.120361328125,314.293365478516,0
-470.325073242188,313.874786376953,0
-470.528564453125,313.455688476562,0
-470.730895996094,313.035949707031,0
-470.932067871094,312.61572265625,0
-471.132080078125,312.194915771484,0
-471.330902099609,311.773529052734,0
-471.528594970703,311.351593017578,0
-471.725067138672,310.929138183594,0
-471.920379638672,310.506103515625,0
-472.114532470703,310.082550048828,0
-472.307464599609,309.658477783203,0
-472.499237060547,309.233825683594,0
-472.689849853516,308.808685302734,0
-472.879241943359,308.383026123047,0
-473.067474365234,307.956787109375,0
-473.254486083984,307.530059814453,0
-473.440368652344,307.102783203125,0
-473.625030517578,306.675018310547,0
-473.808502197266,306.246765136719,0
-473.990753173828,305.817962646484,0
-474.171844482422,305.388671875,0
-474.351776123047,304.958862304687,0
-474.530456542969,304.528594970703,0
-474.707916259766,304.097778320312,0
-474.884216308594,303.666473388672,0
-475.059356689453,303.234741210938,0
-475.233245849609,302.802490234375,0
-475.405944824219,302.369689941406,0
-475.577423095703,301.936492919922,0
-475.747711181641,301.502807617187,0
-475.916778564453,301.068664550781,0
-476.084655761719,300.634002685547,0
-476.251281738281,300.198883056641,0
-476.416717529297,299.763336181641,0
-476.580993652344,299.327301025391,0
-476.743988037109,298.890869140625,0
-476.905822753906,298.453918457031,0
-477.06640625,298.016540527344,0
-477.225799560547,297.578704833984,0
-477.383941650391,297.140472412109,0
-477.540893554688,296.701751708984,0
-477.696594238281,296.262603759766,0
-477.85107421875,295.823059082031,0
-478.004364013672,295.383056640625,0
-478.156372070313,294.942626953125,0
-478.307250976563,294.501770019531,0
-478.456817626953,294.060546875,0
-478.605194091797,293.618865966797,0
-478.752288818359,293.176788330078,0
-478.898223876953,292.734283447266,0
-479.042877197266,292.291412353516,0
-479.186340332031,291.848114013672,0
-479.328552246094,291.404418945312,0
-479.469543457031,290.960327148438,0
-479.609252929687,290.515808105469,0
-479.747741699219,290.070983886719,0
-479.885009765625,289.625732421875,0
-480.021026611328,289.180114746094,0
-480.155792236328,288.734069824219,0
-480.289367675781,288.287719726562,0
-480.421661376953,287.840972900391,0
-480.552734375,287.393859863281,0
-480.682525634766,286.946380615234,0
-480.811096191406,286.498565673828,0
-480.938415527344,286.050354003906,0
-481.064514160156,285.601837158203,0
-481.189331054688,285.152893066406,0
-481.312927246094,284.703674316406,0
-481.435211181641,284.254089355469,0
-481.556304931641,283.804168701172,0
-481.676147460938,283.353942871094,0
-481.794738769531,282.9033203125,0
-481.912017822266,282.452423095703,0
-482.028076171875,282.001220703125,0
-482.142913818359,281.549621582031,0
-482.256469726562,281.097747802734,0
-482.368743896484,280.645538330078,0
-482.479797363281,280.193054199219,0
-482.589599609375,279.740264892578,0
-482.698059082031,279.287139892578,0
-482.805328369141,278.833740234375,0
-482.911315917969,278.380035400391,0
-483.016082763672,277.925994873047,0
-483.119537353516,277.471710205078,0
-483.221740722656,277.017150878906,0
-483.322662353516,276.562286376953,0
-483.42236328125,276.107116699219,0
-483.520751953125,275.651702880859,0
-483.617889404297,275.196014404297,0
-483.713775634766,274.740081787109,0
-483.808349609375,274.283874511719,0
-483.901702880859,273.827362060547,0
-483.993774414062,273.370635986328,0
-484.084533691406,272.913665771484,0
-484.174102783203,272.456359863281,0
-484.262359619141,271.998901367188,0
-484.349334716797,271.541168212891,0
-484.435028076172,271.083190917969,0
-484.519439697266,270.625,0
-484.602569580078,270.166564941406,0
-484.684478759766,269.707885742188,0
-484.765075683594,269.248962402344,0
-484.844421386719,268.789825439453,0
-484.922454833984,268.330535888672,0
-484.999237060547,267.870910644531,0
-485.07470703125,267.411163330078,0
-485.14892578125,266.951171875,0
-485.221862792969,266.490997314453,0
-485.293518066406,266.030639648437,0
-485.363891601563,265.570068359375,0
-485.432983398438,265.109252929687,0
-485.500793457031,264.648315429688,0
-485.567321777344,264.187133789062,0
-485.632537841797,263.725830078125,0
-485.696533203125,263.264312744141,0
-485.759216308594,262.802612304687,0
-485.820587158203,262.340728759766,0
-485.880676269531,261.878723144531,0
-485.939483642578,261.416534423828,0
-485.9970703125,260.954132080078,0
-486.053314208984,260.491607666016,0
-486.108245849609,260.028961181641,0
-486.161956787109,259.566162109375,0
-486.214324951172,259.103179931641,0
-486.265441894531,258.640045166016,0
-486.315246582031,258.176818847656,0
-486.36376953125,257.71337890625,0
-486.411010742188,257.249877929687,0
-486.456970214844,256.786224365234,0
-486.501586914063,256.322448730469,0
-486.544952392578,255.858520507812,0
-486.587036132813,255.39453125,0
-486.627838134766,254.930389404297,0
-486.667327880859,254.46614074707,0
-486.705505371094,254.001770019531,0
-486.742401123047,253.537307739258,0
-486.778045654297,253.07275390625,0
-486.812377929688,252.608093261719,0
-486.845397949219,252.143341064453,0
-486.877105712891,251.678497314453,0
-486.907592773438,251.213562011719,0
-486.936706542969,250.748550415039,0
-486.964569091797,250.283462524414,0
-486.991119384766,249.818283081055,0
-487.016418457031,249.353042602539,0
-487.040374755859,248.887741088867,0
-487.063079833984,248.42236328125,0
-487.08447265625,247.956924438477,0
-487.104553222656,247.491424560547,0
-487.123382568359,247.025894165039,0
-487.140869140625,246.560287475586,0
-487.157073974609,246.094635009766,0
-487.171997070313,245.628967285156,0
-487.185607910156,245.163238525391,0
-487.197937011719,244.697463989258,0
-487.208953857422,244.231674194336,0
-487.218688964844,243.765853881836,0
-487.227111816406,243.299987792969,0
-487.234252929688,242.834136962891,0
-487.240081787109,242.368255615234,0
-487.24462890625,241.90234375,0
-487.247863769531,241.436431884766,0
-487.249877929688,240.970504760742,0
-487.251007080078,240.476272583008,0
-487.252166748047,239.976272583008,0
-487.253326416016,239.476272583008,0
-487.254486083984,238.976272583008,0
-487.255676269531,238.476287841797,0
-487.2568359375,237.976287841797,0
-487.257995605469,237.476287841797,0
-487.259155273437,236.976287841797,0
-487.260345458984,236.476287841797,0
-487.261505126953,235.976287841797,0
-487.262664794922,235.476287841797,0
-487.263824462891,234.976287841797,0
-487.264984130859,234.476287841797,0
-487.266174316406,233.976287841797,0
-487.267333984375,233.476287841797,0
-487.268463134766,232.982116699219,0
-487.269104003906,232.494369506836,0
-487.269287109375,232.006622314453,0
-487.268951416016,231.518859863281,0
-487.268157958984,231.031127929687,0
-487.266876220703,230.543380737305,0
-487.265106201172,230.055618286133,0
-487.262847900391,229.56787109375,0
-487.260101318359,229.080123901367,0
-487.2568359375,228.592407226562,0
-487.253112792969,228.104675292969,0
-487.248931884766,227.616928100586,0
-487.244232177734,227.129196166992,0
-487.239013671875,226.641479492188,0
-487.233367919922,226.153747558594,0
-487.227172851563,225.666046142578,0
-487.220550537109,225.178359985352,0
-487.21337890625,224.690658569336,0
-487.205749511719,224.202972412109,0
-487.197631835938,223.715286254883,0
-487.189025878906,223.227600097656,0
-487.179962158203,222.739944458008,0
-487.170379638672,222.25227355957,0
-487.160278320313,221.764633178711,0
-487.149719238281,221.277008056641,0
-487.138671875,220.78938293457,0
-487.127166748047,220.3017578125,0
-487.115142822266,219.814163208008,0
-487.102630615234,219.326568603516,0
-487.089660644531,218.838989257812,0
-487.076171875,218.351425170898,0
-487.062194824219,217.863891601562,0
-487.047729492187,217.376327514648,0
-487.032623291016,216.878173828125,0
-487.017486572266,216.378402709961,0
-487.002349853516,215.878631591797,0
-486.987213134766,215.378860473633,0
-486.972076416016,214.879089355469,0
-486.956970214844,214.379318237305,0
-486.941833496094,213.879547119141,0
-486.926696777344,213.379776000977,0
-486.911560058594,212.880004882813,0
-486.896423339844,212.380233764648,0
-486.881286621094,211.880462646484,0
-486.866149902344,211.38069152832,0
-486.851013183594,210.880920410156,0
-486.835876464844,210.381149291992,0
-486.820739746094,209.881378173828,0
-486.805633544922,209.381607055664,0
-486.790496826172,208.8818359375,0
-486.775360107422,208.382064819336,0
-486.760223388672,207.882293701172,0
-486.745086669922,207.382522583008,0
-486.729949951172,206.882751464844,0
-486.714813232422,206.38298034668,0
-486.699676513672,205.883209228516,0
-486.684539794922,205.383438110352,0
-486.669403076172,204.883666992187,0
-486.654266357422,204.383895874023,0
-486.63916015625,203.884124755859,0
-486.6240234375,203.384353637695,0
-486.60888671875,202.884582519531,0
-486.59375,202.384811401367,0
-486.57861328125,201.885040283203,0
-486.5634765625,201.385269165039,0
-486.54833984375,200.885498046875,0
-486.533203125,200.385726928711,0
-486.51806640625,199.885955810547,0
-486.502807617188,199.37548828125,0
-486.488037109375,198.86344909668,0
-486.473754882813,198.351379394531,0
-486.4599609375,197.839340209961,0
-486.446685791016,197.327255249023,0
-486.433959960938,196.815155029297,0
-486.421722412109,196.303070068359,0
-486.409942626953,195.790939331055,0
-486.398773193359,195.27880859375,0
-486.388031005859,194.766677856445,0
-486.377838134766,194.254531860352,0
-486.368194580078,193.742370605469,0
-486.359039306641,193.230209350586,0
-486.350372314453,192.718032836914,0
-486.342193603516,192.205841064453,0
-486.334594726563,191.693649291992,0
-486.327453613281,191.181442260742,0
-486.320861816406,190.669235229492,0
-486.314788818359,190.157043457031,0
-486.309204101562,189.644790649414,0
-486.304138183594,189.132568359375,0
-486.299560546875,188.620346069336,0
-486.295501708984,188.108108520508,0
-486.2919921875,187.59587097168,0
-486.288879394531,187.093948364258,0
-486.285736083984,186.593963623047,0
-486.282623291016,186.093963623047,0
-486.279510498047,185.593978881836,0
-486.276397705078,185.093994140625,0
-486.273254394531,184.593994140625,0
-486.270141601563,184.094009399414,0
-486.267028808594,183.594024658203,0
-486.263916015625,183.094024658203,0
-486.260772705078,182.594039916992,0
-486.257659912109,182.094055175781,0
-486.254547119141,181.594055175781,0
-486.251434326172,181.09407043457,0
-486.248291015625,180.594085693359,0
-486.245178222656,180.094085693359,0
-486.242065429687,179.594100952148,0
-486.238952636719,179.094100952148,0
-486.23583984375,178.594116210938,0
-486.232696533203,178.094131469727,0
-486.229583740234,177.593444824219,0
-486.226470947266,177.093460083008,0
-486.223358154297,176.593475341797,0
-486.220245361328,176.093475341797,0
-486.217102050781,175.593490600586,0
-486.213989257813,175.093505859375,0
-486.210876464844,174.593505859375,0
-486.207763671875,174.093521118164,0
-486.204620361328,173.593536376953,0
-486.201507568359,173.093536376953,0
-486.198394775391,172.593551635742,0
-486.195281982422,172.093566894531,0
-486.192138671875,171.593566894531,0
-486.189025878906,171.09358215332,0
-486.185913085938,170.593597412109,0
-486.182800292969,170.093597412109,0
-486.1796875,169.593597412109,0
-486.176544189453,169.093627929688,0
-486.173431396484,168.593627929688,0
-486.170318603516,168.093627929688,0
-486.167205810547,167.593658447266,0
-486.1640625,167.093658447266,0
-486.160949707031,166.593658447266,0
-486.157836914063,166.093673706055,0
-486.154724121094,165.593688964844,0
-486.151580810547,165.093688964844,0
-486.148468017578,164.593704223633,0
-486.145355224609,164.093719482422,0
-486.142242431641,163.593719482422,0
-486.139099121094,163.093734741211,0
-486.135986328125,162.59375,0
-486.132873535156,162.09375,0
-486.129760742188,161.593765258789,0
-486.126647949219,161.093780517578,0
-486.123504638672,160.593780517578,0
-486.120391845703,160.093795776367,0
-486.117279052734,159.593811035156,0
-486.114166259766,159.093811035156,0
-486.111022949219,158.593826293945,0
-486.10791015625,158.093841552734,0
-486.104797363281,157.593841552734,0
-486.101684570312,157.093856811523,0
-486.098541259766,156.593856811523,0
-486.095428466797,156.093872070313,0
-486.092315673828,155.593872070313,0
-486.089202880859,155.093887329102,0
-486.086090087891,154.593902587891,0
-486.082946777344,154.093902587891,0
-486.079833984375,153.59391784668,0
-486.076721191406,153.093933105469,0
-486.073608398438,152.593933105469,0
-486.070465087891,152.093948364258,0
-486.067352294922,151.593963623047,0
-486.064239501953,151.093963623047,0
-486.061126708984,150.593978881836,0
-486.057983398438,150.093994140625,0
-486.054870605469,149.593994140625,0
-486.0517578125,149.094009399414,0
-486.048645019531,148.594024658203,0
-486.045501708984,148.094024658203,0
-486.042388916016,147.594039916992,0
-486.039276123047,147.094055175781,0
-486.036163330078,146.594055175781,0
-486.033050537109,146.09407043457,0
-486.029907226563,145.59407043457,0
-486.026794433594,145.094085693359,0
-486.023681640625,144.594100952148,0
-486.020568847656,144.094100952148,0
-486.017425537109,143.594116210938,0
-486.014312744141,143.094116210938,0
-486.011199951172,142.594131469727,0
-486.008087158203,142.094146728516,0
-486.004943847656,141.594146728516,0
-486.001831054687,141.094161987305,0
-485.998718261719,140.594177246094,0
-485.99560546875,140.094177246094,0
-485.992492675781,139.594192504883,0
-485.989349365234,139.094207763672,0
-485.986236572266,138.594207763672,0
-485.983123779297,138.094223022461,0
-485.980010986328,137.59423828125,0
-485.976867675781,137.09423828125,0
-485.973754882813,136.594253540039,0
-485.970642089844,136.094268798828,0
-485.967529296875,135.594268798828,0
-485.964385986328,135.094284057617,0
-485.961273193359,134.594299316406,0
-485.958160400391,134.094299316406,0
-485.955047607422,133.594314575195,0
-485.951904296875,133.094314575195,0
-485.948791503906,132.594329833984,0
-485.945678710938,132.094329833984,0
-485.942565917969,131.594345092773,0
-485.939453125,131.094360351563,0
-485.936309814453,130.594360351563,0
-485.933197021484,130.094375610352,0
-485.930084228516,129.594390869141,0
-485.926971435547,129.094390869141,0
-485.923828125,128.59440612793,0
-485.920715332031,128.09440612793,0
-485.917602539063,127.594421386719,0
-485.914489746094,127.094429016113,0
-485.911346435547,126.594436645508,0
-485.908233642578,126.094444274902,0
-485.905120849609,125.594459533691,0
-485.902008056641,125.094467163086,0
-485.898895263672,124.59447479248,0
-485.895751953125,124.09449005127,0
-485.892639160156,123.594497680664,0
-485.889526367188,123.094505310059,0
-485.886413574219,122.594520568848,0
-485.883270263672,122.094528198242,0
-485.880157470703,121.594535827637,0
-485.877044677734,121.094543457031,0
-485.873931884766,120.594551086426,0
-485.870788574219,120.094566345215,0
-485.86767578125,119.594573974609,0
-485.864562988281,119.094581604004,0
-485.861450195312,118.594596862793,0
-485.858306884766,118.094604492188,0
-485.855194091797,117.594612121582,0
-485.852081298828,117.094627380371,0
-485.848968505859,116.594635009766,0
-485.845855712891,116.09464263916,0
-485.842712402344,115.594650268555,0
-485.839599609375,115.094657897949,0
-485.836486816406,114.594673156738,0
-485.833374023438,114.094680786133,0
-485.830230712891,113.594688415527,0
-485.827117919922,113.094703674316,0
-485.824005126953,112.594711303711,0
-485.820892333984,112.094718933105,0
-485.817749023438,111.594734191895,0
-485.814636230469,111.094741821289,0
-485.8115234375,110.594749450684,0
-485.808410644531,110.094757080078,0
-485.805297851563,109.594772338867,0
-485.802154541016,109.094779968262,0
-485.799041748047,108.594787597656,0
-485.795928955078,108.094795227051,0
-485.792816162109,107.59481048584,0
-485.789672851563,107.094818115234,0
-485.786560058594,106.594825744629,0
-485.783447265625,106.094841003418,0
-485.780334472656,105.594848632813,0
-485.777191162109,105.094856262207,0
-485.774078369141,104.594863891602,0
-485.770965576172,104.094879150391,0
-485.767852783203,103.594886779785,0
-485.764709472656,103.09489440918,0
-485.761596679687,102.594902038574,0
-485.758483886719,102.094917297363,0
-485.75537109375,101.594924926758,0
-485.752258300781,101.094932556152,0
-485.749114990234,100.594947814941,0
-485.746002197266,100.094955444336,0
-485.742889404297,99.5949630737305,0
-485.739776611328,99.094970703125,0
-485.736633300781,98.5949859619141,0
-485.733520507813,98.0949935913086,0
-485.730407714844,97.5950012207031,0
-485.727294921875,97.0950088500977,0
-485.724151611328,96.5950241088867,0
-485.721038818359,96.0950317382813,0
-485.717895507813,95.5958786010742,0
-485.7138671875,95.1783447265625,0
-485.70703125,94.760856628418,0
-485.697357177734,94.3433990478516,0
-485.684906005859,93.9260406494141,0
-485.669616699219,93.5087661743164,0
-485.651519775391,93.0916061401367,0
-485.630615234375,92.6745834350586,0
-485.60693359375,92.2576904296875,0
-485.580444335938,91.8409957885742,0
-485.551116943359,91.4244613647461,0
-485.519012451172,91.0081558227539,0
-485.484100341797,90.5920562744141,0
-485.446411132812,90.1762084960938,0
-485.405883789062,89.7606201171875,0
-485.362579345703,89.345329284668,0
-485.316497802734,88.9303283691406,0
-485.267578125,88.5156478881836,0
-485.215911865234,88.1013107299805,0
-485.161437988281,87.6873168945312,0
-485.104187011719,87.2737197875977,0
-485.044158935547,86.8604965209961,0
-484.981353759766,86.4477005004883,0
-484.915740966797,86.0353317260742,0
-484.847351074219,85.6234130859375,0
-484.776245117188,85.2119522094727,0
-484.702331542969,84.8010025024414,0
-484.625671386719,84.3905487060547,0
-484.546234130859,83.9806137084961,0
-484.464080810547,83.5712356567383,0
-484.379119873047,83.1624145507812,0
-484.291442871094,82.7541656494141,0
-484.201019287109,82.3465270996094,0
-484.107818603516,81.9395141601563,0
-484.011901855469,81.5331192016602,0
-483.913269042969,81.1273803710938,0
-483.811889648438,80.7223358154297,0
-483.707794189453,80.3179626464844,0
-483.600982666016,79.914306640625,0
-483.491455078125,79.5113754272461,0
-483.379180908203,79.1091918945313,0
-483.264251708984,78.7077713012695,0
-483.146575927734,78.30712890625,0
-483.026245117188,77.9073028564453,0
-482.903228759766,77.5082778930664,0
-482.777496337891,77.1100997924805,0
-482.649139404297,76.712776184082,0
-482.518096923828,76.3163223266602,0
-482.384338378906,75.920768737793,0
-482.247955322266,75.5261154174805,0
-482.108917236328,75.1323928833008,0
-481.967254638672,74.739616394043,0
-481.822906494141,74.347785949707,0
-481.675964355469,73.9569473266602,0
-481.5263671875,73.5671157836914,0
-481.374176025391,73.1782913208008,0
-481.219360351563,72.7905044555664,0
-481.061950683594,72.4037551879883,0
-480.901916503906,72.0180892944336,0
-480.739288330078,71.6334991455078,0
-480.574096679688,71.2500152587891,0
-480.406341552734,70.8676605224609,0
-480.235992431641,70.4864273071289,0
-480.063049316406,70.1063613891602,0
-479.887603759766,69.7274703979492,0
-479.709625244141,69.3497619628906,0
-479.529083251953,68.973258972168,0
-479.346008300781,68.5979843139648,0
-479.160339355469,68.2239379882813,0
-478.972259521484,67.8511657714844,0
-478.781646728516,67.4796600341797,0
-478.588500976563,67.1094436645508,0
-478.392913818359,66.7405395507813,0
-478.194854736328,66.3729629516602,0
-477.994323730469,66.006721496582,0
-477.791320800781,65.641845703125,0
-477.585876464844,65.2783355712891,0
-477.3779296875,64.9162216186523,0
-477.167633056641,64.5555114746094,0
-476.954833984375,64.1962280273438,0
-476.739685058594,63.8383865356445,0
-476.522094726563,63.4819946289062,0
-476.302154541016,63.1270866394043,0
-476.079803466797,62.7736511230469,0
-475.855072021484,62.4217300415039,0
-475.627960205078,62.0713310241699,0
-475.398529052734,61.7224655151367,0
-475.166778564453,61.3751525878906,0
-474.932647705078,61.0294036865234,0
-474.696228027344,60.685245513916,0
-474.457489013672,60.3426818847656,0
-474.216430664063,60.0017318725586,0
-473.973083496094,59.6624145507812,0
-473.727447509766,59.3247413635254,0
-473.479583740234,58.9887237548828,0
-473.229431152344,58.6543922424316,0
-472.977081298828,58.3217468261719,0
-472.722442626953,57.9908027648926,0
-472.465576171875,57.6615905761719,0
-472.20654296875,57.3341064453125,0
-471.9453125,57.0083770751953,0
-471.681884765625,56.6844062805176,0
-471.416259765625,56.3622245788574,0
-471.148498535156,56.0418319702148,0
-470.878570556641,55.723258972168,0
-470.606506347656,55.406494140625,0
-470.332336425781,55.0915794372559,0
-470.056060791016,54.7785110473633,0
-469.777679443359,54.4673080444336,0
-469.497161865234,54.1579971313477,0
-469.214599609375,53.8505706787109,0
-468.929992675781,53.5450553894043,0
-468.643310546875,53.2414627075195,0
-468.354614257813,52.9398040771484,0
-468.063842773438,52.6400985717774,0
-467.771087646484,52.3423538208008,0
-467.476348876953,52.0465850830078,0
-467.179626464844,51.752815246582,0
-466.880950927734,51.4610404968262,0
-466.580291748047,51.1712837219238,0
-466.277740478516,50.8835601806641,0
-465.973205566406,50.5978775024414,0
-465.666748046875,50.3142547607422,0
-465.3583984375,50.0326919555664,0
-465.048187255859,49.7532196044922,0
-464.736053466797,49.4758377075195,0
-464.422088623047,49.2005615234375,0
-464.106262207031,48.9274063110352,0
-463.788635253906,48.6563835144043,0
-463.469207763672,48.3875045776367,0
-463.147918701172,48.1207809448242,0
-462.824890136719,47.8562240600586,0
-462.500061035156,47.5938529968262,0
-462.173431396484,47.3336715698242,0
-461.845153808594,47.0756912231445,0
-461.515075683594,46.8199272155762,0
-461.183319091797,46.5663909912109,0
-460.849853515625,46.3150901794434,0
-460.514709472656,46.0660438537598,0
-460.177886962891,45.8192596435547,0
-459.839447021484,45.5747451782227,0
-459.499298095703,45.3325119018555,0
-459.157592773438,45.0925788879395,0
-458.814270019531,44.8549499511719,0
-458.469299316406,44.6196327209473,0
-458.122802734375,44.3866424560547,0
-457.774719238281,44.1559944152832,0
-457.425140380859,43.9276924133301,0
-457.074005126953,43.7017478942871,0
-456.721343994141,43.4781761169434,0
-456.3671875,43.2569770812988,0
-456.011566162109,43.0381698608398,0
-455.654449462891,42.8217544555664,0
-455.295928955078,42.6077575683594,0
-454.935913085938,42.396167755127,0
-454.574554443359,42.1870155334473,0
-454.211761474609,41.9802970886231,0
-453.847564697266,41.7760238647461,0
-453.482025146484,41.5742073059082,0
-453.115142822266,41.3748550415039,0
-452.746948242188,41.1779708862305,0
-452.377380371094,40.9835739135742,0
-452.006530761719,40.7916679382324,0
-451.634429931641,40.6022682189941,0
-451.261047363281,40.4153709411621,0
-450.886383056641,40.2309951782227,0
-450.510498046875,40.0491409301758,0
-450.133422851563,39.8698234558105,0
-449.755157470703,39.693042755127,0
-449.375671386719,39.5188217163086,0
-448.995056152344,39.3471527099609,0
-448.61328125,39.1780471801758,0
-448.230346679688,39.0115203857422,0
-447.846343994141,38.8475646972656,0
-447.461212158203,38.6862030029297,0
-447.075042724609,38.5274429321289,0
-446.687805175781,38.3712730407715,0
-446.299499511719,38.2177238464355,0
-445.910186767578,38.0667877197266,0
-445.519866943359,37.9184761047363,0
-445.128540039063,37.7727928161621,0
-444.736267089844,37.6297492980957,0
-444.343017578125,37.4893417358398,0
-443.948822021484,37.3515968322754,0
-443.553741455078,37.216495513916,0
-443.157745361328,37.0840682983398,0
-442.760864257813,36.9543037414551,0
-442.363128662109,36.827205657959,0
-441.964538574219,36.7027931213379,0
-441.565124511719,36.5810699462891,0
-441.164916992188,36.4620323181152,0
-440.763916015625,36.3456993103027,0
-440.362091064453,36.2320594787598,0
-439.959564208984,36.1211280822754,0
-439.556243896484,36.0129089355469,0
-439.152252197266,35.9074058532715,0
-438.74755859375,35.8046226501465,0
-438.342163085938,35.7045745849609,0
-437.936096191406,35.6072425842285,0
-437.529388427734,35.5126533508301,0
-437.122100830078,35.4208068847656,0
-436.714141845703,35.3317031860352,0
-436.305603027344,35.2453460693359,0
-435.896545410156,35.161735534668,0
-435.486877441406,35.0808868408203,0
-435.07666015625,35.0027923583984,0
-434.665985107422,34.9274597167969,0
-434.254821777344,34.8548965454102,0
-433.843109130859,34.7851028442383,0
-433.430999755859,34.7180786132812,0
-433.018402099609,34.6538276672363,0
-432.605407714844,34.592357635498,0
-432.192016601563,34.5336685180664,0
-431.778228759766,34.4777679443359,0
-431.364044189453,34.4246520996094,0
-430.949523925781,34.3743171691895,0
-430.534698486328,34.3267822265625,0
-430.119567871094,34.2820358276367,0
-429.704132080078,34.2400779724121,0
-429.288391113281,34.200927734375,0
-428.872436523438,34.1645736694336,0
-428.456237792969,34.1310119628906,0
-428.039794921875,34.1002655029297,0
-427.623199462891,34.0723152160645,0
-427.206390380859,34.0471649169922,0
-426.789459228516,34.024829864502,0
-426.372314453125,34.0052947998047,0
-425.955108642578,33.9885711669922,0
-425.537811279297,33.9746551513672,0
-425.120391845703,33.963550567627,0
-424.702911376953,33.9552459716797,0
-424.285430908203,33.949764251709,0
-423.826446533203,33.9464569091797,0
-423.326446533203,33.9432411193848,0
-422.826446533203,33.9400253295898,0
-422.326477050781,33.9368095397949,0
-421.826477050781,33.93359375,0
-421.326477050781,33.9303817749023,0
-420.826507568359,33.9271659851074,0
-420.326507568359,33.9239501953125,0
-419.826507568359,33.9207344055176,0
-419.326538085938,33.9175186157227,0
-418.826538085937,33.914306640625,0
-418.326538085938,33.9110908508301,0
-417.826568603516,33.9078750610352,0
-417.326568603516,33.9046630859375,0
-416.826568603516,33.9014434814453,0
-416.326599121094,33.8982315063477,0
-415.826599121094,33.8950157165527,0
-415.326599121094,33.8917999267578,0
-414.826629638672,33.8885879516602,0
-414.326629638672,33.885368347168,0
-413.826629638672,33.8821563720703,0
-413.32666015625,33.8789405822754,0
-412.82666015625,33.8757247924805,0
-412.326690673828,33.8725090026855,0
-411.826690673828,33.8692932128906,0
-411.326721191406,33.866081237793,0
-410.826721191406,33.862865447998,0
-410.326721191406,33.8596496582031,0
-409.826721191406,33.8564376831055,0
-409.326751708984,33.8532180786133,0
-408.826751708984,33.8500061035156,0
-408.326782226563,33.8467903137207,0
-407.826782226563,33.8435745239258,0
-407.326782226563,33.8403625488281,0
-406.826782226563,33.8371429443359,0
-406.326812744141,33.8339309692383,0
-405.826812744141,33.8307151794434,0
-405.326843261719,33.8274993896484,0
-404.826843261719,33.8242874145508,0
-404.326843261719,33.8210678100586,0
-403.826843261719,33.8178558349609,0
-403.326873779297,33.814640045166,0
-402.826873779297,33.8114242553711,0
-402.326904296875,33.8082122802734,0
-401.826904296875,33.8049926757812,0
-401.326904296875,33.8017807006836,0
-400.826934814453,33.7985649108887,0
-400.326934814453,33.7953491210938,0
-399.826934814453,33.7921371459961,0
-399.326965332031,33.7889175415039,0
-398.826965332031,33.7857055664062,0
-398.326965332031,33.7824897766113,0
-397.826995849609,33.7792739868164,0
-397.326995849609,33.7760620117187,0
-396.826995849609,33.7728424072266,0
-396.327026367188,33.7696304321289,0
-395.827026367187,33.766414642334,0
-395.327026367187,33.7631988525391,0
-394.827056884766,33.7599868774414,0
-394.327056884766,33.7567672729492,0
-393.827056884766,33.7535552978516,0
-393.327087402344,33.7503395080566,0
-392.827087402344,33.7471237182617,0
-392.327087402344,33.7439117431641,0
-391.827117919922,33.7406921386719,0
-391.327117919922,33.7374801635742,0
-390.827117919922,33.7342643737793,0
-390.3271484375,33.7310485839844,0
-389.8271484375,33.7278366088867,0
-389.3271484375,33.7246170043945,0
-388.827178955078,33.7214050292969,0
-388.327178955078,33.718189239502,0
-387.827178955078,33.714973449707,0
-387.327209472656,33.7117614746094,0
-386.827209472656,33.7085418701172,0
-386.327209472656,33.7053298950195,0
-385.827239990234,33.7021141052246,0
-385.327239990234,33.6988983154297,0
-384.827239990234,33.695686340332,0
-384.327270507812,33.6924705505371,0
-383.827270507813,33.6892547607422,0
-383.327270507812,33.6860389709473,0
-382.827301025391,33.6828231811523,0
-382.327301025391,33.6796112060547,0
-381.827301025391,33.6763954162598,0
-381.327331542969,33.6731796264648,0
-380.827331542969,33.6699638366699,0
-380.327331542969,33.666748046875,0
-379.827362060547,33.6635360717773,0
-379.327362060547,33.6603202819824,0
-378.827392578125,33.6571044921875,0
-378.327392578125,33.6538887023926,0
-377.827392578125,33.6506729125977,0
-377.327392578125,33.6474609375,0
-376.827423095703,33.6442451477051,0
-376.327423095703,33.6410293579102,0
-375.827453613281,33.6378173828125,0
-375.327453613281,33.6345977783203,0
-374.827453613281,33.6313858032227,0
-374.327484130859,33.6281700134277,0
-373.827484130859,33.6249542236328,0
-373.327484130859,33.6217422485352,0
-372.827514648437,33.618522644043,0
-372.327514648437,33.6153106689453,0
-371.827514648437,33.6120948791504,0
-371.327545166016,33.6088790893555,0
-370.827545166016,33.6056671142578,0
-370.327545166016,33.6024475097656,0
-369.827575683594,33.599235534668,0
-369.327575683594,33.596019744873,0
-368.827575683594,33.5928039550781,0
-368.327606201172,33.5895919799805,0
-367.827606201172,33.5863723754883,0
-367.327606201172,33.5831604003906,0
-366.82763671875,33.5799446105957,0
-366.32763671875,33.5767288208008,0
-365.82763671875,33.5735168457031,0
-365.327667236328,33.5702972412109,0
-364.827667236328,33.5670852661133,0
-364.327667236328,33.5638694763184,0
-363.827697753906,33.5606536865234,0
-363.327697753906,33.5574417114258,0
-362.827697753906,33.5542221069336,0
-362.327728271484,33.5510101318359,0
-361.827728271484,33.547794342041,1.29209374790662E-05
-361.327728271484,33.5445785522461,0.000107172054413
-360.827758789062,33.5413665771484,0.000292759505101
-360.327758789062,33.5381469726562,0.000569683325011
-359.827758789062,33.5349349975586,0.000937943463214
-359.327789306641,33.5317192077637,0.001397539977916
-358.827789306641,33.5285034179687,0.001948472810909
-358.327789306641,33.5252914428711,0.002590741962194
-357.827819824219,33.5220718383789,0.003324347548187
-357.327819824219,33.5188598632813,0.004149289336056
-356.827819824219,33.5156440734863,0.005065567791462
-356.327819824219,33.5124282836914,0.006073181983083
-355.827850341797,33.5092163085937,0.007172132842243
-355.327850341797,33.5059967041016,0.008362419903278
-354.827850341797,33.5027847290039,0.009644043631852
-354.327880859375,33.499568939209,0.011017004027963
-353.827880859375,33.4963531494141,0.012481300160289
-353.327880859375,33.4931411743164,0.014036932960153
-352.827911376953,33.4899215698242,0.015683902427554
-352.336242675781,33.4868850708008,0.017422206699848
-351.848480224609,33.4843292236328,0.01925184763968
-351.360748291016,33.4822463989258,0.021172827109695
-350.873046875,33.4806671142578,0.023185141384602
-350.385284423828,33.479564666748,0.025288792327046
-349.897521972656,33.4789695739746,0.027483778074384
-349.409790039063,33.4788513183594,0.029770102351904
-348.922027587891,33.4792060852051,0.032147761434317
-348.423156738281,33.479850769043,0.034616757184267
-347.923156738281,33.4805221557617,0.037177089601755
-347.423156738281,33.4811935424805,0.039828758686781
-346.923156738281,33.4818649291992,0.042571764439345
-346.423156738281,33.4825325012207,0.045406106859446
-345.923156738281,33.4832038879395,0.048331782221794
-345.423156738281,33.4838752746582,0.051348797976971
-344.923156738281,33.484546661377,0.054457146674395
-344.423156738281,33.4852142333984,0.057656835764647
-343.923156738281,33.4858856201172,0.060947857797146
-343.423156738281,33.4865570068359,0.064330220222473
-342.923156738281,33.4872283935547,0.067803911864758
-342.423156738281,33.4878959655762,0.07136894762516
-341.923156738281,33.4885673522949,0.07502531260252
-341.423156738281,33.4892387390137,0.078773021697998
-340.923156738281,33.4899101257324,0.082612060010433
-340.423156738281,33.4905776977539,0.086542434990406
-339.923156738281,33.4912490844727,0.090564154088497
-339.423156738281,33.4919204711914,0.094677202403545
-338.923156738281,33.4925918579102,0.098881587386131
-338.423156738281,33.4932594299316,0.103177309036255
-337.923156738281,33.4939308166504,0.107564367353916
-337.423156738281,33.4946022033691,0.112042762339115
-336.923156738281,33.4952735900879,0.116612501442432
-336.423156738281,33.4959411621094,0.121273569762707
-335.923156738281,33.4966125488281,0.126025974750519
-335.423156738281,33.4972839355469,0.130869716405869
-334.923156738281,33.4979515075684,0.135804787278175
-334.423156738281,33.4986228942871,0.1408312022686
-333.923156738281,33.4992942810059,0.145948946475983
-333.423156738281,33.4999656677246,0.151158034801483
-332.923156738281,33.5006332397461,0.156458467245102
-332.423156738281,33.5013046264648,0.161850214004517
-331.923156738281,33.5019760131836,0.167333319783211
-331.423156738281,33.5026473999023,0.172907754778862
-330.923156738281,33.5033149719238,0.17857351899147
-330.423156738281,33.5039863586426,0.184330627322197
-329.923156738281,33.5046577453613,0.190179064869881
-329.423156738281,33.5053291320801,0.196118831634521
-328.923156738281,33.5059967041016,0.202149957418442
-328.423156738281,33.5066680908203,0.208272397518158
-327.923156738281,33.5073394775391,0.214486181735992
-327.423156738281,33.5080108642578,0.220791310071945
-326.923156738281,33.5086784362793,0.227187767624855
-326.423156738281,33.509349822998,0.233675569295883
-325.923156738281,33.5100212097168,0.240254700183868
-325.423156738281,33.5106925964355,0.246925160288811
-324.923156738281,33.511360168457,0.253686964511871
-324.423156738281,33.5120315551758,0.260540097951889
-323.923156738281,33.5127029418945,0.267484575510025
-323.423156738281,33.513370513916,0.274520397186279
-322.923156738281,33.5140419006348,0.281647562980652
-322.423156738281,33.5147132873535,0.28886604309082
-321.923156738281,33.5153846740723,0.296175867319107
-321.423156738281,33.5160522460937,0.30357700586319
-320.923156738281,33.5167236328125,0.311069518327713
-320.423156738281,33.5173950195312,0.318653345108032
-319.923156738281,33.51806640625,0.32632851600647
-319.423156738281,33.5187339782715,0.334095001220703
-318.923156738281,33.5194053649902,0.341952860355377
-318.423156738281,33.520076751709,0.349902033805847
-317.923156738281,33.5207481384277,0.357942551374435
-317.423156738281,33.5214157104492,0.36607438325882
-316.923156738281,33.522087097168,0.374297589063644
-316.423156738281,33.5227584838867,0.382612109184265
-315.923156738281,33.5234298706055,0.391017973423004
-315.423156738281,33.524097442627,0.399515151977539
-314.923156738281,33.5247688293457,0.408103674650192
-314.423156738281,33.5254402160645,0.416783541440964
-313.923156738281,33.5261116027832,0.425554752349854
-313.423156738281,33.5267791748047,0.434417307376862
-312.923156738281,33.5274505615234,0.443371176719665
-312.423156738281,33.5281219482422,0.452416390180588
-311.923156738281,33.5287933349609,0.461552947759628
-311.423156738281,33.5294609069824,0.470780819654465
-310.923156738281,33.5301322937012,0.480100035667419
-310.423156738281,33.5308036804199,0.489510595798492
-309.923187255859,33.5314712524414,0.499012500047684
-309.423187255859,33.5321426391602,0.508605718612671
-308.923187255859,33.5328140258789,0.518290281295776
-308.423187255859,33.5334854125977,0.528066217899323
-307.923187255859,33.5341529846191,0.53793340921402
-307.423187255859,33.5348243713379,0.547892034053803
-306.923187255859,33.5354957580566,0.557941913604736
-306.423187255859,33.5361671447754,0.568083167076111
-305.923187255859,33.5368347167969,0.578315734863281
-305.423187255859,33.5375061035156,0.588639676570892
-304.923187255859,33.5381774902344,0.599054932594299
-304.423187255859,33.5388488769531,0.609561502933502
-303.923187255859,33.5395164489746,0.620159447193146
-303.423187255859,33.5401878356934,0.630848705768585
-302.923187255859,33.5408592224121,0.641629338264465
-302.423187255859,33.5415306091309,0.652501285076141
-301.923187255859,33.5421981811523,0.663464546203613
-301.423187255859,33.5428695678711,0.674519181251526
-300.923187255859,33.5435409545898,0.685665130615234
-300.423187255859,33.5442123413086,0.696902394294739
-299.923187255859,33.5448799133301,0.708231031894684
-299.423187255859,33.5455513000488,0.719650983810425
-298.923187255859,33.5462226867676,0.731162250041962
-298.423187255859,33.5468940734863,0.742764890193939
-297.923187255859,33.5475616455078,0.754458844661713
-297.423187255859,33.5482330322266,0.766244173049927
-296.923187255859,33.5489044189453,0.778120815753937
-296.423187255859,33.5495719909668,0.790088772773743
-295.923187255859,33.5502433776855,0.802148103713989
-295.423187255859,33.5509147644043,0.814298748970032
-294.923187255859,33.551586151123,0.82654070854187
-294.423187255859,33.5522537231445,0.838874042034149
-293.923187255859,33.5529251098633,0.851298689842224
-293.423187255859,33.553596496582,0.86381471157074
-292.923217773437,33.5542678833008,0.876422047615051
-292.423217773438,33.5549354553223,0.889120697975159
-291.923217773437,33.555606842041,0.901910722255707
-291.423217773437,33.5562782287598,0.914792060852051
-290.923217773437,33.5569496154785,0.927764713764191
-290.423217773438,33.5576171875,0.940828740596771
-289.923217773437,33.5582885742187,0.953984081745148
-289.423217773437,33.5589599609375,0.96723073720932
-288.923217773437,33.5596313476562,0.980568766593933
-288.423217773438,33.5602989196777,0.993998110294342
-287.923217773437,33.5609703063965,1.00751888751984
-287.423217773437,33.5616416931152,1.02113091945648
-286.923217773437,33.562313079834,1.03483426570892
-286.423217773437,33.5629806518555,1.04862892627716
-285.923217773438,33.5636520385742,1.06251502037048
-285.423217773437,33.564323425293,1.07649230957031
-284.923217773437,33.5649909973145,1.09056103229523
-284.423217773437,33.5656623840332,1.10472106933594
-283.923217773438,33.566333770752,1.11897253990173
-283.423217773437,33.5670051574707,1.13331520557404
-282.923217773437,33.5676727294922,1.14774930477142
-282.423217773438,33.5683441162109,1.16227471828461
-281.923217773437,33.5690155029297,1.17689144611359
-281.423217773437,33.5696868896484,1.19159948825836
-280.923217773437,33.5703544616699,1.20639884471893
-280.423217773437,33.5710258483887,1.22128963470459
-279.923217773438,33.5716972351074,1.23627161979675
-279.423217773437,33.5723686218262,1.251345038414
-278.923217773437,33.5730361938477,1.26650989055634
-278.423217773437,33.5737075805664,1.28176593780518
-277.923217773438,33.5743789672852,1.29711329936981
-277.423217773437,33.5750503540039,1.31255209445953
-276.923217773437,33.5757179260254,1.32808220386505
-276.423217773437,33.5763893127441,1.34370362758636
-275.923217773438,33.5770606994629,1.35941636562347
-275.423217773437,33.5777320861816,1.37522053718567
-274.923217773437,33.5783996582031,1.39111590385437
-274.423217773437,33.5790710449219,1.40710270404816
-273.923217773437,33.5797424316406,1.42318081855774
-273.423217773438,33.5804138183594,1.43935024738312
-272.923217773437,33.5810813903809,1.45561099052429
-272.423217773437,33.5817527770996,1.47196316719055
-271.923217773437,33.5824241638184,1.48840665817261
-271.423217773438,33.5830917358398,1.50494146347046
